/*******************************************************************************
 * Size: 14 px
 * Bpp: 4
 * Opts: --bpp 4 --size 14 --no-compress --font ../documents/monofonto rg.otf --range 0x20-0x2EFF --lv-fallback ui_font_emoji_14 --format lvgl -o ui_font_pipboy_14.c
 ******************************************************************************/

#ifdef __has_include
    #if __has_include("lvgl.h")
        #ifndef LV_LVGL_H_INCLUDE_SIMPLE
            #define LV_LVGL_H_INCLUDE_SIMPLE
        #endif
    #endif
#endif

#ifdef LV_LVGL_H_INCLUDE_SIMPLE
#include "lvgl.h"
#else
#include "lvgl/lvgl.h"
#endif

#ifndef UI_FONT_PIPBOY_14
#define UI_FONT_PIPBOY_14 1
#endif

#if UI_FONT_PIPBOY_14

/*-----------------
 *    BITMAPS
 *----------------*/

/*Store the image of the glyphs*/
static LV_ATTRIBUTE_LARGE_CONST const uint8_t glyph_bitmap[] = {
    /* U+0020 " " */

    /* U+0021 "!" */
    0x6f, 0x66, 0xf6, 0x6f, 0x66, 0xf6, 0x6f, 0x66,
    0xf6, 0x37, 0x30, 0x10, 0x5f, 0x64, 0xe4,

    /* U+0022 "\"" */
    0x9c, 0xc, 0x99, 0xc0, 0xc9, 0x9c, 0xc, 0x96,
    0x80, 0x86,

    /* U+0023 "#" */
    0x0, 0x3d, 0xd, 0x30, 0x7, 0xa0, 0xf0, 0x0,
    0xa7, 0x4d, 0x0, 0xef, 0xff, 0xfa, 0x4, 0xf3,
    0xc7, 0x10, 0x5b, 0xe, 0x20, 0x9f, 0xff, 0xff,
    0x2, 0xd6, 0x8b, 0x20, 0xf, 0x19, 0x70, 0x3,
    0xe0, 0xc4, 0x0,

    /* U+0024 "$" */
    0x0, 0x1b, 0x0, 0x0, 0x6, 0xf5, 0x0, 0xc,
    0xff, 0xfb, 0x4, 0xfa, 0x1b, 0xf1, 0x5f, 0x80,
    0x1, 0x1, 0xff, 0x80, 0x0, 0x4, 0xef, 0xe4,
    0x0, 0x1, 0x9f, 0xe1, 0x0, 0x0, 0x9f, 0x54,
    0xf7, 0x8, 0xf5, 0xe, 0xfd, 0xfe, 0x0, 0x2a,
    0xf8, 0x10, 0x0, 0x2f, 0x0, 0x0,

    /* U+0025 "%" */
    0xb, 0xf9, 0x0, 0x6b, 0x1, 0xf4, 0xf0, 0x1e,
    0x20, 0x1f, 0x1f, 0x9, 0x80, 0x1, 0xf4, 0xe2,
    0xe0, 0x0, 0xb, 0xf8, 0xbd, 0xfa, 0x0, 0x0,
    0x5c, 0xe3, 0xf1, 0x0, 0xe, 0x2e, 0x2e, 0x20,
    0x8, 0x90, 0xe2, 0xe2, 0x2, 0xe1, 0xe, 0x2f,
    0x10, 0xb6, 0x0, 0x7d, 0xb0,

    /* U+0026 "&" */
    0x5, 0xee, 0x50, 0x0, 0xc9, 0x7c, 0x0, 0xd,
    0x87, 0xd0, 0x0, 0x8f, 0xf6, 0x0, 0x6, 0xfc,
    0x0, 0x4, 0xfc, 0xf3, 0x77, 0xac, 0xd, 0xef,
    0x9c, 0xb0, 0x6f, 0xc0, 0x9f, 0xbf, 0xfe, 0x1,
    0xcf, 0xa2, 0xf9,

    /* U+0027 "'" */
    0x2f, 0x32, 0xf3, 0x2f, 0x31, 0xa2,

    /* U+0028 "(" */
    0x0, 0x0, 0x6b, 0xd, 0x93, 0xf3, 0x8d, 0xa,
    0xb0, 0xc9, 0xe, 0x70, 0xd8, 0xb, 0xa0, 0x9c,
    0x6, 0xf0, 0xf, 0x50, 0x9b, 0x3, 0x50,

    /* U+0029 ")" */
    0x0, 0xb, 0x60, 0x8d, 0x3, 0xf3, 0xd, 0x80,
    0xba, 0x9, 0xc0, 0x7e, 0x8, 0xd0, 0xab, 0xb,
    0x90, 0xf6, 0x5f, 0xb, 0xa0, 0x53, 0x0,

    /* U+002A "*" */
    0x0, 0x3f, 0x20, 0x2, 0x1, 0xf0, 0x3, 0xce,
    0x6e, 0x8e, 0xd2, 0x5a, 0xfa, 0x41, 0x1, 0xd7,
    0xe3, 0x0, 0xcc, 0x9, 0xe0, 0x1, 0x20, 0x12,
    0x0,

    /* U+002B "+" */
    0x0, 0x1, 0x0, 0x0, 0x0, 0xf0, 0x0, 0x0,
    0xf, 0x0, 0x9, 0xff, 0xff, 0xf9, 0x12, 0x3f,
    0x32, 0x10, 0x0, 0xf0, 0x0, 0x0, 0xf, 0x0,
    0x0,

    /* U+002C "," */
    0x0, 0x6, 0xf2, 0x8f, 0xa, 0xa0, 0x85, 0x0,

    /* U+002D "-" */
    0x12, 0x22, 0x1a, 0xff, 0xfa, 0x35, 0x55, 0x30,

    /* U+002E "." */
    0x1, 0x5, 0xf5, 0x4e, 0x40,

    /* U+002F "/" */
    0x0, 0x0, 0x9, 0xa0, 0x0, 0x0, 0xf4, 0x0,
    0x0, 0x6d, 0x0, 0x0, 0xd, 0x60, 0x0, 0x4,
    0xe0, 0x0, 0x0, 0xb8, 0x0, 0x0, 0x2f, 0x20,
    0x0, 0x8, 0xb0, 0x0, 0x0, 0xe4, 0x0, 0x0,
    0x6d, 0x0, 0x0, 0xd, 0x60, 0x0, 0x4, 0xf0,
    0x0, 0x0, 0xa9, 0x0, 0x0, 0x0,

    /* U+0030 "0" */
    0x6, 0xef, 0xe6, 0x0, 0xfd, 0x7d, 0xf0, 0x2f,
    0x80, 0x8f, 0x22, 0xf8, 0x8, 0xf2, 0x2f, 0x80,
    0x8f, 0x22, 0xf8, 0x8, 0xf2, 0x2f, 0x80, 0x8f,
    0x22, 0xf8, 0x8, 0xf2, 0xf, 0xd7, 0xdf, 0x0,
    0x6e, 0xfe, 0x60,

    /* U+0031 "1" */
    0x0, 0x0, 0x0, 0x79, 0x4e, 0xfa, 0x9d, 0xfa,
    0x30, 0xfa, 0x0, 0xfa, 0x0, 0xfa, 0x0, 0xfa,
    0x0, 0xfa, 0x0, 0xfa, 0x0, 0xfa,

    /* U+0032 "2" */
    0x5, 0xdf, 0xc3, 0x1, 0xfd, 0x9f, 0xe0, 0x4d,
    0x50, 0x9f, 0x20, 0x0, 0xb, 0xf1, 0x0, 0x1,
    0xfc, 0x0, 0x0, 0x9f, 0x40, 0x0, 0x3f, 0xb0,
    0x0, 0xb, 0xf2, 0x0, 0x4, 0xfe, 0xaa, 0x10,
    0xdf, 0xff, 0xf2,

    /* U+0033 "3" */
    0x4, 0xdf, 0xc3, 0x1, 0xfe, 0x9e, 0xf1, 0x3a,
    0x40, 0x7f, 0x40, 0x0, 0x1b, 0xf1, 0x0, 0xd,
    0xf8, 0x0, 0x0, 0x4c, 0xf2, 0x0, 0x0, 0x6f,
    0x63, 0xa4, 0x7, 0xf5, 0x2f, 0xe9, 0xff, 0x10,
    0x5d, 0xfc, 0x30,

    /* U+0034 "4" */
    0x0, 0xb, 0xf9, 0x0, 0x4, 0xff, 0x90, 0x0,
    0xcf, 0xf9, 0x0, 0x4f, 0x7f, 0x90, 0xd, 0xb3,
    0xf9, 0x5, 0xf2, 0x3f, 0x90, 0xbe, 0xab, 0xfd,
    0x8c, 0xff, 0xff, 0xfc, 0x0, 0x3, 0xf9, 0x0,
    0x0, 0x3f, 0x90,

    /* U+0035 "5" */
    0xf, 0xff, 0xff, 0x1, 0xfd, 0xaa, 0xa0, 0x2f,
    0x70, 0x0, 0x3, 0xf8, 0x76, 0x0, 0x4f, 0xff,
    0xfc, 0x3, 0xb5, 0x1b, 0xf4, 0x0, 0x0, 0x6f,
    0x63, 0xa4, 0x8, 0xf5, 0x1f, 0xea, 0xfe, 0x10,
    0x4d, 0xfc, 0x30,

    /* U+0036 "6" */
    0x0, 0x9, 0xf6, 0x0, 0x2, 0xfd, 0x0, 0x0,
    0xbf, 0x40, 0x0, 0x5f, 0xb0, 0x0, 0xd, 0xff,
    0xf8, 0x4, 0xfd, 0x6d, 0xf4, 0x7f, 0x60, 0x6f,
    0x77, 0xf6, 0x7, 0xf6, 0x2f, 0xfa, 0xff, 0x20,
    0x4d, 0xfc, 0x40,

    /* U+0037 "7" */
    0x7f, 0xff, 0xff, 0x75, 0xaa, 0xaf, 0xf1, 0x0,
    0x2, 0xfc, 0x0, 0x0, 0x8f, 0x60, 0x0, 0xe,
    0xf1, 0x0, 0x4, 0xfb, 0x0, 0x0, 0xaf, 0x50,
    0x0, 0xf, 0xf0, 0x0, 0x6, 0xfa, 0x0, 0x0,
    0xcf, 0x50, 0x0,

    /* U+0038 "8" */
    0x5, 0xdf, 0xd5, 0x2, 0xfe, 0x9e, 0xf2, 0x5f,
    0x70, 0x7f, 0x52, 0xfb, 0x2b, 0xf2, 0xa, 0xff,
    0xfa, 0x3, 0xfd, 0x5d, 0xf3, 0x7f, 0x50, 0x6f,
    0x77, 0xf6, 0x7, 0xf6, 0x2f, 0xfa, 0xff, 0x20,
    0x4d, 0xfd, 0x40,

    /* U+0039 "9" */
    0x4, 0xcf, 0xd4, 0x1, 0xff, 0xaf, 0xf2, 0x6f,
    0x70, 0x7f, 0x67, 0xf5, 0x5, 0xf7, 0x4f, 0xb2,
    0xbf, 0x40, 0xbf, 0xff, 0xd0, 0x0, 0x2a, 0xf5,
    0x0, 0x2, 0xfb, 0x0, 0x0, 0xcf, 0x20, 0x0,
    0x6f, 0x90, 0x0,

    /* U+003A ":" */
    0x1, 0x5, 0xf5, 0x4e, 0x40, 0x0, 0x1, 0x5,
    0xf5, 0x4e, 0x40,

    /* U+003B ";" */
    0x1, 0x5, 0xf5, 0x4e, 0x40, 0x0, 0x0, 0x6,
    0xd2, 0x8f, 0xa, 0xb0, 0x96, 0x0,

    /* U+003C "<" */
    0x0, 0x0, 0x1, 0x40, 0x0, 0x29, 0xf7, 0x2,
    0x9f, 0x92, 0x7, 0xf9, 0x10, 0x0, 0x8e, 0x70,
    0x0, 0x0, 0x3b, 0xf8, 0x10, 0x0, 0x3, 0xbf,
    0x60, 0x0, 0x0, 0x25,

    /* U+003D "=" */
    0x9f, 0xff, 0xff, 0x91, 0x11, 0x11, 0x11, 0x0,
    0x0, 0x0, 0x9, 0xff, 0xff, 0xf9, 0x12, 0x22,
    0x22, 0x10,

    /* U+003E ">" */
    0x41, 0x0, 0x0, 0x7, 0xf9, 0x10, 0x0, 0x2,
    0x9f, 0x92, 0x0, 0x0, 0x19, 0xf7, 0x0, 0x1,
    0x7e, 0x80, 0x18, 0xfb, 0x30, 0x6f, 0xa3, 0x0,
    0x5, 0x20, 0x0, 0x0,

    /* U+003F "?" */
    0x5, 0xdf, 0xc3, 0x1, 0xfd, 0x9f, 0xd0, 0x4d,
    0x40, 0xdf, 0x0, 0x0, 0x4f, 0xb0, 0x0, 0x3f,
    0xd1, 0x0, 0xa, 0xf1, 0x0, 0x0, 0x44, 0x0,
    0x0, 0x0, 0x0, 0x0, 0x0, 0xce, 0x0, 0x0,
    0xa, 0xc0, 0x0,

    /* U+0040 "@" */
    0x0, 0x0, 0x0, 0x0, 0x7e, 0xff, 0xa0, 0x5f,
    0xb5, 0x6f, 0x7a, 0xf0, 0x0, 0x9a, 0xbe, 0x9,
    0xfd, 0xbb, 0xe1, 0xf6, 0xdb, 0xbe, 0x3f, 0x8,
    0xbb, 0xe1, 0xf2, 0xcb, 0xbf, 0xc, 0xfe, 0xb9,
    0xf3, 0x2, 0x12, 0x3f, 0xfb, 0xaa, 0x70, 0x4c,
    0xff, 0xfb,

    /* U+0041 "A" */
    0x0, 0x8f, 0x80, 0x0, 0xc, 0xfb, 0x0, 0x0,
    0xff, 0xf0, 0x0, 0x3f, 0xff, 0x30, 0x7, 0xf9,
    0xf7, 0x0, 0xbf, 0x2f, 0xa0, 0xe, 0xc0, 0xee,
    0x2, 0xff, 0xff, 0xf2, 0x6f, 0xca, 0xcf, 0x6a,
    0xf2, 0x4, 0xfa,

    /* U+0042 "B" */
    0x4f, 0xff, 0xe6, 0x4, 0xfb, 0x7e, 0xf1, 0x4f,
    0x70, 0x8f, 0x44, 0xf7, 0x1c, 0xf1, 0x4f, 0xff,
    0xf8, 0x4, 0xf9, 0x4c, 0xf2, 0x4f, 0x70, 0x6f,
    0x64, 0xf7, 0x7, 0xf6, 0x4f, 0xc9, 0xff, 0x34,
    0xff, 0xfd, 0x60,

    /* U+0043 "C" */
    0x4, 0xdf, 0xd4, 0x1, 0xfe, 0x9e, 0xf1, 0x5f,
    0x70, 0x4a, 0x26, 0xf5, 0x0, 0x0, 0x6f, 0x50,
    0x0, 0x6, 0xf5, 0x0, 0x0, 0x6f, 0x50, 0x0,
    0x5, 0xf7, 0x4, 0xa2, 0x1f, 0xe9, 0xef, 0x10,
    0x4d, 0xfd, 0x40,

    /* U+0044 "D" */
    0x4f, 0xff, 0xd5, 0x4, 0xfd, 0xbf, 0xf1, 0x4f,
    0x70, 0x9f, 0x54, 0xf7, 0x6, 0xf6, 0x4f, 0x70,
    0x6f, 0x64, 0xf7, 0x6, 0xf6, 0x4f, 0x70, 0x6f,
    0x64, 0xf7, 0x9, 0xf5, 0x4f, 0xdb, 0xff, 0x14,
    0xff, 0xfd, 0x50,

    /* U+0045 "E" */
    0xf, 0xff, 0xff, 0x10, 0xfe, 0xaa, 0xa1, 0xf,
    0xb0, 0x0, 0x0, 0xfb, 0x0, 0x0, 0xf, 0xff,
    0xfc, 0x0, 0xfe, 0x99, 0x70, 0xf, 0xb0, 0x0,
    0x0, 0xfb, 0x0, 0x0, 0xf, 0xea, 0xaa, 0x10,
    0xff, 0xff, 0xf1,

    /* U+0046 "F" */
    0x4f, 0xff, 0xff, 0x54, 0xfd, 0xaa, 0xa3, 0x4f,
    0x70, 0x0, 0x4, 0xf7, 0x0, 0x0, 0x4f, 0xff,
    0xff, 0x4, 0xfc, 0x99, 0x90, 0x4f, 0x70, 0x0,
    0x4, 0xf7, 0x0, 0x0, 0x4f, 0x70, 0x0, 0x4,
    0xf7, 0x0, 0x0,

    /* U+0047 "G" */
    0x4, 0xdf, 0xd4, 0x1, 0xfe, 0x9e, 0xf1, 0x5f,
    0x70, 0x4a, 0x26, 0xf5, 0x1, 0x10, 0x6f, 0x56,
    0xff, 0x26, 0xf5, 0x2b, 0xf2, 0x6f, 0x50, 0x9f,
    0x25, 0xf7, 0xb, 0xf2, 0x1f, 0xea, 0xff, 0x20,
    0x5e, 0xeb, 0xf2,

    /* U+0048 "H" */
    0x4f, 0x80, 0x8f, 0x44, 0xf8, 0x8, 0xf4, 0x4f,
    0x80, 0x8f, 0x44, 0xf8, 0x8, 0xf4, 0x4f, 0xff,
    0xff, 0x44, 0xfd, 0xad, 0xf4, 0x4f, 0x80, 0x8f,
    0x44, 0xf8, 0x8, 0xf4, 0x4f, 0x80, 0x8f, 0x44,
    0xf8, 0x8, 0xf4,

    /* U+0049 "I" */
    0xdf, 0xff, 0xd9, 0xcf, 0xc9, 0x6, 0xf6, 0x0,
    0x6f, 0x60, 0x6, 0xf6, 0x0, 0x6f, 0x60, 0x6,
    0xf6, 0x0, 0x6f, 0x60, 0x9c, 0xfc, 0x9d, 0xff,
    0xfd,

    /* U+004A "J" */
    0x0, 0x7, 0xff, 0x50, 0x0, 0x4c, 0xf5, 0x0,
    0x0, 0x7f, 0x50, 0x0, 0x7, 0xf5, 0x0, 0x0,
    0x7f, 0x50, 0x0, 0x7, 0xf5, 0x0, 0x0, 0x7f,
    0x50, 0x0, 0xa, 0xf3, 0x1a, 0xad, 0xfe, 0x1,
    0xff, 0xfc, 0x30,

    /* U+004B "K" */
    0x4f, 0x70, 0x9f, 0x34, 0xf7, 0x1f, 0xb0, 0x4f,
    0x79, 0xf2, 0x4, 0xf9, 0xfa, 0x0, 0x4f, 0xff,
    0x20, 0x4, 0xfe, 0xf7, 0x0, 0x4f, 0x8e, 0xe0,
    0x4, 0xf7, 0x7f, 0x60, 0x4f, 0x71, 0xfe, 0x4,
    0xf7, 0x8, 0xf6,

    /* U+004C "L" */
    0x4f, 0x70, 0x0, 0x4, 0xf7, 0x0, 0x0, 0x4f,
    0x70, 0x0, 0x4, 0xf7, 0x0, 0x0, 0x4f, 0x70,
    0x0, 0x4, 0xf7, 0x0, 0x0, 0x4f, 0x70, 0x0,
    0x4, 0xf7, 0x0, 0x0, 0x4f, 0xda, 0xaa, 0x34,
    0xff, 0xff, 0xf4,

    /* U+004D "M" */
    0x7f, 0x70, 0x6f, 0x77, 0xfc, 0xb, 0xf7, 0x7f,
    0xf2, 0xff, 0x77, 0xff, 0xcf, 0xf7, 0x7f, 0xcf,
    0xcf, 0x77, 0xf7, 0xf7, 0xf7, 0x7f, 0x1f, 0x1f,
    0x77, 0xf0, 0x80, 0xf7, 0x7f, 0x0, 0xf, 0x77,
    0xf0, 0x0, 0xf7,

    /* U+004E "N" */
    0x4f, 0xe0, 0x4f, 0x44, 0xff, 0x44, 0xf4, 0x4f,
    0xfa, 0x4f, 0x44, 0xff, 0xf5, 0xf4, 0x4f, 0xdf,
    0xaf, 0x44, 0xf7, 0xff, 0xf4, 0x4f, 0x4c, 0xff,
    0x44, 0xf4, 0x6f, 0xf4, 0x4f, 0x40, 0xff, 0x44,
    0xf4, 0x9, 0xf4,

    /* U+004F "O" */
    0x4, 0xdf, 0xd4, 0x1, 0xfe, 0xae, 0xf1, 0x5f,
    0x70, 0x7f, 0x56, 0xf5, 0x5, 0xf6, 0x6f, 0x50,
    0x5f, 0x66, 0xf5, 0x5, 0xf6, 0x6f, 0x50, 0x5f,
    0x65, 0xf7, 0x7, 0xf5, 0x1f, 0xe9, 0xef, 0x10,
    0x4d, 0xfd, 0x40,

    /* U+0050 "P" */
    0x4f, 0xff, 0xc4, 0x4, 0xfd, 0xcf, 0xf1, 0x4f,
    0x70, 0x7f, 0x64, 0xf7, 0x5, 0xf8, 0x4f, 0x71,
    0xbf, 0x64, 0xff, 0xff, 0xe0, 0x4f, 0xda, 0x81,
    0x4, 0xf7, 0x0, 0x0, 0x4f, 0x70, 0x0, 0x4,
    0xf7, 0x0, 0x0,

    /* U+0051 "Q" */
    0x4, 0xcf, 0xc4, 0x1, 0xff, 0xaf, 0xf1, 0x5f,
    0x70, 0x7f, 0x56, 0xf5, 0x5, 0xf6, 0x6f, 0x50,
    0x5f, 0x66, 0xf5, 0x5, 0xf6, 0x6f, 0x50, 0x5f,
    0x65, 0xf7, 0x7, 0xf4, 0x1f, 0xe9, 0xee, 0x10,
    0x4d, 0xff, 0x50, 0x0, 0x6, 0xf7, 0x0, 0x0,
    0x7, 0x60,

    /* U+0052 "R" */
    0x4f, 0xff, 0xd5, 0x4, 0xfd, 0xcf, 0xf2, 0x4f,
    0x80, 0x7f, 0x64, 0xf8, 0x6, 0xf7, 0x4f, 0x82,
    0xcf, 0x34, 0xff, 0xff, 0x70, 0x4f, 0xbf, 0xd0,
    0x4, 0xf8, 0xaf, 0x60, 0x4f, 0x82, 0xfe, 0x4,
    0xf8, 0x9, 0xf7,

    /* U+0053 "S" */
    0x5, 0xdf, 0xd4, 0x2, 0xfe, 0x9e, 0xe0, 0x5f,
    0x70, 0x59, 0x13, 0xfd, 0x20, 0x0, 0xa, 0xff,
    0x80, 0x0, 0x5, 0xef, 0xb0, 0x0, 0x0, 0xcf,
    0x43, 0xb4, 0x7, 0xf5, 0x1f, 0xe9, 0xef, 0x20,
    0x5d, 0xfd, 0x40,

    /* U+0054 "T" */
    0x9f, 0xff, 0xff, 0x96, 0xac, 0xfc, 0xa6, 0x0,
    0x6f, 0x60, 0x0, 0x6, 0xf6, 0x0, 0x0, 0x6f,
    0x60, 0x0, 0x6, 0xf6, 0x0, 0x0, 0x6f, 0x60,
    0x0, 0x6, 0xf6, 0x0, 0x0, 0x6f, 0x60, 0x0,
    0x6, 0xf6, 0x0,

    /* U+0055 "U" */
    0x8f, 0x40, 0x3f, 0x88, 0xf4, 0x3, 0xf8, 0x8f,
    0x40, 0x3f, 0x88, 0xf4, 0x3, 0xf8, 0x8f, 0x40,
    0x3f, 0x88, 0xf4, 0x3, 0xf8, 0x8f, 0x40, 0x3f,
    0x87, 0xf7, 0x6, 0xf7, 0x3f, 0xfa, 0xff, 0x30,
    0x5d, 0xfd, 0x50,

    /* U+0056 "V" */
    0xaf, 0x40, 0x2f, 0xa6, 0xf7, 0x5, 0xf6, 0x2f,
    0xa0, 0x9f, 0x20, 0xee, 0xc, 0xe0, 0xb, 0xf1,
    0xfb, 0x0, 0x7f, 0x8f, 0x70, 0x3, 0xfe, 0xf3,
    0x0, 0xf, 0xff, 0x0, 0x0, 0xbf, 0xc0, 0x0,
    0x8, 0xf8, 0x0,

    /* U+0057 "W" */
    0xdf, 0x0, 0xf, 0xdb, 0xf1, 0x0, 0xfb, 0xaf,
    0x27, 0x2f, 0xa8, 0xf4, 0xf4, 0xf8, 0x6f, 0xaf,
    0xaf, 0x64, 0xff, 0xff, 0xf4, 0x3f, 0xfb, 0xff,
    0x21, 0xff, 0x4f, 0xf0, 0xf, 0xe0, 0xee, 0x0,
    0xdb, 0xb, 0xd0,

    /* U+0058 "X" */
    0x6f, 0x90, 0x8f, 0x60, 0xff, 0xe, 0xf0, 0x9,
    0xf9, 0xf9, 0x0, 0x3f, 0xff, 0x30, 0x0, 0xdf,
    0xd0, 0x0, 0xd, 0xfd, 0x0, 0x3, 0xff, 0xf4,
    0x0, 0x9f, 0x8f, 0xa0, 0xf, 0xe0, 0xef, 0x6,
    0xf9, 0xa, 0xf6,

    /* U+0059 "Y" */
    0xaf, 0x70, 0x6f, 0xa3, 0xfc, 0xb, 0xf3, 0xd,
    0xf3, 0xfd, 0x0, 0x6f, 0xdf, 0x60, 0x0, 0xff,
    0xf0, 0x0, 0x9, 0xf9, 0x0, 0x0, 0x6f, 0x60,
    0x0, 0x6, 0xf6, 0x0, 0x0, 0x6f, 0x60, 0x0,
    0x6, 0xf6, 0x0,

    /* U+005A "Z" */
    0x6f, 0xff, 0xff, 0x64, 0xaa, 0xbf, 0xe0, 0x0,
    0x6, 0xf8, 0x0, 0x0, 0xdf, 0x10, 0x0, 0x4f,
    0xa0, 0x0, 0xb, 0xf3, 0x0, 0x2, 0xfd, 0x0,
    0x0, 0x9f, 0x60, 0x0, 0x1f, 0xfb, 0xaa, 0x47,
    0xff, 0xff, 0xf7,

    /* U+005B "[" */
    0x6f, 0xf4, 0x6f, 0x20, 0x6f, 0x0, 0x6f, 0x0,
    0x6f, 0x0, 0x6f, 0x0, 0x6f, 0x0, 0x6f, 0x0,
    0x6f, 0x0, 0x6f, 0x0, 0x6f, 0x0, 0x6f, 0x0,
    0x6f, 0x10, 0x6f, 0xf4,

    /* U+005C "\\" */
    0xa9, 0x0, 0x0, 0x4, 0xf0, 0x0, 0x0, 0xd,
    0x60, 0x0, 0x0, 0x6d, 0x0, 0x0, 0x0, 0xe4,
    0x0, 0x0, 0x8, 0xb0, 0x0, 0x0, 0x2f, 0x20,
    0x0, 0x0, 0xb8, 0x0, 0x0, 0x4, 0xe0, 0x0,
    0x0, 0xd, 0x60, 0x0, 0x0, 0x6d, 0x0, 0x0,
    0x0, 0xf4, 0x0, 0x0, 0x9, 0xa0,

    /* U+005D "]" */
    0x3f, 0xf6, 0x2, 0xf6, 0x0, 0xe6, 0x0, 0xe6,
    0x0, 0xe6, 0x0, 0xe6, 0x0, 0xe6, 0x0, 0xe6,
    0x0, 0xe6, 0x0, 0xe6, 0x0, 0xe6, 0x0, 0xe6,
    0x1, 0xf6, 0x3f, 0xf6,

    /* U+005E "^" */
    0x0, 0x27, 0x20, 0x0, 0xa, 0xfa, 0x0, 0x2,
    0xf3, 0xf2, 0x0, 0xa8, 0x8, 0xa0, 0x3f, 0x10,
    0x1f, 0x30,

    /* U+005F "_" */
    0xee, 0xee, 0xee, 0xe1, 0x11, 0x11, 0x11,

    /* U+0060 "`" */
    0x9, 0x90, 0x0, 0x5f, 0x60, 0x0, 0xad, 0x0,

    /* U+0061 "a" */
    0x3, 0xbf, 0xd6, 0x0, 0xde, 0x9e, 0xf2, 0x0,
    0x0, 0x6f, 0x50, 0x9e, 0xed, 0xf6, 0x6f, 0x83,
    0x8f, 0x66, 0xfa, 0x7d, 0xf6, 0xa, 0xfe, 0x9f,
    0x60,

    /* U+0062 "b" */
    0x4f, 0x60, 0x0, 0x4, 0xf6, 0x0, 0x0, 0x4f,
    0x60, 0x0, 0x4, 0xfb, 0xee, 0x70, 0x4f, 0xf7,
    0xcf, 0x34, 0xf7, 0x4, 0xf7, 0x4f, 0x60, 0x3f,
    0x84, 0xf6, 0x4, 0xf7, 0x4f, 0xd5, 0xbf, 0x34,
    0xfc, 0xee, 0x70,

    /* U+0063 "c" */
    0x2, 0xbe, 0xd6, 0x0, 0xef, 0x9c, 0xf2, 0x5f,
    0x70, 0x0, 0x7, 0xf4, 0x0, 0x0, 0x5f, 0x70,
    0x0, 0x0, 0xef, 0x9c, 0xf2, 0x2, 0xbe, 0xd6,
    0x0,

    /* U+0064 "d" */
    0x0, 0x0, 0x6f, 0x40, 0x0, 0x6, 0xf4, 0x0,
    0x0, 0x6f, 0x40, 0x7e, 0xeb, 0xf4, 0x3f, 0xc7,
    0xef, 0x47, 0xf4, 0x6, 0xf4, 0x8f, 0x20, 0x6f,
    0x47, 0xf4, 0x6, 0xf4, 0x3f, 0xc7, 0xef, 0x40,
    0x7e, 0xeb, 0xf4,

    /* U+0065 "e" */
    0x3, 0xcf, 0xd4, 0x1, 0xee, 0x9e, 0xf2, 0x5f,
    0x50, 0x4f, 0x67, 0xfe, 0xee, 0xf8, 0x6f, 0x50,
    0x0, 0x1, 0xee, 0x9c, 0xf3, 0x3, 0xcf, 0xd7,
    0x0,

    /* U+0066 "f" */
    0x0, 0x4e, 0xff, 0x70, 0xc, 0xfa, 0x94, 0x0,
    0xed, 0x0, 0x5, 0xff, 0xff, 0x60, 0x39, 0xfe,
    0x93, 0x0, 0xe, 0xd0, 0x0, 0x0, 0xed, 0x0,
    0x0, 0xe, 0xd0, 0x0, 0x0, 0xed, 0x0, 0x0,
    0xe, 0xd0, 0x0,

    /* U+0067 "g" */
    0x7, 0xee, 0xbf, 0x43, 0xfc, 0x7e, 0xf4, 0x7f,
    0x40, 0x7f, 0x48, 0xf2, 0x6, 0xf4, 0x7f, 0x40,
    0x7f, 0x43, 0xfc, 0x7f, 0xf4, 0x7, 0xee, 0xbf,
    0x40, 0x20, 0x8, 0xf3, 0x4f, 0xa9, 0xfe, 0x1,
    0xae, 0xfb, 0x20,

    /* U+0068 "h" */
    0x4f, 0x60, 0x0, 0x4, 0xf6, 0x0, 0x0, 0x4f,
    0x60, 0x0, 0x4, 0xfb, 0xdf, 0xa0, 0x4f, 0xe8,
    0xcf, 0x54, 0xf7, 0x4, 0xf7, 0x4f, 0x60, 0x3f,
    0x74, 0xf6, 0x3, 0xf7, 0x4f, 0x60, 0x3f, 0x74,
    0xf6, 0x3, 0xf7,

    /* U+0069 "i" */
    0x4, 0xe4, 0x0, 0x5f, 0x50, 0x0, 0x0, 0xb,
    0xff, 0x60, 0x6b, 0xf6, 0x0, 0x4f, 0x60, 0x4,
    0xf6, 0x0, 0x4f, 0x60, 0x6b, 0xfb, 0x6b, 0xff,
    0xfb,

    /* U+006A "j" */
    0x0, 0x4e, 0x30, 0x6, 0xf4, 0x0, 0x0, 0x5,
    0xff, 0xf4, 0x39, 0xcf, 0x40, 0x6, 0xf4, 0x0,
    0x6f, 0x40, 0x6, 0xf4, 0x0, 0x6f, 0x40, 0x6,
    0xf4, 0x0, 0x7f, 0x49, 0xae, 0xf1, 0xdf, 0xf7,
    0x0,

    /* U+006B "k" */
    0x4f, 0x60, 0x0, 0x4, 0xf6, 0x0, 0x0, 0x4f,
    0x60, 0x0, 0x4, 0xf6, 0x1e, 0xc0, 0x4f, 0x6a,
    0xf2, 0x4, 0xfb, 0xf6, 0x0, 0x4f, 0xff, 0x40,
    0x4, 0xf8, 0xfd, 0x0, 0x4f, 0x68, 0xf7, 0x4,
    0xf6, 0xe, 0xf2,

    /* U+006C "l" */
    0x7f, 0xfb, 0x49, 0xfb, 0x0, 0xfb, 0x0, 0xfb,
    0x0, 0xfb, 0x0, 0xfb, 0x0, 0xfb, 0x0, 0xfb,
    0x0, 0xfb, 0x0, 0xfb,

    /* U+006D "m" */
    0xae, 0xad, 0x8e, 0x5a, 0xf9, 0xf9, 0xfa, 0xaf,
    0x1f, 0x1f, 0xaa, 0xf1, 0xf1, 0xfa, 0xaf, 0x1f,
    0x1f, 0xaa, 0xf1, 0xf1, 0xfa, 0xaf, 0x1f, 0x1f,
    0xa0,

    /* U+006E "n" */
    0x4f, 0xbe, 0xfa, 0x4, 0xfe, 0x8c, 0xf5, 0x4f,
    0x70, 0x4f, 0x74, 0xf6, 0x3, 0xf7, 0x4f, 0x60,
    0x3f, 0x74, 0xf6, 0x3, 0xf7, 0x4f, 0x60, 0x3f,
    0x70,

    /* U+006F "o" */
    0x2, 0xcf, 0xc2, 0x0, 0xee, 0x9e, 0xe0, 0x5f,
    0x60, 0x6f, 0x57, 0xf3, 0x3, 0xf7, 0x5f, 0x60,
    0x6f, 0x50, 0xee, 0x9e, 0xe0, 0x2, 0xcf, 0xc2,
    0x0,

    /* U+0070 "p" */
    0x4f, 0xbe, 0xe7, 0x4, 0xfe, 0x7c, 0xf3, 0x4f,
    0x70, 0x4f, 0x74, 0xf6, 0x3, 0xf8, 0x4f, 0x60,
    0x4f, 0x74, 0xfe, 0x7c, 0xf3, 0x4f, 0xbe, 0xe7,
    0x4, 0xf6, 0x0, 0x0, 0x4f, 0x60, 0x0, 0x4,
    0xf6, 0x0, 0x0,

    /* U+0071 "q" */
    0x7, 0xee, 0xbf, 0x43, 0xfc, 0x7e, 0xf4, 0x7f,
    0x40, 0x7f, 0x48, 0xf3, 0x6, 0xf4, 0x7f, 0x40,
    0x6f, 0x43, 0xfc, 0x7e, 0xf4, 0x7, 0xee, 0xbf,
    0x40, 0x0, 0x6, 0xf4, 0x0, 0x0, 0x6f, 0x40,
    0x0, 0x6, 0xf4,

    /* U+0072 "r" */
    0x2f, 0x8c, 0xe9, 0x2, 0xff, 0x8b, 0xe2, 0x2f,
    0x90, 0x10, 0x2, 0xf7, 0x0, 0x0, 0x2f, 0x70,
    0x0, 0x2, 0xf7, 0x0, 0x0, 0x2f, 0x70, 0x0,
    0x0,

    /* U+0073 "s" */
    0x5, 0xdf, 0xb3, 0x0, 0xfc, 0x4c, 0xb0, 0xd,
    0xe5, 0x0, 0x0, 0x2b, 0xfe, 0x50, 0x0, 0x3,
    0xef, 0x0, 0xee, 0x5c, 0xf0, 0x4, 0xdf, 0xd5,
    0x0,

    /* U+0074 "t" */
    0x0, 0x67, 0x0, 0x0, 0xc, 0xe0, 0x0, 0x4f,
    0xff, 0xf7, 0x2, 0x7e, 0xf7, 0x30, 0x0, 0xce,
    0x0, 0x0, 0xc, 0xe0, 0x0, 0x0, 0xcf, 0x0,
    0x0, 0xa, 0xfa, 0x90, 0x0, 0x4e, 0xff, 0x0,

    /* U+0075 "u" */
    0x6f, 0x40, 0x3f, 0x66, 0xf4, 0x3, 0xf6, 0x6f,
    0x40, 0x3f, 0x66, 0xf4, 0x3, 0xf6, 0x6f, 0x60,
    0x5f, 0x62, 0xfe, 0xae, 0xf2, 0x4, 0xdf, 0xd5,
    0x0,

    /* U+0076 "v" */
    0x7f, 0x50, 0x2f, 0x72, 0xfa, 0x7, 0xf2, 0xd,
    0xe0, 0xcd, 0x0, 0x8f, 0x4f, 0x80, 0x3, 0xfd,
    0xf3, 0x0, 0xe, 0xfe, 0x0, 0x0, 0x9f, 0x90,
    0x0,

    /* U+0077 "w" */
    0xcf, 0x3, 0xe, 0xc9, 0xf3, 0xa1, 0xf9, 0x5f,
    0x7f, 0x6f, 0x62, 0xfd, 0xfd, 0xf2, 0xf, 0xfe,
    0xff, 0x0, 0xcf, 0x6f, 0xc0, 0x9, 0xf0, 0xf9,
    0x0,

    /* U+0078 "x" */
    0x1f, 0xa0, 0xaf, 0x20, 0x8f, 0x5f, 0x80, 0x1,
    0xef, 0xe0, 0x0, 0xa, 0xfa, 0x0, 0x2, 0xfe,
    0xf2, 0x0, 0xaf, 0x3f, 0xa0, 0x2f, 0x90, 0x9f,
    0x20,

    /* U+0079 "y" */
    0x8f, 0x50, 0x2f, 0x83, 0xf9, 0x7, 0xf3, 0xe,
    0xe0, 0xbe, 0x0, 0x9f, 0x3f, 0xa0, 0x4, 0xfb,
    0xf5, 0x0, 0xe, 0xff, 0x0, 0x0, 0xaf, 0xb0,
    0x0, 0x6, 0xf7, 0x0, 0x0, 0xaf, 0x20, 0x0,
    0xe, 0xd0, 0x0,

    /* U+007A "z" */
    0x2f, 0xff, 0xff, 0x11, 0x99, 0xcf, 0x70, 0x0,
    0xe, 0xe0, 0x0, 0x7, 0xf5, 0x0, 0x1, 0xfc,
    0x0, 0x0, 0x9f, 0xc9, 0x92, 0x2f, 0xff, 0xff,
    0x30,

    /* U+007B "{" */
    0x0, 0xaf, 0x30, 0x2f, 0x60, 0x2, 0xf1, 0x0,
    0x2f, 0x10, 0x1, 0xf2, 0x0, 0x6f, 0x0, 0x7f,
    0x50, 0x2, 0x9e, 0x0, 0x2, 0xf2, 0x0, 0x1f,
    0x20, 0x2, 0xf1, 0x0, 0x3f, 0x10, 0x2, 0xf6,
    0x0, 0x9, 0xf3,

    /* U+007C "|" */
    0x2, 0x0, 0xf0, 0xf, 0x0, 0xf0, 0xf, 0x0,
    0xf0, 0xf, 0x0, 0xf0, 0xf, 0x0, 0xf0, 0xf,
    0x0, 0xf0, 0xf, 0x0, 0xf0,

    /* U+007D "}" */
    0x3f, 0xa0, 0x0, 0x6f, 0x30, 0x1, 0xf3, 0x0,
    0x1f, 0x20, 0x2, 0xf1, 0x0, 0xf, 0x60, 0x0,
    0x5f, 0x70, 0xd, 0x92, 0x1, 0xf2, 0x0, 0x2f,
    0x10, 0x1, 0xf2, 0x0, 0x1f, 0x30, 0x6, 0xf2,
    0x3, 0xf9, 0x0,

    /* U+007E "~" */
    0x4d, 0xc7, 0x21, 0x68, 0x34, 0xaf, 0xf6, 0x0,
    0x0, 0x1, 0x0,

    /* U+00A0 " " */

    /* U+00A1 "¡" */
    0x1, 0x5, 0xf5, 0x4e, 0x40, 0x0, 0x37, 0x36,
    0xf6, 0x6f, 0x66, 0xf6, 0x6f, 0x66, 0xf6, 0x6f,
    0x60,

    /* U+00A2 "¢" */
    0x0, 0xc, 0x10, 0x0, 0x5, 0xf6, 0x0, 0xb,
    0xff, 0xfc, 0x4, 0xfb, 0x1a, 0xf3, 0x6f, 0x60,
    0x1, 0x6, 0xf5, 0x0, 0x0, 0x6f, 0x50, 0x0,
    0x6, 0xf5, 0x0, 0x0, 0x6f, 0x50, 0x0, 0x5,
    0xf8, 0x7, 0xe3, 0xe, 0xfd, 0xfe, 0x0, 0x29,
    0xf9, 0x20, 0x0, 0xf, 0x10, 0x0,

    /* U+00A3 "£" */
    0x3, 0xcf, 0xe6, 0x0, 0xef, 0xad, 0xf3, 0x1f,
    0xb0, 0x3a, 0x40, 0xec, 0x0, 0x0, 0x5f, 0xff,
    0xfa, 0x0, 0x6f, 0x72, 0x10, 0x1, 0xf7, 0x0,
    0x0, 0xf, 0x70, 0x0, 0x5b, 0xfc, 0xaa, 0x58,
    0xff, 0xff, 0xf7,

    /* U+00A4 "¤" */
    0x2, 0x0, 0x0, 0x2, 0x0, 0xd9, 0xae, 0xaa,
    0xc0, 0x1, 0xec, 0x3c, 0xe1, 0x0, 0xe, 0x50,
    0x5d, 0x0, 0x0, 0xe5, 0x4, 0xe0, 0x0, 0xd,
    0xa0, 0xad, 0x0, 0xb, 0xcd, 0xfd, 0xcb, 0x0,
    0x40, 0x1, 0x0, 0x50,

    /* U+00A5 "¥" */
    0x9f, 0x70, 0x6f, 0xa3, 0xfd, 0xc, 0xf3, 0xc,
    0xf5, 0xfd, 0x0, 0x6f, 0xef, 0x60, 0x0, 0xef,
    0xf0, 0x9, 0xff, 0xff, 0xf9, 0x12, 0x7f, 0x72,
    0x10, 0x6, 0xf6, 0x0, 0x9f, 0xff, 0xff, 0x91,
    0x27, 0xf7, 0x21,

    /* U+00A6 "¦" */
    0xf, 0x0, 0xf0, 0xf, 0x0, 0xf0, 0xd, 0x0,
    0x0, 0x0, 0x0, 0x0, 0xd, 0x0, 0xf0, 0xf,
    0x0, 0xf0, 0xf, 0x0,

    /* U+00A7 "§" */
    0x0, 0x9e, 0xe7, 0x0, 0x7f, 0x7b, 0xf2, 0xa,
    0xd0, 0x16, 0x10, 0x6f, 0xa2, 0x0, 0xa, 0xff,
    0xf7, 0x3, 0xf6, 0x5e, 0xf3, 0x4f, 0x50, 0x2f,
    0x71, 0xef, 0x98, 0xf4, 0x3, 0xcf, 0xfc, 0x0,
    0x0, 0x7f, 0xa0, 0x27, 0x10, 0xcc, 0x2, 0xfd,
    0xaf, 0x80, 0x6, 0xef, 0xa1, 0x0,

    /* U+00A8 "¨" */
    0x0, 0x0, 0x0, 0x1, 0xfa, 0xa, 0xf1, 0xd,
    0x80, 0x8d, 0x0,

    /* U+00A9 "©" */
    0x5, 0xcd, 0xc5, 0x4, 0xc1, 0x1, 0xb5, 0xa3,
    0x6c, 0x63, 0xac, 0x1d, 0x5, 0x1c, 0xc1, 0xd0,
    0x1, 0xcc, 0x1d, 0x5, 0x1c, 0xc1, 0x6c, 0x61,
    0xca, 0x30, 0x0, 0x3a, 0x4c, 0x10, 0x1b, 0x50,
    0x5c, 0xdc, 0x50,

    /* U+00AA "ª" */
    0xa, 0xeb, 0x21, 0x73, 0xc9, 0x2c, 0xce, 0x98,
    0xb0, 0xc9, 0x4e, 0xfd, 0x90, 0x0, 0x11, 0x8f,
    0xff, 0x81, 0x33, 0x31,

    /* U+00AB "«" */
    0x0, 0x18, 0x0, 0x80, 0x3e, 0xa1, 0xcc, 0x5f,
    0xb4, 0xec, 0x1e, 0xc0, 0xbe, 0x0, 0x7f, 0x95,
    0xfb, 0x0, 0x4f, 0x93, 0xec, 0x0, 0x29, 0x1,
    0xa0, 0x0, 0x0, 0x0,

    /* U+00AC "¬" */
    0x9f, 0xff, 0xff, 0x91, 0x22, 0x22, 0x99, 0x0,
    0x0, 0x7, 0x90, 0x0, 0x0, 0x79, 0x0, 0x0,
    0x7, 0x90, 0x0, 0x0, 0x11,

    /* U+00AE "®" */
    0x5, 0xcd, 0xc5, 0x4, 0xc1, 0x1, 0xb5, 0xa3,
    0xdd, 0x63, 0xac, 0x1e, 0xe, 0x1c, 0xc1, 0xe7,
    0xa1, 0xcc, 0x1e, 0xd3, 0x1c, 0xc1, 0xe5, 0xb1,
    0xca, 0x33, 0x3, 0x3a, 0x4c, 0x10, 0x1b, 0x50,
    0x5c, 0xdc, 0x50,

    /* U+00AF "¯" */
    0x1, 0x11, 0x11, 0x5, 0xff, 0xff, 0xf5, 0x14,
    0x44, 0x44, 0x10,

    /* U+00B0 "°" */
    0x9, 0xd8, 0x6, 0x90, 0x95, 0x69, 0x9, 0x50,
    0x9d, 0x90,

    /* U+00B1 "±" */
    0x0, 0xf, 0x0, 0x0, 0x0, 0xf0, 0x0, 0x9f,
    0xff, 0xff, 0x91, 0x23, 0xf3, 0x21, 0x0, 0xf,
    0x0, 0x0, 0x0, 0xf0, 0x0, 0x0, 0x1, 0x0,
    0x0, 0x0, 0x0, 0x0, 0x9f, 0xff, 0xff, 0x91,
    0x22, 0x22, 0x21,

    /* U+00B2 "²" */
    0x7, 0xe8, 0x0, 0xc5, 0xf0, 0x0, 0x79, 0x0,
    0x2e, 0x30, 0xb, 0xff, 0x0,

    /* U+00B3 "³" */
    0x7, 0xe8, 0x0, 0x72, 0xe0, 0x0, 0x6c, 0x0,
    0xc2, 0xf1, 0x9, 0xe9, 0x0,

    /* U+00B4 "´" */
    0x0, 0x99, 0x0, 0x6f, 0x50, 0xe, 0xa0, 0x0,

    /* U+00B6 "¶" */
    0x2d, 0xff, 0xff, 0x58, 0xff, 0xf0, 0xc5, 0x9f,
    0xff, 0xc, 0x54, 0xff, 0xf0, 0xc5, 0x1, 0x4f,
    0xc, 0x50, 0x2, 0xf0, 0xc5, 0x0, 0x2f, 0xc,
    0x50, 0x2, 0xf0, 0xc5, 0x0, 0x2f, 0xc, 0x50,
    0x2, 0xf0, 0xc5, 0x0, 0x2f, 0xc, 0x50, 0x2,
    0xf0, 0xc5,

    /* U+00B7 "·" */
    0x1, 0x5, 0xf5, 0x4e, 0x40,

    /* U+00B8 "¸" */
    0x19, 0x25, 0xf1, 0x8c, 0x0, 0x20,

    /* U+00B9 "¹" */
    0x3, 0x45, 0xf7, 0x29, 0x70, 0x87, 0x8, 0x70,
    0x87,

    /* U+00BA "º" */
    0xa, 0xfa, 0x7, 0xd4, 0xd7, 0xa9, 0x9, 0xa8,
    0xc1, 0xc8, 0x1d, 0xfd, 0x10, 0x1, 0x0, 0x8f,
    0xff, 0x81, 0x33, 0x31,

    /* U+00BB "»" */
    0x80, 0x8, 0x10, 0xd, 0xc1, 0xae, 0x20, 0x1c,
    0xe4, 0xbf, 0x40, 0xe, 0xb0, 0xcd, 0xb, 0xf5,
    0x9f, 0x6c, 0xe3, 0x9f, 0x40, 0xa1, 0x9, 0x20,
    0x0, 0x0, 0x0, 0x0,

    /* U+00BC "¼" */
    0x0, 0x1, 0x0, 0x0, 0x0, 0x3c, 0x50, 0x6,
    0xa0, 0x6, 0xd5, 0x1, 0xe1, 0x0, 0xa, 0x50,
    0x97, 0x0, 0x0, 0xa5, 0x3d, 0x0, 0x0, 0xa,
    0x5c, 0x57, 0x30, 0x0, 0x58, 0xb4, 0xf7, 0x0,
    0x0, 0xe2, 0xba, 0x70, 0x0, 0x88, 0x3a, 0x77,
    0x0, 0x2e, 0x16, 0xff, 0xf0, 0xb, 0x60, 0x0,
    0x87, 0x0, 0x0, 0x0, 0x0, 0x0,

    /* U+00BD "½" */
    0x0, 0x0, 0x0, 0x0, 0x0, 0x1a, 0x60, 0x5,
    0x90, 0x7, 0xe6, 0x0, 0xe2, 0x0, 0x9, 0x60,
    0x88, 0x0, 0x0, 0x96, 0x2e, 0x0, 0x0, 0x9,
    0x6b, 0x50, 0x0, 0x0, 0x8b, 0xc6, 0xd7, 0x0,
    0x0, 0xd2, 0xc3, 0xf0, 0x0, 0x89, 0x0, 0x7b,
    0x0, 0x2e, 0x10, 0x1e, 0x20, 0xb, 0x60, 0xb,
    0xfe, 0x0, 0x10, 0x0, 0x11, 0x10,

    /* U+00BE "¾" */
    0x7, 0xe6, 0x0, 0x3c, 0x0, 0x82, 0xd0, 0xc,
    0x40, 0x0, 0x8b, 0x6, 0xa0, 0x1, 0xa1, 0xf1,
    0xe2, 0x0, 0xa, 0xf9, 0x98, 0xba, 0x0, 0x0,
    0x3d, 0x3e, 0xb0, 0x0, 0xc, 0x59, 0x8b, 0x0,
    0x5, 0xb0, 0xc4, 0xb0, 0x0, 0xe2, 0x2f, 0xff,
    0x40, 0x88, 0x0, 0x5, 0xb0, 0x0, 0x0, 0x0,
    0x0, 0x0,

    /* U+00BF "¿" */
    0x0, 0x0, 0x0, 0x0, 0x0, 0xec, 0x0, 0x0,
    0xc, 0xa0, 0x0, 0x0, 0x0, 0x0, 0x0, 0x6,
    0x50, 0x0, 0x2, 0xfa, 0x0, 0x2, 0xef, 0x20,
    0x0, 0xcf, 0x30, 0x0, 0xf, 0xc0, 0x5d, 0x30,
    0xdf, 0x9d, 0xf1, 0x3, 0xcf, 0xd4, 0x0,

    /* U+00C0 "À" */
    0x3, 0xfa, 0x0, 0x0, 0x7, 0xf3, 0x0, 0x0,
    0x6, 0x40, 0x0, 0x8, 0xf8, 0x0, 0x0, 0xcf,
    0xb0, 0x0, 0xf, 0xff, 0x0, 0x3, 0xff, 0xf3,
    0x0, 0x7f, 0x9f, 0x70, 0xb, 0xf2, 0xfa, 0x0,
    0xec, 0xe, 0xe0, 0x2f, 0xff, 0xff, 0x26, 0xfc,
    0xac, 0xf6, 0xaf, 0x20, 0x4f, 0xa0,

    /* U+00C1 "Á" */
    0x0, 0xa, 0xf3, 0x0, 0x3, 0xf6, 0x0, 0x0,
    0x46, 0x0, 0x0, 0x8, 0xf8, 0x0, 0x0, 0xcf,
    0xb0, 0x0, 0xf, 0xff, 0x0, 0x3, 0xff, 0xf3,
    0x0, 0x7f, 0x9f, 0x70, 0xb, 0xf2, 0xfa, 0x0,
    0xec, 0xe, 0xe0, 0x2f, 0xff, 0xff, 0x26, 0xfc,
    0xac, 0xf6, 0xaf, 0x20, 0x4f, 0xa0,

    /* U+00C2 "Â" */
    0x1, 0xef, 0xe1, 0x0, 0xcb, 0x1c, 0xc0, 0x0,
    0x0, 0x0, 0x0, 0x8, 0xf8, 0x0, 0x0, 0xcf,
    0xb0, 0x0, 0xf, 0xff, 0x0, 0x3, 0xff, 0xf3,
    0x0, 0x7f, 0x9f, 0x70, 0xb, 0xf2, 0xfa, 0x0,
    0xec, 0xe, 0xe0, 0x2f, 0xff, 0xff, 0x26, 0xfc,
    0xac, 0xf6, 0xaf, 0x20, 0x4f, 0xa0,

    /* U+00C3 "Ã" */
    0x0, 0x0, 0x0, 0x4, 0xee, 0x93, 0x35, 0x76,
    0x6c, 0xff, 0x50, 0x0, 0x1, 0x20, 0x0, 0x8f,
    0x80, 0x0, 0xc, 0xfb, 0x0, 0x0, 0xff, 0xf0,
    0x0, 0x3f, 0xff, 0x30, 0x7, 0xf9, 0xf7, 0x0,
    0xbf, 0x2f, 0xa0, 0xe, 0xc0, 0xee, 0x2, 0xff,
    0xff, 0xf2, 0x6f, 0xca, 0xcf, 0x6a, 0xf2, 0x4,
    0xfa,

    /* U+00C4 "Ä" */
    0x0, 0x0, 0x0, 0x1, 0xfa, 0xa, 0xf1, 0xd,
    0x80, 0x8d, 0x0, 0x0, 0x0, 0x0, 0x0, 0x8f,
    0x80, 0x0, 0xc, 0xfb, 0x0, 0x0, 0xff, 0xf0,
    0x0, 0x3f, 0xff, 0x30, 0x7, 0xf9, 0xf7, 0x0,
    0xbf, 0x2f, 0xa0, 0xe, 0xc0, 0xee, 0x2, 0xff,
    0xff, 0xf2, 0x6f, 0xca, 0xcf, 0x6a, 0xf2, 0x4,
    0xfa,

    /* U+00C5 "Å" */
    0x1, 0xac, 0xa1, 0x0, 0x6b, 0xb, 0x60, 0x1,
    0xac, 0xa1, 0x0, 0x8, 0xf8, 0x0, 0x0, 0xcf,
    0xb0, 0x0, 0xf, 0xff, 0x0, 0x3, 0xff, 0xf3,
    0x0, 0x7f, 0x9f, 0x70, 0xb, 0xf2, 0xfa, 0x0,
    0xec, 0xe, 0xe0, 0x2f, 0xff, 0xff, 0x26, 0xfc,
    0xac, 0xf6, 0xaf, 0x20, 0x4f, 0xa0,

    /* U+00C6 "Æ" */
    0x9, 0xff, 0xff, 0xd0, 0xbe, 0xdf, 0xb9, 0xd,
    0xa8, 0xf1, 0x0, 0xf9, 0x8f, 0x10, 0x2f, 0x78,
    0xff, 0x94, 0xf5, 0x8f, 0xa5, 0x6f, 0x38, 0xf1,
    0x9, 0xff, 0xff, 0x10, 0xbf, 0xad, 0xfb, 0x9d,
    0xd0, 0x8f, 0xfd,

    /* U+00C7 "Ç" */
    0x4, 0xdf, 0xd4, 0x1, 0xfe, 0x9e, 0xf1, 0x5f,
    0x70, 0x4a, 0x26, 0xf5, 0x0, 0x0, 0x6f, 0x50,
    0x0, 0x6, 0xf5, 0x0, 0x0, 0x6f, 0x50, 0x0,
    0x5, 0xf7, 0x4, 0xa2, 0x1f, 0xe9, 0xef, 0x10,
    0x4d, 0xfd, 0x40, 0x0, 0xc, 0x40, 0x0, 0x3,
    0xf3, 0x0, 0x0, 0x6e, 0x0, 0x0, 0x0, 0x0,
    0x0,

    /* U+00C8 "È" */
    0x3, 0xfa, 0x0, 0x0, 0x7, 0xf3, 0x0, 0x0,
    0x6, 0x40, 0x0, 0xff, 0xff, 0xf1, 0xf, 0xea,
    0xaa, 0x10, 0xfb, 0x0, 0x0, 0xf, 0xb0, 0x0,
    0x0, 0xff, 0xff, 0xc0, 0xf, 0xe9, 0x97, 0x0,
    0xfb, 0x0, 0x0, 0xf, 0xb0, 0x0, 0x0, 0xfe,
    0xaa, 0xa1, 0xf, 0xff, 0xff, 0x10,

    /* U+00C9 "É" */
    0x0, 0x1f, 0xb0, 0x0, 0xa, 0xe1, 0x0, 0x0,
    0x63, 0x0, 0x0, 0xff, 0xff, 0xf1, 0xf, 0xea,
    0xaa, 0x10, 0xfb, 0x0, 0x0, 0xf, 0xb0, 0x0,
    0x0, 0xff, 0xff, 0xc0, 0xf, 0xe9, 0x97, 0x0,
    0xfb, 0x0, 0x0, 0xf, 0xb0, 0x0, 0x0, 0xfe,
    0xaa, 0xa1, 0xf, 0xff, 0xff, 0x10,

    /* U+00CA "Ê" */
    0x1, 0xef, 0xe1, 0x0, 0xcb, 0x1c, 0xc0, 0x0,
    0x0, 0x0, 0x0, 0xff, 0xff, 0xf1, 0xf, 0xea,
    0xaa, 0x10, 0xfb, 0x0, 0x0, 0xf, 0xb0, 0x0,
    0x0, 0xff, 0xff, 0xc0, 0xf, 0xe9, 0x97, 0x0,
    0xfb, 0x0, 0x0, 0xf, 0xb0, 0x0, 0x0, 0xfe,
    0xaa, 0xa1, 0xf, 0xff, 0xff, 0x10,

    /* U+00CB "Ë" */
    0x0, 0x0, 0x0, 0x1, 0xfa, 0xa, 0xf1, 0xd,
    0x80, 0x8d, 0x0, 0x0, 0x0, 0x0, 0xf, 0xff,
    0xff, 0x10, 0xfe, 0xaa, 0xa1, 0xf, 0xb0, 0x0,
    0x0, 0xfb, 0x0, 0x0, 0xf, 0xff, 0xfc, 0x0,
    0xfe, 0x99, 0x70, 0xf, 0xb0, 0x0, 0x0, 0xfb,
    0x0, 0x0, 0xf, 0xea, 0xaa, 0x10, 0xff, 0xff,
    0xf1,

    /* U+00CC "Ì" */
    0x3f, 0xa0, 0x0, 0x7f, 0x30, 0x0, 0x64, 0xd,
    0xff, 0xfd, 0x9c, 0xfc, 0x90, 0x6f, 0x60, 0x6,
    0xf6, 0x0, 0x6f, 0x60, 0x6, 0xf6, 0x0, 0x6f,
    0x60, 0x6, 0xf6, 0x9, 0xcf, 0xc9, 0xdf, 0xff,
    0xd0,

    /* U+00CD "Í" */
    0x0, 0xaf, 0x30, 0x3f, 0x60, 0x4, 0x60, 0xd,
    0xff, 0xfd, 0x9c, 0xfc, 0x90, 0x6f, 0x60, 0x6,
    0xf6, 0x0, 0x6f, 0x60, 0x6, 0xf6, 0x0, 0x6f,
    0x60, 0x6, 0xf6, 0x9, 0xcf, 0xc9, 0xdf, 0xff,
    0xd0,

    /* U+00CE "Î" */
    0x1, 0xef, 0xe1, 0x0, 0xcb, 0x1c, 0xc0, 0x0,
    0x0, 0x0, 0x0, 0xdf, 0xff, 0xd0, 0x9, 0xcf,
    0xc9, 0x0, 0x6, 0xf6, 0x0, 0x0, 0x6f, 0x60,
    0x0, 0x6, 0xf6, 0x0, 0x0, 0x6f, 0x60, 0x0,
    0x6, 0xf6, 0x0, 0x0, 0x6f, 0x60, 0x0, 0x9c,
    0xfc, 0x90, 0xd, 0xff, 0xfd, 0x0,

    /* U+00CF "Ï" */
    0x0, 0x0, 0x0, 0x1, 0xfa, 0xa, 0xf1, 0xd,
    0x80, 0x8d, 0x0, 0x0, 0x0, 0x0, 0xd, 0xff,
    0xfd, 0x0, 0x9c, 0xfc, 0x90, 0x0, 0x6f, 0x60,
    0x0, 0x6, 0xf6, 0x0, 0x0, 0x6f, 0x60, 0x0,
    0x6, 0xf6, 0x0, 0x0, 0x6f, 0x60, 0x0, 0x6,
    0xf6, 0x0, 0x9, 0xcf, 0xc9, 0x0, 0xdf, 0xff,
    0xd0,

    /* U+00D0 "Ð" */
    0x4f, 0xff, 0xd5, 0x4, 0xfd, 0xbf, 0xf1, 0x4f,
    0x70, 0x9f, 0x54, 0xf7, 0x6, 0xf6, 0xdf, 0xff,
    0x6f, 0x6a, 0xfc, 0x96, 0xf6, 0x4f, 0x70, 0x6f,
    0x64, 0xf7, 0x9, 0xf5, 0x4f, 0xdb, 0xff, 0x14,
    0xff, 0xfd, 0x50,

    /* U+00D1 "Ñ" */
    0x0, 0x0, 0x0, 0x4, 0xee, 0x93, 0x35, 0x76,
    0x6c, 0xff, 0x50, 0x0, 0x1, 0x20, 0x4f, 0xe0,
    0x4f, 0x44, 0xff, 0x44, 0xf4, 0x4f, 0xfa, 0x4f,
    0x44, 0xff, 0xf5, 0xf4, 0x4f, 0xdf, 0xaf, 0x44,
    0xf7, 0xff, 0xf4, 0x4f, 0x4c, 0xff, 0x44, 0xf4,
    0x6f, 0xf4, 0x4f, 0x40, 0xff, 0x44, 0xf4, 0x9,
    0xf4,

    /* U+00D2 "Ò" */
    0x2, 0x63, 0x0, 0x0, 0xd, 0xd0, 0x0, 0x0,
    0x2f, 0x70, 0x0, 0x0, 0x0, 0x0, 0x4, 0xdf,
    0xd4, 0x1, 0xfe, 0xae, 0xf1, 0x5f, 0x70, 0x7f,
    0x56, 0xf5, 0x5, 0xf6, 0x6f, 0x50, 0x5f, 0x66,
    0xf5, 0x5, 0xf6, 0x6f, 0x50, 0x5f, 0x65, 0xf7,
    0x7, 0xf5, 0x1f, 0xe9, 0xef, 0x10, 0x4d, 0xfd,
    0x40,

    /* U+00D3 "Ó" */
    0x0, 0x3, 0x62, 0x0, 0x0, 0xdd, 0x0, 0x0,
    0x7f, 0x20, 0x0, 0x0, 0x0, 0x0, 0x4, 0xdf,
    0xd4, 0x1, 0xfe, 0xae, 0xf1, 0x5f, 0x70, 0x7f,
    0x56, 0xf5, 0x5, 0xf6, 0x6f, 0x50, 0x5f, 0x66,
    0xf5, 0x5, 0xf6, 0x6f, 0x50, 0x5f, 0x65, 0xf7,
    0x7, 0xf5, 0x1f, 0xe9, 0xef, 0x10, 0x4d, 0xfd,
    0x40,

    /* U+00D4 "Ô" */
    0x0, 0x67, 0x60, 0x0, 0x4f, 0xcf, 0x40, 0xd,
    0xa0, 0xbd, 0x0, 0x0, 0x0, 0x0, 0x4, 0xdf,
    0xd4, 0x1, 0xfe, 0xae, 0xf1, 0x5f, 0x70, 0x7f,
    0x56, 0xf5, 0x5, 0xf6, 0x6f, 0x50, 0x5f, 0x66,
    0xf5, 0x5, 0xf6, 0x6f, 0x50, 0x5f, 0x65, 0xf7,
    0x7, 0xf5, 0x1f, 0xe9, 0xef, 0x10, 0x4d, 0xfd,
    0x40,

    /* U+00D5 "Õ" */
    0x0, 0x0, 0x0, 0x4, 0xee, 0x93, 0x35, 0x76,
    0x6c, 0xff, 0x50, 0x0, 0x1, 0x20, 0x4, 0xdf,
    0xd4, 0x1, 0xfe, 0xae, 0xf1, 0x5f, 0x70, 0x7f,
    0x56, 0xf5, 0x5, 0xf6, 0x6f, 0x50, 0x5f, 0x66,
    0xf5, 0x5, 0xf6, 0x6f, 0x50, 0x5f, 0x65, 0xf7,
    0x7, 0xf5, 0x1f, 0xe9, 0xef, 0x10, 0x4d, 0xfd,
    0x40,

    /* U+00D6 "Ö" */
    0x0, 0x0, 0x0, 0x1, 0xfa, 0xa, 0xf1, 0xd,
    0x80, 0x8d, 0x0, 0x0, 0x0, 0x0, 0x4, 0xdf,
    0xd4, 0x1, 0xfe, 0xae, 0xf1, 0x5f, 0x70, 0x7f,
    0x56, 0xf5, 0x5, 0xf6, 0x6f, 0x50, 0x5f, 0x66,
    0xf5, 0x5, 0xf6, 0x6f, 0x50, 0x5f, 0x65, 0xf7,
    0x7, 0xf5, 0x1f, 0xe9, 0xef, 0x10, 0x4d, 0xfd,
    0x40,

    /* U+00D7 "×" */
    0x3, 0x0, 0x3, 0x0, 0xcb, 0xa, 0xc0, 0x0,
    0xce, 0xc1, 0x0, 0xb, 0xfb, 0x0, 0xb, 0xc1,
    0xcb, 0x0, 0x50, 0x0, 0x50,

    /* U+00D8 "Ø" */
    0x0, 0x0, 0x4, 0x40, 0x4d, 0xfb, 0xd6, 0x1f,
    0xd8, 0xef, 0x15, 0xf4, 0xd, 0xf4, 0x6f, 0x35,
    0xff, 0x66, 0xf3, 0xd8, 0xf6, 0x6f, 0x8d, 0x3f,
    0x66, 0xff, 0x53, 0xf6, 0x4f, 0xc0, 0x4f, 0x51,
    0xfe, 0x8d, 0xf1, 0x6d, 0xbf, 0xd4, 0x4, 0x40,
    0x0, 0x0,

    /* U+00D9 "Ù" */
    0x2, 0x63, 0x0, 0x0, 0xd, 0xd0, 0x0, 0x0,
    0x2f, 0x70, 0x0, 0x0, 0x0, 0x0, 0x8f, 0x40,
    0x3f, 0x88, 0xf4, 0x3, 0xf8, 0x8f, 0x40, 0x3f,
    0x88, 0xf4, 0x3, 0xf8, 0x8f, 0x40, 0x3f, 0x88,
    0xf4, 0x3, 0xf8, 0x8f, 0x40, 0x3f, 0x87, 0xf7,
    0x6, 0xf7, 0x3f, 0xfa, 0xff, 0x30, 0x5d, 0xfd,
    0x50,

    /* U+00DA "Ú" */
    0x0, 0x3, 0x62, 0x0, 0x0, 0xdd, 0x0, 0x0,
    0x7f, 0x20, 0x0, 0x0, 0x0, 0x0, 0x8f, 0x40,
    0x3f, 0x88, 0xf4, 0x3, 0xf8, 0x8f, 0x40, 0x3f,
    0x88, 0xf4, 0x3, 0xf8, 0x8f, 0x40, 0x3f, 0x88,
    0xf4, 0x3, 0xf8, 0x8f, 0x40, 0x3f, 0x87, 0xf7,
    0x6, 0xf7, 0x3f, 0xfa, 0xff, 0x30, 0x5d, 0xfd,
    0x50,

    /* U+00DB "Û" */
    0x0, 0x67, 0x60, 0x0, 0x4f, 0xcf, 0x40, 0xd,
    0xa0, 0xbd, 0x0, 0x0, 0x0, 0x0, 0x8f, 0x40,
    0x3f, 0x88, 0xf4, 0x3, 0xf8, 0x8f, 0x40, 0x3f,
    0x88, 0xf4, 0x3, 0xf8, 0x8f, 0x40, 0x3f, 0x88,
    0xf4, 0x3, 0xf8, 0x8f, 0x40, 0x3f, 0x87, 0xf7,
    0x6, 0xf7, 0x3f, 0xfa, 0xff, 0x30, 0x5d, 0xfd,
    0x50,

    /* U+00DC "Ü" */
    0x0, 0x0, 0x0, 0x1, 0xfa, 0xa, 0xf1, 0xd,
    0x80, 0x8d, 0x0, 0x0, 0x0, 0x0, 0x8f, 0x40,
    0x3f, 0x88, 0xf4, 0x3, 0xf8, 0x8f, 0x40, 0x3f,
    0x88, 0xf4, 0x3, 0xf8, 0x8f, 0x40, 0x3f, 0x88,
    0xf4, 0x3, 0xf8, 0x8f, 0x40, 0x3f, 0x87, 0xf7,
    0x6, 0xf7, 0x3f, 0xfa, 0xff, 0x30, 0x5d, 0xfd,
    0x50,

    /* U+00DD "Ý" */
    0x0, 0xa, 0xf3, 0x0, 0x3, 0xf6, 0x0, 0x0,
    0x46, 0x0, 0xa, 0xf7, 0x6, 0xfa, 0x3f, 0xc0,
    0xbf, 0x30, 0xdf, 0x3f, 0xd0, 0x6, 0xfd, 0xf6,
    0x0, 0xf, 0xff, 0x0, 0x0, 0x9f, 0x90, 0x0,
    0x6, 0xf6, 0x0, 0x0, 0x6f, 0x60, 0x0, 0x6,
    0xf6, 0x0, 0x0, 0x6f, 0x60, 0x0,

    /* U+00DE "Þ" */
    0x4f, 0x70, 0x0, 0x4, 0xf7, 0x0, 0x0, 0x4f,
    0xff, 0xd5, 0x4, 0xfd, 0xcf, 0xf3, 0x4f, 0x70,
    0x7f, 0x74, 0xf7, 0x6, 0xf7, 0x4f, 0xdb, 0xff,
    0x34, 0xff, 0xfd, 0x50, 0x4f, 0x70, 0x0, 0x4,
    0xf7, 0x0, 0x0,

    /* U+00DF "ß" */
    0x5, 0xdf, 0xd4, 0x1, 0xfe, 0x9e, 0xf0, 0x4f,
    0x70, 0x7f, 0x34, 0xf6, 0xb, 0xf0, 0x4f, 0x6b,
    0xf7, 0x4, 0xf6, 0x3b, 0xf3, 0x4f, 0x60, 0x3f,
    0x84, 0xf6, 0x5, 0xf7, 0x4f, 0x69, 0xff, 0x34,
    0xf6, 0xed, 0x60,

    /* U+00E0 "à" */
    0x3, 0xa6, 0x0, 0x0, 0xb, 0xf1, 0x0, 0x0,
    0x1e, 0x80, 0x0, 0x0, 0x0, 0x0, 0x3, 0xbf,
    0xd6, 0x0, 0xde, 0x9e, 0xf2, 0x0, 0x0, 0x6f,
    0x50, 0x9e, 0xed, 0xf6, 0x6f, 0x83, 0x8f, 0x66,
    0xfa, 0x7d, 0xf6, 0xa, 0xfe, 0x9f, 0x60,

    /* U+00E1 "á" */
    0x0, 0x5, 0xa4, 0x0, 0x0, 0xec, 0x0, 0x0,
    0x6f, 0x20, 0x0, 0x0, 0x0, 0x0, 0x3, 0xbf,
    0xd6, 0x0, 0xde, 0x9e, 0xf2, 0x0, 0x0, 0x6f,
    0x50, 0x9e, 0xed, 0xf6, 0x6f, 0x83, 0x8f, 0x66,
    0xfa, 0x7d, 0xf6, 0xa, 0xfe, 0x9f, 0x60,

    /* U+00E2 "â" */
    0x0, 0x57, 0x60, 0x0, 0x3f, 0xbf, 0x40, 0xc,
    0xb0, 0x9e, 0x0, 0x0, 0x0, 0x0, 0x3, 0xbf,
    0xd6, 0x0, 0xde, 0x9e, 0xf2, 0x0, 0x0, 0x6f,
    0x50, 0x9e, 0xed, 0xf6, 0x6f, 0x83, 0x8f, 0x66,
    0xfa, 0x7d, 0xf6, 0xa, 0xfe, 0x9f, 0x60,

    /* U+00E3 "ã" */
    0x3d, 0xd8, 0x33, 0x57, 0x87, 0xcf, 0xf6, 0x0,
    0x0, 0x12, 0x0, 0x3b, 0xfd, 0x60, 0xd, 0xe9,
    0xef, 0x20, 0x0, 0x6, 0xf5, 0x9, 0xee, 0xdf,
    0x66, 0xf8, 0x38, 0xf6, 0x6f, 0xa7, 0xdf, 0x60,
    0xaf, 0xe9, 0xf6,

    /* U+00E4 "ä" */
    0xd, 0x90, 0x7d, 0x10, 0xeb, 0x9, 0xf1, 0x0,
    0x0, 0x0, 0x0, 0x3b, 0xfd, 0x60, 0xd, 0xe9,
    0xef, 0x20, 0x0, 0x6, 0xf5, 0x9, 0xee, 0xdf,
    0x66, 0xf8, 0x38, 0xf6, 0x6f, 0xa7, 0xdf, 0x60,
    0xaf, 0xe9, 0xf6,

    /* U+00E5 "å" */
    0x1, 0xbd, 0xc2, 0x0, 0x6c, 0xa, 0x70, 0x1,
    0xac, 0xa2, 0x0, 0x3b, 0xfd, 0x60, 0xd, 0xe9,
    0xef, 0x20, 0x0, 0x6, 0xf5, 0x9, 0xee, 0xdf,
    0x66, 0xf8, 0x38, 0xf6, 0x6f, 0xa7, 0xdf, 0x60,
    0xaf, 0xe9, 0xf6,

    /* U+00E6 "æ" */
    0x1c, 0xe8, 0xed, 0x26, 0xdb, 0xfb, 0xd9, 0x2,
    0x4f, 0x26, 0xc8, 0xff, 0xfe, 0xed, 0xc8, 0x4f,
    0x20, 0xd, 0xcb, 0xfa, 0xc7, 0x5f, 0xc5, 0xed,
    0x10,

    /* U+00E7 "ç" */
    0x2, 0xbe, 0xd6, 0x0, 0xef, 0x9c, 0xf2, 0x5f,
    0x70, 0x0, 0x7, 0xf4, 0x0, 0x0, 0x5f, 0x70,
    0x0, 0x0, 0xef, 0x9c, 0xf2, 0x2, 0xbe, 0xd6,
    0x0, 0x0, 0xc4, 0x0, 0x0, 0x3f, 0x30, 0x0,
    0x6, 0xe0, 0x0, 0x0, 0x0, 0x0, 0x0,

    /* U+00E8 "è" */
    0x3, 0xa6, 0x0, 0x0, 0xb, 0xf1, 0x0, 0x0,
    0x1e, 0x80, 0x0, 0x0, 0x0, 0x0, 0x3, 0xcf,
    0xd4, 0x1, 0xee, 0x9e, 0xf2, 0x5f, 0x50, 0x4f,
    0x67, 0xfe, 0xee, 0xf8, 0x6f, 0x50, 0x0, 0x1,
    0xee, 0x9c, 0xf3, 0x3, 0xcf, 0xd7, 0x0,

    /* U+00E9 "é" */
    0x0, 0x5, 0xa4, 0x0, 0x0, 0xec, 0x0, 0x0,
    0x6f, 0x20, 0x0, 0x0, 0x0, 0x0, 0x3, 0xcf,
    0xd4, 0x1, 0xee, 0x9e, 0xf2, 0x5f, 0x50, 0x4f,
    0x67, 0xfe, 0xee, 0xf8, 0x6f, 0x50, 0x0, 0x1,
    0xee, 0x9c, 0xf3, 0x3, 0xcf, 0xd7, 0x0,

    /* U+00EA "ê" */
    0x0, 0x57, 0x60, 0x0, 0x3f, 0xbf, 0x40, 0xc,
    0xb0, 0x9e, 0x0, 0x0, 0x0, 0x0, 0x3, 0xcf,
    0xd4, 0x1, 0xee, 0x9e, 0xf2, 0x5f, 0x50, 0x4f,
    0x67, 0xfe, 0xee, 0xf8, 0x6f, 0x50, 0x0, 0x1,
    0xee, 0x9c, 0xf3, 0x3, 0xcf, 0xd7, 0x0,

    /* U+00EB "ë" */
    0xd, 0x90, 0x7d, 0x10, 0xeb, 0x9, 0xf1, 0x0,
    0x0, 0x0, 0x0, 0x3c, 0xfd, 0x40, 0x1e, 0xe9,
    0xef, 0x25, 0xf5, 0x4, 0xf6, 0x7f, 0xee, 0xef,
    0x86, 0xf5, 0x0, 0x0, 0x1e, 0xe9, 0xcf, 0x30,
    0x3c, 0xfd, 0x70,

    /* U+00EC "ì" */
    0xaf, 0x30, 0x0, 0xeb, 0x0, 0x3, 0xa1, 0xb,
    0xff, 0x60, 0x6b, 0xf6, 0x0, 0x4f, 0x60, 0x4,
    0xf6, 0x0, 0x4f, 0x60, 0x6b, 0xfb, 0x6b, 0xff,
    0xfb,

    /* U+00ED "í" */
    0x0, 0xaf, 0x30, 0x2f, 0x80, 0x5, 0x90, 0xb,
    0xff, 0x60, 0x6b, 0xf6, 0x0, 0x4f, 0x60, 0x4,
    0xf6, 0x0, 0x4f, 0x60, 0x6b, 0xfb, 0x6b, 0xff,
    0xfb,

    /* U+00EE "î" */
    0x0, 0x77, 0x40, 0x5, 0xfe, 0xe0, 0xd, 0xb2,
    0xf7, 0x17, 0x10, 0x56, 0xb, 0xff, 0x60, 0x6,
    0xbf, 0x60, 0x0, 0x4f, 0x60, 0x0, 0x4f, 0x60,
    0x0, 0x4f, 0x60, 0x6, 0xbf, 0xb6, 0xb, 0xff,
    0xfb,

    /* U+00EF "ï" */
    0x2e, 0x60, 0xac, 0x2, 0xf8, 0xc, 0xd0, 0x0,
    0x0, 0x0, 0x0, 0xbf, 0xf6, 0x0, 0x6, 0xbf,
    0x60, 0x0, 0x4, 0xf6, 0x0, 0x0, 0x4f, 0x60,
    0x0, 0x4, 0xf6, 0x0, 0x6, 0xbf, 0xb6, 0x0,
    0xbf, 0xff, 0xb0,

    /* U+00F0 "ð" */
    0x2, 0x50, 0x50, 0x0, 0x5f, 0xea, 0x0, 0x0,
    0xad, 0xe0, 0x0, 0x4, 0xd, 0xa0, 0x3, 0xde,
    0xef, 0x11, 0xfe, 0x8e, 0xf5, 0x6f, 0x70, 0x7f,
    0x77, 0xf5, 0x5, 0xf7, 0x5f, 0x70, 0x8f, 0x50,
    0xee, 0x9f, 0xe0, 0x2, 0xcf, 0xc3, 0x0,

    /* U+00F1 "ñ" */
    0x3e, 0xd8, 0x33, 0x57, 0x87, 0xdf, 0xf6, 0x0,
    0x0, 0x22, 0x4, 0xfb, 0xef, 0xa0, 0x4f, 0xe8,
    0xcf, 0x54, 0xf7, 0x4, 0xf7, 0x4f, 0x60, 0x3f,
    0x74, 0xf6, 0x3, 0xf7, 0x4f, 0x60, 0x3f, 0x74,
    0xf6, 0x3, 0xf7,

    /* U+00F2 "ò" */
    0x3, 0xa5, 0x0, 0x0, 0xc, 0xe0, 0x0, 0x0,
    0x2f, 0x70, 0x0, 0x0, 0x0, 0x0, 0x2, 0xcf,
    0xc2, 0x0, 0xee, 0x9e, 0xe0, 0x5f, 0x60, 0x6f,
    0x57, 0xf3, 0x3, 0xf7, 0x5f, 0x60, 0x6f, 0x50,
    0xee, 0x9e, 0xe0, 0x2, 0xcf, 0xc2, 0x0,

    /* U+00F3 "ó" */
    0x0, 0x5, 0xa3, 0x0, 0x0, 0xec, 0x0, 0x0,
    0x7f, 0x20, 0x0, 0x0, 0x0, 0x0, 0x2, 0xcf,
    0xc2, 0x0, 0xee, 0x9e, 0xe0, 0x5f, 0x60, 0x6f,
    0x57, 0xf3, 0x3, 0xf7, 0x5f, 0x60, 0x6f, 0x50,
    0xee, 0x9e, 0xe0, 0x2, 0xcf, 0xc2, 0x0,

    /* U+00F4 "ô" */
    0x0, 0x67, 0x60, 0x0, 0x4f, 0xbf, 0x40, 0xd,
    0xa0, 0xad, 0x0, 0x0, 0x0, 0x0, 0x2, 0xcf,
    0xc2, 0x0, 0xee, 0x9e, 0xe0, 0x5f, 0x60, 0x6f,
    0x57, 0xf3, 0x3, 0xf7, 0x5f, 0x60, 0x6f, 0x50,
    0xee, 0x9e, 0xe0, 0x2, 0xcf, 0xc2, 0x0,

    /* U+00F5 "õ" */
    0x3e, 0xd8, 0x33, 0x57, 0x87, 0xdf, 0xf6, 0x0,
    0x0, 0x22, 0x0, 0x2c, 0xfc, 0x20, 0xe, 0xe9,
    0xee, 0x5, 0xf6, 0x6, 0xf5, 0x7f, 0x30, 0x3f,
    0x75, 0xf6, 0x6, 0xf5, 0xe, 0xe9, 0xee, 0x0,
    0x2c, 0xfc, 0x20,

    /* U+00F6 "ö" */
    0xd, 0x80, 0x8d, 0x1, 0xfa, 0xa, 0xf1, 0x0,
    0x0, 0x0, 0x0, 0x2c, 0xfc, 0x20, 0xe, 0xe9,
    0xee, 0x5, 0xf6, 0x6, 0xf5, 0x7f, 0x30, 0x3f,
    0x75, 0xf6, 0x6, 0xf5, 0xe, 0xe9, 0xee, 0x0,
    0x2c, 0xfc, 0x20,

    /* U+00F7 "÷" */
    0x0, 0x1, 0x0, 0x0, 0x5, 0xf5, 0x0, 0x0,
    0x4e, 0x40, 0x0, 0x0, 0x0, 0x0, 0x9f, 0xff,
    0xff, 0x91, 0x22, 0x22, 0x21, 0x0, 0x1, 0x0,
    0x0, 0x5, 0xf5, 0x0, 0x0, 0x4e, 0x40, 0x0,

    /* U+00F8 "ø" */
    0x0, 0x0, 0x7, 0x20, 0x2c, 0xfc, 0xe1, 0xe,
    0xd8, 0xfe, 0x5, 0xf3, 0x8d, 0xf5, 0x7f, 0x3f,
    0x2f, 0x75, 0xfd, 0x73, 0xf5, 0xe, 0xf8, 0xde,
    0x1, 0xfc, 0xfc, 0x20, 0x26, 0x0, 0x0, 0x0,

    /* U+00F9 "ù" */
    0x3, 0xa5, 0x0, 0x0, 0xc, 0xe0, 0x0, 0x0,
    0x2f, 0x70, 0x0, 0x0, 0x0, 0x0, 0x6f, 0x40,
    0x3f, 0x66, 0xf4, 0x3, 0xf6, 0x6f, 0x40, 0x3f,
    0x66, 0xf4, 0x3, 0xf6, 0x6f, 0x60, 0x5f, 0x62,
    0xfe, 0xae, 0xf2, 0x4, 0xdf, 0xd5, 0x0,

    /* U+00FA "ú" */
    0x0, 0x5, 0xa3, 0x0, 0x0, 0xec, 0x0, 0x0,
    0x7f, 0x20, 0x0, 0x0, 0x0, 0x0, 0x6f, 0x40,
    0x3f, 0x66, 0xf4, 0x3, 0xf6, 0x6f, 0x40, 0x3f,
    0x66, 0xf4, 0x3, 0xf6, 0x6f, 0x60, 0x5f, 0x62,
    0xfe, 0xae, 0xf2, 0x4, 0xdf, 0xd5, 0x0,

    /* U+00FB "û" */
    0x0, 0x67, 0x60, 0x0, 0x4f, 0xbf, 0x40, 0xd,
    0xa0, 0xad, 0x0, 0x0, 0x0, 0x0, 0x6f, 0x40,
    0x3f, 0x66, 0xf4, 0x3, 0xf6, 0x6f, 0x40, 0x3f,
    0x66, 0xf4, 0x3, 0xf6, 0x6f, 0x60, 0x5f, 0x62,
    0xfe, 0xae, 0xf2, 0x4, 0xdf, 0xd5, 0x0,

    /* U+00FC "ü" */
    0xd, 0x80, 0x8d, 0x1, 0xfa, 0xa, 0xf1, 0x0,
    0x0, 0x0, 0x6, 0xf4, 0x3, 0xf6, 0x6f, 0x40,
    0x3f, 0x66, 0xf4, 0x3, 0xf6, 0x6f, 0x40, 0x3f,
    0x66, 0xf6, 0x5, 0xf6, 0x2f, 0xea, 0xef, 0x20,
    0x4d, 0xfd, 0x50,

    /* U+00FD "ý" */
    0x0, 0xa, 0xf3, 0x0, 0x2, 0xf8, 0x0, 0x0,
    0x59, 0x0, 0x8, 0xf5, 0x2, 0xf8, 0x3f, 0x90,
    0x7f, 0x30, 0xee, 0xb, 0xe0, 0x9, 0xf3, 0xfa,
    0x0, 0x4f, 0xbf, 0x50, 0x0, 0xef, 0xf0, 0x0,
    0xa, 0xfb, 0x0, 0x0, 0x6f, 0x70, 0x0, 0xa,
    0xf2, 0x0, 0x0, 0xed, 0x0, 0x0,

    /* U+00FE "þ" */
    0x4f, 0x60, 0x0, 0x4, 0xf6, 0x0, 0x0, 0x4f,
    0x60, 0x0, 0x4, 0xfb, 0xee, 0x70, 0x4f, 0xe7,
    0xcf, 0x34, 0xf6, 0x4, 0xf7, 0x4f, 0x60, 0x3f,
    0x84, 0xf6, 0x4, 0xf7, 0x4f, 0xe7, 0xcf, 0x34,
    0xfb, 0xee, 0x70, 0x4f, 0x60, 0x0, 0x4, 0xf6,
    0x0, 0x0, 0x4f, 0x60, 0x0, 0x0,

    /* U+00FF "ÿ" */
    0xd, 0x80, 0x8d, 0x1, 0xfa, 0xa, 0xf1, 0x0,
    0x0, 0x0, 0x8, 0xf5, 0x2, 0xf8, 0x3f, 0x90,
    0x7f, 0x30, 0xee, 0xb, 0xe0, 0x9, 0xf3, 0xfa,
    0x0, 0x4f, 0xbf, 0x50, 0x0, 0xef, 0xf0, 0x0,
    0xa, 0xfb, 0x0, 0x0, 0x6f, 0x70, 0x0, 0xa,
    0xf2, 0x0, 0x0, 0xed, 0x0, 0x0,

    /* U+0100 "Ā" */
    0x1, 0x11, 0x11, 0x5, 0xff, 0xff, 0xf5, 0x14,
    0x44, 0x44, 0x10, 0x0, 0x0, 0x0, 0x0, 0x8f,
    0x80, 0x0, 0xc, 0xfb, 0x0, 0x0, 0xff, 0xf0,
    0x0, 0x3f, 0xff, 0x30, 0x7, 0xf9, 0xf7, 0x0,
    0xbf, 0x2f, 0xa0, 0xe, 0xc0, 0xee, 0x2, 0xff,
    0xff, 0xf2, 0x6f, 0xca, 0xcf, 0x6a, 0xf2, 0x4,
    0xfa,

    /* U+0101 "ā" */
    0x4f, 0xff, 0xff, 0x61, 0x55, 0x55, 0x52, 0x0,
    0x0, 0x0, 0x0, 0x3b, 0xfd, 0x60, 0xd, 0xe9,
    0xef, 0x20, 0x0, 0x6, 0xf5, 0x9, 0xee, 0xdf,
    0x66, 0xf8, 0x38, 0xf6, 0x6f, 0xa7, 0xdf, 0x60,
    0xaf, 0xe9, 0xf6,

    /* U+0102 "Ă" */
    0x2f, 0x80, 0x8f, 0x20, 0x7d, 0xed, 0x70, 0x0,
    0x0, 0x0, 0x0, 0x8, 0xf8, 0x0, 0x0, 0xcf,
    0xb0, 0x0, 0xf, 0xff, 0x0, 0x3, 0xff, 0xf3,
    0x0, 0x7f, 0x9f, 0x70, 0xb, 0xf2, 0xfa, 0x0,
    0xec, 0xe, 0xe0, 0x2f, 0xff, 0xff, 0x26, 0xfc,
    0xac, 0xf6, 0xaf, 0x20, 0x4f, 0xa0,

    /* U+0103 "ă" */
    0x7, 0x30, 0x27, 0x10, 0xfa, 0x19, 0xf1, 0x5,
    0xdf, 0xd6, 0x0, 0x0, 0x0, 0x0, 0x3, 0xbf,
    0xd6, 0x0, 0xde, 0x9e, 0xf2, 0x0, 0x0, 0x6f,
    0x50, 0x9e, 0xed, 0xf6, 0x6f, 0x83, 0x8f, 0x66,
    0xfa, 0x7d, 0xf6, 0xa, 0xfe, 0x9f, 0x60,

    /* U+0104 "Ą" */
    0x0, 0x8f, 0x80, 0x0, 0xc, 0xfb, 0x0, 0x0,
    0xff, 0xf0, 0x0, 0x3f, 0xff, 0x30, 0x7, 0xf9,
    0xf7, 0x0, 0xbf, 0x2f, 0xa0, 0xe, 0xc0, 0xee,
    0x2, 0xff, 0xff, 0xf2, 0x6f, 0xca, 0xcf, 0x6a,
    0xf2, 0x4, 0xfa, 0x0, 0x3, 0xa8, 0x10, 0x1,
    0xfd, 0x97, 0x0, 0xb, 0xff, 0xb0,

    /* U+0105 "ą" */
    0x3, 0xbf, 0xd6, 0x0, 0xde, 0x9e, 0xf2, 0x0,
    0x0, 0x6f, 0x60, 0x9e, 0xed, 0xf6, 0x6f, 0x83,
    0x8f, 0x66, 0xfa, 0x7d, 0xf6, 0xa, 0xfe, 0x9f,
    0x50, 0x0, 0x8b, 0x40, 0x0, 0x7f, 0xb9, 0x30,
    0x3, 0xdf, 0xf6,

    /* U+0106 "Ć" */
    0x0, 0x3, 0x62, 0x0, 0x0, 0xdd, 0x0, 0x0,
    0x7f, 0x20, 0x0, 0x0, 0x0, 0x0, 0x4, 0xdf,
    0xd4, 0x1, 0xfe, 0x9e, 0xf1, 0x5f, 0x70, 0x4a,
    0x26, 0xf5, 0x0, 0x0, 0x6f, 0x50, 0x0, 0x6,
    0xf5, 0x0, 0x0, 0x6f, 0x50, 0x0, 0x5, 0xf7,
    0x4, 0xa2, 0x1f, 0xe9, 0xef, 0x10, 0x4d, 0xfd,
    0x40,

    /* U+0107 "ć" */
    0x0, 0x4, 0xa5, 0x0, 0x0, 0xdd, 0x0, 0x0,
    0x5f, 0x30, 0x0, 0x0, 0x0, 0x0, 0x2, 0xbe,
    0xd6, 0x0, 0xef, 0x9c, 0xf2, 0x5f, 0x70, 0x0,
    0x7, 0xf4, 0x0, 0x0, 0x5f, 0x70, 0x0, 0x0,
    0xef, 0x9c, 0xf2, 0x2, 0xbe, 0xd6, 0x0,

    /* U+010A "Ċ" */
    0x0, 0x0, 0x0, 0x0, 0x5, 0xf5, 0x0, 0x0,
    0x4e, 0x40, 0x0, 0x0, 0x0, 0x0, 0x4, 0xdf,
    0xd4, 0x1, 0xfe, 0x9e, 0xf1, 0x5f, 0x70, 0x4a,
    0x26, 0xf5, 0x0, 0x0, 0x6f, 0x50, 0x0, 0x6,
    0xf5, 0x0, 0x0, 0x6f, 0x50, 0x0, 0x5, 0xf7,
    0x4, 0xa2, 0x1f, 0xe9, 0xef, 0x10, 0x4d, 0xfd,
    0x40,

    /* U+010B "ċ" */
    0x0, 0x2e, 0x60, 0x0, 0x3, 0xf7, 0x0, 0x0,
    0x0, 0x0, 0x0, 0x2b, 0xed, 0x60, 0xe, 0xf9,
    0xcf, 0x25, 0xf7, 0x0, 0x0, 0x7f, 0x40, 0x0,
    0x5, 0xf7, 0x0, 0x0, 0xe, 0xf9, 0xcf, 0x20,
    0x2b, 0xed, 0x60,

    /* U+010C "Č" */
    0x7, 0x30, 0x37, 0x0, 0x9f, 0x4e, 0x80, 0x0,
    0xef, 0xe0, 0x0, 0x0, 0x0, 0x0, 0x4, 0xdf,
    0xd4, 0x1, 0xfe, 0x9e, 0xf1, 0x5f, 0x70, 0x4a,
    0x26, 0xf5, 0x0, 0x0, 0x6f, 0x50, 0x0, 0x6,
    0xf5, 0x0, 0x0, 0x6f, 0x50, 0x0, 0x5, 0xf7,
    0x4, 0xa2, 0x1f, 0xe9, 0xef, 0x10, 0x4d, 0xfd,
    0x40,

    /* U+010D "č" */
    0x7, 0x40, 0x27, 0x10, 0x6f, 0x4d, 0xb0, 0x0,
    0xcf, 0xf2, 0x0, 0x0, 0x0, 0x0, 0x2, 0xbe,
    0xd6, 0x0, 0xef, 0x9c, 0xf2, 0x5f, 0x70, 0x0,
    0x7, 0xf4, 0x0, 0x0, 0x5f, 0x70, 0x0, 0x0,
    0xef, 0x9c, 0xf2, 0x2, 0xbe, 0xd6, 0x0,

    /* U+010E "Ď" */
    0x1d, 0xa1, 0xda, 0x0, 0x3f, 0xfd, 0x0, 0x0,
    0x0, 0x0, 0x4, 0xff, 0xfd, 0x50, 0x4f, 0xdb,
    0xff, 0x14, 0xf7, 0x9, 0xf5, 0x4f, 0x70, 0x6f,
    0x64, 0xf7, 0x6, 0xf6, 0x4f, 0x70, 0x6f, 0x64,
    0xf7, 0x6, 0xf6, 0x4f, 0x70, 0x9f, 0x54, 0xfd,
    0xbf, 0xf1, 0x4f, 0xff, 0xd5, 0x0,

    /* U+010F "ď" */
    0x0, 0x0, 0x0, 0x0, 0x0, 0x0, 0xdd, 0xcc,
    0x0, 0x0, 0xdd, 0xe9, 0x0, 0x0, 0xdd, 0xf5,
    0x1c, 0xfb, 0xee, 0xc1, 0xaf, 0x8b, 0xfd, 0x0,
    0xec, 0x0, 0xed, 0x0, 0xfb, 0x0, 0xdd, 0x0,
    0xec, 0x0, 0xed, 0x0, 0xaf, 0x8a, 0xfd, 0x0,
    0x1c, 0xfb, 0xed, 0x0,

    /* U+0110 "Đ" */
    0x4f, 0xff, 0xd5, 0x4, 0xfd, 0xbf, 0xf1, 0x4f,
    0x70, 0x9f, 0x54, 0xf7, 0x6, 0xf6, 0xdf, 0xff,
    0x6f, 0x6a, 0xfc, 0x96, 0xf6, 0x4f, 0x70, 0x6f,
    0x64, 0xf7, 0x9, 0xf5, 0x4f, 0xdb, 0xff, 0x14,
    0xff, 0xfd, 0x50,

    /* U+0111 "đ" */
    0x1, 0x11, 0x7f, 0x50, 0xaf, 0xff, 0xff, 0x3,
    0x44, 0x9f, 0x70, 0x7e, 0xeb, 0xf4, 0x3f, 0xc7,
    0xef, 0x47, 0xf4, 0x6, 0xf4, 0x8f, 0x20, 0x6f,
    0x47, 0xf4, 0x6, 0xf4, 0x3f, 0xc7, 0xef, 0x40,
    0x7e, 0xeb, 0xf4,

    /* U+0112 "Ē" */
    0x1, 0x11, 0x11, 0x5, 0xff, 0xff, 0xf5, 0x14,
    0x44, 0x44, 0x10, 0x0, 0x0, 0x0, 0xf, 0xff,
    0xff, 0x10, 0xfe, 0xaa, 0xa1, 0xf, 0xb0, 0x0,
    0x0, 0xfb, 0x0, 0x0, 0xf, 0xff, 0xfc, 0x0,
    0xfe, 0x99, 0x70, 0xf, 0xb0, 0x0, 0x0, 0xfb,
    0x0, 0x0, 0xf, 0xea, 0xaa, 0x10, 0xff, 0xff,
    0xf1,

    /* U+0113 "ē" */
    0x4f, 0xff, 0xff, 0x61, 0x55, 0x55, 0x52, 0x0,
    0x0, 0x0, 0x0, 0x3c, 0xfd, 0x40, 0x1e, 0xe9,
    0xef, 0x25, 0xf5, 0x4, 0xf6, 0x7f, 0xee, 0xef,
    0x86, 0xf5, 0x0, 0x0, 0x1e, 0xe9, 0xcf, 0x30,
    0x3c, 0xfd, 0x70,

    /* U+0116 "Ė" */
    0x0, 0x0, 0x0, 0x0, 0x5, 0xf5, 0x0, 0x0,
    0x4e, 0x40, 0x0, 0x0, 0x0, 0x0, 0xf, 0xff,
    0xff, 0x10, 0xfe, 0xaa, 0xa1, 0xf, 0xb0, 0x0,
    0x0, 0xfb, 0x0, 0x0, 0xf, 0xff, 0xfc, 0x0,
    0xfe, 0x99, 0x70, 0xf, 0xb0, 0x0, 0x0, 0xfb,
    0x0, 0x0, 0xf, 0xea, 0xaa, 0x10, 0xff, 0xff,
    0xf1,

    /* U+0117 "ė" */
    0x0, 0x3e, 0x50, 0x0, 0x4, 0xf6, 0x0, 0x0,
    0x0, 0x0, 0x0, 0x3c, 0xfd, 0x40, 0x1e, 0xe9,
    0xef, 0x25, 0xf5, 0x4, 0xf6, 0x7f, 0xee, 0xef,
    0x86, 0xf5, 0x0, 0x0, 0x1e, 0xe9, 0xcf, 0x30,
    0x3c, 0xfd, 0x70,

    /* U+0118 "Ę" */
    0xf, 0xff, 0xff, 0x10, 0xfe, 0xaa, 0xa1, 0xf,
    0xb0, 0x0, 0x0, 0xfb, 0x0, 0x0, 0xf, 0xff,
    0xfc, 0x0, 0xfe, 0x99, 0x70, 0xf, 0xb0, 0x0,
    0x0, 0xfb, 0x0, 0x0, 0xf, 0xea, 0xaa, 0x10,
    0xff, 0xff, 0xf1, 0x0, 0x18, 0x94, 0x0, 0xc,
    0xfa, 0x90, 0x0, 0x7f, 0xff, 0x10,

    /* U+0119 "ę" */
    0x3, 0xcf, 0xd4, 0x1, 0xee, 0x9e, 0xf2, 0x5f,
    0x50, 0x4f, 0x67, 0xfe, 0xee, 0xf8, 0x5f, 0x50,
    0x0, 0x0, 0xee, 0x9c, 0xf3, 0x2, 0xaf, 0xf6,
    0x0, 0x2b, 0x91, 0x0, 0xc, 0xfa, 0x91, 0x0,
    0x7e, 0xff, 0x10,

    /* U+011A "Ě" */
    0xc, 0xb1, 0xbc, 0x0, 0x1e, 0xfe, 0x10, 0x0,
    0x0, 0x0, 0x0, 0xff, 0xff, 0xf1, 0xf, 0xea,
    0xaa, 0x10, 0xfb, 0x0, 0x0, 0xf, 0xb0, 0x0,
    0x0, 0xff, 0xff, 0xc0, 0xf, 0xe9, 0x97, 0x0,
    0xfb, 0x0, 0x0, 0xf, 0xb0, 0x0, 0x0, 0xfe,
    0xaa, 0xa1, 0xf, 0xff, 0xff, 0x10,

    /* U+011B "ě" */
    0x7, 0x40, 0x37, 0x0, 0x8f, 0x3e, 0x90, 0x0,
    0xdf, 0xe1, 0x0, 0x0, 0x0, 0x0, 0x3, 0xcf,
    0xd4, 0x1, 0xee, 0x9e, 0xf2, 0x5f, 0x50, 0x4f,
    0x67, 0xfe, 0xee, 0xf8, 0x6f, 0x50, 0x0, 0x1,
    0xee, 0x9c, 0xf3, 0x3, 0xcf, 0xd7, 0x0,

    /* U+011E "Ğ" */
    0x17, 0x20, 0x27, 0x11, 0xf9, 0x9, 0xf1, 0x6,
    0xde, 0xd6, 0x0, 0x0, 0x0, 0x0, 0x4, 0xdf,
    0xd4, 0x1, 0xfe, 0x9e, 0xf1, 0x5f, 0x70, 0x4a,
    0x26, 0xf5, 0x1, 0x10, 0x6f, 0x56, 0xff, 0x26,
    0xf5, 0x2b, 0xf2, 0x6f, 0x50, 0x9f, 0x25, 0xf7,
    0xb, 0xf2, 0x1f, 0xea, 0xff, 0x20, 0x5e, 0xeb,
    0xf2,

    /* U+011F "ğ" */
    0x2f, 0x60, 0x6f, 0x20, 0xea, 0xa, 0xe0, 0x4,
    0xde, 0xd4, 0x0, 0x7e, 0xeb, 0xf4, 0x3f, 0xc7,
    0xef, 0x47, 0xf4, 0x7, 0xf4, 0x8f, 0x20, 0x6f,
    0x47, 0xf4, 0x7, 0xf4, 0x3f, 0xc7, 0xff, 0x40,
    0x7e, 0xeb, 0xf4, 0x2, 0x0, 0x8f, 0x34, 0xfa,
    0x9f, 0xe0, 0x1a, 0xef, 0xb2, 0x0,

    /* U+0120 "Ġ" */
    0x0, 0x0, 0x0, 0x0, 0x5, 0xf5, 0x0, 0x0,
    0x4e, 0x40, 0x0, 0x0, 0x0, 0x0, 0x4, 0xdf,
    0xd4, 0x1, 0xfe, 0x9e, 0xf1, 0x5f, 0x70, 0x4a,
    0x26, 0xf5, 0x1, 0x10, 0x6f, 0x56, 0xff, 0x26,
    0xf5, 0x2b, 0xf2, 0x6f, 0x50, 0x9f, 0x25, 0xf7,
    0xb, 0xf2, 0x1f, 0xea, 0xff, 0x20, 0x5e, 0xeb,
    0xf2,

    /* U+0121 "ġ" */
    0x0, 0x4e, 0x40, 0x0, 0x5, 0xf5, 0x0, 0x0,
    0x0, 0x0, 0x0, 0x7e, 0xeb, 0xf4, 0x3f, 0xc7,
    0xef, 0x47, 0xf4, 0x7, 0xf4, 0x8f, 0x20, 0x6f,
    0x47, 0xf4, 0x7, 0xf4, 0x3f, 0xc7, 0xff, 0x40,
    0x7e, 0xeb, 0xf4, 0x2, 0x0, 0x8f, 0x34, 0xfa,
    0x9f, 0xe0, 0x1a, 0xef, 0xb2, 0x0,

    /* U+0122 "Ģ" */
    0x4, 0xdf, 0xd4, 0x1, 0xfe, 0x9e, 0xf1, 0x5f,
    0x70, 0x4a, 0x26, 0xf5, 0x1, 0x10, 0x6f, 0x56,
    0xff, 0x26, 0xf5, 0x2b, 0xf2, 0x6f, 0x50, 0x9f,
    0x25, 0xf7, 0xb, 0xf2, 0x1f, 0xea, 0xff, 0x20,
    0x5e, 0xeb, 0xf2, 0x0, 0xc, 0x40, 0x0, 0x3,
    0xf3, 0x0, 0x0, 0x6e, 0x0, 0x0, 0x0, 0x0,
    0x0,

    /* U+0123 "ģ" */
    0x0, 0x6, 0x20, 0x0, 0x1, 0xf8, 0x0, 0x0,
    0x3f, 0x30, 0x0, 0x5, 0xe0, 0x0, 0x0, 0x14,
    0x0, 0x0, 0x7e, 0xeb, 0xf4, 0x3f, 0xc7, 0xef,
    0x47, 0xf4, 0x7, 0xf4, 0x8f, 0x20, 0x6f, 0x47,
    0xf4, 0x7, 0xf4, 0x3f, 0xc7, 0xff, 0x40, 0x7e,
    0xeb, 0xf4, 0x2, 0x0, 0x8f, 0x34, 0xfa, 0x9f,
    0xe0, 0x1a, 0xef, 0xb2, 0x0,

    /* U+0126 "Ħ" */
    0x5f, 0x81, 0x8f, 0x5f, 0xff, 0xff, 0xff, 0x7f,
    0xa4, 0xaf, 0x74, 0xf8, 0x8, 0xf4, 0x4f, 0xff,
    0xff, 0x44, 0xfd, 0xad, 0xf4, 0x4f, 0x80, 0x8f,
    0x44, 0xf8, 0x8, 0xf4, 0x4f, 0x80, 0x8f, 0x44,
    0xf8, 0x8, 0xf4,

    /* U+0127 "ħ" */
    0x5f, 0x71, 0x11, 0xf, 0xff, 0xff, 0xa0, 0x7f,
    0x94, 0x43, 0x4, 0xfb, 0xdf, 0xa0, 0x4f, 0xe8,
    0xcf, 0x54, 0xf7, 0x4, 0xf7, 0x4f, 0x60, 0x3f,
    0x74, 0xf6, 0x3, 0xf7, 0x4f, 0x60, 0x3f, 0x74,
    0xf6, 0x3, 0xf7,

    /* U+0128 "Ĩ" */
    0x0, 0x0, 0x0, 0x4, 0xee, 0x93, 0x35, 0x76,
    0x6c, 0xff, 0x50, 0x0, 0x1, 0x20, 0xd, 0xff,
    0xfd, 0x0, 0x9c, 0xfc, 0x90, 0x0, 0x6f, 0x60,
    0x0, 0x6, 0xf6, 0x0, 0x0, 0x6f, 0x60, 0x0,
    0x6, 0xf6, 0x0, 0x0, 0x6f, 0x60, 0x0, 0x6,
    0xf6, 0x0, 0x9, 0xcf, 0xc9, 0x0, 0xdf, 0xff,
    0xd0,

    /* U+0129 "ĩ" */
    0x3e, 0xd8, 0x33, 0x57, 0x87, 0xdf, 0xf6, 0x0,
    0x0, 0x22, 0x0, 0xbf, 0xf6, 0x0, 0x6, 0xbf,
    0x60, 0x0, 0x4, 0xf6, 0x0, 0x0, 0x4f, 0x60,
    0x0, 0x4, 0xf6, 0x0, 0x6, 0xbf, 0xb6, 0x0,
    0xbf, 0xff, 0xb0,

    /* U+012A "Ī" */
    0x1, 0x11, 0x11, 0x5, 0xff, 0xff, 0xf5, 0x14,
    0x44, 0x44, 0x10, 0x0, 0x0, 0x0, 0xd, 0xff,
    0xfd, 0x0, 0x9c, 0xfc, 0x90, 0x0, 0x6f, 0x60,
    0x0, 0x6, 0xf6, 0x0, 0x0, 0x6f, 0x60, 0x0,
    0x6, 0xf6, 0x0, 0x0, 0x6f, 0x60, 0x0, 0x6,
    0xf6, 0x0, 0x9, 0xcf, 0xc9, 0x0, 0xdf, 0xff,
    0xd0,

    /* U+012B "ī" */
    0x5f, 0xff, 0xff, 0x52, 0x55, 0x55, 0x51, 0x0,
    0x0, 0x0, 0x0, 0xbf, 0xf6, 0x0, 0x6, 0xbf,
    0x60, 0x0, 0x4, 0xf6, 0x0, 0x0, 0x4f, 0x60,
    0x0, 0x4, 0xf6, 0x0, 0x6, 0xbf, 0xb6, 0x0,
    0xbf, 0xff, 0xb0,

    /* U+012C "Ĭ" */
    0x2f, 0x80, 0x8f, 0x20, 0x7d, 0xed, 0x70, 0x0,
    0x0, 0x0, 0x0, 0xdf, 0xff, 0xd0, 0x9, 0xcf,
    0xc9, 0x0, 0x6, 0xf6, 0x0, 0x0, 0x6f, 0x60,
    0x0, 0x6, 0xf6, 0x0, 0x0, 0x6f, 0x60, 0x0,
    0x6, 0xf6, 0x0, 0x0, 0x6f, 0x60, 0x0, 0x9c,
    0xfc, 0x90, 0xd, 0xff, 0xfd, 0x0,

    /* U+012D "ĭ" */
    0x17, 0x20, 0x37, 0x11, 0xf6, 0x6, 0xf1, 0xd,
    0xb0, 0xbd, 0x0, 0x3c, 0xec, 0x30, 0xb, 0xff,
    0x60, 0x0, 0x6b, 0xf6, 0x0, 0x0, 0x4f, 0x60,
    0x0, 0x4, 0xf6, 0x0, 0x0, 0x4f, 0x60, 0x0,
    0x6b, 0xfb, 0x60, 0xb, 0xff, 0xfb, 0x0,

    /* U+012E "Į" */
    0xdf, 0xff, 0xd9, 0xcf, 0xc9, 0x6, 0xf6, 0x0,
    0x6f, 0x60, 0x6, 0xf6, 0x0, 0x6f, 0x60, 0x6,
    0xf6, 0x0, 0x6f, 0x60, 0x9c, 0xfc, 0x9d, 0xff,
    0xfd, 0x5, 0xa6, 0x5, 0xfb, 0x94, 0x2d, 0xff,
    0x70,

    /* U+012F "į" */
    0x4, 0xe4, 0x0, 0x5f, 0x50, 0x0, 0x0, 0xb,
    0xff, 0x60, 0x6b, 0xf6, 0x0, 0x4f, 0x60, 0x4,
    0xf6, 0x0, 0x4f, 0x60, 0x6b, 0xfb, 0x6b, 0xff,
    0xfb, 0x5, 0xa6, 0x5, 0xfb, 0x94, 0x2d, 0xff,
    0x70,

    /* U+0130 "İ" */
    0x0, 0x0, 0x0, 0x5f, 0x50, 0x4, 0xe4, 0x0,
    0x0, 0x0, 0xdf, 0xff, 0xd9, 0xcf, 0xc9, 0x6,
    0xf6, 0x0, 0x6f, 0x60, 0x6, 0xf6, 0x0, 0x6f,
    0x60, 0x6, 0xf6, 0x0, 0x6f, 0x60, 0x9c, 0xfc,
    0x9d, 0xff, 0xfd,

    /* U+0131 "ı" */
    0xbf, 0xf6, 0x6, 0xbf, 0x60, 0x4, 0xf6, 0x0,
    0x4f, 0x60, 0x4, 0xf6, 0x6, 0xbf, 0xb6, 0xbf,
    0xff, 0xb0,

    /* U+0132 "Ĳ" */
    0xbf, 0x12, 0xff, 0xbb, 0xf1, 0x1a, 0xfb, 0xbf,
    0x10, 0x1f, 0xbb, 0xf1, 0x1, 0xfb, 0xbf, 0x10,
    0x1f, 0xbb, 0xf1, 0x1, 0xfb, 0xbf, 0x10, 0x2f,
    0xbb, 0xf1, 0x5, 0xf9, 0xbf, 0x5b, 0xff, 0x4b,
    0xf7, 0xfd, 0x60,

    /* U+0133 "ĳ" */
    0x6d, 0x10, 0x2e, 0x68, 0xf2, 0x2, 0xf8, 0x0,
    0x0, 0x0, 0x7, 0xf3, 0x2f, 0xf8, 0x7f, 0x31,
    0xaf, 0x87, 0xf3, 0x2, 0xf8, 0x7f, 0x30, 0x2f,
    0x87, 0xf3, 0x2, 0xf8, 0x7f, 0x30, 0x2f, 0x87,
    0xf3, 0x2, 0xf8, 0x0, 0x0, 0x3f, 0x80, 0x6,
    0xad, 0xf5, 0x0, 0xaf, 0xfa, 0x0,

    /* U+0136 "Ķ" */
    0x4f, 0x70, 0x9f, 0x34, 0xf7, 0x1f, 0xb0, 0x4f,
    0x79, 0xf2, 0x4, 0xf9, 0xfa, 0x0, 0x4f, 0xff,
    0x20, 0x4, 0xfe, 0xf7, 0x0, 0x4f, 0x8e, 0xe0,
    0x4, 0xf7, 0x7f, 0x60, 0x4f, 0x71, 0xfe, 0x4,
    0xf7, 0x8, 0xf6, 0x0, 0x29, 0x20, 0x0, 0x5,
    0xf1, 0x0, 0x0, 0x8c, 0x0, 0x0, 0x0, 0x20,
    0x0,

    /* U+0137 "ķ" */
    0x4f, 0x60, 0x0, 0x4, 0xf6, 0x0, 0x0, 0x4f,
    0x60, 0x0, 0x4, 0xf6, 0x1e, 0xc0, 0x4f, 0x6a,
    0xf2, 0x4, 0xfb, 0xf6, 0x0, 0x4f, 0xff, 0x40,
    0x4, 0xf8, 0xfd, 0x0, 0x4f, 0x68, 0xf7, 0x4,
    0xf6, 0xe, 0xf2, 0x0, 0x39, 0x10, 0x0, 0x7,
    0xf0, 0x0, 0x0, 0xaa, 0x0, 0x0, 0x1, 0x10,
    0x0,

    /* U+0139 "Ĺ" */
    0x1, 0xfc, 0x0, 0x0, 0x9e, 0x10, 0x0, 0x6,
    0x30, 0x0, 0x4, 0xf7, 0x0, 0x0, 0x4f, 0x70,
    0x0, 0x4, 0xf7, 0x0, 0x0, 0x4f, 0x70, 0x0,
    0x4, 0xf7, 0x0, 0x0, 0x4f, 0x70, 0x0, 0x4,
    0xf7, 0x0, 0x0, 0x4f, 0x70, 0x0, 0x4, 0xfd,
    0xaa, 0xa3, 0x4f, 0xff, 0xff, 0x40,

    /* U+013A "ĺ" */
    0x0, 0x6f, 0x70, 0xe, 0xb0, 0x2, 0x61, 0x7,
    0xff, 0xb0, 0x49, 0xfb, 0x0, 0xf, 0xb0, 0x0,
    0xfb, 0x0, 0xf, 0xb0, 0x0, 0xfb, 0x0, 0xf,
    0xb0, 0x0, 0xfb, 0x0, 0xf, 0xb0, 0x0, 0xfb,
    0x0,

    /* U+013B "Ļ" */
    0x4f, 0x70, 0x0, 0x4, 0xf7, 0x0, 0x0, 0x4f,
    0x70, 0x0, 0x4, 0xf7, 0x0, 0x0, 0x4f, 0x70,
    0x0, 0x4, 0xf7, 0x0, 0x0, 0x4f, 0x70, 0x0,
    0x4, 0xf7, 0x0, 0x0, 0x4f, 0xda, 0xaa, 0x34,
    0xff, 0xff, 0xf4, 0x0, 0xa, 0x30, 0x0, 0x3,
    0xf3, 0x0, 0x0, 0x6e, 0x0, 0x0, 0x0, 0x20,
    0x0,

    /* U+013C "ļ" */
    0x7f, 0xfb, 0x49, 0xfb, 0x0, 0xfb, 0x0, 0xfb,
    0x0, 0xfb, 0x0, 0xfb, 0x0, 0xfb, 0x0, 0xfb,
    0x0, 0xfb, 0x0, 0xfb, 0x0, 0xa3, 0x2, 0xf4,
    0x5, 0xf0, 0x0, 0x20,

    /* U+013D "Ľ" */
    0x0, 0x0, 0x0, 0x4, 0xf7, 0x5, 0xf3, 0x4f,
    0x70, 0x7f, 0x4, 0xf7, 0x9, 0xb0, 0x4f, 0x70,
    0x76, 0x4, 0xf7, 0x0, 0x0, 0x4f, 0x70, 0x0,
    0x4, 0xf7, 0x0, 0x0, 0x4f, 0x70, 0x0, 0x4,
    0xfd, 0xaa, 0xa3, 0x4f, 0xff, 0xff, 0x40,

    /* U+013E "ľ" */
    0x0, 0x0, 0x0, 0xef, 0xf6, 0xf7, 0x8b, 0xf8,
    0xf4, 0x6, 0xfa, 0xf0, 0x6, 0xf9, 0x90, 0x6,
    0xf4, 0x0, 0x6, 0xf4, 0x0, 0x6, 0xf4, 0x0,
    0x6, 0xf4, 0x0, 0x6, 0xf4, 0x0, 0x6, 0xf4,
    0x0,

    /* U+0141 "Ł" */
    0x4f, 0x70, 0x0, 0x4, 0xf7, 0x0, 0x0, 0x4f,
    0x70, 0x40, 0x4, 0xf9, 0xcd, 0x0, 0x4f, 0xfd,
    0x30, 0xc, 0xfa, 0x0, 0x0, 0xef, 0x70, 0x0,
    0x4, 0xf7, 0x0, 0x0, 0x4f, 0xda, 0xaa, 0x34,
    0xff, 0xff, 0xf4,

    /* U+0142 "ł" */
    0x7f, 0xfb, 0x0, 0x49, 0xfb, 0x0, 0x0, 0xfb,
    0x11, 0x0, 0xfe, 0xe2, 0x1, 0xff, 0xa0, 0x5e,
    0xfb, 0x0, 0xa9, 0xfb, 0x0, 0x10, 0xfb, 0x0,
    0x0, 0xfb, 0x0, 0x0, 0xfb, 0x0,

    /* U+0143 "Ń" */
    0x0, 0xa, 0xf3, 0x0, 0x3, 0xf6, 0x0, 0x0,
    0x46, 0x0, 0x4, 0xfe, 0x4, 0xf4, 0x4f, 0xf4,
    0x4f, 0x44, 0xff, 0xa4, 0xf4, 0x4f, 0xff, 0x5f,
    0x44, 0xfd, 0xfa, 0xf4, 0x4f, 0x7f, 0xff, 0x44,
    0xf4, 0xcf, 0xf4, 0x4f, 0x46, 0xff, 0x44, 0xf4,
    0xf, 0xf4, 0x4f, 0x40, 0x9f, 0x40,

    /* U+0144 "ń" */
    0x0, 0xa, 0xf3, 0x0, 0x2, 0xf8, 0x0, 0x0,
    0x59, 0x0, 0x4, 0xfb, 0xef, 0xa0, 0x4f, 0xe8,
    0xcf, 0x54, 0xf7, 0x4, 0xf7, 0x4f, 0x60, 0x3f,
    0x74, 0xf6, 0x3, 0xf7, 0x4f, 0x60, 0x3f, 0x74,
    0xf6, 0x3, 0xf7,

    /* U+0145 "Ņ" */
    0x4f, 0xe0, 0x4f, 0x44, 0xff, 0x44, 0xf4, 0x4f,
    0xfa, 0x4f, 0x44, 0xff, 0xf5, 0xf4, 0x4f, 0xdf,
    0xaf, 0x44, 0xf7, 0xff, 0xf4, 0x4f, 0x4c, 0xff,
    0x44, 0xf4, 0x6f, 0xf4, 0x4f, 0x40, 0xff, 0x44,
    0xf4, 0x9, 0xf4, 0x0, 0x1a, 0x20, 0x0, 0x4,
    0xf2, 0x0, 0x0, 0x7d, 0x0, 0x0, 0x0, 0x20,
    0x0,

    /* U+0146 "ņ" */
    0x4f, 0xbe, 0xfa, 0x4, 0xfe, 0x8c, 0xf5, 0x4f,
    0x70, 0x4f, 0x74, 0xf6, 0x3, 0xf7, 0x4f, 0x60,
    0x3f, 0x74, 0xf6, 0x3, 0xf7, 0x4f, 0x60, 0x3f,
    0x70, 0x2, 0x91, 0x0, 0x0, 0x5f, 0x10, 0x0,
    0x8, 0xc0, 0x0, 0x0, 0x2, 0x0, 0x0,

    /* U+0147 "Ň" */
    0xc, 0xb1, 0xbc, 0x0, 0x1e, 0xfe, 0x10, 0x0,
    0x0, 0x0, 0x4, 0xfe, 0x4, 0xf4, 0x4f, 0xf4,
    0x4f, 0x44, 0xff, 0xa4, 0xf4, 0x4f, 0xff, 0x5f,
    0x44, 0xfd, 0xfa, 0xf4, 0x4f, 0x7f, 0xff, 0x44,
    0xf4, 0xcf, 0xf4, 0x4f, 0x46, 0xff, 0x44, 0xf4,
    0xf, 0xf4, 0x4f, 0x40, 0x9f, 0x40,

    /* U+0148 "ň" */
    0x7, 0x30, 0x37, 0x0, 0xae, 0x1d, 0xa0, 0x2,
    0xfe, 0xf2, 0x0, 0x6, 0x76, 0x0, 0x4f, 0xbe,
    0xfa, 0x4, 0xfe, 0x8c, 0xf5, 0x4f, 0x70, 0x4f,
    0x74, 0xf6, 0x3, 0xf7, 0x4f, 0x60, 0x3f, 0x74,
    0xf6, 0x3, 0xf7, 0x4f, 0x60, 0x3f, 0x70,

    /* U+014A "Ŋ" */
    0x4f, 0xbd, 0xf9, 0x4, 0xff, 0x9d, 0xf2, 0x4f,
    0x90, 0x8f, 0x44, 0xf8, 0x8, 0xf4, 0x4f, 0x80,
    0x8f, 0x44, 0xf8, 0x8, 0xf4, 0x4f, 0x80, 0x8f,
    0x44, 0xf8, 0x8, 0xf4, 0x4f, 0x80, 0x8f, 0x44,
    0xf8, 0x8, 0xf4, 0x0, 0x0, 0x9f, 0x30, 0x0,
    0xaf, 0xf1, 0x0, 0xf, 0xf7, 0x0,

    /* U+014B "ŋ" */
    0x4f, 0xbe, 0xfa, 0x4, 0xfe, 0x8c, 0xf5, 0x4f,
    0x70, 0x4f, 0x74, 0xf6, 0x3, 0xf7, 0x4f, 0x60,
    0x3f, 0x74, 0xf6, 0x3, 0xf7, 0x4f, 0x60, 0x3f,
    0x70, 0x0, 0x4, 0xf7, 0x0, 0x7a, 0xdf, 0x40,
    0xb, 0xff, 0xa0,

    /* U+014C "Ō" */
    0x1, 0x11, 0x11, 0x5, 0xff, 0xff, 0xf5, 0x14,
    0x44, 0x44, 0x10, 0x0, 0x0, 0x0, 0x4, 0xdf,
    0xd4, 0x1, 0xfe, 0xae, 0xf1, 0x5f, 0x70, 0x7f,
    0x56, 0xf5, 0x5, 0xf6, 0x6f, 0x50, 0x5f, 0x66,
    0xf5, 0x5, 0xf6, 0x6f, 0x50, 0x5f, 0x65, 0xf7,
    0x7, 0xf5, 0x1f, 0xe9, 0xef, 0x10, 0x4d, 0xfd,
    0x40,

    /* U+014D "ō" */
    0x5f, 0xff, 0xff, 0x52, 0x55, 0x55, 0x51, 0x0,
    0x0, 0x0, 0x0, 0x2c, 0xfc, 0x20, 0xe, 0xe9,
    0xee, 0x5, 0xf6, 0x6, 0xf5, 0x7f, 0x30, 0x3f,
    0x75, 0xf6, 0x6, 0xf5, 0xe, 0xe9, 0xee, 0x0,
    0x2c, 0xfc, 0x20,

    /* U+0150 "Ő" */
    0x0, 0x65, 0x6, 0x60, 0x6, 0xf5, 0x5f, 0x60,
    0x1e, 0x90, 0xea, 0x0, 0x0, 0x0, 0x0, 0x0,
    0x4, 0xdf, 0xd4, 0x0, 0x1f, 0xea, 0xef, 0x10,
    0x5f, 0x70, 0x7f, 0x50, 0x6f, 0x50, 0x5f, 0x60,
    0x6f, 0x50, 0x5f, 0x60, 0x6f, 0x50, 0x5f, 0x60,
    0x6f, 0x50, 0x5f, 0x60, 0x5f, 0x70, 0x7f, 0x50,
    0x1f, 0xe9, 0xef, 0x10, 0x4, 0xdf, 0xd4, 0x0,

    /* U+0151 "ő" */
    0x1, 0xa8, 0xa, 0x90, 0x8, 0xf3, 0x6f, 0x40,
    0x1f, 0x80, 0xe9, 0x0, 0x0, 0x0, 0x0, 0x0,
    0x2, 0xcf, 0xc2, 0x0, 0xe, 0xe9, 0xee, 0x0,
    0x5f, 0x60, 0x6f, 0x50, 0x7f, 0x30, 0x3f, 0x70,
    0x5f, 0x60, 0x6f, 0x50, 0xe, 0xe9, 0xee, 0x0,
    0x2, 0xcf, 0xc2, 0x0,

    /* U+0152 "Œ" */
    0x9, 0xef, 0xff, 0xd7, 0xfe, 0xef, 0xb9, 0xbf,
    0x2a, 0xf2, 0xc, 0xf0, 0xaf, 0x20, 0xcf, 0xa,
    0xff, 0x9c, 0xf0, 0xaf, 0xa5, 0xcf, 0xa, 0xf2,
    0xb, 0xf2, 0xaf, 0x20, 0x7f, 0xee, 0xfb, 0x90,
    0x9e, 0xff, 0xfd,

    /* U+0153 "œ" */
    0x1c, 0xd5, 0xed, 0x27, 0xd8, 0xf9, 0xc9, 0xa9,
    0x1f, 0x26, 0xcb, 0x80, 0xfe, 0xed, 0xa9, 0x1f,
    0x20, 0x7, 0xe9, 0xfa, 0xc7, 0x1d, 0xd5, 0xed,
    0x10,

    /* U+0154 "Ŕ" */
    0x0, 0xa, 0xf3, 0x0, 0x3, 0xf6, 0x0, 0x0,
    0x46, 0x0, 0x4, 0xff, 0xfd, 0x50, 0x4f, 0xdc,
    0xff, 0x24, 0xf8, 0x7, 0xf6, 0x4f, 0x80, 0x6f,
    0x74, 0xf8, 0x2c, 0xf3, 0x4f, 0xff, 0xf7, 0x4,
    0xfb, 0xfd, 0x0, 0x4f, 0x8a, 0xf6, 0x4, 0xf8,
    0x2f, 0xe0, 0x4f, 0x80, 0x9f, 0x70,

    /* U+0155 "ŕ" */
    0x0, 0x8, 0xf5, 0x0, 0x1, 0xfa, 0x0, 0x0,
    0x4a, 0x10, 0x2, 0xf8, 0xce, 0x90, 0x2f, 0xf8,
    0xbe, 0x22, 0xf9, 0x1, 0x0, 0x2f, 0x70, 0x0,
    0x2, 0xf7, 0x0, 0x0, 0x2f, 0x70, 0x0, 0x2,
    0xf7, 0x0, 0x0,

    /* U+0156 "Ŗ" */
    0x4f, 0xff, 0xd5, 0x4, 0xfd, 0xcf, 0xf2, 0x4f,
    0x80, 0x7f, 0x64, 0xf8, 0x6, 0xf7, 0x4f, 0x82,
    0xcf, 0x34, 0xff, 0xff, 0x70, 0x4f, 0xbf, 0xd0,
    0x4, 0xf8, 0xaf, 0x60, 0x4f, 0x82, 0xfe, 0x4,
    0xf8, 0x9, 0xf7, 0x0, 0x29, 0x20, 0x0, 0x5,
    0xf1, 0x0, 0x0, 0x8c, 0x0, 0x0, 0x0, 0x20,
    0x0,

    /* U+0157 "ŗ" */
    0x2f, 0x8c, 0xe9, 0x2, 0xff, 0x8b, 0xe2, 0x2f,
    0x90, 0x10, 0x2, 0xf7, 0x0, 0x0, 0x2f, 0x70,
    0x0, 0x2, 0xf7, 0x0, 0x0, 0x2f, 0x70, 0x0,
    0x2, 0x92, 0x0, 0x0, 0x5f, 0x10, 0x0, 0x8,
    0xc0, 0x0, 0x0, 0x2, 0x0, 0x0, 0x0,

    /* U+0158 "Ř" */
    0x1d, 0xa1, 0xda, 0x0, 0x3f, 0xfd, 0x0, 0x0,
    0x0, 0x0, 0x4, 0xff, 0xfd, 0x50, 0x4f, 0xdc,
    0xff, 0x24, 0xf8, 0x7, 0xf6, 0x4f, 0x80, 0x6f,
    0x74, 0xf8, 0x2c, 0xf3, 0x4f, 0xff, 0xf7, 0x4,
    0xfb, 0xfd, 0x0, 0x4f, 0x8a, 0xf6, 0x4, 0xf8,
    0x2f, 0xe0, 0x4f, 0x80, 0x9f, 0x70,

    /* U+0159 "ř" */
    0x7, 0x40, 0x27, 0x10, 0x8f, 0x1c, 0xc0, 0x1,
    0xfe, 0xf4, 0x0, 0x5, 0x77, 0x0, 0x2f, 0x8c,
    0xe9, 0x2, 0xff, 0x8b, 0xe2, 0x2f, 0x90, 0x10,
    0x2, 0xf7, 0x0, 0x0, 0x2f, 0x70, 0x0, 0x2,
    0xf7, 0x0, 0x0, 0x2f, 0x70, 0x0, 0x0,

    /* U+015A "Ś" */
    0x0, 0x3, 0x62, 0x0, 0x0, 0xdd, 0x0, 0x0,
    0x7f, 0x20, 0x0, 0x0, 0x0, 0x0, 0x5, 0xdf,
    0xd4, 0x2, 0xfe, 0x9e, 0xe0, 0x5f, 0x70, 0x59,
    0x13, 0xfd, 0x20, 0x0, 0xa, 0xff, 0x80, 0x0,
    0x5, 0xef, 0xb0, 0x0, 0x0, 0xcf, 0x43, 0xb4,
    0x7, 0xf5, 0x1f, 0xe9, 0xef, 0x20, 0x5d, 0xfd,
    0x40,

    /* U+015B "ś" */
    0x0, 0x5, 0xa3, 0x0, 0x0, 0xec, 0x0, 0x0,
    0x7f, 0x20, 0x0, 0x0, 0x0, 0x0, 0x5, 0xdf,
    0xb3, 0x0, 0xfc, 0x4c, 0xb0, 0xd, 0xe5, 0x0,
    0x0, 0x2b, 0xfe, 0x50, 0x0, 0x3, 0xef, 0x0,
    0xee, 0x5c, 0xf0, 0x4, 0xdf, 0xd5, 0x0,

    /* U+015E "Ş" */
    0x5, 0xdf, 0xd4, 0x2, 0xfe, 0x9e, 0xe0, 0x5f,
    0x70, 0x59, 0x13, 0xfd, 0x20, 0x0, 0xa, 0xff,
    0x80, 0x0, 0x5, 0xef, 0xb0, 0x0, 0x0, 0xcf,
    0x43, 0xb4, 0x7, 0xf5, 0x1f, 0xe9, 0xef, 0x20,
    0x5d, 0xfd, 0x40, 0x0, 0x2c, 0x20, 0x0, 0x6,
    0xf0, 0x0, 0x0, 0x8b, 0x0, 0x0, 0x0, 0x0,
    0x0,

    /* U+015F "ş" */
    0x5, 0xdf, 0xb3, 0x0, 0xfc, 0x4c, 0xb0, 0xd,
    0xe5, 0x0, 0x0, 0x2b, 0xfe, 0x50, 0x0, 0x3,
    0xef, 0x0, 0xee, 0x5c, 0xf0, 0x4, 0xdf, 0xd5,
    0x0, 0x3, 0xb2, 0x0, 0x0, 0x6f, 0x0, 0x0,
    0x8, 0xb0, 0x0, 0x0, 0x0, 0x0, 0x0,

    /* U+0160 "Š" */
    0x7, 0x30, 0x37, 0x0, 0x9f, 0x4e, 0x80, 0x0,
    0xef, 0xe0, 0x0, 0x0, 0x0, 0x0, 0x5, 0xdf,
    0xd4, 0x2, 0xfe, 0x9e, 0xe0, 0x5f, 0x70, 0x59,
    0x13, 0xfd, 0x20, 0x0, 0xa, 0xff, 0x80, 0x0,
    0x5, 0xef, 0xb0, 0x0, 0x0, 0xcf, 0x43, 0xb4,
    0x7, 0xf5, 0x1f, 0xe9, 0xef, 0x20, 0x5d, 0xfd,
    0x40,

    /* U+0161 "š" */
    0x7, 0x30, 0x37, 0x0, 0x9e, 0x3e, 0x80, 0x0,
    0xef, 0xe0, 0x0, 0x0, 0x0, 0x0, 0x5, 0xdf,
    0xb3, 0x0, 0xfc, 0x4c, 0xb0, 0xd, 0xe5, 0x0,
    0x0, 0x2b, 0xfe, 0x50, 0x0, 0x3, 0xef, 0x0,
    0xee, 0x5c, 0xf0, 0x4, 0xdf, 0xd5, 0x0,

    /* U+0162 "Ţ" */
    0x9f, 0xff, 0xff, 0x96, 0xac, 0xfc, 0xa6, 0x0,
    0x6f, 0x60, 0x0, 0x6, 0xf6, 0x0, 0x0, 0x6f,
    0x60, 0x0, 0x6, 0xf6, 0x0, 0x0, 0x6f, 0x60,
    0x0, 0x6, 0xf6, 0x0, 0x0, 0x6f, 0x60, 0x0,
    0x6, 0xf6, 0x0, 0x0, 0x49, 0x0, 0x0, 0x8,
    0xe0, 0x0, 0x0, 0xb9, 0x0, 0x0, 0x1, 0x10,
    0x0,

    /* U+0163 "ţ" */
    0x0, 0x67, 0x0, 0x0, 0xc, 0xe0, 0x0, 0x4f,
    0xff, 0xf7, 0x2, 0x7e, 0xf7, 0x30, 0x0, 0xce,
    0x0, 0x0, 0xc, 0xe0, 0x0, 0x0, 0xcf, 0x0,
    0x0, 0xa, 0xfa, 0x90, 0x0, 0x4e, 0xff, 0x0,
    0x0, 0x85, 0x0, 0x0, 0xe, 0x80, 0x0, 0x1,
    0xf3, 0x0, 0x0, 0x2, 0x0, 0x0,

    /* U+0164 "Ť" */
    0xc, 0xb1, 0xbc, 0x0, 0x1e, 0xfe, 0x10, 0x0,
    0x0, 0x0, 0x9, 0xff, 0xff, 0xf9, 0x6a, 0xcf,
    0xca, 0x60, 0x6, 0xf6, 0x0, 0x0, 0x6f, 0x60,
    0x0, 0x6, 0xf6, 0x0, 0x0, 0x6f, 0x60, 0x0,
    0x6, 0xf6, 0x0, 0x0, 0x6f, 0x60, 0x0, 0x6,
    0xf6, 0x0, 0x0, 0x6f, 0x60, 0x0,

    /* U+0165 "ť" */
    0x0, 0x0, 0x9, 0x90, 0x37, 0x10, 0xda, 0x7,
    0xf3, 0xf, 0x5f, 0xff, 0xfc, 0xa1, 0x7b, 0xf9,
    0x50, 0x0, 0x7f, 0x30, 0x0, 0x7, 0xf3, 0x0,
    0x0, 0x7f, 0x30, 0x0, 0x5, 0xfc, 0x93, 0x0,
    0x1d, 0xff, 0x50,

    /* U+0166 "Ŧ" */
    0x9f, 0xff, 0xff, 0x96, 0xac, 0xfc, 0xa6, 0x0,
    0x6f, 0x60, 0x0, 0x6, 0xf6, 0x0, 0x1, 0x7f,
    0x71, 0x5, 0xff, 0xff, 0xf5, 0x14, 0x8f, 0x84,
    0x10, 0x6, 0xf6, 0x0, 0x0, 0x6f, 0x60, 0x0,
    0x6, 0xf6, 0x0,

    /* U+0167 "ŧ" */
    0x0, 0x67, 0x0, 0x0, 0xc, 0xe0, 0x0, 0x4f,
    0xff, 0xf7, 0x2, 0x7e, 0xf7, 0x30, 0x1, 0xcf,
    0x11, 0x9, 0xff, 0xff, 0xf0, 0x24, 0xdf, 0x44,
    0x0, 0xb, 0xfa, 0x90, 0x0, 0x4e, 0xff, 0x0,

    /* U+0168 "Ũ" */
    0x0, 0x0, 0x0, 0x4, 0xee, 0x93, 0x35, 0x76,
    0x6c, 0xff, 0x50, 0x0, 0x1, 0x20, 0x8f, 0x40,
    0x3f, 0x88, 0xf4, 0x3, 0xf8, 0x8f, 0x40, 0x3f,
    0x88, 0xf4, 0x3, 0xf8, 0x8f, 0x40, 0x3f, 0x88,
    0xf4, 0x3, 0xf8, 0x8f, 0x40, 0x3f, 0x87, 0xf7,
    0x6, 0xf7, 0x3f, 0xfa, 0xff, 0x30, 0x5d, 0xfd,
    0x50,

    /* U+0169 "ũ" */
    0x3e, 0xd8, 0x33, 0x57, 0x87, 0xdf, 0xf6, 0x0,
    0x0, 0x22, 0x6, 0xf4, 0x3, 0xf6, 0x6f, 0x40,
    0x3f, 0x66, 0xf4, 0x3, 0xf6, 0x6f, 0x40, 0x3f,
    0x66, 0xf6, 0x5, 0xf6, 0x2f, 0xea, 0xef, 0x20,
    0x4d, 0xfd, 0x50,

    /* U+016A "Ū" */
    0x1, 0x11, 0x11, 0x5, 0xff, 0xff, 0xf5, 0x14,
    0x44, 0x44, 0x10, 0x0, 0x0, 0x0, 0x8f, 0x40,
    0x3f, 0x88, 0xf4, 0x3, 0xf8, 0x8f, 0x40, 0x3f,
    0x88, 0xf4, 0x3, 0xf8, 0x8f, 0x40, 0x3f, 0x88,
    0xf4, 0x3, 0xf8, 0x8f, 0x40, 0x3f, 0x87, 0xf7,
    0x6, 0xf7, 0x3f, 0xfa, 0xff, 0x30, 0x5d, 0xfd,
    0x50,

    /* U+016B "ū" */
    0x5f, 0xff, 0xff, 0x52, 0x55, 0x55, 0x51, 0x0,
    0x0, 0x0, 0x6, 0xf4, 0x3, 0xf6, 0x6f, 0x40,
    0x3f, 0x66, 0xf4, 0x3, 0xf6, 0x6f, 0x40, 0x3f,
    0x66, 0xf6, 0x5, 0xf6, 0x2f, 0xea, 0xef, 0x20,
    0x4d, 0xfd, 0x50,

    /* U+016E "Ů" */
    0x1, 0xac, 0xa1, 0x0, 0x6b, 0xb, 0x60, 0x1,
    0xac, 0xa1, 0x8, 0xf4, 0x3, 0xf8, 0x8f, 0x40,
    0x3f, 0x88, 0xf4, 0x3, 0xf8, 0x8f, 0x40, 0x3f,
    0x88, 0xf4, 0x3, 0xf8, 0x8f, 0x40, 0x3f, 0x88,
    0xf4, 0x3, 0xf8, 0x7f, 0x70, 0x6f, 0x73, 0xff,
    0xaf, 0xf3, 0x5, 0xdf, 0xd5, 0x0,

    /* U+016F "ů" */
    0x2, 0xbd, 0xb2, 0x0, 0x6b, 0xb, 0x60, 0x1,
    0xac, 0xa1, 0x6, 0xf4, 0x3, 0xf6, 0x6f, 0x40,
    0x3f, 0x66, 0xf4, 0x3, 0xf6, 0x6f, 0x40, 0x3f,
    0x66, 0xf6, 0x5, 0xf6, 0x2f, 0xea, 0xef, 0x20,
    0x4d, 0xfd, 0x50,

    /* U+0170 "Ű" */
    0x0, 0x65, 0x6, 0x60, 0x6, 0xf5, 0x5f, 0x60,
    0x1e, 0x90, 0xea, 0x0, 0x0, 0x0, 0x0, 0x0,
    0x8f, 0x40, 0x3f, 0x80, 0x8f, 0x40, 0x3f, 0x80,
    0x8f, 0x40, 0x3f, 0x80, 0x8f, 0x40, 0x3f, 0x80,
    0x8f, 0x40, 0x3f, 0x80, 0x8f, 0x40, 0x3f, 0x80,
    0x8f, 0x40, 0x3f, 0x80, 0x7f, 0x70, 0x6f, 0x70,
    0x3f, 0xfa, 0xff, 0x30, 0x5, 0xdf, 0xd5, 0x0,

    /* U+0171 "ű" */
    0x1, 0xa8, 0xa, 0x90, 0x8, 0xf3, 0x6f, 0x40,
    0x1f, 0x80, 0xe9, 0x0, 0x0, 0x0, 0x0, 0x0,
    0x6f, 0x40, 0x3f, 0x60, 0x6f, 0x40, 0x3f, 0x60,
    0x6f, 0x40, 0x3f, 0x60, 0x6f, 0x40, 0x3f, 0x60,
    0x6f, 0x60, 0x5f, 0x60, 0x2f, 0xea, 0xef, 0x20,
    0x4, 0xdf, 0xd5, 0x0,

    /* U+0172 "Ų" */
    0x8f, 0x40, 0x3f, 0x88, 0xf4, 0x3, 0xf8, 0x8f,
    0x40, 0x3f, 0x88, 0xf4, 0x3, 0xf8, 0x8f, 0x40,
    0x3f, 0x88, 0xf4, 0x3, 0xf8, 0x8f, 0x40, 0x3f,
    0x87, 0xf7, 0x6, 0xf6, 0x2f, 0xfc, 0xff, 0x20,
    0x4b, 0xfe, 0x40, 0x1, 0xc8, 0x0, 0x0, 0xbf,
    0xa9, 0x10, 0x6, 0xef, 0xf2, 0x0,

    /* U+0173 "ų" */
    0x6f, 0x40, 0x3f, 0x66, 0xf4, 0x3, 0xf6, 0x6f,
    0x40, 0x3f, 0x66, 0xf4, 0x3, 0xf6, 0x6f, 0x60,
    0x6f, 0x51, 0xff, 0xbf, 0xf1, 0x3, 0xbf, 0xd3,
    0x0, 0x2c, 0x80, 0x0, 0xb, 0xfa, 0x91, 0x0,
    0x6e, 0xff, 0x20,

    /* U+0174 "Ŵ" */
    0x1, 0xef, 0xe1, 0x0, 0xcb, 0x1c, 0xc0, 0x0,
    0x0, 0x0, 0xd, 0xf0, 0x0, 0xfd, 0xbf, 0x10,
    0xf, 0xba, 0xf2, 0x72, 0xfa, 0x8f, 0x4f, 0x4f,
    0x86, 0xfa, 0xfa, 0xf6, 0x4f, 0xff, 0xff, 0x43,
    0xff, 0xbf, 0xf2, 0x1f, 0xf4, 0xff, 0x0, 0xfe,
    0xe, 0xe0, 0xd, 0xb0, 0xbd, 0x0,

    /* U+0175 "ŵ" */
    0x0, 0x67, 0x60, 0x0, 0x2f, 0xef, 0x20, 0xa,
    0xd1, 0xea, 0x0, 0x73, 0x3, 0x70, 0xcf, 0x3,
    0xe, 0xc9, 0xf3, 0xa1, 0xf9, 0x5f, 0x7f, 0x6f,
    0x62, 0xfd, 0xfd, 0xf2, 0xf, 0xfe, 0xff, 0x0,
    0xcf, 0x6f, 0xc0, 0x9, 0xf0, 0xf9, 0x0,

    /* U+0176 "Ŷ" */
    0x0, 0x23, 0x20, 0x0, 0x2f, 0xef, 0x20, 0xb,
    0xc1, 0xdb, 0x0, 0x31, 0x1, 0x30, 0xaf, 0x70,
    0x6f, 0xa3, 0xfc, 0xb, 0xf3, 0xd, 0xf3, 0xfd,
    0x0, 0x6f, 0xdf, 0x60, 0x0, 0xff, 0xf0, 0x0,
    0x9, 0xf9, 0x0, 0x0, 0x6f, 0x60, 0x0, 0x6,
    0xf6, 0x0, 0x0, 0x6f, 0x60, 0x0, 0x6, 0xf6,
    0x0,

    /* U+0177 "ŷ" */
    0x0, 0xef, 0xe0, 0x0, 0x9e, 0x3e, 0x80, 0x7,
    0x30, 0x37, 0x8, 0xf5, 0x2, 0xf8, 0x3f, 0x90,
    0x7f, 0x30, 0xee, 0xb, 0xe0, 0x9, 0xf3, 0xfa,
    0x0, 0x4f, 0xbf, 0x50, 0x0, 0xef, 0xf0, 0x0,
    0xa, 0xfb, 0x0, 0x0, 0x6f, 0x70, 0x0, 0xa,
    0xf2, 0x0, 0x0, 0xed, 0x0, 0x0,

    /* U+0178 "Ÿ" */
    0x0, 0x0, 0x0, 0x1, 0xfa, 0xa, 0xf1, 0xd,
    0x80, 0x8d, 0x0, 0x0, 0x0, 0x0, 0xaf, 0x70,
    0x6f, 0xa3, 0xfc, 0xb, 0xf3, 0xd, 0xf3, 0xfd,
    0x0, 0x6f, 0xdf, 0x60, 0x0, 0xff, 0xf0, 0x0,
    0x9, 0xf9, 0x0, 0x0, 0x6f, 0x60, 0x0, 0x6,
    0xf6, 0x0, 0x0, 0x6f, 0x60, 0x0, 0x6, 0xf6,
    0x0,

    /* U+0179 "Ź" */
    0x0, 0xa, 0xf3, 0x0, 0x3, 0xf6, 0x0, 0x0,
    0x46, 0x0, 0x6, 0xff, 0xff, 0xf6, 0x4a, 0xab,
    0xfe, 0x0, 0x0, 0x6f, 0x80, 0x0, 0xd, 0xf1,
    0x0, 0x4, 0xfa, 0x0, 0x0, 0xbf, 0x30, 0x0,
    0x2f, 0xd0, 0x0, 0x9, 0xf6, 0x0, 0x1, 0xff,
    0xba, 0xa4, 0x7f, 0xff, 0xff, 0x70,

    /* U+017A "ź" */
    0x0, 0xa, 0xf3, 0x0, 0x2, 0xf8, 0x0, 0x0,
    0x59, 0x0, 0x2, 0xff, 0xff, 0xf1, 0x19, 0x9c,
    0xf7, 0x0, 0x0, 0xee, 0x0, 0x0, 0x7f, 0x50,
    0x0, 0x1f, 0xc0, 0x0, 0x9, 0xfc, 0x99, 0x22,
    0xff, 0xff, 0xf3,

    /* U+017B "Ż" */
    0x0, 0x0, 0x0, 0x0, 0x5, 0xf5, 0x0, 0x0,
    0x4e, 0x40, 0x0, 0x0, 0x0, 0x0, 0x6f, 0xff,
    0xff, 0x64, 0xaa, 0xbf, 0xe0, 0x0, 0x6, 0xf8,
    0x0, 0x0, 0xdf, 0x10, 0x0, 0x4f, 0xa0, 0x0,
    0xb, 0xf3, 0x0, 0x2, 0xfd, 0x0, 0x0, 0x9f,
    0x60, 0x0, 0x1f, 0xfb, 0xaa, 0x47, 0xff, 0xff,
    0xf7,

    /* U+017C "ż" */
    0x0, 0x4e, 0x40, 0x0, 0x5, 0xf5, 0x0, 0x0,
    0x0, 0x0, 0x2, 0xff, 0xff, 0xf1, 0x19, 0x9c,
    0xf7, 0x0, 0x0, 0xee, 0x0, 0x0, 0x7f, 0x50,
    0x0, 0x1f, 0xc0, 0x0, 0x9, 0xfc, 0x99, 0x22,
    0xff, 0xff, 0xf3,

    /* U+017D "Ž" */
    0xc, 0xb1, 0xbc, 0x0, 0x1e, 0xfe, 0x10, 0x0,
    0x0, 0x0, 0x6, 0xff, 0xff, 0xf6, 0x4a, 0xab,
    0xfe, 0x0, 0x0, 0x6f, 0x80, 0x0, 0xd, 0xf1,
    0x0, 0x4, 0xfa, 0x0, 0x0, 0xbf, 0x30, 0x0,
    0x2f, 0xd0, 0x0, 0x9, 0xf6, 0x0, 0x1, 0xff,
    0xba, 0xa4, 0x7f, 0xff, 0xff, 0x70,

    /* U+017E "ž" */
    0x7, 0x30, 0x37, 0x0, 0xae, 0x1d, 0xa0, 0x2,
    0xfe, 0xf2, 0x0, 0x6, 0x76, 0x0, 0x2f, 0xff,
    0xff, 0x11, 0x99, 0xcf, 0x70, 0x0, 0xe, 0xe0,
    0x0, 0x7, 0xf5, 0x0, 0x1, 0xfc, 0x0, 0x0,
    0x9f, 0xc9, 0x92, 0x2f, 0xff, 0xff, 0x30,

    /* U+0186 "Ɔ" */
    0x5, 0xdf, 0xc4, 0x1, 0xfe, 0x9f, 0xf1, 0x3a,
    0x40, 0x7f, 0x40, 0x0, 0x6, 0xf6, 0x0, 0x0,
    0x6f, 0x60, 0x0, 0x6, 0xf6, 0x0, 0x0, 0x6f,
    0x63, 0xa4, 0x7, 0xf4, 0x1f, 0xe9, 0xff, 0x10,
    0x5d, 0xfc, 0x40,

    /* U+018E "Ǝ" */
    0xdf, 0xff, 0xf4, 0x9a, 0xad, 0xf4, 0x0, 0x7,
    0xf4, 0x0, 0x7, 0xf4, 0x59, 0x9c, 0xf4, 0x9f,
    0xff, 0xf4, 0x0, 0x7, 0xf4, 0x0, 0x7, 0xf4,
    0x9a, 0xad, 0xf4, 0xdf, 0xff, 0xf4,

    /* U+018F "Ə" */
    0x4, 0xdf, 0xd4, 0x1, 0xfe, 0xaf, 0xf1, 0x2a,
    0x40, 0x7f, 0x50, 0x0, 0x5, 0xf6, 0x2, 0x22,
    0x7f, 0x66, 0xff, 0xff, 0xf6, 0x6f, 0x95, 0x9f,
    0x65, 0xf7, 0x7, 0xf5, 0x2f, 0xe9, 0xef, 0x10,
    0x5d, 0xfd, 0x40,

    /* U+0190 "Ɛ" */
    0x3, 0xcf, 0xd5, 0x0, 0xee, 0x9d, 0xf2, 0x3f,
    0x80, 0x3a, 0x40, 0xfb, 0x10, 0x0, 0x7, 0xff,
    0x70, 0x1, 0xfd, 0x51, 0x0, 0x5f, 0x70, 0x0,
    0x5, 0xf8, 0x3, 0xa4, 0x1e, 0xfa, 0xdf, 0x20,
    0x3c, 0xfd, 0x50,

    /* U+0192 "ƒ" */
    0x0, 0x4e, 0xff, 0x70, 0xc, 0xfa, 0x94, 0x0,
    0xed, 0x0, 0x5, 0xff, 0xff, 0x60, 0x39, 0xfe,
    0x93, 0x0, 0xe, 0xd0, 0x0, 0x0, 0xed, 0x0,
    0x0, 0xe, 0xd0, 0x0, 0x0, 0xed, 0x0, 0x0,
    0xe, 0xd0, 0x0, 0x0, 0xec, 0x0, 0x7, 0xbf,
    0x90, 0x0, 0xbf, 0xc1, 0x0, 0x0,

    /* U+0194 "Ɣ" */
    0xaf, 0x40, 0x2f, 0xa6, 0xf7, 0x5, 0xf6, 0x2f,
    0xa0, 0x9f, 0x20, 0xfe, 0xc, 0xf0, 0xb, 0xf1,
    0xfb, 0x0, 0x7f, 0x8f, 0x70, 0x4, 0xfe, 0xf4,
    0x0, 0xf, 0xff, 0x0, 0x0, 0xcf, 0xd0, 0x0,
    0x6f, 0xff, 0x60, 0xe, 0x91, 0x9e, 0x0, 0xeb,
    0x3b, 0xe0, 0x4, 0xdf, 0xd4, 0x0,

    /* U+019D "Ɲ" */
    0x4, 0xfe, 0x4, 0xf4, 0x4, 0xff, 0x44, 0xf4,
    0x4, 0xff, 0xa4, 0xf4, 0x4, 0xff, 0xf5, 0xf4,
    0x4, 0xfd, 0xfa, 0xf4, 0x4, 0xf7, 0xff, 0xf4,
    0x4, 0xf4, 0xcf, 0xf4, 0x4, 0xf4, 0x6f, 0xf4,
    0x4, 0xf4, 0xf, 0xf4, 0x4, 0xf4, 0x9, 0xf4,
    0x5, 0xf4, 0x0, 0x0, 0x2e, 0xf2, 0x0, 0x0,
    0x4f, 0x80, 0x0, 0x0,

    /* U+01A0 "Ơ" */
    0x0, 0x0, 0x1, 0xf9, 0x0, 0x0, 0x1, 0xfa,
    0x4, 0xdf, 0xfe, 0x81, 0x1f, 0xe7, 0xef, 0x20,
    0x5f, 0x60, 0x6f, 0x50, 0x6f, 0x50, 0x5f, 0x60,
    0x6f, 0x50, 0x5f, 0x60, 0x6f, 0x50, 0x5f, 0x60,
    0x6f, 0x50, 0x5f, 0x60, 0x5f, 0x70, 0x7f, 0x50,
    0x1f, 0xea, 0xef, 0x10, 0x4, 0xdf, 0xd4, 0x0,

    /* U+01A1 "ơ" */
    0x0, 0x0, 0x6, 0x70, 0x0, 0x0, 0x8, 0xf2,
    0x0, 0x0, 0xa, 0xf1, 0x5, 0xdf, 0xfe, 0x70,
    0x3f, 0xda, 0xfa, 0x0, 0xaf, 0x20, 0xbf, 0x10,
    0xce, 0x0, 0x7f, 0x30, 0xaf, 0x20, 0xbf, 0x10,
    0x4f, 0xc9, 0xfa, 0x0, 0x5, 0xde, 0xa1, 0x0,

    /* U+01AF "Ư" */
    0x0, 0x0, 0x1, 0xfa, 0x0, 0x0, 0x1, 0xfa,
    0x8f, 0x40, 0x3f, 0xb1, 0x8f, 0x40, 0x3f, 0x80,
    0x8f, 0x40, 0x3f, 0x80, 0x8f, 0x40, 0x3f, 0x80,
    0x8f, 0x40, 0x3f, 0x80, 0x8f, 0x40, 0x3f, 0x80,
    0x8f, 0x40, 0x3f, 0x80, 0x7f, 0x70, 0x6f, 0x70,
    0x3f, 0xfa, 0xff, 0x30, 0x5, 0xdf, 0xd5, 0x0,

    /* U+01B0 "ư" */
    0x0, 0x0, 0x6, 0x70, 0x0, 0x0, 0x8, 0xf2,
    0x0, 0x0, 0xa, 0xf1, 0x9f, 0x10, 0x5f, 0x70,
    0x9f, 0x10, 0x5f, 0x40, 0x9f, 0x10, 0x5f, 0x40,
    0x9f, 0x10, 0x5f, 0x40, 0x8f, 0x40, 0x7f, 0x40,
    0x4f, 0xda, 0xfe, 0x0, 0x6, 0xdf, 0xc3, 0x0,

    /* U+01B7 "Ʒ" */
    0x6f, 0xff, 0xff, 0x54, 0xaa, 0xbf, 0xe0, 0x0,
    0x6, 0xf8, 0x0, 0x0, 0xdf, 0x10, 0x0, 0x5f,
    0xf4, 0x0, 0x2, 0x5c, 0xf4, 0x0, 0x0, 0x3f,
    0x83, 0xa4, 0x6, 0xf7, 0x2f, 0xe9, 0xef, 0x20,
    0x5d, 0xfc, 0x40,

    /* U+01DD "ǝ" */
    0x7, 0xdf, 0xc3, 0x3, 0xfc, 0x9e, 0xe1, 0x0,
    0x0, 0x5f, 0x58, 0xfe, 0xee, 0xf7, 0x6f, 0x40,
    0x5f, 0x52, 0xfe, 0x9e, 0xe1, 0x4, 0xdf, 0xc3,
    0x0,

    /* U+01E6 "Ǧ" */
    0x7, 0x30, 0x37, 0x0, 0x9f, 0x4e, 0x80, 0x0,
    0xef, 0xe0, 0x0, 0x0, 0x0, 0x0, 0x4, 0xdf,
    0xd4, 0x1, 0xfe, 0x9e, 0xf1, 0x5f, 0x70, 0x4a,
    0x26, 0xf5, 0x1, 0x10, 0x6f, 0x56, 0xff, 0x26,
    0xf5, 0x2b, 0xf2, 0x6f, 0x50, 0x9f, 0x25, 0xf7,
    0xb, 0xf2, 0x1f, 0xea, 0xff, 0x20, 0x5e, 0xeb,
    0xf2,

    /* U+01E7 "ǧ" */
    0xd, 0xa0, 0xad, 0x0, 0x4f, 0xbf, 0x40, 0x0,
    0x67, 0x60, 0x0, 0x7e, 0xeb, 0xf4, 0x3f, 0xc7,
    0xef, 0x47, 0xf4, 0x7, 0xf4, 0x8f, 0x20, 0x6f,
    0x47, 0xf4, 0x7, 0xf4, 0x3f, 0xc7, 0xff, 0x40,
    0x7e, 0xeb, 0xf4, 0x2, 0x0, 0x8f, 0x34, 0xfa,
    0x9f, 0xe0, 0x1a, 0xef, 0xb2, 0x0,

    /* U+01EE "Ǯ" */
    0x7, 0x40, 0x27, 0x10, 0x6f, 0x4d, 0xb0, 0x0,
    0xcf, 0xf2, 0x0, 0x0, 0x0, 0x0, 0x6f, 0xff,
    0xff, 0x54, 0xaa, 0xbf, 0xe0, 0x0, 0x6, 0xf8,
    0x0, 0x0, 0xdf, 0x10, 0x0, 0x5f, 0xf4, 0x0,
    0x2, 0x5c, 0xf4, 0x0, 0x0, 0x3f, 0x83, 0xa4,
    0x6, 0xf7, 0x2f, 0xe9, 0xef, 0x20, 0x5d, 0xfc,
    0x40,

    /* U+01EF "ǯ" */
    0xb, 0xc0, 0x8e, 0x10, 0x2f, 0xbf, 0x60, 0x0,
    0x57, 0x70, 0x6, 0xff, 0xff, 0xf5, 0x49, 0x99,
    0xfe, 0x0, 0x0, 0x5f, 0x70, 0x0, 0xc, 0xe0,
    0x0, 0x3, 0xff, 0x70, 0x0, 0x15, 0xcf, 0x40,
    0x0, 0x3, 0xf8, 0x38, 0x30, 0x5f, 0x72, 0xfd,
    0x8e, 0xf2, 0x5, 0xdf, 0xc4, 0x0,

    /* U+01F4 "Ǵ" */
    0x0, 0x3, 0x62, 0x0, 0x0, 0xdd, 0x0, 0x0,
    0x7f, 0x20, 0x0, 0x0, 0x0, 0x0, 0x4, 0xdf,
    0xd4, 0x1, 0xfe, 0x9e, 0xf1, 0x5f, 0x70, 0x4a,
    0x26, 0xf5, 0x1, 0x10, 0x6f, 0x56, 0xff, 0x26,
    0xf5, 0x2b, 0xf2, 0x6f, 0x50, 0x9f, 0x25, 0xf7,
    0xb, 0xf2, 0x1f, 0xea, 0xff, 0x20, 0x5e, 0xeb,
    0xf2,

    /* U+01F5 "ǵ" */
    0x0, 0xa, 0xf3, 0x0, 0x2, 0xf8, 0x0, 0x0,
    0x59, 0x0, 0x0, 0x7e, 0xeb, 0xf4, 0x3f, 0xc7,
    0xef, 0x47, 0xf4, 0x7, 0xf4, 0x8f, 0x20, 0x6f,
    0x47, 0xf4, 0x7, 0xf4, 0x3f, 0xc7, 0xff, 0x40,
    0x7e, 0xeb, 0xf4, 0x2, 0x0, 0x8f, 0x34, 0xfa,
    0x9f, 0xe0, 0x1a, 0xef, 0xb2, 0x0,

    /* U+01F8 "Ǹ" */
    0x3, 0xfa, 0x0, 0x0, 0x7, 0xf3, 0x0, 0x0,
    0x6, 0x40, 0x4, 0xfe, 0x4, 0xf4, 0x4f, 0xf4,
    0x4f, 0x44, 0xff, 0xa4, 0xf4, 0x4f, 0xff, 0x5f,
    0x44, 0xfd, 0xfa, 0xf4, 0x4f, 0x7f, 0xff, 0x44,
    0xf4, 0xcf, 0xf4, 0x4f, 0x46, 0xff, 0x44, 0xf4,
    0xf, 0xf4, 0x4f, 0x40, 0x9f, 0x40,

    /* U+01F9 "ǹ" */
    0x2, 0xfc, 0x0, 0x0, 0x6, 0xf4, 0x0, 0x0,
    0x8, 0x70, 0x4, 0xfb, 0xef, 0xa0, 0x4f, 0xe8,
    0xcf, 0x54, 0xf7, 0x4, 0xf7, 0x4f, 0x60, 0x3f,
    0x74, 0xf6, 0x3, 0xf7, 0x4f, 0x60, 0x3f, 0x74,
    0xf6, 0x3, 0xf7,

    /* U+0216 "Ȗ" */
    0x4, 0xdf, 0xd4, 0x1, 0xfe, 0xae, 0xf1, 0x5f,
    0x70, 0x7f, 0x57, 0xf5, 0x5, 0xf7, 0x7f, 0x50,
    0x5f, 0x74, 0xf6, 0x6, 0xf4, 0xe, 0xc1, 0xde,
    0x0, 0x3f, 0x4f, 0x30, 0x7c, 0xf4, 0xfc, 0x79,
    0xff, 0x4f, 0xf9,

    /* U+0241 "Ɂ" */
    0x2, 0xcf, 0xd5, 0x0, 0xcf, 0x9e, 0xf2, 0xd,
    0x90, 0x8f, 0x40, 0x0, 0x1d, 0xf1, 0x0, 0xd,
    0xf5, 0x0, 0x7, 0xf6, 0x0, 0x0, 0xaf, 0x10,
    0x0, 0xa, 0xf1, 0x0, 0x0, 0xaf, 0x10, 0x0,
    0xa, 0xf1, 0x0,

    /* U+0242 "ɂ" */
    0x2, 0xcf, 0xd5, 0x0, 0xcf, 0x9e, 0xf2, 0xd,
    0x80, 0x7f, 0x40, 0x0, 0x1c, 0xf1, 0x0, 0xc,
    0xf5, 0x0, 0x6, 0xf7, 0x0, 0x0, 0x9f, 0x10,
    0x0,

    /* U+024C "Ɍ" */
    0xf, 0xff, 0xe8, 0x0, 0xfe, 0xbf, 0xf6, 0xf,
    0xc0, 0x3f, 0xb0, 0xfc, 0x2, 0xfb, 0x1f, 0xd1,
    0x9f, 0x7f, 0xff, 0xff, 0xa0, 0x4f, 0xde, 0xf2,
    0x0, 0xfc, 0x6f, 0xa0, 0xf, 0xc0, 0xdf, 0x30,
    0xfc, 0x5, 0xfb,

    /* U+024D "ɍ" */
    0xe, 0xaa, 0xeb, 0x10, 0xef, 0x99, 0xe4, 0x1f,
    0xb1, 0x11, 0xf, 0xff, 0xff, 0xa0, 0x4f, 0xc4,
    0x43, 0x0, 0xea, 0x0, 0x0, 0xe, 0xa0, 0x0,
    0x0,

    /* U+0254 "ɔ" */
    0x7, 0xde, 0xb1, 0x3, 0xfb, 0x9f, 0xd0, 0x0,
    0x0, 0x8f, 0x40, 0x0, 0x5, 0xf6, 0x0, 0x0,
    0x8f, 0x43, 0xfb, 0x9f, 0xd0, 0x7, 0xde, 0xb2,
    0x0,

    /* U+025B "ɛ" */
    0x5, 0xdf, 0xd7, 0x2, 0xfd, 0x7b, 0xf3, 0x2f,
    0xa2, 0x0, 0x0, 0xbf, 0xf7, 0x0, 0x4f, 0xb5,
    0x20, 0x4, 0xfc, 0x7a, 0xd2, 0x7, 0xdf, 0xe7,
    0x0,

    /* U+0263 "ɣ" */
    0x8f, 0x50, 0x2f, 0x73, 0xfa, 0x7, 0xf3, 0xe,
    0xe0, 0xce, 0x0, 0x9f, 0x4f, 0x90, 0x4, 0xfd,
    0xf4, 0x0, 0xe, 0xfe, 0x0, 0x5, 0xff, 0xf5,
    0x0, 0xd9, 0x19, 0xd0, 0xd, 0xa3, 0xad, 0x0,
    0x4d, 0xfd, 0x40,

    /* U+0272 "ɲ" */
    0x4, 0xfb, 0xef, 0xa0, 0x4, 0xfe, 0x8c, 0xf5,
    0x4, 0xf7, 0x4, 0xf7, 0x4, 0xf6, 0x3, 0xf7,
    0x4, 0xf6, 0x3, 0xf7, 0x4, 0xf6, 0x3, 0xf7,
    0x4, 0xf6, 0x3, 0xf7, 0x5, 0xf6, 0x0, 0x0,
    0x9e, 0xf3, 0x0, 0x0, 0xdf, 0x90, 0x0, 0x0,

    /* U+0292 "ʒ" */
    0x6f, 0xff, 0xff, 0x54, 0x99, 0x9f, 0xe0, 0x0,
    0x5, 0xf7, 0x0, 0x0, 0xce, 0x0, 0x0, 0x3f,
    0xf7, 0x0, 0x1, 0x5c, 0xf4, 0x0, 0x0, 0x3f,
    0x83, 0x83, 0x5, 0xf7, 0x2f, 0xd8, 0xef, 0x20,
    0x5d, 0xfc, 0x40,

    /* U+02C6 "ˆ" */
    0x0, 0x67, 0x60, 0x0, 0x4f, 0xbf, 0x40, 0xd,
    0xa0, 0xad, 0x0,

    /* U+02C7 "ˇ" */
    0x7, 0x30, 0x37, 0x0, 0x9e, 0x3e, 0x80, 0x0,
    0xef, 0xe0, 0x0,

    /* U+02D8 "˘" */
    0x0, 0x0, 0x0, 0x2, 0xf6, 0x6, 0xf2, 0xe,
    0xa0, 0xbe, 0x0, 0x4d, 0xed, 0x40,

    /* U+02D9 "˙" */
    0x0, 0x5, 0xf5, 0x4e, 0x40,

    /* U+02DA "˚" */
    0x1a, 0xca, 0x16, 0xb0, 0xb6, 0x1a, 0xda, 0x10,

    /* U+02DB "˛" */
    0x0, 0x57, 0x1, 0xca, 0x10, 0x7f, 0xb9, 0x43,
    0xdf, 0xf6,

    /* U+02DC "˜" */
    0x0, 0x0, 0x0, 0x4, 0xee, 0x93, 0x46, 0x76,
    0x6c, 0xff, 0x50, 0x0, 0x1, 0x20,

    /* U+02DD "˝" */
    0x5, 0xa3, 0x4a, 0x40, 0xec, 0xd, 0xd0, 0x6f,
    0x25, 0xf3, 0x0,

    /* U+0300 "̀" */
    0x9, 0x90, 0x0, 0x5f, 0x60, 0x0, 0xad, 0x0,

    /* U+0301 "́" */
    0x0, 0x99, 0x0, 0x6f, 0x50, 0xe, 0xa0, 0x0,

    /* U+0302 "̂" */
    0x0, 0x67, 0x60, 0x0, 0x4f, 0xbf, 0x40, 0xd,
    0xa0, 0xad, 0x0,

    /* U+0303 "̃" */
    0x0, 0x0, 0x0, 0x4, 0xee, 0x93, 0x46, 0x76,
    0x6c, 0xff, 0x50, 0x0, 0x1, 0x20,

    /* U+0304 "̄" */
    0x1, 0x11, 0x11, 0x5, 0xff, 0xff, 0xf5, 0x14,
    0x44, 0x44, 0x10,

    /* U+0306 "̆" */
    0x0, 0x0, 0x0, 0x2, 0xf6, 0x6, 0xf2, 0xe,
    0xa0, 0xbe, 0x0, 0x4d, 0xed, 0x40,

    /* U+0307 "̇" */
    0x0, 0x5, 0xf5, 0x4e, 0x40,

    /* U+0308 "̈" */
    0x0, 0x0, 0x0, 0x1, 0xfa, 0xa, 0xf1, 0xd,
    0x80, 0x8d, 0x0,

    /* U+0309 "̉" */
    0xa, 0xeb, 0x3, 0x96, 0xf4, 0x0, 0xb6, 0x0,

    /* U+030A "̊" */
    0x1a, 0xca, 0x16, 0xb0, 0xb6, 0x1a, 0xda, 0x10,

    /* U+030B "̋" */
    0x5, 0xa3, 0x4a, 0x40, 0xec, 0xd, 0xd0, 0x6f,
    0x25, 0xf3, 0x0,

    /* U+030C "̌" */
    0x7, 0x30, 0x37, 0x0, 0x9e, 0x3e, 0x80, 0x0,
    0xef, 0xe0, 0x0,

    /* U+0313 "̓" */
    0x6, 0x21, 0xf7, 0x3f, 0x25, 0xe0, 0x14, 0x0,

    /* U+031B "̛" */
    0x8, 0x60, 0xce, 0xd, 0xda, 0xd4,

    /* U+0323 "̣" */
    0x0, 0x5, 0xf5, 0x4e, 0x40,

    /* U+0326 "̦" */
    0x19, 0x25, 0xf1, 0x8c, 0x0, 0x20,

    /* U+0327 "̧" */
    0x19, 0x25, 0xf1, 0x8c, 0x0, 0x20,

    /* U+0328 "̨" */
    0x0, 0x57, 0x1, 0xca, 0x10, 0x7f, 0xb9, 0x43,
    0xdf, 0xf6,

    /* U+032D "̭" */
    0x0, 0x67, 0x60, 0x0, 0x4f, 0xbf, 0x40, 0xd,
    0xa0, 0xad, 0x0,

    /* U+0384 "΄" */
    0x4a, 0x23, 0xf5, 0xf, 0x60,

    /* U+0385 "΅" */
    0x0, 0x4a, 0x20, 0xc, 0xd3, 0xf5, 0xdc, 0xbc,
    0xf, 0x6c, 0xb0,

    /* U+0386 "Ά" */
    0xec, 0x4f, 0xc0, 0xa, 0xe8, 0xff, 0x0, 0x4a,
    0xbf, 0xf3, 0x0, 0xf, 0xff, 0x70, 0x3, 0xf9,
    0xfb, 0x0, 0x7f, 0x4e, 0xe0, 0xa, 0xf1, 0xaf,
    0x20, 0xef, 0xff, 0xf6, 0x2f, 0xda, 0xbf, 0xa6,
    0xf6, 0x0, 0xfe,

    /* U+0387 "·" */
    0x4e, 0x45, 0xf5, 0x1, 0x0,

    /* U+0388 "Έ" */
    0x2f, 0xaf, 0xff, 0xff, 0xe, 0xbf, 0xea, 0xaa,
    0x7, 0x9f, 0xa0, 0x0, 0x0, 0x2f, 0xa0, 0x0,
    0x0, 0x2f, 0xff, 0xfb, 0x0, 0x2f, 0xd9, 0x97,
    0x0, 0x2f, 0xa0, 0x0, 0x0, 0x2f, 0xa0, 0x0,
    0x0, 0x2f, 0xea, 0xaa, 0x0, 0x2f, 0xff, 0xff,

    /* U+0389 "Ή" */
    0x9f, 0xaf, 0x30, 0xcf, 0x5f, 0xbf, 0x30, 0xcf,
    0x1a, 0xbf, 0x30, 0xcf, 0x0, 0x8f, 0x30, 0xcf,
    0x0, 0x8f, 0xff, 0xff, 0x0, 0x8f, 0xca, 0xef,
    0x0, 0x8f, 0x30, 0xcf, 0x0, 0x8f, 0x30, 0xcf,
    0x0, 0x8f, 0x30, 0xcf, 0x0, 0x8f, 0x30, 0xcf,

    /* U+038A "Ί" */
    0xec, 0xdf, 0xff, 0xea, 0xe9, 0xcf, 0xc9, 0x4a,
    0x5, 0xf6, 0x0, 0x0, 0x5f, 0x60, 0x0, 0x5,
    0xf6, 0x0, 0x0, 0x5f, 0x60, 0x0, 0x5, 0xf6,
    0x0, 0x0, 0x5f, 0x60, 0x0, 0x9c, 0xfc, 0x90,
    0xd, 0xff, 0xfe,

    /* U+038C "Ό" */
    0xdc, 0x9, 0xee, 0xa1, 0x9e, 0x8f, 0xee, 0xf9,
    0x4a, 0xcf, 0x10, 0xee, 0x0, 0xde, 0x0, 0xcf,
    0x0, 0xde, 0x0, 0xcf, 0x0, 0xde, 0x0, 0xcf,
    0x0, 0xde, 0x0, 0xcf, 0x0, 0xcf, 0x10, 0xee,
    0x0, 0x8f, 0xcb, 0xf9, 0x0, 0x9, 0xee, 0xa1,

    /* U+038E "Ύ" */
    0x7f, 0xaf, 0x90, 0x3f, 0xc3, 0xf6, 0xfe, 0x8,
    0xf6, 0xa, 0x3b, 0xf3, 0xdf, 0x0, 0x0, 0x4f,
    0xbf, 0x90, 0x0, 0x0, 0xef, 0xf3, 0x0, 0x0,
    0x8, 0xfd, 0x0, 0x0, 0x0, 0x3f, 0x80, 0x0,
    0x0, 0x3, 0xf8, 0x0, 0x0, 0x0, 0x3f, 0x80,
    0x0, 0x0, 0x3, 0xf8, 0x0,

    /* U+038F "Ώ" */
    0xf, 0x91, 0xae, 0xe8, 0x0, 0xcb, 0xbf, 0xef,
    0xf7, 0x6, 0x8f, 0xd0, 0x1f, 0xb0, 0x1, 0xfb,
    0x0, 0xfd, 0x0, 0x1f, 0xb0, 0xf, 0xd0, 0x0,
    0xec, 0x0, 0xfa, 0x0, 0x9, 0xf3, 0x6f, 0x50,
    0x0, 0xc, 0x8c, 0x90, 0x0, 0x3c, 0xe8, 0xcd,
    0xc0, 0x3, 0xff, 0x8c, 0xff,

    /* U+0390 "ΐ" */
    0xbb, 0x6f, 0x4b, 0xbd, 0xd2, 0xf5, 0xdd, 0x0,
    0x9, 0x40, 0x0, 0xcf, 0xf7, 0x0, 0x5, 0x9f,
    0x70, 0x0, 0x3, 0xf7, 0x0, 0x0, 0x3f, 0x70,
    0x0, 0x3, 0xf7, 0x0, 0x0, 0x1f, 0xe9, 0x0,
    0x0, 0xaf, 0xf0,

    /* U+0391 "Α" */
    0x0, 0x8f, 0x80, 0x0, 0xc, 0xfb, 0x0, 0x0,
    0xff, 0xf0, 0x0, 0x3f, 0xff, 0x30, 0x7, 0xf9,
    0xf7, 0x0, 0xbf, 0x2f, 0xa0, 0xe, 0xc0, 0xee,
    0x2, 0xff, 0xff, 0xf2, 0x6f, 0xca, 0xcf, 0x6a,
    0xf2, 0x4, 0xfa,

    /* U+0392 "Β" */
    0x4f, 0xff, 0xe6, 0x4, 0xfb, 0x7e, 0xf1, 0x4f,
    0x70, 0x8f, 0x44, 0xf7, 0x1c, 0xf1, 0x4f, 0xff,
    0xf8, 0x4, 0xf9, 0x4c, 0xf2, 0x4f, 0x70, 0x6f,
    0x64, 0xf7, 0x7, 0xf6, 0x4f, 0xc9, 0xff, 0x34,
    0xff, 0xfd, 0x60,

    /* U+0393 "Γ" */
    0x4f, 0xff, 0xff, 0x44, 0xfd, 0xaa, 0xa3, 0x4f,
    0x70, 0x0, 0x4, 0xf7, 0x0, 0x0, 0x4f, 0x70,
    0x0, 0x4, 0xf7, 0x0, 0x0, 0x4f, 0x70, 0x0,
    0x4, 0xf7, 0x0, 0x0, 0x4f, 0x70, 0x0, 0x4,
    0xf7, 0x0, 0x0,

    /* U+0394 "Δ" */
    0x0, 0x8f, 0x80, 0x0, 0xc, 0xfb, 0x0, 0x0,
    0xff, 0xf0, 0x0, 0x3f, 0xbf, 0x30, 0x7, 0xf5,
    0xf7, 0x0, 0xbd, 0x1f, 0xa0, 0xe, 0x90, 0xee,
    0x2, 0xf6, 0xa, 0xf2, 0x6f, 0xca, 0xdf, 0x6a,
    0xff, 0xff, 0xfa,

    /* U+0395 "Ε" */
    0xf, 0xff, 0xff, 0x10, 0xfe, 0xaa, 0xa1, 0xf,
    0xb0, 0x0, 0x0, 0xfb, 0x0, 0x0, 0xf, 0xff,
    0xfc, 0x0, 0xfe, 0x99, 0x70, 0xf, 0xb0, 0x0,
    0x0, 0xfb, 0x0, 0x0, 0xf, 0xea, 0xaa, 0x10,
    0xff, 0xff, 0xf1,

    /* U+0396 "Ζ" */
    0x6f, 0xff, 0xff, 0x64, 0xaa, 0xbf, 0xe0, 0x0,
    0x6, 0xf8, 0x0, 0x0, 0xdf, 0x10, 0x0, 0x4f,
    0xa0, 0x0, 0xb, 0xf3, 0x0, 0x2, 0xfd, 0x0,
    0x0, 0x9f, 0x60, 0x0, 0x1f, 0xfb, 0xaa, 0x47,
    0xff, 0xff, 0xf7,

    /* U+0397 "Η" */
    0x4f, 0x80, 0x8f, 0x44, 0xf8, 0x8, 0xf4, 0x4f,
    0x80, 0x8f, 0x44, 0xf8, 0x8, 0xf4, 0x4f, 0xff,
    0xff, 0x44, 0xfd, 0xad, 0xf4, 0x4f, 0x80, 0x8f,
    0x44, 0xf8, 0x8, 0xf4, 0x4f, 0x80, 0x8f, 0x44,
    0xf8, 0x8, 0xf4,

    /* U+0398 "Θ" */
    0x4, 0xdf, 0xd4, 0x1, 0xfe, 0x9e, 0xf1, 0x5f,
    0x40, 0x4f, 0x56, 0xf2, 0x2, 0xf6, 0x6f, 0x8f,
    0x8f, 0x66, 0xf6, 0x96, 0xf6, 0x6f, 0x20, 0x2f,
    0x65, 0xf4, 0x4, 0xf5, 0x1f, 0xe9, 0xef, 0x10,
    0x4d, 0xfd, 0x40,

    /* U+0399 "Ι" */
    0xdf, 0xff, 0xd9, 0xcf, 0xc9, 0x6, 0xf6, 0x0,
    0x6f, 0x60, 0x6, 0xf6, 0x0, 0x6f, 0x60, 0x6,
    0xf6, 0x0, 0x6f, 0x60, 0x9c, 0xfc, 0x9d, 0xff,
    0xfd,

    /* U+039A "Κ" */
    0x4f, 0x70, 0x9f, 0x34, 0xf7, 0x1f, 0xb0, 0x4f,
    0x79, 0xf2, 0x4, 0xf9, 0xfa, 0x0, 0x4f, 0xff,
    0x20, 0x4, 0xfe, 0xf7, 0x0, 0x4f, 0x8e, 0xe0,
    0x4, 0xf7, 0x7f, 0x60, 0x4f, 0x71, 0xfe, 0x4,
    0xf7, 0x8, 0xf6,

    /* U+039B "Λ" */
    0x0, 0x8f, 0x80, 0x0, 0xc, 0xfb, 0x0, 0x0,
    0xff, 0xf0, 0x0, 0x3f, 0xef, 0x30, 0x7, 0xf8,
    0xf7, 0x0, 0xbf, 0x1f, 0xa0, 0xe, 0xc0, 0xee,
    0x2, 0xf9, 0xa, 0xf2, 0x6f, 0x50, 0x7f, 0x6a,
    0xf2, 0x4, 0xfa,

    /* U+039C "Μ" */
    0x7f, 0x70, 0x6f, 0x77, 0xfc, 0xb, 0xf7, 0x7f,
    0xf2, 0xff, 0x77, 0xff, 0xcf, 0xf7, 0x7f, 0xcf,
    0xcf, 0x77, 0xf7, 0xf7, 0xf7, 0x7f, 0x1f, 0x1f,
    0x77, 0xf0, 0x80, 0xf7, 0x7f, 0x0, 0xf, 0x77,
    0xf0, 0x0, 0xf7,

    /* U+039D "Ν" */
    0x4f, 0xe0, 0x4f, 0x44, 0xff, 0x44, 0xf4, 0x4f,
    0xfa, 0x4f, 0x44, 0xff, 0xf5, 0xf4, 0x4f, 0xdf,
    0xaf, 0x44, 0xf7, 0xff, 0xf4, 0x4f, 0x4c, 0xff,
    0x44, 0xf4, 0x6f, 0xf4, 0x4f, 0x40, 0xff, 0x44,
    0xf4, 0x9, 0xf4,

    /* U+039E "Ξ" */
    0x1f, 0xff, 0xff, 0x11, 0xaa, 0xaa, 0xa1, 0x0,
    0x0, 0x0, 0x0, 0x0, 0x0, 0x0, 0xc, 0xff,
    0xfc, 0x0, 0x79, 0x99, 0x70, 0x0, 0x0, 0x0,
    0x0, 0x0, 0x0, 0x0, 0x1a, 0xaa, 0xaa, 0x11,
    0xff, 0xff, 0xf1,

    /* U+039F "Ο" */
    0x4, 0xdf, 0xd4, 0x1, 0xfe, 0xae, 0xf1, 0x5f,
    0x70, 0x7f, 0x56, 0xf5, 0x5, 0xf6, 0x6f, 0x50,
    0x5f, 0x66, 0xf5, 0x5, 0xf6, 0x6f, 0x50, 0x5f,
    0x65, 0xf7, 0x7, 0xf5, 0x1f, 0xe9, 0xef, 0x10,
    0x4d, 0xfd, 0x40,

    /* U+03A0 "Π" */
    0x4f, 0xff, 0xff, 0x44, 0xfd, 0xad, 0xf4, 0x4f,
    0x80, 0x8f, 0x44, 0xf8, 0x8, 0xf4, 0x4f, 0x80,
    0x8f, 0x44, 0xf8, 0x8, 0xf4, 0x4f, 0x80, 0x8f,
    0x44, 0xf8, 0x8, 0xf4, 0x4f, 0x80, 0x8f, 0x44,
    0xf8, 0x8, 0xf4,

    /* U+03A1 "Ρ" */
    0x4f, 0xff, 0xc4, 0x4, 0xfd, 0xcf, 0xf1, 0x4f,
    0x70, 0x7f, 0x64, 0xf7, 0x5, 0xf8, 0x4f, 0x71,
    0xbf, 0x64, 0xff, 0xff, 0xe0, 0x4f, 0xda, 0x81,
    0x4, 0xf7, 0x0, 0x0, 0x4f, 0x70, 0x0, 0x4,
    0xf7, 0x0, 0x0,

    /* U+03A3 "Σ" */
    0x7f, 0xff, 0xff, 0x10, 0xff, 0xba, 0xa0, 0x9,
    0xf6, 0x0, 0x0, 0x2f, 0xd0, 0x0, 0x0, 0xbf,
    0x40, 0x0, 0xa, 0xf2, 0x0, 0x1, 0xfc, 0x0,
    0x0, 0x8f, 0x50, 0x0, 0xe, 0xfb, 0xaa, 0x6,
    0xff, 0xff, 0xf1,

    /* U+03A4 "Τ" */
    0x9f, 0xff, 0xff, 0x96, 0xac, 0xfc, 0xa6, 0x0,
    0x6f, 0x60, 0x0, 0x6, 0xf6, 0x0, 0x0, 0x6f,
    0x60, 0x0, 0x6, 0xf6, 0x0, 0x0, 0x6f, 0x60,
    0x0, 0x6, 0xf6, 0x0, 0x0, 0x6f, 0x60, 0x0,
    0x6, 0xf6, 0x0,

    /* U+03A5 "Υ" */
    0xaf, 0x70, 0x6f, 0xa3, 0xfc, 0xb, 0xf3, 0xd,
    0xf3, 0xfd, 0x0, 0x6f, 0xdf, 0x60, 0x0, 0xff,
    0xf0, 0x0, 0x9, 0xf9, 0x0, 0x0, 0x6f, 0x60,
    0x0, 0x6, 0xf6, 0x0, 0x0, 0x6f, 0x60, 0x0,
    0x6, 0xf6, 0x0,

    /* U+03A6 "Φ" */
    0x0, 0x5f, 0x50, 0x0, 0x4b, 0xfb, 0x40, 0x5f,
    0xff, 0xff, 0x5b, 0xf6, 0xf7, 0xfb, 0xdd, 0x4f,
    0x4d, 0xdd, 0xd4, 0xf4, 0xdd, 0xcf, 0x6f, 0x6f,
    0xc6, 0xff, 0xff, 0xf6, 0x5, 0xcf, 0xc5, 0x0,
    0x5, 0xf5, 0x0,

    /* U+03A7 "Χ" */
    0x6f, 0x90, 0x8f, 0x60, 0xff, 0xe, 0xf0, 0x9,
    0xf9, 0xf9, 0x0, 0x3f, 0xff, 0x30, 0x0, 0xdf,
    0xd0, 0x0, 0xd, 0xfd, 0x0, 0x3, 0xff, 0xf4,
    0x0, 0x9f, 0x8f, 0xa0, 0xf, 0xe0, 0xef, 0x6,
    0xf9, 0xa, 0xf6,

    /* U+03A8 "Ψ" */
    0x0, 0x4f, 0x40, 0xa, 0x94, 0xf4, 0x9a, 0xdd,
    0x4f, 0x4d, 0xdd, 0xd4, 0xf4, 0xdd, 0xde, 0x4f,
    0x4e, 0xda, 0xfa, 0xfa, 0xfa, 0x2e, 0xff, 0xfe,
    0x20, 0x8, 0xf8, 0x0, 0x0, 0x5f, 0x50, 0x0,
    0x5, 0xf5, 0x0,

    /* U+03A9 "Ω" */
    0x4, 0xdf, 0xd4, 0x1, 0xfe, 0xae, 0xf1, 0x5f,
    0x70, 0x7f, 0x57, 0xf5, 0x5, 0xf7, 0x7f, 0x50,
    0x5f, 0x74, 0xf6, 0x6, 0xf4, 0xe, 0xc1, 0xde,
    0x0, 0x3f, 0x4f, 0x30, 0x7c, 0xf4, 0xfc, 0x79,
    0xff, 0x4f, 0xf9,

    /* U+03AA "Ϊ" */
    0x0, 0x0, 0x0, 0x1, 0xfa, 0xa, 0xf1, 0xd,
    0x80, 0x8d, 0x0, 0x0, 0x0, 0x0, 0xd, 0xff,
    0xfd, 0x0, 0x9c, 0xfc, 0x90, 0x0, 0x6f, 0x60,
    0x0, 0x6, 0xf6, 0x0, 0x0, 0x6f, 0x60, 0x0,
    0x6, 0xf6, 0x0, 0x0, 0x6f, 0x60, 0x0, 0x6,
    0xf6, 0x0, 0x9, 0xcf, 0xc9, 0x0, 0xdf, 0xff,
    0xd0,

    /* U+03AB "Ϋ" */
    0x0, 0x0, 0x0, 0x1, 0xfa, 0xa, 0xf1, 0xd,
    0x80, 0x8d, 0x0, 0x0, 0x0, 0x0, 0xaf, 0x70,
    0x6f, 0xa3, 0xfc, 0xb, 0xf3, 0xd, 0xf3, 0xfd,
    0x0, 0x6f, 0xdf, 0x60, 0x0, 0xff, 0xf0, 0x0,
    0x9, 0xf9, 0x0, 0x0, 0x6f, 0x60, 0x0, 0x6,
    0xf6, 0x0, 0x0, 0x6f, 0x60, 0x0, 0x6, 0xf6,
    0x0,

    /* U+03AC "ά" */
    0x0, 0x6a, 0x0, 0x0, 0x6, 0xf2, 0x0, 0x0,
    0x2f, 0x30, 0x0, 0x0, 0x0, 0x0, 0x9, 0xed,
    0xbf, 0x25, 0xfa, 0x8f, 0xf2, 0x9f, 0x10, 0x9f,
    0x2a, 0xf0, 0x8, 0xf2, 0x9f, 0x10, 0x9f, 0x25,
    0xfa, 0x8f, 0xfb, 0x9, 0xed, 0x5b, 0xd0,

    /* U+03AD "έ" */
    0x0, 0x5a, 0x10, 0x0, 0x5, 0xf3, 0x0, 0x0,
    0x1f, 0x50, 0x0, 0x0, 0x0, 0x0, 0x5, 0xdf,
    0xe6, 0x2, 0xfd, 0x7b, 0xe1, 0x2f, 0xa2, 0x0,
    0x0, 0xbf, 0xf0, 0x0, 0x5f, 0xa4, 0x0, 0x5,
    0xfc, 0x7a, 0xe3, 0x7, 0xdf, 0xe7, 0x0,

    /* U+03AE "ή" */
    0x0, 0x7f, 0x30, 0x0, 0x3, 0xf5, 0x0, 0x0,
    0xa, 0x40, 0x4, 0xfb, 0xef, 0xa0, 0x4f, 0xe8,
    0xcf, 0x54, 0xf7, 0x4, 0xf7, 0x4f, 0x60, 0x3f,
    0x74, 0xf6, 0x3, 0xf7, 0x4f, 0x60, 0x3f, 0x74,
    0xf6, 0x3, 0xf7, 0x0, 0x0, 0x3f, 0x70, 0x0,
    0x3, 0xf7, 0x0, 0x0, 0x3f, 0x70,

    /* U+03AF "ί" */
    0x7, 0xf3, 0x0, 0x3f, 0x50, 0x0, 0xa4, 0xe,
    0xff, 0x50, 0x6a, 0xf5, 0x0, 0x5f, 0x50, 0x5,
    0xf5, 0x0, 0x5f, 0x50, 0x3, 0xfd, 0x80, 0xc,
    0xfe,

    /* U+03B0 "ΰ" */
    0x0, 0x4a, 0x20, 0xb, 0xb3, 0xf5, 0xbb, 0xdd,
    0xf, 0x7d, 0xd0, 0x0, 0x0, 0x0, 0xed, 0x20,
    0xf, 0x9a, 0xf6, 0x0, 0xf9, 0x4f, 0x70, 0xf,
    0x94, 0xf7, 0x0, 0xf9, 0x3f, 0x90, 0x2f, 0x90,
    0xef, 0xad, 0xf5, 0x3, 0xcf, 0xe7, 0x0,

    /* U+03B1 "α" */
    0x9, 0xed, 0xbf, 0x25, 0xfa, 0x8f, 0xf2, 0x9f,
    0x10, 0x9f, 0x2a, 0xf0, 0x8, 0xf2, 0x9f, 0x10,
    0x9f, 0x25, 0xfa, 0x8f, 0xfb, 0x9, 0xed, 0x5b,
    0xd0,

    /* U+03B2 "β" */
    0x5, 0xdf, 0xd4, 0x1, 0xfe, 0x9e, 0xf0, 0x4f,
    0x70, 0x7f, 0x34, 0xf6, 0xb, 0xf0, 0x4f, 0x6b,
    0xf7, 0x4, 0xf6, 0x3b, 0xf3, 0x4f, 0x60, 0x3f,
    0x84, 0xf6, 0x5, 0xf7, 0x4f, 0xca, 0xff, 0x34,
    0xff, 0xfd, 0x60, 0x4f, 0x60, 0x0, 0x4, 0xf6,
    0x0, 0x0, 0x4f, 0x60, 0x0, 0x0,

    /* U+03B3 "γ" */
    0x8f, 0x50, 0x2f, 0x72, 0xfa, 0x7, 0xf2, 0xd,
    0xe0, 0xbd, 0x0, 0x8f, 0x4f, 0x80, 0x3, 0xfd,
    0xf3, 0x0, 0xe, 0xfe, 0x0, 0x0, 0x9f, 0x90,
    0x0, 0x5, 0xf5, 0x0, 0x0, 0x5f, 0x50, 0x0,
    0x5, 0xf5, 0x0,

    /* U+03B4 "δ" */
    0x6, 0xef, 0xc4, 0x1, 0xfb, 0x4c, 0xc0, 0xf,
    0xd2, 0x0, 0x0, 0x3f, 0xf9, 0x10, 0xd, 0xfb,
    0xfc, 0x4, 0xf7, 0x7, 0xf4, 0x7f, 0x30, 0x3f,
    0x76, 0xf6, 0x6, 0xf5, 0x1e, 0xe9, 0xee, 0x10,
    0x3c, 0xfc, 0x30,

    /* U+03B5 "ε" */
    0x5, 0xdf, 0xe6, 0x2, 0xfd, 0x7b, 0xe1, 0x2f,
    0xa2, 0x0, 0x0, 0xbf, 0xf0, 0x0, 0x5f, 0xa4,
    0x0, 0x5, 0xfc, 0x7a, 0xe3, 0x7, 0xdf, 0xe7,
    0x0,

    /* U+03B6 "ζ" */
    0x6f, 0xff, 0xfb, 0x3, 0x99, 0xff, 0x20, 0x0,
    0x7f, 0x60, 0x0, 0x2f, 0xc0, 0x0, 0xb, 0xf2,
    0x0, 0x3, 0xf9, 0x0, 0x0, 0x6f, 0x50, 0x0,
    0x7, 0xf5, 0x0, 0x0, 0x3f, 0xd4, 0x0, 0x0,
    0x7f, 0xff, 0x90, 0x0, 0x14, 0xbf, 0x20, 0x5,
    0xad, 0xf2, 0x0, 0x7f, 0xf8, 0x0,

    /* U+03B7 "η" */
    0x4f, 0xbe, 0xfa, 0x4, 0xfe, 0x8c, 0xf5, 0x4f,
    0x70, 0x4f, 0x74, 0xf6, 0x3, 0xf7, 0x4f, 0x60,
    0x3f, 0x74, 0xf6, 0x3, 0xf7, 0x4f, 0x60, 0x3f,
    0x70, 0x0, 0x3, 0xf7, 0x0, 0x0, 0x3f, 0x70,
    0x0, 0x3, 0xf7,

    /* U+03B8 "θ" */
    0x4, 0xdf, 0xd4, 0x1, 0xff, 0xaf, 0xf1, 0x5f,
    0x60, 0x6f, 0x56, 0xf3, 0x3, 0xf6, 0x6f, 0xff,
    0xff, 0x66, 0xfa, 0x9a, 0xf6, 0x6f, 0x30, 0x3f,
    0x65, 0xf5, 0x5, 0xf5, 0x1f, 0xfa, 0xff, 0x10,
    0x4d, 0xfd, 0x40,

    /* U+03B9 "ι" */
    0xef, 0xf5, 0x6, 0xaf, 0x50, 0x5, 0xf5, 0x0,
    0x5f, 0x50, 0x5, 0xf5, 0x0, 0x3f, 0xd8, 0x0,
    0xcf, 0xe0,

    /* U+03BA "κ" */
    0x4f, 0x61, 0xec, 0x4, 0xf6, 0xaf, 0x20, 0x4f,
    0xaf, 0x70, 0x4, 0xff, 0xf4, 0x0, 0x4f, 0x8f,
    0xd0, 0x4, 0xf6, 0x7f, 0x70, 0x4f, 0x60, 0xdf,
    0x10,

    /* U+03BB "λ" */
    0x1, 0xfc, 0x0, 0x0, 0xc, 0xf1, 0x0, 0x0,
    0x7f, 0x50, 0x0, 0x8, 0xfa, 0x0, 0x0, 0xef,
    0xf0, 0x0, 0x3f, 0xdf, 0x40, 0x8, 0xf4, 0xf9,
    0x0, 0xdd, 0xc, 0xe0, 0x2f, 0x90, 0x8f, 0x37,
    0xf4, 0x3, 0xf8,

    /* U+03BC "μ" */
    0x7f, 0x30, 0x9f, 0x17, 0xf3, 0x9, 0xf1, 0x7f,
    0x30, 0x9f, 0x17, 0xf3, 0x9, 0xf1, 0x7f, 0x40,
    0xaf, 0x27, 0xfe, 0xaf, 0xf9, 0x7f, 0x9e, 0xda,
    0xc7, 0xf1, 0x0, 0x0, 0x7f, 0x30, 0x0, 0x7,
    0xf4, 0x0, 0x0,

    /* U+03BD "ν" */
    0xcd, 0x30, 0x1f, 0x97, 0xfb, 0x5, 0xf4, 0xc,
    0xf1, 0xaf, 0x0, 0x7f, 0x5f, 0xa0, 0x2, 0xfd,
    0xf5, 0x0, 0xd, 0xff, 0x0, 0x0, 0x8f, 0xb0,
    0x0,

    /* U+03BE "ξ" */
    0x2, 0xcf, 0xc6, 0x0, 0xdf, 0x9b, 0xe1, 0xf,
    0xa0, 0x0, 0x0, 0xec, 0x10, 0x0, 0x5, 0xfd,
    0x0, 0x0, 0xed, 0x40, 0x0, 0x4f, 0x60, 0x0,
    0x5, 0xf7, 0x0, 0x0, 0x1f, 0xf7, 0x20, 0x0,
    0x5e, 0xff, 0xc0, 0x0, 0x4, 0x9f, 0x40, 0x4,
    0xad, 0xf3, 0x0, 0x6f, 0xf9, 0x0,

    /* U+03BF "ο" */
    0x2, 0xcf, 0xc2, 0x0, 0xee, 0x9e, 0xe0, 0x5f,
    0x60, 0x6f, 0x57, 0xf3, 0x3, 0xf7, 0x5f, 0x60,
    0x6f, 0x50, 0xee, 0x9e, 0xe0, 0x2, 0xcf, 0xc2,
    0x0,

    /* U+03C0 "π" */
    0xcf, 0xff, 0xff, 0xc7, 0xfd, 0x9d, 0xf7, 0x1f,
    0x90, 0xaf, 0x1, 0xf9, 0xa, 0xf0, 0x1f, 0x90,
    0xaf, 0x1, 0xf9, 0xa, 0xf6, 0x1f, 0x90, 0x4d,
    0xc0,

    /* U+03C1 "ρ" */
    0x1, 0xbf, 0xc3, 0x0, 0xcf, 0x9e, 0xe0, 0x2f,
    0x90, 0x4f, 0x54, 0xf6, 0x2, 0xf7, 0x4f, 0x60,
    0x4f, 0x74, 0xfe, 0x7c, 0xf3, 0x4f, 0xbe, 0xe7,
    0x4, 0xf6, 0x0, 0x0, 0x4f, 0x60, 0x0, 0x4,
    0xf6, 0x0, 0x0,

    /* U+03C2 "ς" */
    0x2, 0xbe, 0xd6, 0x0, 0xef, 0x9c, 0xf2, 0x5f,
    0x60, 0x1, 0x7, 0xf3, 0x0, 0x0, 0x6f, 0x60,
    0x0, 0x2, 0xfd, 0x50, 0x0, 0x5, 0xff, 0xfa,
    0x0, 0x0, 0x4b, 0xf2, 0x0, 0x5a, 0xdf, 0x20,
    0x7, 0xff, 0x80,

    /* U+03C3 "σ" */
    0x4, 0xdf, 0xff, 0xf2, 0xfe, 0xaf, 0xf9, 0x8f,
    0x40, 0x9f, 0x1a, 0xf0, 0x5, 0xf4, 0x8f, 0x30,
    0x8f, 0x22, 0xfd, 0x9f, 0xc0, 0x4, 0xdf, 0xb1,
    0x0,

    /* U+03C4 "τ" */
    0x6f, 0xff, 0xff, 0x53, 0x9b, 0xfb, 0x93, 0x0,
    0x5f, 0x50, 0x0, 0x5, 0xf5, 0x0, 0x0, 0x5f,
    0x50, 0x0, 0x3, 0xfd, 0x80, 0x0, 0xc, 0xfe,
    0x0,

    /* U+03C5 "υ" */
    0xed, 0x20, 0xf, 0x9a, 0xf6, 0x0, 0xf9, 0x4f,
    0x70, 0xf, 0x94, 0xf7, 0x0, 0xf9, 0x3f, 0x90,
    0x2f, 0x90, 0xef, 0xad, 0xf5, 0x3, 0xcf, 0xe7,
    0x0,

    /* U+03C6 "φ" */
    0x0, 0x5f, 0x50, 0x0, 0x5, 0xf5, 0x0, 0x0,
    0x5f, 0x50, 0x0, 0x6d, 0xfd, 0x60, 0x6f, 0xff,
    0xff, 0x6c, 0xf5, 0xf5, 0xfc, 0xdd, 0x4f, 0x4d,
    0xdc, 0xe4, 0xf4, 0xec, 0x9f, 0xcf, 0xcf, 0x91,
    0xcf, 0xff, 0xc1, 0x0, 0x6f, 0x60, 0x0, 0x5,
    0xf5, 0x0, 0x0, 0x5f, 0x50, 0x0,

    /* U+03C7 "χ" */
    0x2f, 0x80, 0x7f, 0x20, 0xcd, 0xd, 0xc0, 0x6,
    0xf7, 0xf6, 0x0, 0xf, 0xff, 0x0, 0x0, 0xaf,
    0xa0, 0x0, 0xc, 0xfc, 0x0, 0x2, 0xfd, 0xf2,
    0x0, 0x8f, 0x3f, 0x80, 0xd, 0xc0, 0xcd, 0x4,
    0xf7, 0x6, 0xf3,

    /* U+03C8 "ψ" */
    0x0, 0x0, 0x0, 0x0, 0x5, 0xf5, 0x0, 0xdc,
    0x5f, 0x5c, 0xdd, 0xc5, 0xf5, 0xcd, 0xdc, 0x5f,
    0x5c, 0xdd, 0xd5, 0xf5, 0xdd, 0xce, 0x5f, 0x5e,
    0xc8, 0xfd, 0xfd, 0xf8, 0x1b, 0xff, 0xfb, 0x10,
    0x6, 0xf6, 0x0, 0x0, 0x5f, 0x50, 0x0, 0x5,
    0xf5, 0x0,

    /* U+03C9 "ω" */
    0xdc, 0x0, 0xc, 0xdd, 0xc1, 0x51, 0xcd, 0xdc,
    0x4f, 0x3c, 0xdd, 0xc4, 0xf3, 0xcd, 0xdd, 0x4f,
    0x4d, 0xdb, 0xfc, 0xfb, 0xfb, 0x3d, 0xe8, 0xed,
    0x20,

    /* U+03CA "ϊ" */
    0x1d, 0x70, 0x9d, 0x1, 0xf9, 0xb, 0xe0, 0x0,
    0x0, 0x0, 0x0, 0xef, 0xf5, 0x0, 0x6, 0xaf,
    0x50, 0x0, 0x5, 0xf5, 0x0, 0x0, 0x5f, 0x50,
    0x0, 0x5, 0xf5, 0x0, 0x0, 0x3f, 0xd8, 0x0,
    0x0, 0xcf, 0xe0,

    /* U+03CB "ϋ" */
    0xd, 0x80, 0x8d, 0x1, 0xfa, 0xa, 0xf1, 0x0,
    0x0, 0x0, 0xe, 0xd2, 0x0, 0xf9, 0xaf, 0x60,
    0xf, 0x94, 0xf7, 0x0, 0xf9, 0x4f, 0x70, 0xf,
    0x93, 0xf9, 0x2, 0xf9, 0xe, 0xfa, 0xdf, 0x50,
    0x3c, 0xfe, 0x70,

    /* U+03CC "ό" */
    0x0, 0x5a, 0x20, 0x0, 0x4, 0xf4, 0x0, 0x0,
    0xf, 0x60, 0x0, 0x0, 0x0, 0x0, 0x2, 0xcf,
    0xc2, 0x0, 0xee, 0x9e, 0xe0, 0x5f, 0x60, 0x6f,
    0x57, 0xf3, 0x3, 0xf7, 0x5f, 0x60, 0x6f, 0x50,
    0xee, 0x9e, 0xe0, 0x2, 0xcf, 0xc2, 0x0,

    /* U+03CD "ύ" */
    0x0, 0x5a, 0x20, 0x0, 0x4, 0xf4, 0x0, 0x0,
    0xf, 0x60, 0x0, 0x0, 0x0, 0x0, 0xed, 0x20,
    0xf, 0x9a, 0xf6, 0x0, 0xf9, 0x4f, 0x70, 0xf,
    0x94, 0xf7, 0x0, 0xf9, 0x3f, 0x90, 0x2f, 0x90,
    0xef, 0xad, 0xf5, 0x3, 0xcf, 0xe7, 0x0,

    /* U+03CE "ώ" */
    0x0, 0x7a, 0x0, 0x0, 0x7, 0xf1, 0x0, 0x0,
    0x3f, 0x30, 0x0, 0x0, 0x0, 0x0, 0xdc, 0x0,
    0xc, 0xdd, 0xc1, 0x51, 0xcd, 0xdc, 0x4f, 0x3c,
    0xdd, 0xc4, 0xf3, 0xcd, 0xdd, 0x4f, 0x4d, 0xdb,
    0xfc, 0xfb, 0xfb, 0x3d, 0xe8, 0xed, 0x20,

    /* U+0400 "Ѐ" */
    0x3, 0xfa, 0x0, 0x0, 0x7, 0xf3, 0x0, 0x0,
    0x6, 0x40, 0x0, 0xff, 0xff, 0xf1, 0xf, 0xea,
    0xaa, 0x10, 0xfb, 0x0, 0x0, 0xf, 0xb0, 0x0,
    0x0, 0xff, 0xff, 0xc0, 0xf, 0xe9, 0x97, 0x0,
    0xfb, 0x0, 0x0, 0xf, 0xb0, 0x0, 0x0, 0xfe,
    0xaa, 0xa1, 0xf, 0xff, 0xff, 0x10,

    /* U+0401 "Ё" */
    0x0, 0x0, 0x0, 0x1, 0xfa, 0xa, 0xf1, 0xd,
    0x80, 0x8d, 0x0, 0x0, 0x0, 0x0, 0xf, 0xff,
    0xff, 0x10, 0xfe, 0xaa, 0xa1, 0xf, 0xb0, 0x0,
    0x0, 0xfb, 0x0, 0x0, 0xf, 0xff, 0xfc, 0x0,
    0xfe, 0x99, 0x70, 0xf, 0xb0, 0x0, 0x0, 0xfb,
    0x0, 0x0, 0xf, 0xea, 0xaa, 0x10, 0xff, 0xff,
    0xf1,

    /* U+0402 "Ђ" */
    0xff, 0xff, 0xff, 0x9a, 0xef, 0xaa, 0xa6, 0xc,
    0xf0, 0x0, 0x0, 0xcf, 0x0, 0x0, 0xc, 0xfd,
    0xfa, 0x0, 0xcf, 0xcd, 0xf7, 0xc, 0xf0, 0x1f,
    0xb0, 0xcf, 0x0, 0xfc, 0xc, 0xf0, 0xf, 0xc0,
    0xcf, 0x0, 0xfc, 0x0, 0x0, 0x1f, 0xb0, 0x4,
    0xac, 0xf9, 0x0, 0x6f, 0xfc, 0x20,

    /* U+0403 "Ѓ" */
    0x0, 0x8, 0xf5, 0x0, 0x1, 0xf9, 0x0, 0x0,
    0x36, 0x0, 0x4, 0xff, 0xff, 0xf4, 0x4f, 0xda,
    0xaa, 0x34, 0xf7, 0x0, 0x0, 0x4f, 0x70, 0x0,
    0x4, 0xf7, 0x0, 0x0, 0x4f, 0x70, 0x0, 0x4,
    0xf7, 0x0, 0x0, 0x4f, 0x70, 0x0, 0x4, 0xf7,
    0x0, 0x0, 0x4f, 0x70, 0x0, 0x0,

    /* U+0404 "Є" */
    0x4, 0xdf, 0xd4, 0x1, 0xfe, 0x9e, 0xf1, 0x5f,
    0x70, 0x4a, 0x26, 0xf5, 0x0, 0x0, 0x6f, 0xff,
    0x70, 0x6, 0xfb, 0x94, 0x0, 0x6f, 0x50, 0x0,
    0x5, 0xf7, 0x4, 0xa2, 0x1f, 0xf9, 0xef, 0x10,
    0x4d, 0xfd, 0x40,

    /* U+0405 "Ѕ" */
    0x5, 0xdf, 0xd4, 0x2, 0xfe, 0x9e, 0xe0, 0x5f,
    0x70, 0x59, 0x13, 0xfd, 0x20, 0x0, 0xa, 0xff,
    0x80, 0x0, 0x5, 0xef, 0xb0, 0x0, 0x0, 0xcf,
    0x43, 0xb4, 0x7, 0xf5, 0x1f, 0xe9, 0xef, 0x20,
    0x5d, 0xfd, 0x40,

    /* U+0406 "І" */
    0xdf, 0xff, 0xd9, 0xcf, 0xc9, 0x6, 0xf6, 0x0,
    0x6f, 0x60, 0x6, 0xf6, 0x0, 0x6f, 0x60, 0x6,
    0xf6, 0x0, 0x6f, 0x60, 0x9c, 0xfc, 0x9d, 0xff,
    0xfd,

    /* U+0407 "Ї" */
    0x0, 0x0, 0x0, 0x1, 0xfa, 0xa, 0xf1, 0xd,
    0x80, 0x8d, 0x0, 0x0, 0x0, 0x0, 0xd, 0xff,
    0xfd, 0x0, 0x9c, 0xfc, 0x90, 0x0, 0x6f, 0x60,
    0x0, 0x6, 0xf6, 0x0, 0x0, 0x6f, 0x60, 0x0,
    0x6, 0xf6, 0x0, 0x0, 0x6f, 0x60, 0x0, 0x6,
    0xf6, 0x0, 0x9, 0xcf, 0xc9, 0x0, 0xdf, 0xff,
    0xd0,

    /* U+0408 "Ј" */
    0x0, 0x7, 0xff, 0x50, 0x0, 0x4c, 0xf5, 0x0,
    0x0, 0x7f, 0x50, 0x0, 0x7, 0xf5, 0x0, 0x0,
    0x7f, 0x50, 0x0, 0x7, 0xf5, 0x0, 0x0, 0x7f,
    0x50, 0x0, 0xa, 0xf3, 0x1a, 0xad, 0xfe, 0x1,
    0xff, 0xfc, 0x30,

    /* U+0409 "Љ" */
    0xa, 0xff, 0x40, 0x0, 0xbe, 0xf4, 0x0, 0xc,
    0xbf, 0x40, 0x0, 0xd9, 0xff, 0xb1, 0xf, 0x8f,
    0xdf, 0xa0, 0xf6, 0xf4, 0xbe, 0x2f, 0x5f, 0x48,
    0xf5, 0xf3, 0xf4, 0xae, 0xec, 0x2f, 0xdf, 0x9e,
    0x42, 0xff, 0xb1,

    /* U+040A "Њ" */
    0xd9, 0x4f, 0x20, 0xd, 0x94, 0xf2, 0x0, 0xd9,
    0x4f, 0x20, 0xd, 0xff, 0xff, 0xb1, 0xdd, 0xcf,
    0xdf, 0xad, 0x94, 0xf2, 0xbe, 0xd9, 0x4f, 0x28,
    0xfd, 0x94, 0xf2, 0xbe, 0xd9, 0x4f, 0xcf, 0x9d,
    0x94, 0xff, 0xa1,

    /* U+040B "Ћ" */
    0xff, 0xff, 0xff, 0x9a, 0xef, 0xaa, 0xa6, 0xc,
    0xf0, 0x0, 0x0, 0xcf, 0x78, 0x30, 0xc, 0xff,
    0xff, 0x30, 0xcf, 0x24, 0xf9, 0xc, 0xf0, 0xf,
    0xb0, 0xcf, 0x0, 0xfc, 0xc, 0xf0, 0xf, 0xc0,
    0xcf, 0x0, 0xfc,

    /* U+040C "Ќ" */
    0x0, 0xa, 0xf3, 0x0, 0x3, 0xf6, 0x0, 0x0,
    0x46, 0x0, 0x4, 0xf7, 0x9, 0xf3, 0x4f, 0x71,
    0xfb, 0x4, 0xf7, 0x9f, 0x20, 0x4f, 0x9f, 0xa0,
    0x4, 0xff, 0xf2, 0x0, 0x4f, 0xef, 0x70, 0x4,
    0xf8, 0xee, 0x0, 0x4f, 0x77, 0xf6, 0x4, 0xf7,
    0x1f, 0xe0, 0x4f, 0x70, 0x8f, 0x60,

    /* U+040D "Ѝ" */
    0x3, 0xfa, 0x0, 0x0, 0x7, 0xf3, 0x0, 0x0,
    0x6, 0x40, 0x4, 0xf8, 0xa, 0xf4, 0x4f, 0x80,
    0xff, 0x44, 0xf8, 0x5f, 0xf4, 0x4f, 0x8b, 0xff,
    0x44, 0xf9, 0xfe, 0xf4, 0x4f, 0xef, 0x9f, 0x44,
    0xff, 0xb8, 0xf4, 0x4f, 0xf5, 0x8f, 0x44, 0xff,
    0x8, 0xf4, 0x4f, 0xa0, 0x8f, 0x40,

    /* U+040E "Ў" */
    0x2f, 0x80, 0x8f, 0x20, 0x7d, 0xed, 0x70, 0x0,
    0x0, 0x0, 0xc, 0xf2, 0x1, 0xfc, 0x6f, 0x80,
    0x7f, 0x60, 0xfe, 0xd, 0xf0, 0xa, 0xf7, 0xfa,
    0x0, 0x4f, 0xff, 0x40, 0x0, 0xef, 0xe0, 0x0,
    0x8, 0xf9, 0x0, 0x0, 0xaf, 0x30, 0x0, 0x1f,
    0xd0, 0x0, 0x6, 0xf7, 0x0, 0x0,

    /* U+040F "Џ" */
    0x4f, 0x80, 0x8f, 0x44, 0xf8, 0x8, 0xf4, 0x4f,
    0x80, 0x8f, 0x44, 0xf8, 0x8, 0xf4, 0x4f, 0x80,
    0x8f, 0x44, 0xf8, 0x8, 0xf4, 0x4f, 0x80, 0x8f,
    0x44, 0xf8, 0x8, 0xf4, 0x4f, 0xda, 0xdf, 0x44,
    0xff, 0xff, 0xf4, 0x0, 0x3f, 0x30, 0x0, 0x3,
    0xf3, 0x0,

    /* U+0410 "А" */
    0x0, 0x8f, 0x80, 0x0, 0xc, 0xfb, 0x0, 0x0,
    0xff, 0xf0, 0x0, 0x3f, 0xff, 0x30, 0x7, 0xf9,
    0xf7, 0x0, 0xbf, 0x2f, 0xa0, 0xe, 0xc0, 0xee,
    0x2, 0xff, 0xff, 0xf2, 0x6f, 0xca, 0xcf, 0x6a,
    0xf2, 0x4, 0xfa,

    /* U+0411 "Б" */
    0x4f, 0xff, 0xff, 0x44, 0xfd, 0xaa, 0xa3, 0x4f,
    0x70, 0x0, 0x4, 0xff, 0xfc, 0x40, 0x4f, 0xdc,
    0xff, 0x24, 0xf7, 0x8, 0xf6, 0x4f, 0x70, 0x5f,
    0x84, 0xf7, 0x8, 0xf6, 0x4f, 0xdd, 0xff, 0x14,
    0xff, 0xfc, 0x30,

    /* U+0412 "В" */
    0x4f, 0xff, 0xe6, 0x4, 0xfb, 0x7e, 0xf1, 0x4f,
    0x70, 0x8f, 0x44, 0xf7, 0x1c, 0xf1, 0x4f, 0xff,
    0xf8, 0x4, 0xf9, 0x4c, 0xf2, 0x4f, 0x70, 0x6f,
    0x64, 0xf7, 0x7, 0xf6, 0x4f, 0xc9, 0xff, 0x34,
    0xff, 0xfd, 0x60,

    /* U+0413 "Г" */
    0x4f, 0xff, 0xff, 0x44, 0xfd, 0xaa, 0xa3, 0x4f,
    0x70, 0x0, 0x4, 0xf7, 0x0, 0x0, 0x4f, 0x70,
    0x0, 0x4, 0xf7, 0x0, 0x0, 0x4f, 0x70, 0x0,
    0x4, 0xf7, 0x0, 0x0, 0x4f, 0x70, 0x0, 0x4,
    0xf7, 0x0, 0x0,

    /* U+0414 "Д" */
    0x2, 0xff, 0xff, 0x60, 0x4f, 0xcc, 0xf6, 0x5,
    0xf4, 0x5f, 0x60, 0x6f, 0x35, 0xf6, 0x8, 0xf1,
    0x5f, 0x60, 0xaf, 0x5, 0xf6, 0xc, 0xd0, 0x5f,
    0x60, 0xfa, 0x5, 0xf6, 0xcf, 0xda, 0xcf, 0xcf,
    0xff, 0xff, 0xff, 0xf8, 0x0, 0x8, 0xfe, 0x70,
    0x0, 0x7e,

    /* U+0415 "Е" */
    0xf, 0xff, 0xff, 0x10, 0xfe, 0xaa, 0xa1, 0xf,
    0xb0, 0x0, 0x0, 0xfb, 0x0, 0x0, 0xf, 0xff,
    0xfc, 0x0, 0xfe, 0x99, 0x70, 0xf, 0xb0, 0x0,
    0x0, 0xfb, 0x0, 0x0, 0xf, 0xea, 0xaa, 0x10,
    0xff, 0xff, 0xf1,

    /* U+0416 "Ж" */
    0xbc, 0x1f, 0x1c, 0xb6, 0xf3, 0xf3, 0xf6, 0x1f,
    0x7f, 0x7f, 0x10, 0xcc, 0xfc, 0xc0, 0x8, 0xff,
    0xf8, 0x0, 0xbf, 0xff, 0xb0, 0xf, 0xbf, 0xbf,
    0x4, 0xf7, 0xf7, 0xf4, 0x9f, 0x2f, 0x2f, 0x8d,
    0xc1, 0xf1, 0xcd,

    /* U+0417 "З" */
    0x4, 0xdf, 0xc3, 0x1, 0xfe, 0x9e, 0xf1, 0x3a,
    0x40, 0x7f, 0x40, 0x0, 0x1b, 0xf1, 0x0, 0x6f,
    0xf8, 0x0, 0x1, 0x4c, 0xf2, 0x0, 0x0, 0x6f,
    0x63, 0xa4, 0x7, 0xf5, 0x2f, 0xe9, 0xff, 0x10,
    0x5d, 0xfc, 0x30,

    /* U+0418 "И" */
    0x4f, 0x80, 0xaf, 0x44, 0xf8, 0xf, 0xf4, 0x4f,
    0x85, 0xff, 0x44, 0xf8, 0xbf, 0xf4, 0x4f, 0x9f,
    0xef, 0x44, 0xfe, 0xf9, 0xf4, 0x4f, 0xfb, 0x8f,
    0x44, 0xff, 0x58, 0xf4, 0x4f, 0xf0, 0x8f, 0x44,
    0xfa, 0x8, 0xf4,

    /* U+0419 "Й" */
    0x2f, 0x80, 0x8f, 0x20, 0x7d, 0xed, 0x70, 0x0,
    0x0, 0x0, 0x4, 0xf8, 0xa, 0xf4, 0x4f, 0x80,
    0xff, 0x44, 0xf8, 0x5f, 0xf4, 0x4f, 0x8b, 0xff,
    0x44, 0xf9, 0xfe, 0xf4, 0x4f, 0xef, 0x9f, 0x44,
    0xff, 0xb8, 0xf4, 0x4f, 0xf5, 0x8f, 0x44, 0xff,
    0x8, 0xf4, 0x4f, 0xa0, 0x8f, 0x40,

    /* U+041A "К" */
    0x4f, 0x70, 0x9f, 0x34, 0xf7, 0x1f, 0xb0, 0x4f,
    0x79, 0xf2, 0x4, 0xf9, 0xfa, 0x0, 0x4f, 0xff,
    0x20, 0x4, 0xfe, 0xf7, 0x0, 0x4f, 0x8e, 0xe0,
    0x4, 0xf7, 0x7f, 0x60, 0x4f, 0x71, 0xfe, 0x4,
    0xf7, 0x8, 0xf6,

    /* U+041B "Л" */
    0x2, 0xff, 0xff, 0x60, 0x4f, 0xcc, 0xf6, 0x5,
    0xf4, 0x5f, 0x60, 0x6f, 0x35, 0xf6, 0x8, 0xf1,
    0x5f, 0x60, 0xaf, 0x5, 0xf6, 0xc, 0xd0, 0x5f,
    0x61, 0xfa, 0x5, 0xf6, 0xdf, 0x50, 0x5f, 0x6f,
    0xa0, 0x5, 0xf6,

    /* U+041C "М" */
    0x7f, 0x70, 0x6f, 0x77, 0xfc, 0xb, 0xf7, 0x7f,
    0xf2, 0xff, 0x77, 0xff, 0xcf, 0xf7, 0x7f, 0xcf,
    0xcf, 0x77, 0xf7, 0xf7, 0xf7, 0x7f, 0x1f, 0x1f,
    0x77, 0xf0, 0x80, 0xf7, 0x7f, 0x0, 0xf, 0x77,
    0xf0, 0x0, 0xf7,

    /* U+041D "Н" */
    0x4f, 0x80, 0x8f, 0x44, 0xf8, 0x8, 0xf4, 0x4f,
    0x80, 0x8f, 0x44, 0xf8, 0x8, 0xf4, 0x4f, 0xff,
    0xff, 0x44, 0xfd, 0xad, 0xf4, 0x4f, 0x80, 0x8f,
    0x44, 0xf8, 0x8, 0xf4, 0x4f, 0x80, 0x8f, 0x44,
    0xf8, 0x8, 0xf4,

    /* U+041E "О" */
    0x4, 0xdf, 0xd4, 0x1, 0xfe, 0xae, 0xf1, 0x5f,
    0x70, 0x7f, 0x56, 0xf5, 0x5, 0xf6, 0x6f, 0x50,
    0x5f, 0x66, 0xf5, 0x5, 0xf6, 0x6f, 0x50, 0x5f,
    0x65, 0xf7, 0x7, 0xf5, 0x1f, 0xe9, 0xef, 0x10,
    0x4d, 0xfd, 0x40,

    /* U+041F "П" */
    0x4f, 0xff, 0xff, 0x44, 0xfd, 0xad, 0xf4, 0x4f,
    0x80, 0x8f, 0x44, 0xf8, 0x8, 0xf4, 0x4f, 0x80,
    0x8f, 0x44, 0xf8, 0x8, 0xf4, 0x4f, 0x80, 0x8f,
    0x44, 0xf8, 0x8, 0xf4, 0x4f, 0x80, 0x8f, 0x44,
    0xf8, 0x8, 0xf4,

    /* U+0420 "Р" */
    0x4f, 0xff, 0xc4, 0x4, 0xfd, 0xcf, 0xf1, 0x4f,
    0x70, 0x7f, 0x64, 0xf7, 0x5, 0xf8, 0x4f, 0x71,
    0xbf, 0x64, 0xff, 0xff, 0xe0, 0x4f, 0xda, 0x81,
    0x4, 0xf7, 0x0, 0x0, 0x4f, 0x70, 0x0, 0x4,
    0xf7, 0x0, 0x0,

    /* U+0421 "С" */
    0x4, 0xdf, 0xd4, 0x1, 0xfe, 0x9e, 0xf1, 0x5f,
    0x70, 0x4a, 0x26, 0xf5, 0x0, 0x0, 0x6f, 0x50,
    0x0, 0x6, 0xf5, 0x0, 0x0, 0x6f, 0x50, 0x0,
    0x5, 0xf7, 0x4, 0xa2, 0x1f, 0xe9, 0xef, 0x10,
    0x4d, 0xfd, 0x40,

    /* U+0422 "Т" */
    0x9f, 0xff, 0xff, 0x96, 0xac, 0xfc, 0xa6, 0x0,
    0x6f, 0x60, 0x0, 0x6, 0xf6, 0x0, 0x0, 0x6f,
    0x60, 0x0, 0x6, 0xf6, 0x0, 0x0, 0x6f, 0x60,
    0x0, 0x6, 0xf6, 0x0, 0x0, 0x6f, 0x60, 0x0,
    0x6, 0xf6, 0x0,

    /* U+0423 "У" */
    0xcf, 0x20, 0x1f, 0xc6, 0xf8, 0x7, 0xf6, 0xf,
    0xe0, 0xdf, 0x0, 0xaf, 0x7f, 0xa0, 0x4, 0xff,
    0xf4, 0x0, 0xe, 0xfe, 0x0, 0x0, 0x8f, 0x90,
    0x0, 0xa, 0xf3, 0x0, 0x1, 0xfd, 0x0, 0x0,
    0x6f, 0x70, 0x0,

    /* U+0424 "Ф" */
    0x0, 0x5f, 0x50, 0x0, 0x4b, 0xfb, 0x40, 0x5f,
    0xff, 0xff, 0x5b, 0xf6, 0xf7, 0xfb, 0xdd, 0x4f,
    0x4d, 0xdd, 0xd4, 0xf4, 0xdd, 0xcf, 0x6f, 0x6f,
    0xc6, 0xff, 0xff, 0xf6, 0x5, 0xcf, 0xc5, 0x0,
    0x5, 0xf5, 0x0,

    /* U+0425 "Х" */
    0x6f, 0x90, 0x8f, 0x60, 0xff, 0xe, 0xf0, 0x9,
    0xf9, 0xf9, 0x0, 0x3f, 0xff, 0x30, 0x0, 0xdf,
    0xd0, 0x0, 0xd, 0xfd, 0x0, 0x3, 0xff, 0xf4,
    0x0, 0x9f, 0x8f, 0xa0, 0xf, 0xe0, 0xef, 0x6,
    0xf9, 0xa, 0xf6,

    /* U+0426 "Ц" */
    0xbf, 0x10, 0xfd, 0xb, 0xf1, 0xf, 0xd0, 0xbf,
    0x10, 0xfd, 0xb, 0xf1, 0xf, 0xd0, 0xbf, 0x10,
    0xfd, 0xb, 0xf1, 0xf, 0xd0, 0xbf, 0x10, 0xfd,
    0xb, 0xf1, 0xf, 0xd0, 0xbf, 0xba, 0xff, 0xab,
    0xff, 0xff, 0xff, 0x0, 0x0, 0x8, 0xf0, 0x0,
    0x0, 0x7e,

    /* U+0427 "Ч" */
    0x8f, 0x40, 0x7f, 0x48, 0xf4, 0x7, 0xf4, 0x8f,
    0x40, 0x7f, 0x47, 0xf4, 0x7, 0xf4, 0x5f, 0x91,
    0x8f, 0x40, 0xef, 0xff, 0xf4, 0x1, 0x79, 0xbf,
    0x40, 0x0, 0x7, 0xf4, 0x0, 0x0, 0x7f, 0x40,
    0x0, 0x7, 0xf4,

    /* U+0428 "Ш" */
    0xbe, 0xf, 0xe, 0xbb, 0xe0, 0xf0, 0xeb, 0xbe,
    0xf, 0xe, 0xbb, 0xe0, 0xf0, 0xeb, 0xbe, 0xf,
    0xe, 0xbb, 0xe0, 0xf0, 0xeb, 0xbe, 0xf, 0xe,
    0xbb, 0xe0, 0xf0, 0xeb, 0xbf, 0xaf, 0xaf, 0xbb,
    0xff, 0xff, 0xfb,

    /* U+0429 "Щ" */
    0xf9, 0x4b, 0x2f, 0x6f, 0x94, 0xb2, 0xf6, 0xf9,
    0x4b, 0x2f, 0x6f, 0x94, 0xb2, 0xf6, 0xf9, 0x4b,
    0x2f, 0x6f, 0x94, 0xb2, 0xf6, 0xf9, 0x4b, 0x2f,
    0x6f, 0x94, 0xb2, 0xf6, 0xfd, 0xce, 0xbf, 0xdf,
    0xff, 0xff, 0xff, 0x0, 0x0, 0x8, 0xf0, 0x0,
    0x0, 0x7e,

    /* U+042A "Ъ" */
    0xff, 0xe0, 0x0, 0xa, 0xfe, 0x0, 0x0, 0xd,
    0xe0, 0x0, 0x0, 0xdf, 0xfe, 0x80, 0xd, 0xfa,
    0xff, 0x80, 0xde, 0x1, 0xfd, 0xd, 0xe0, 0xe,
    0xf0, 0xde, 0x2, 0xfd, 0xd, 0xfc, 0xff, 0x70,
    0xdf, 0xfe, 0x80,

    /* U+042B "Ы" */
    0xfa, 0x0, 0xa, 0xff, 0xa0, 0x0, 0xaf, 0xfa,
    0x0, 0xa, 0xff, 0xfe, 0x90, 0xaf, 0xfe, 0xef,
    0x7a, 0xff, 0xa1, 0xfc, 0xaf, 0xfa, 0xd, 0xda,
    0xff, 0xa1, 0xfc, 0xaf, 0xfe, 0xff, 0x6a, 0xff,
    0xfe, 0x80, 0xaf,

    /* U+042C "Ь" */
    0x4f, 0x70, 0x0, 0x4, 0xf7, 0x0, 0x0, 0x4f,
    0x70, 0x0, 0x4, 0xff, 0xfc, 0x40, 0x4f, 0xdc,
    0xff, 0x24, 0xf7, 0x8, 0xf6, 0x4f, 0x70, 0x5f,
    0x84, 0xf7, 0x8, 0xf6, 0x4f, 0xdd, 0xff, 0x14,
    0xff, 0xfc, 0x30,

    /* U+042D "Э" */
    0x4, 0xdf, 0xd4, 0x1, 0xfe, 0x9e, 0xf1, 0x2a,
    0x40, 0x7f, 0x50, 0x0, 0x5, 0xf6, 0x0, 0x7f,
    0xff, 0x60, 0x4, 0x9b, 0xf6, 0x0, 0x0, 0x5f,
    0x62, 0xa4, 0x7, 0xf5, 0x1f, 0xe9, 0xff, 0x10,
    0x4d, 0xfd, 0x40,

    /* U+042E "Ю" */
    0xf7, 0x1b, 0xfb, 0x1f, 0x78, 0xfa, 0xfa, 0xf7,
    0xba, 0x9, 0xef, 0x7c, 0x90, 0x8f, 0xff, 0xf8,
    0x8, 0xff, 0xde, 0x80, 0x8f, 0xf7, 0xc9, 0x8,
    0xff, 0x7b, 0xa0, 0x9e, 0xf7, 0x8f, 0xaf, 0xaf,
    0x71, 0xbf, 0xc1,

    /* U+042F "Я" */
    0x5, 0xdf, 0xff, 0x43, 0xff, 0xcd, 0xf4, 0x8f,
    0x60, 0x8f, 0x48, 0xf4, 0x8, 0xf4, 0x5f, 0xa0,
    0x8f, 0x40, 0x9f, 0xff, 0xf4, 0x0, 0xcf, 0xcf,
    0x40, 0x5f, 0xb8, 0xf4, 0xd, 0xf2, 0x8f, 0x46,
    0xfa, 0x8, 0xf4,

    /* U+0430 "а" */
    0x3, 0xbf, 0xd6, 0x0, 0xde, 0x9e, 0xf2, 0x0,
    0x0, 0x6f, 0x50, 0x9e, 0xed, 0xf6, 0x6f, 0x83,
    0x8f, 0x66, 0xfa, 0x7d, 0xf6, 0xa, 0xfe, 0x9f,
    0x60,

    /* U+0431 "б" */
    0x0, 0x0, 0x2, 0x0, 0x3, 0x7a, 0xf0, 0xb,
    0xff, 0xfa, 0x4, 0xf8, 0x20, 0x0, 0x6e, 0xaf,
    0xc2, 0x7, 0xfd, 0x7e, 0xe0, 0x8f, 0x50, 0x6f,
    0x57, 0xf2, 0x3, 0xf7, 0x5f, 0x50, 0x6f, 0x50,
    0xee, 0x9e, 0xe0, 0x3, 0xcf, 0xc2, 0x0,

    /* U+0432 "в" */
    0x4f, 0xff, 0xe7, 0x4, 0xf9, 0x6d, 0xf2, 0x4f,
    0x60, 0xbf, 0x24, 0xff, 0xff, 0xb0, 0x4f, 0x83,
    0xaf, 0x44, 0xfa, 0x6c, 0xf6, 0x4f, 0xff, 0xe9,
    0x0,

    /* U+0433 "г" */
    0x4f, 0xff, 0xff, 0x54, 0xfb, 0x99, 0x93, 0x4f,
    0x60, 0x0, 0x4, 0xf6, 0x0, 0x0, 0x4f, 0x60,
    0x0, 0x4, 0xf6, 0x0, 0x0, 0x4f, 0x60, 0x0,
    0x0,

    /* U+0434 "д" */
    0x3, 0xff, 0xff, 0x40, 0x5f, 0xbc, 0xf4, 0x7,
    0xf2, 0x7f, 0x40, 0xaf, 0x7, 0xf4, 0xd, 0xc0,
    0x7f, 0x4a, 0xfd, 0x9c, 0xfb, 0xff, 0xff, 0xff,
    0xff, 0x50, 0x0, 0x5f, 0xc4, 0x0, 0x4, 0xc0,

    /* U+0435 "е" */
    0x3, 0xcf, 0xd4, 0x1, 0xee, 0x9e, 0xf2, 0x5f,
    0x50, 0x4f, 0x67, 0xfe, 0xee, 0xf8, 0x6f, 0x50,
    0x0, 0x1, 0xee, 0x9c, 0xf3, 0x3, 0xcf, 0xd7,
    0x0,

    /* U+0436 "ж" */
    0xad, 0x2f, 0x2d, 0xa3, 0xf5, 0xf5, 0xf3, 0xc,
    0xcf, 0xcc, 0x0, 0x9f, 0xff, 0x90, 0xe, 0xbf,
    0xbe, 0x6, 0xf5, 0xf5, 0xf5, 0xcd, 0x2f, 0x2d,
    0xc0,

    /* U+0437 "з" */
    0x6, 0xcf, 0xd6, 0x2, 0xeb, 0x7c, 0xf3, 0x0,
    0x2, 0x9f, 0x30, 0x6, 0xff, 0xc0, 0x0, 0x15,
    0xaf, 0x51, 0xda, 0x7b, 0xf5, 0x6, 0xdf, 0xe8,
    0x0,

    /* U+0438 "и" */
    0x4f, 0x60, 0xbf, 0x44, 0xf6, 0x3f, 0xf4, 0x4f,
    0x6b, 0xff, 0x44, 0xfb, 0xfb, 0xf4, 0x4f, 0xfb,
    0x6f, 0x44, 0xff, 0x36, 0xf4, 0x4f, 0xb0, 0x6f,
    0x40,

    /* U+0439 "й" */
    0x17, 0x20, 0x37, 0x11, 0xf6, 0x6, 0xf1, 0xd,
    0xb0, 0xbd, 0x0, 0x3c, 0xec, 0x30, 0x4f, 0x60,
    0xbf, 0x44, 0xf6, 0x3f, 0xf4, 0x4f, 0x6b, 0xff,
    0x44, 0xfb, 0xfb, 0xf4, 0x4f, 0xfb, 0x6f, 0x44,
    0xff, 0x36, 0xf4, 0x4f, 0xb0, 0x6f, 0x40,

    /* U+043A "к" */
    0x4f, 0x61, 0xec, 0x4, 0xf6, 0xaf, 0x20, 0x4f,
    0xaf, 0x70, 0x4, 0xff, 0xf4, 0x0, 0x4f, 0x8f,
    0xd0, 0x4, 0xf6, 0x7f, 0x70, 0x4f, 0x60, 0xdf,
    0x10,

    /* U+043B "л" */
    0x2, 0xff, 0xff, 0x40, 0x4f, 0xbc, 0xf4, 0x6,
    0xf2, 0x6f, 0x40, 0x9f, 0x6, 0xf4, 0xd, 0xd0,
    0x6f, 0x4a, 0xf8, 0x6, 0xf4, 0xec, 0x0, 0x6f,
    0x40,

    /* U+043C "м" */
    0x7f, 0x80, 0x7f, 0x77, 0xff, 0x1e, 0xf7, 0x7f,
    0xfc, 0xff, 0x77, 0xf9, 0xf9, 0xf7, 0x7f, 0x2f,
    0x2f, 0x77, 0xf0, 0x40, 0xf7, 0x7f, 0x0, 0xf,
    0x70,

    /* U+043D "н" */
    0x4f, 0x60, 0x6f, 0x44, 0xf6, 0x6, 0xf4, 0x4f,
    0x60, 0x6f, 0x44, 0xff, 0xff, 0xf4, 0x4f, 0xc9,
    0xcf, 0x44, 0xf6, 0x6, 0xf4, 0x4f, 0x60, 0x6f,
    0x40,

    /* U+043E "о" */
    0x2, 0xcf, 0xc2, 0x0, 0xee, 0x9e, 0xe0, 0x5f,
    0x60, 0x6f, 0x57, 0xf3, 0x3, 0xf7, 0x5f, 0x60,
    0x6f, 0x50, 0xee, 0x9e, 0xe0, 0x2, 0xcf, 0xc2,
    0x0,

    /* U+043F "п" */
    0x4f, 0xff, 0xff, 0x44, 0xfc, 0x9c, 0xf4, 0x4f,
    0x60, 0x6f, 0x44, 0xf6, 0x6, 0xf4, 0x4f, 0x60,
    0x6f, 0x44, 0xf6, 0x6, 0xf4, 0x4f, 0x60, 0x6f,
    0x40,

    /* U+0440 "р" */
    0x4f, 0xbe, 0xe7, 0x4, 0xfe, 0x7c, 0xf3, 0x4f,
    0x70, 0x4f, 0x74, 0xf6, 0x3, 0xf8, 0x4f, 0x60,
    0x4f, 0x74, 0xfe, 0x7c, 0xf3, 0x4f, 0xbe, 0xe7,
    0x4, 0xf6, 0x0, 0x0, 0x4f, 0x60, 0x0, 0x4,
    0xf6, 0x0, 0x0,

    /* U+0441 "с" */
    0x2, 0xbe, 0xd6, 0x0, 0xef, 0x9c, 0xf2, 0x5f,
    0x70, 0x0, 0x7, 0xf4, 0x0, 0x0, 0x5f, 0x70,
    0x0, 0x0, 0xef, 0x9c, 0xf2, 0x2, 0xbe, 0xd6,
    0x0,

    /* U+0442 "т" */
    0x6f, 0xff, 0xff, 0x53, 0x9b, 0xfb, 0x93, 0x0,
    0x5f, 0x50, 0x0, 0x5, 0xf5, 0x0, 0x0, 0x5f,
    0x50, 0x0, 0x5, 0xf5, 0x0, 0x0, 0x5f, 0x50,
    0x0,

    /* U+0443 "у" */
    0x8f, 0x50, 0x2f, 0x83, 0xf9, 0x7, 0xf3, 0xe,
    0xe0, 0xbe, 0x0, 0x9f, 0x3f, 0xa0, 0x4, 0xfb,
    0xf5, 0x0, 0xe, 0xff, 0x0, 0x0, 0xaf, 0xb0,
    0x0, 0x6, 0xf7, 0x0, 0x0, 0xaf, 0x20, 0x0,
    0xe, 0xd0, 0x0,

    /* U+0444 "ф" */
    0x0, 0x5f, 0x50, 0x0, 0x5, 0xf5, 0x0, 0x0,
    0x5f, 0x50, 0x0, 0x6d, 0xfd, 0x60, 0x6f, 0xff,
    0xff, 0x6c, 0xf5, 0xf5, 0xfc, 0xdd, 0x4f, 0x4d,
    0xdc, 0xe4, 0xf4, 0xec, 0x9f, 0xcf, 0xcf, 0x91,
    0xcf, 0xff, 0xc1, 0x0, 0x6f, 0x60, 0x0, 0x5,
    0xf5, 0x0, 0x0, 0x5f, 0x50, 0x0,

    /* U+0445 "х" */
    0x1f, 0xa0, 0xaf, 0x20, 0x8f, 0x5f, 0x80, 0x1,
    0xef, 0xe0, 0x0, 0xa, 0xfa, 0x0, 0x2, 0xfe,
    0xf2, 0x0, 0xaf, 0x3f, 0xa0, 0x2f, 0x90, 0x9f,
    0x20,

    /* U+0446 "ц" */
    0x8f, 0x20, 0xbf, 0x8, 0xf2, 0xb, 0xf0, 0x8f,
    0x20, 0xbf, 0x8, 0xf2, 0xb, 0xf0, 0x8f, 0x20,
    0xbf, 0x8, 0xfa, 0x9e, 0xf9, 0x8f, 0xff, 0xff,
    0xf0, 0x0, 0x0, 0x5f, 0x0, 0x0, 0x4, 0xc0,

    /* U+0447 "ч" */
    0x4f, 0x60, 0x6f, 0x44, 0xf6, 0x6, 0xf4, 0x3f,
    0xc3, 0x9f, 0x40, 0xbf, 0xff, 0xf4, 0x0, 0x34,
    0x9f, 0x40, 0x0, 0x6, 0xf4, 0x0, 0x0, 0x6f,
    0x40,

    /* U+0448 "ш" */
    0xbe, 0xf, 0xe, 0xbb, 0xe0, 0xf0, 0xeb, 0xbe,
    0xf, 0xe, 0xbb, 0xe0, 0xf0, 0xeb, 0xbe, 0xf,
    0xe, 0xbb, 0xfa, 0xfa, 0xfb, 0xbf, 0xff, 0xff,
    0xb0,

    /* U+0449 "щ" */
    0xf9, 0x4b, 0x2f, 0x6f, 0x94, 0xb2, 0xf6, 0xf9,
    0x4b, 0x2f, 0x6f, 0x94, 0xb2, 0xf6, 0xf9, 0x4b,
    0x2f, 0x6f, 0xdb, 0xea, 0xfc, 0xff, 0xff, 0xff,
    0xf0, 0x0, 0x0, 0x5f, 0x0, 0x0, 0x4, 0xc0,

    /* U+044A "ъ" */
    0xff, 0xe0, 0x0, 0x9, 0xee, 0x0, 0x0, 0xc,
    0xff, 0xfc, 0x20, 0xcf, 0x89, 0xfc, 0xc, 0xe0,
    0xd, 0xf0, 0xcf, 0x9a, 0xfc, 0xc, 0xff, 0xfb,
    0x20,

    /* U+044B "ы" */
    0xec, 0x0, 0xc, 0xee, 0xc0, 0x0, 0xce, 0xef,
    0xea, 0x1c, 0xee, 0xeb, 0xf9, 0xce, 0xec, 0xf,
    0xbc, 0xee, 0xec, 0xf8, 0xce, 0xef, 0xea, 0xc,
    0xe0,

    /* U+044C "ь" */
    0x4f, 0x60, 0x0, 0x4, 0xf6, 0x0, 0x0, 0x4f,
    0xff, 0xe7, 0x4, 0xfb, 0x8d, 0xf4, 0x4f, 0x60,
    0x5f, 0x64, 0xfb, 0x9d, 0xf3, 0x4f, 0xff, 0xe7,
    0x0,

    /* U+044D "э" */
    0x7, 0xde, 0xb2, 0x2, 0xfc, 0x9f, 0xe0, 0x0,
    0x11, 0x7f, 0x50, 0xc, 0xff, 0xf7, 0x0, 0x34,
    0x9f, 0x52, 0xdb, 0x9e, 0xe0, 0x7, 0xde, 0xb2,
    0x0,

    /* U+044E "ю" */
    0xf8, 0x2c, 0xe9, 0xf, 0x8a, 0xe9, 0xf8, 0xfd,
    0xf5, 0xb, 0xdf, 0xff, 0x20, 0x8f, 0xf8, 0xf4,
    0xb, 0xdf, 0x8a, 0xc7, 0xf8, 0xf8, 0x1c, 0xe9,
    0x0,

    /* U+044F "я" */
    0x6, 0xdf, 0xff, 0x43, 0xfe, 0x9c, 0xf4, 0x5f,
    0x60, 0x6f, 0x40, 0xef, 0xbd, 0xf4, 0x0, 0xdf,
    0xaf, 0x40, 0x6f, 0x86, 0xf4, 0x2f, 0xc0, 0x6f,
    0x40,

    /* U+0450 "ѐ" */
    0x3, 0xa6, 0x0, 0x0, 0xb, 0xf1, 0x0, 0x0,
    0x1e, 0x80, 0x0, 0x0, 0x0, 0x0, 0x3, 0xcf,
    0xd4, 0x1, 0xee, 0x9e, 0xf2, 0x5f, 0x50, 0x4f,
    0x67, 0xfe, 0xee, 0xf8, 0x6f, 0x50, 0x0, 0x1,
    0xee, 0x9c, 0xf3, 0x3, 0xcf, 0xd7, 0x0,

    /* U+0451 "ё" */
    0xd, 0x90, 0x7d, 0x10, 0xeb, 0x9, 0xf1, 0x0,
    0x0, 0x0, 0x0, 0x3c, 0xfd, 0x40, 0x1e, 0xe9,
    0xef, 0x25, 0xf5, 0x4, 0xf6, 0x7f, 0xee, 0xef,
    0x86, 0xf5, 0x0, 0x0, 0x1e, 0xe9, 0xcf, 0x30,
    0x3c, 0xfd, 0x70,

    /* U+0452 "ђ" */
    0x5f, 0x71, 0x11, 0xf, 0xff, 0xff, 0xa0, 0x7f,
    0x94, 0x43, 0x4, 0xfb, 0xdf, 0xa0, 0x4f, 0xe8,
    0xcf, 0x54, 0xf7, 0x4, 0xf7, 0x4f, 0x60, 0x3f,
    0x74, 0xf6, 0x3, 0xf7, 0x4f, 0x60, 0x3f, 0x74,
    0xf6, 0x3, 0xf7, 0x0, 0x0, 0x4f, 0x70, 0x7,
    0xad, 0xf4, 0x0, 0xbf, 0xfa, 0x0,

    /* U+0453 "ѓ" */
    0x0, 0x8, 0xf5, 0x0, 0x1, 0xfa, 0x0, 0x0,
    0x4a, 0x10, 0x4, 0xff, 0xff, 0xf5, 0x4f, 0xb9,
    0x99, 0x34, 0xf6, 0x0, 0x0, 0x4f, 0x60, 0x0,
    0x4, 0xf6, 0x0, 0x0, 0x4f, 0x60, 0x0, 0x4,
    0xf6, 0x0, 0x0,

    /* U+0454 "є" */
    0x2, 0xbe, 0xd7, 0x0, 0xef, 0x9c, 0xf2, 0x5f,
    0x71, 0x10, 0x7, 0xff, 0xfc, 0x0, 0x5f, 0x84,
    0x30, 0x0, 0xee, 0x9b, 0xd2, 0x2, 0xbe, 0xd7,
    0x0,

    /* U+0455 "ѕ" */
    0x5, 0xdf, 0xb3, 0x0, 0xfc, 0x4c, 0xb0, 0xd,
    0xe5, 0x0, 0x0, 0x2b, 0xfe, 0x50, 0x0, 0x3,
    0xef, 0x0, 0xee, 0x5c, 0xf0, 0x4, 0xdf, 0xd5,
    0x0,

    /* U+0456 "і" */
    0x4, 0xe4, 0x0, 0x5f, 0x50, 0x0, 0x0, 0xb,
    0xff, 0x60, 0x6b, 0xf6, 0x0, 0x4f, 0x60, 0x4,
    0xf6, 0x0, 0x4f, 0x60, 0x6b, 0xfb, 0x6b, 0xff,
    0xfb,

    /* U+0457 "ї" */
    0x2e, 0x60, 0xac, 0x2, 0xf8, 0xc, 0xd0, 0x0,
    0x0, 0x0, 0x0, 0xbf, 0xf6, 0x0, 0x6, 0xbf,
    0x60, 0x0, 0x4, 0xf6, 0x0, 0x0, 0x4f, 0x60,
    0x0, 0x4, 0xf6, 0x0, 0x6, 0xbf, 0xb6, 0x0,
    0xbf, 0xff, 0xb0,

    /* U+0458 "ј" */
    0x0, 0x4e, 0x30, 0x6, 0xf4, 0x0, 0x0, 0x5,
    0xff, 0xf4, 0x39, 0xcf, 0x40, 0x6, 0xf4, 0x0,
    0x6f, 0x40, 0x6, 0xf4, 0x0, 0x6f, 0x40, 0x6,
    0xf4, 0x0, 0x7f, 0x49, 0xae, 0xf1, 0xdf, 0xf7,
    0x0,

    /* U+0459 "љ" */
    0x9, 0xff, 0x60, 0x0, 0xbe, 0xf6, 0x0, 0xc,
    0xaf, 0xfd, 0x30, 0xf8, 0xfc, 0xed, 0x2f, 0x5f,
    0x69, 0xfd, 0xf2, 0xfc, 0xec, 0xe7, 0xf, 0xfd,
    0x30,

    /* U+045A "њ" */
    0xd9, 0x4f, 0x20, 0xd, 0x94, 0xf2, 0x0, 0xdf,
    0xff, 0xfd, 0x3d, 0xca, 0xfa, 0xed, 0xd9, 0x4f,
    0x29, 0xfd, 0x94, 0xfb, 0xed, 0xd9, 0x4f, 0xfc,
    0x30,

    /* U+045B "ћ" */
    0x5f, 0x71, 0x11, 0xf, 0xff, 0xff, 0xa0, 0x7f,
    0x94, 0x43, 0x4, 0xfb, 0xdf, 0xa0, 0x4f, 0xe8,
    0xcf, 0x54, 0xf7, 0x4, 0xf7, 0x4f, 0x60, 0x3f,
    0x74, 0xf6, 0x3, 0xf7, 0x4f, 0x60, 0x3f, 0x74,
    0xf6, 0x3, 0xf7,

    /* U+045C "ќ" */
    0x0, 0xa, 0xf3, 0x0, 0x2, 0xf8, 0x0, 0x0,
    0x59, 0x0, 0x4, 0xf6, 0x1e, 0xc0, 0x4f, 0x6a,
    0xf2, 0x4, 0xfa, 0xf7, 0x0, 0x4f, 0xff, 0x40,
    0x4, 0xf8, 0xfd, 0x0, 0x4f, 0x67, 0xf7, 0x4,
    0xf6, 0xd, 0xf1,

    /* U+045D "ѝ" */
    0x3, 0xf9, 0x0, 0x0, 0x8, 0xf2, 0x0, 0x0,
    0x9, 0x50, 0x4, 0xf6, 0xb, 0xf4, 0x4f, 0x63,
    0xff, 0x44, 0xf6, 0xbf, 0xf4, 0x4f, 0xbf, 0xbf,
    0x44, 0xff, 0xb6, 0xf4, 0x4f, 0xf3, 0x6f, 0x44,
    0xfb, 0x6, 0xf4,

    /* U+045E "ў" */
    0x2f, 0x60, 0x6f, 0x20, 0xea, 0xa, 0xe0, 0x4,
    0xde, 0xd4, 0x8, 0xf5, 0x2, 0xf8, 0x3f, 0x90,
    0x7f, 0x30, 0xee, 0xb, 0xe0, 0x9, 0xf3, 0xfa,
    0x0, 0x4f, 0xbf, 0x50, 0x0, 0xef, 0xf0, 0x0,
    0xa, 0xfb, 0x0, 0x0, 0x6f, 0x70, 0x0, 0xa,
    0xf2, 0x0, 0x0, 0xed, 0x0, 0x0,

    /* U+045F "џ" */
    0x4f, 0x60, 0x6f, 0x44, 0xf6, 0x6, 0xf4, 0x4f,
    0x60, 0x6f, 0x44, 0xf6, 0x6, 0xf4, 0x4f, 0x60,
    0x6f, 0x44, 0xfc, 0x9c, 0xf4, 0x4f, 0xff, 0xff,
    0x40, 0x2, 0xf2, 0x0, 0x0, 0x2f, 0x20, 0x0,

    /* U+0490 "Ґ" */
    0x0, 0x0, 0x3f, 0x40, 0x0, 0x3, 0xf4, 0x4f,
    0xff, 0xff, 0x44, 0xfd, 0xaa, 0xa3, 0x4f, 0x70,
    0x0, 0x4, 0xf7, 0x0, 0x0, 0x4f, 0x70, 0x0,
    0x4, 0xf7, 0x0, 0x0, 0x4f, 0x70, 0x0, 0x4,
    0xf7, 0x0, 0x0, 0x4f, 0x70, 0x0, 0x4, 0xf7,
    0x0, 0x0,

    /* U+0491 "ґ" */
    0x0, 0x0, 0xf, 0x50, 0x0, 0x0, 0xf5, 0x4f,
    0xff, 0xff, 0x54, 0xfb, 0x99, 0x93, 0x4f, 0x60,
    0x0, 0x4, 0xf6, 0x0, 0x0, 0x4f, 0x60, 0x0,
    0x4, 0xf6, 0x0, 0x0, 0x4f, 0x60, 0x0, 0x0,

    /* U+0492 "Ғ" */
    0x4f, 0xff, 0xff, 0x44, 0xfd, 0xaa, 0xa3, 0x4f,
    0x70, 0x0, 0x4, 0xf7, 0x0, 0x0, 0x5f, 0x81,
    0x11, 0xf, 0xff, 0xff, 0xa0, 0x7f, 0xa4, 0x43,
    0x4, 0xf7, 0x0, 0x0, 0x4f, 0x70, 0x0, 0x4,
    0xf7, 0x0, 0x0,

    /* U+0493 "ғ" */
    0xf, 0xff, 0xff, 0xa0, 0xfd, 0x99, 0x95, 0x1f,
    0xb1, 0x11, 0xf, 0xff, 0xff, 0xa0, 0x4f, 0xc4,
    0x43, 0x0, 0xfa, 0x0, 0x0, 0xf, 0xa0, 0x0,
    0x0,

    /* U+0496 "Җ" */
    0xbc, 0x1f, 0x1c, 0xb6, 0xf3, 0xf3, 0xf6, 0x1f,
    0x7f, 0x7f, 0x10, 0xdc, 0xfc, 0xd0, 0x8, 0xff,
    0xf8, 0x0, 0xaf, 0xff, 0xa0, 0xf, 0xbf, 0xbf,
    0x4, 0xf7, 0xf7, 0xf3, 0x9f, 0x3f, 0x3f, 0xcd,
    0xc1, 0xf1, 0xcf, 0x0, 0x0, 0x8, 0xf0, 0x0,
    0x0, 0x8f,

    /* U+0497 "җ" */
    0xad, 0x2f, 0x2d, 0xa3, 0xf5, 0xf5, 0xf3, 0xd,
    0xbf, 0xbd, 0x0, 0x8f, 0xff, 0x80, 0xe, 0xcf,
    0xcd, 0x5, 0xf6, 0xf6, 0xf7, 0xcd, 0x2f, 0x2d,
    0xf0, 0x0, 0x0, 0x5f, 0x0, 0x0, 0x5, 0xf0,

    /* U+0498 "Ҙ" */
    0x4, 0xdf, 0xc3, 0x1, 0xfe, 0x9e, 0xf1, 0x3a,
    0x40, 0x7f, 0x40, 0x0, 0x1b, 0xf1, 0x0, 0x6f,
    0xf8, 0x0, 0x1, 0x4d, 0xf2, 0x0, 0x0, 0x6f,
    0x63, 0x93, 0x7, 0xf6, 0x2f, 0xe9, 0xef, 0x10,
    0x5d, 0xfd, 0x40, 0x0, 0x8, 0xb0, 0x0, 0x2a,
    0xcf, 0x0, 0x1, 0xdf, 0x90, 0x0,

    /* U+0499 "ҙ" */
    0x6, 0xcf, 0xd6, 0x2, 0xeb, 0x7c, 0xf3, 0x0,
    0x2, 0x9f, 0x30, 0x6, 0xff, 0xc0, 0x0, 0x15,
    0xaf, 0x51, 0xda, 0x6b, 0xf5, 0x7, 0xef, 0xe7,
    0x0, 0x0, 0x7c, 0x0, 0x1, 0xac, 0xf0, 0x0,
    0x1d, 0xf9, 0x0,

    /* U+049A "Қ" */
    0x9f, 0x30, 0xde, 0x9, 0xf3, 0x5f, 0x60, 0x9f,
    0x3d, 0xe0, 0x9, 0xf8, 0xf6, 0x0, 0x9f, 0xfe,
    0x0, 0x9, 0xfe, 0xf2, 0x0, 0x9f, 0x7f, 0x90,
    0x9, 0xf3, 0xcf, 0x20, 0x9f, 0x34, 0xfc, 0x99,
    0xf3, 0xd, 0xff, 0x0, 0x0, 0x8, 0xf0, 0x0,
    0x0, 0x8f,

    /* U+049B "қ" */
    0x9f, 0x14, 0xf8, 0x9, 0xf2, 0xdd, 0x0, 0x9f,
    0xaf, 0x30, 0x9, 0xff, 0xe0, 0x0, 0x9f, 0x8f,
    0x80, 0x9, 0xf2, 0xcf, 0x97, 0x9f, 0x12, 0xff,
    0xd0, 0x0, 0x0, 0x8d, 0x0, 0x0, 0x8, 0xd0,

    /* U+04A0 "Ҡ" */
    0xff, 0xc0, 0x4f, 0x8a, 0xfc, 0xc, 0xf1, 0xf,
    0xc3, 0xf7, 0x0, 0xfc, 0xbe, 0x0, 0xf, 0xff,
    0x70, 0x0, 0xfe, 0xfc, 0x0, 0xf, 0xc9, 0xf4,
    0x0, 0xfc, 0x2f, 0xc0, 0xf, 0xc0, 0xaf, 0x40,
    0xfc, 0x3, 0xfc,

    /* U+04A1 "ҡ" */
    0xff, 0xe0, 0x8f, 0x49, 0xee, 0x2f, 0xa0, 0xc,
    0xec, 0xe1, 0x0, 0xcf, 0xfc, 0x0, 0xc, 0xe9,
    0xf5, 0x0, 0xce, 0x1e, 0xe1, 0xc, 0xe0, 0x5f,
    0x90,

    /* U+04A2 "Ң" */
    0x8f, 0x30, 0xcf, 0x8, 0xf3, 0xc, 0xf0, 0x8f,
    0x30, 0xcf, 0x8, 0xf3, 0xc, 0xf0, 0x8f, 0xff,
    0xff, 0x8, 0xfb, 0xae, 0xf0, 0x8f, 0x30, 0xcf,
    0x8, 0xf3, 0xc, 0xf0, 0x8f, 0x30, 0xcf, 0x98,
    0xf3, 0xc, 0xff, 0x0, 0x0, 0x8, 0xf0, 0x0,
    0x0, 0x8f,

    /* U+04A3 "ң" */
    0x8f, 0x20, 0xbf, 0x8, 0xf2, 0xb, 0xf0, 0x8f,
    0x20, 0xbf, 0x8, 0xff, 0xff, 0xf0, 0x8f, 0xa9,
    0xef, 0x8, 0xf2, 0xb, 0xf5, 0x8f, 0x20, 0xbf,
    0xf0, 0x0, 0x0, 0x5f, 0x0, 0x0, 0x5, 0xf0,

    /* U+04AA "Ҫ" */
    0x4, 0xcf, 0xd4, 0x1, 0xfe, 0x9e, 0xf1, 0x5f,
    0x70, 0x4a, 0x26, 0xf5, 0x0, 0x0, 0x6f, 0x50,
    0x0, 0x6, 0xf5, 0x0, 0x0, 0x6f, 0x50, 0x0,
    0x5, 0xf7, 0x4, 0x82, 0x2f, 0xe9, 0xef, 0x0,
    0x5d, 0xfd, 0x40, 0x0, 0x7, 0xc0, 0x0, 0x1a,
    0xcf, 0x0, 0x1, 0xdf, 0x90, 0x0,

    /* U+04AB "ҫ" */
    0x2, 0xbe, 0xd6, 0x0, 0xef, 0x9c, 0xf2, 0x5f,
    0x70, 0x1, 0x7, 0xf4, 0x0, 0x0, 0x6f, 0x60,
    0x0, 0x1, 0xfd, 0x69, 0xd2, 0x4, 0xef, 0xfa,
    0x0, 0x0, 0x9b, 0x0, 0x1, 0xab, 0xf0, 0x0,
    0x1d, 0xfa, 0x0,

    /* U+04AE "Ү" */
    0xaf, 0x70, 0x6f, 0xa3, 0xfc, 0xb, 0xf3, 0xd,
    0xf3, 0xfd, 0x0, 0x6f, 0xdf, 0x60, 0x0, 0xff,
    0xf0, 0x0, 0x9, 0xf9, 0x0, 0x0, 0x6f, 0x60,
    0x0, 0x6, 0xf6, 0x0, 0x0, 0x6f, 0x60, 0x0,
    0x6, 0xf6, 0x0,

    /* U+04AF "ү" */
    0x8f, 0x50, 0x2f, 0x72, 0xfa, 0x7, 0xf2, 0xd,
    0xe0, 0xbd, 0x0, 0x8f, 0x4f, 0x80, 0x3, 0xfd,
    0xf3, 0x0, 0xe, 0xfe, 0x0, 0x0, 0x9f, 0x90,
    0x0, 0x5, 0xf5, 0x0, 0x0, 0x5f, 0x50, 0x0,
    0x5, 0xf5, 0x0,

    /* U+04B0 "Ұ" */
    0xaf, 0x70, 0x6f, 0xa4, 0xfc, 0xb, 0xf4, 0xe,
    0xf2, 0xfe, 0x0, 0x8f, 0xbf, 0x80, 0x2, 0xff,
    0xf2, 0x0, 0x1d, 0xfc, 0x10, 0x5f, 0xff, 0xff,
    0x51, 0x48, 0xf8, 0x41, 0x0, 0x6f, 0x60, 0x0,
    0x6, 0xf6, 0x0,

    /* U+04B1 "ұ" */
    0x8f, 0x50, 0x2f, 0x83, 0xf9, 0x6, 0xf3, 0xe,
    0xd0, 0xbe, 0x0, 0xaf, 0x2f, 0xa0, 0x5, 0xfa,
    0xf5, 0x0, 0x1f, 0xff, 0x10, 0x1, 0xcf, 0xc1,
    0x5, 0xff, 0xff, 0xf5, 0x14, 0x8f, 0x84, 0x10,
    0x5, 0xf5, 0x0,

    /* U+04B2 "Ҳ" */
    0xcf, 0x30, 0xef, 0x6, 0xf9, 0x4f, 0x90, 0x1f,
    0xea, 0xf3, 0x0, 0xaf, 0xfd, 0x0, 0x4, 0xff,
    0x60, 0x0, 0x3f, 0xf7, 0x0, 0xa, 0xff, 0xd0,
    0x0, 0xfd, 0xbf, 0x30, 0x6f, 0x86, 0xfc, 0x9c,
    0xf3, 0x1f, 0xff, 0x0, 0x0, 0x8, 0xf0, 0x0,
    0x0, 0x8f,

    /* U+04B3 "ҳ" */
    0x4f, 0x70, 0xdd, 0x0, 0xbe, 0x6f, 0x50, 0x3,
    0xff, 0xc0, 0x0, 0xd, 0xf6, 0x0, 0x5, 0xfe,
    0xd0, 0x0, 0xde, 0x4f, 0xa9, 0x6f, 0x60, 0xcf,
    0xf0, 0x0, 0x0, 0x5f, 0x0, 0x0, 0x5, 0xf0,

    /* U+04B6 "Ҷ" */
    0xcf, 0x0, 0xcf, 0xc, 0xf0, 0xc, 0xf0, 0xcf,
    0x0, 0xcf, 0xc, 0xf0, 0xc, 0xf0, 0xaf, 0x51,
    0xcf, 0x3, 0xff, 0xff, 0xf0, 0x3, 0x88, 0xef,
    0x0, 0x0, 0xc, 0xf0, 0x0, 0x0, 0xcf, 0x90,
    0x0, 0xc, 0xff, 0x0, 0x0, 0x8, 0xf0, 0x0,
    0x0, 0x8f,

    /* U+04B7 "ҷ" */
    0x9f, 0x10, 0xbf, 0x9, 0xf2, 0xb, 0xf0, 0x7f,
    0x83, 0xcf, 0x1, 0xef, 0xff, 0xf0, 0x0, 0x44,
    0xcf, 0x0, 0x0, 0xb, 0xf5, 0x0, 0x0, 0xbf,
    0xf0, 0x0, 0x0, 0x5f, 0x0, 0x0, 0x5, 0xf0,

    /* U+04BA "Һ" */
    0x4f, 0x70, 0x0, 0x4, 0xf7, 0x0, 0x0, 0x4f,
    0x70, 0x0, 0x4, 0xfb, 0x97, 0x10, 0x4f, 0xff,
    0xfe, 0x4, 0xf8, 0x19, 0xf5, 0x4f, 0x70, 0x4f,
    0x74, 0xf7, 0x4, 0xf8, 0x4f, 0x70, 0x4f, 0x84,
    0xf7, 0x4, 0xf8,

    /* U+04BB "һ" */
    0x4f, 0x60, 0x0, 0x4, 0xf6, 0x0, 0x0, 0x4f,
    0x60, 0x0, 0x4, 0xfb, 0xdf, 0xa0, 0x4f, 0xe8,
    0xcf, 0x54, 0xf7, 0x4, 0xf7, 0x4f, 0x60, 0x3f,
    0x74, 0xf6, 0x3, 0xf7, 0x4f, 0x60, 0x3f, 0x74,
    0xf6, 0x3, 0xf7,

    /* U+04C0 "Ӏ" */
    0xdf, 0xff, 0xd9, 0xcf, 0xc9, 0x6, 0xf6, 0x0,
    0x6f, 0x60, 0x6, 0xf6, 0x0, 0x6f, 0x60, 0x6,
    0xf6, 0x0, 0x6f, 0x60, 0x9c, 0xfc, 0x9d, 0xff,
    0xfd,

    /* U+04C3 "Ӄ" */
    0x4f, 0x70, 0x9f, 0x34, 0xf7, 0x1f, 0xb0, 0x4f,
    0x79, 0xf2, 0x4, 0xf9, 0xfa, 0x0, 0x4f, 0xff,
    0x20, 0x4, 0xfe, 0xf7, 0x0, 0x4f, 0x8e, 0xe0,
    0x4, 0xf7, 0x7f, 0x60, 0x4f, 0x71, 0xfe, 0x4,
    0xf7, 0x8, 0xf6, 0x0, 0x0, 0x9, 0xc0, 0x0,
    0x39, 0xce, 0x0, 0x2, 0xef, 0x80,

    /* U+04C4 "ӄ" */
    0x4f, 0x61, 0xec, 0x4, 0xf6, 0xaf, 0x20, 0x4f,
    0xaf, 0x70, 0x4, 0xff, 0xf4, 0x0, 0x4f, 0x8f,
    0xd0, 0x4, 0xf6, 0x7f, 0x70, 0x4f, 0x60, 0xdf,
    0x10, 0x0, 0x0, 0xaa, 0x0, 0x3, 0x9c, 0xe0,
    0x0, 0x2e, 0xf8,

    /* U+04C7 "Ӈ" */
    0x4f, 0x80, 0x8f, 0x44, 0xf8, 0x8, 0xf4, 0x4f,
    0x80, 0x8f, 0x44, 0xf8, 0x8, 0xf4, 0x4f, 0xff,
    0xff, 0x44, 0xfd, 0xad, 0xf4, 0x4f, 0x80, 0x8f,
    0x44, 0xf8, 0x8, 0xf4, 0x4f, 0x80, 0x8f, 0x44,
    0xf8, 0x8, 0xf4, 0x0, 0x0, 0x3f, 0x40, 0x0,
    0xaa, 0xf3, 0x0, 0xc, 0xfc, 0x0,

    /* U+04C8 "ӈ" */
    0x4f, 0x60, 0x6f, 0x44, 0xf6, 0x6, 0xf4, 0x4f,
    0x60, 0x6f, 0x44, 0xff, 0xff, 0xf4, 0x4f, 0xc9,
    0xcf, 0x44, 0xf6, 0x6, 0xf4, 0x4f, 0x60, 0x6f,
    0x40, 0x0, 0x3, 0xf4, 0x0, 0xa, 0xaf, 0x30,
    0x0, 0xcf, 0xc0,

    /* U+04CF "ӏ" */
    0xdf, 0xff, 0xd9, 0xcf, 0xc9, 0x6, 0xf6, 0x0,
    0x6f, 0x60, 0x6, 0xf6, 0x0, 0x6f, 0x60, 0x6,
    0xf6, 0x0, 0x6f, 0x60, 0x9c, 0xfc, 0x9d, 0xff,
    0xfd,

    /* U+04D8 "Ә" */
    0x4, 0xdf, 0xd4, 0x1, 0xfe, 0xaf, 0xf1, 0x2a,
    0x40, 0x7f, 0x50, 0x0, 0x5, 0xf6, 0x2, 0x22,
    0x7f, 0x66, 0xff, 0xff, 0xf6, 0x6f, 0x95, 0x9f,
    0x65, 0xf7, 0x7, 0xf5, 0x2f, 0xe9, 0xef, 0x10,
    0x5d, 0xfd, 0x40,

    /* U+04D9 "ә" */
    0x7, 0xdf, 0xc3, 0x3, 0xfc, 0x9e, 0xe1, 0x0,
    0x0, 0x5f, 0x58, 0xfe, 0xee, 0xf7, 0x6f, 0x40,
    0x5f, 0x52, 0xfe, 0x9e, 0xe1, 0x4, 0xdf, 0xc3,
    0x0,

    /* U+04E2 "Ӣ" */
    0x1, 0x11, 0x11, 0x5, 0xff, 0xff, 0xf5, 0x14,
    0x44, 0x44, 0x10, 0x0, 0x0, 0x0, 0x4f, 0x80,
    0xaf, 0x44, 0xf8, 0xf, 0xf4, 0x4f, 0x85, 0xff,
    0x44, 0xf8, 0xbf, 0xf4, 0x4f, 0x9f, 0xef, 0x44,
    0xfe, 0xf9, 0xf4, 0x4f, 0xfb, 0x8f, 0x44, 0xff,
    0x58, 0xf4, 0x4f, 0xf0, 0x8f, 0x44, 0xfa, 0x8,
    0xf4,

    /* U+04E3 "ӣ" */
    0x5f, 0xff, 0xff, 0x52, 0x55, 0x55, 0x51, 0x0,
    0x0, 0x0, 0x4, 0xf6, 0xb, 0xf4, 0x4f, 0x63,
    0xff, 0x44, 0xf6, 0xbf, 0xf4, 0x4f, 0xbf, 0xbf,
    0x44, 0xff, 0xb6, 0xf4, 0x4f, 0xf3, 0x6f, 0x44,
    0xfb, 0x6, 0xf4,

    /* U+04E8 "Ө" */
    0x4, 0xdf, 0xd4, 0x1, 0xfe, 0x9e, 0xf1, 0x5f,
    0x60, 0x6f, 0x56, 0xf4, 0x4, 0xf6, 0x6f, 0xff,
    0xff, 0x66, 0xfb, 0x9b, 0xf6, 0x6f, 0x40, 0x4f,
    0x65, 0xf5, 0x6, 0xf5, 0x1f, 0xe9, 0xef, 0x10,
    0x4d, 0xfd, 0x40,

    /* U+04E9 "ө" */
    0x2, 0xcf, 0xc2, 0x0, 0xee, 0xae, 0xe0, 0x5f,
    0x61, 0x6f, 0x57, 0xff, 0xff, 0xf7, 0x5f, 0x84,
    0x8f, 0x50, 0xee, 0x9e, 0xe0, 0x2, 0xcf, 0xc2,
    0x0,

    /* U+04EE "Ӯ" */
    0x1, 0x11, 0x11, 0x5, 0xff, 0xff, 0xf5, 0x14,
    0x44, 0x44, 0x10, 0x0, 0x0, 0x0, 0xcf, 0x20,
    0x1f, 0xc6, 0xf8, 0x7, 0xf6, 0xf, 0xe0, 0xdf,
    0x0, 0xaf, 0x7f, 0xa0, 0x4, 0xff, 0xf4, 0x0,
    0xe, 0xfe, 0x0, 0x0, 0x8f, 0x90, 0x0, 0xa,
    0xf3, 0x0, 0x1, 0xfd, 0x0, 0x0, 0x6f, 0x70,
    0x0,

    /* U+04EF "ӯ" */
    0x5f, 0xff, 0xff, 0x52, 0x55, 0x55, 0x51, 0x0,
    0x0, 0x0, 0x8, 0xf5, 0x2, 0xf8, 0x3f, 0x90,
    0x7f, 0x30, 0xee, 0xb, 0xe0, 0x9, 0xf3, 0xfa,
    0x0, 0x4f, 0xbf, 0x50, 0x0, 0xef, 0xf0, 0x0,
    0xa, 0xfb, 0x0, 0x0, 0x6f, 0x70, 0x0, 0xa,
    0xf2, 0x0, 0x0, 0xed, 0x0, 0x0,

    /* U+0512 "Ԓ" */
    0x2, 0xff, 0xff, 0x60, 0x4f, 0xcc, 0xf6, 0x5,
    0xf4, 0x5f, 0x60, 0x6f, 0x35, 0xf6, 0x8, 0xf1,
    0x5f, 0x60, 0xaf, 0x5, 0xf6, 0xc, 0xd0, 0x5f,
    0x61, 0xfa, 0x5, 0xf6, 0xdf, 0x50, 0x5f, 0x6f,
    0xa0, 0x5, 0xf6, 0x0, 0x0, 0x1f, 0x60, 0x0,
    0x99, 0xf6, 0x0, 0xa, 0xfd, 0x10,

    /* U+0513 "ԓ" */
    0x2, 0xff, 0xff, 0x40, 0x4f, 0xbc, 0xf4, 0x6,
    0xf2, 0x6f, 0x40, 0x9f, 0x6, 0xf4, 0xd, 0xd0,
    0x6f, 0x4a, 0xf8, 0x6, 0xf4, 0xec, 0x0, 0x6f,
    0x40, 0x0, 0x3, 0xf4, 0x0, 0xa, 0xaf, 0x30,
    0x0, 0xcf, 0xc0,

    /* U+058F "֏" */
    0x0, 0x33, 0x0, 0x2, 0xef, 0xfe, 0x30, 0xaf,
    0x88, 0xfd, 0xd, 0xe0, 0xd, 0xf0, 0x65, 0x0,
    0xbf, 0x0, 0x56, 0x6d, 0xf6, 0xb, 0xee, 0xff,
    0xc0, 0x0, 0xb, 0xf0, 0x8, 0x99, 0xef, 0x80,
    0x8a, 0xae, 0xf9, 0x0, 0x0, 0xbf, 0x0,

    /* U+1E0C "Ḍ" */
    0x4f, 0xff, 0xd5, 0x4, 0xfd, 0xbf, 0xf1, 0x4f,
    0x70, 0x9f, 0x54, 0xf7, 0x6, 0xf6, 0x4f, 0x70,
    0x6f, 0x64, 0xf7, 0x6, 0xf6, 0x4f, 0x70, 0x6f,
    0x64, 0xf7, 0x9, 0xf5, 0x4f, 0xdb, 0xff, 0x14,
    0xff, 0xfd, 0x50, 0x0, 0x0, 0x0, 0x0, 0x6,
    0xe2, 0x0, 0x0, 0x7f, 0x30, 0x0, 0x0, 0x0,
    0x0,

    /* U+1E0D "ḍ" */
    0x0, 0x0, 0x6f, 0x40, 0x0, 0x6, 0xf4, 0x0,
    0x0, 0x6f, 0x40, 0x7e, 0xeb, 0xf4, 0x3f, 0xc7,
    0xef, 0x47, 0xf4, 0x6, 0xf4, 0x8f, 0x20, 0x6f,
    0x47, 0xf4, 0x6, 0xf4, 0x3f, 0xc7, 0xef, 0x40,
    0x7e, 0xeb, 0xf4, 0x0, 0x0, 0x0, 0x0, 0x4,
    0xe4, 0x0, 0x0, 0x5f, 0x50, 0x0, 0x0, 0x0,
    0x0,

    /* U+1E12 "Ḓ" */
    0x4f, 0xff, 0xd5, 0x4, 0xfd, 0xbf, 0xf1, 0x4f,
    0x70, 0x9f, 0x54, 0xf7, 0x6, 0xf6, 0x4f, 0x70,
    0x6f, 0x64, 0xf7, 0x6, 0xf6, 0x4f, 0x70, 0x6f,
    0x64, 0xf7, 0x9, 0xf5, 0x4f, 0xdb, 0xff, 0x14,
    0xff, 0xfd, 0x50, 0x0, 0x44, 0x20, 0x0, 0x3f,
    0xfe, 0x0, 0xc, 0xc2, 0xf7, 0x1, 0x72, 0x4,
    0x70,

    /* U+1E13 "ḓ" */
    0x0, 0x0, 0x6f, 0x40, 0x0, 0x6, 0xf4, 0x0,
    0x0, 0x6f, 0x40, 0x7e, 0xeb, 0xf4, 0x3f, 0xc7,
    0xef, 0x47, 0xf4, 0x6, 0xf4, 0x8f, 0x20, 0x6f,
    0x47, 0xf4, 0x6, 0xf4, 0x3f, 0xc7, 0xef, 0x40,
    0x7e, 0xeb, 0xf4, 0x0, 0x68, 0x60, 0x0, 0x4f,
    0xbf, 0x40, 0xd, 0xa0, 0xad, 0x0,

    /* U+1E24 "Ḥ" */
    0x4f, 0x80, 0x8f, 0x44, 0xf8, 0x8, 0xf4, 0x4f,
    0x80, 0x8f, 0x44, 0xf8, 0x8, 0xf4, 0x4f, 0xff,
    0xff, 0x44, 0xfd, 0xad, 0xf4, 0x4f, 0x80, 0x8f,
    0x44, 0xf8, 0x8, 0xf4, 0x4f, 0x80, 0x8f, 0x44,
    0xf8, 0x8, 0xf4, 0x0, 0x0, 0x0, 0x0, 0x4,
    0xe4, 0x0, 0x0, 0x5f, 0x50, 0x0, 0x0, 0x0,
    0x0,

    /* U+1E25 "ḥ" */
    0x4f, 0x60, 0x0, 0x4, 0xf6, 0x0, 0x0, 0x4f,
    0x60, 0x0, 0x4, 0xfb, 0xdf, 0xa0, 0x4f, 0xe8,
    0xcf, 0x54, 0xf7, 0x4, 0xf7, 0x4f, 0x60, 0x3f,
    0x74, 0xf6, 0x3, 0xf7, 0x4f, 0x60, 0x3f, 0x74,
    0xf6, 0x3, 0xf7, 0x0, 0x0, 0x0, 0x0, 0x4,
    0xe4, 0x0, 0x0, 0x5f, 0x50, 0x0, 0x0, 0x0,
    0x0,

    /* U+1E3C "Ḽ" */
    0x4f, 0x70, 0x0, 0x4, 0xf7, 0x0, 0x0, 0x4f,
    0x70, 0x0, 0x4, 0xf7, 0x0, 0x0, 0x4f, 0x70,
    0x0, 0x4, 0xf7, 0x0, 0x0, 0x4f, 0x70, 0x0,
    0x4, 0xf7, 0x0, 0x0, 0x4f, 0xda, 0xaa, 0x34,
    0xff, 0xff, 0xf4, 0x0, 0x34, 0x30, 0x0, 0x1f,
    0xff, 0x10, 0xa, 0xe2, 0xe9, 0x0, 0x73, 0x3,
    0x70,

    /* U+1E3D "ḽ" */
    0x7f, 0xfb, 0x0, 0x49, 0xfb, 0x0, 0x0, 0xfb,
    0x0, 0x0, 0xfb, 0x0, 0x0, 0xfb, 0x0, 0x0,
    0xfb, 0x0, 0x0, 0xfb, 0x0, 0x0, 0xfb, 0x0,
    0x0, 0xfb, 0x0, 0x0, 0xfb, 0x0, 0x1, 0x44,
    0x0, 0xb, 0xff, 0x70, 0x3f, 0x59, 0xf1, 0x56,
    0x0, 0x73,

    /* U+1E44 "Ṅ" */
    0x0, 0x0, 0x0, 0x0, 0x5, 0xf5, 0x0, 0x0,
    0x4e, 0x40, 0x0, 0x0, 0x0, 0x0, 0x4f, 0xe0,
    0x4f, 0x44, 0xff, 0x44, 0xf4, 0x4f, 0xfa, 0x4f,
    0x44, 0xff, 0xf5, 0xf4, 0x4f, 0xdf, 0xaf, 0x44,
    0xf7, 0xff, 0xf4, 0x4f, 0x4c, 0xff, 0x44, 0xf4,
    0x6f, 0xf4, 0x4f, 0x40, 0xff, 0x44, 0xf4, 0x9,
    0xf4,

    /* U+1E45 "ṅ" */
    0x0, 0x2e, 0x60, 0x0, 0x3, 0xf8, 0x0, 0x0,
    0x0, 0x0, 0x4, 0xfb, 0xef, 0xa0, 0x4f, 0xe8,
    0xcf, 0x54, 0xf7, 0x4, 0xf7, 0x4f, 0x60, 0x3f,
    0x74, 0xf6, 0x3, 0xf7, 0x4f, 0x60, 0x3f, 0x74,
    0xf6, 0x3, 0xf7,

    /* U+1E4A "Ṋ" */
    0x4f, 0xe0, 0x4f, 0x44, 0xff, 0x44, 0xf4, 0x4f,
    0xfa, 0x4f, 0x44, 0xff, 0xf5, 0xf4, 0x4f, 0xdf,
    0xaf, 0x44, 0xf7, 0xff, 0xf4, 0x4f, 0x4c, 0xff,
    0x44, 0xf4, 0x6f, 0xf4, 0x4f, 0x40, 0xff, 0x44,
    0xf4, 0x9, 0xf4, 0x0, 0x34, 0x30, 0x0, 0x1f,
    0xff, 0x10, 0xa, 0xe2, 0xe9, 0x0, 0x73, 0x3,
    0x70,

    /* U+1E4B "ṋ" */
    0x4f, 0xbe, 0xfa, 0x4, 0xfe, 0x8c, 0xf5, 0x4f,
    0x70, 0x4f, 0x74, 0xf6, 0x3, 0xf7, 0x4f, 0x60,
    0x3f, 0x74, 0xf6, 0x3, 0xf7, 0x4f, 0x60, 0x3f,
    0x70, 0x3, 0x44, 0x0, 0x1, 0xef, 0xf2, 0x0,
    0x8e, 0x2d, 0xb0, 0x7, 0x40, 0x37, 0x10,

    /* U+1E5A "Ṛ" */
    0x4f, 0xff, 0xd5, 0x4, 0xfd, 0xcf, 0xf2, 0x4f,
    0x80, 0x7f, 0x64, 0xf8, 0x6, 0xf7, 0x4f, 0x82,
    0xcf, 0x34, 0xff, 0xff, 0x70, 0x4f, 0xbf, 0xd0,
    0x4, 0xf8, 0xaf, 0x60, 0x4f, 0x82, 0xfe, 0x4,
    0xf8, 0x9, 0xf7, 0x0, 0x0, 0x0, 0x0, 0x5,
    0xe3, 0x0, 0x0, 0x6f, 0x30, 0x0, 0x0, 0x0,
    0x0,

    /* U+1E5B "ṛ" */
    0x2f, 0x8c, 0xe9, 0x2, 0xff, 0x8b, 0xe2, 0x2f,
    0x90, 0x10, 0x2, 0xf7, 0x0, 0x0, 0x2f, 0x70,
    0x0, 0x2, 0xf7, 0x0, 0x0, 0x2f, 0x70, 0x0,
    0x0, 0x0, 0x0, 0x0, 0x2e, 0x60, 0x0, 0x2,
    0xf8, 0x0, 0x0, 0x0, 0x0, 0x0, 0x0,

    /* U+1E62 "Ṣ" */
    0x5, 0xdf, 0xd4, 0x2, 0xfe, 0x9e, 0xe0, 0x5f,
    0x70, 0x59, 0x13, 0xfd, 0x20, 0x0, 0xa, 0xff,
    0x80, 0x0, 0x5, 0xef, 0xb0, 0x0, 0x0, 0xcf,
    0x43, 0xb4, 0x7, 0xf5, 0x1f, 0xe9, 0xef, 0x20,
    0x5d, 0xfd, 0x40, 0x0, 0x0, 0x0, 0x0, 0x4,
    0xe4, 0x0, 0x0, 0x5f, 0x50, 0x0, 0x0, 0x0,
    0x0,

    /* U+1E63 "ṣ" */
    0x5, 0xdf, 0xb3, 0x0, 0xfc, 0x4c, 0xb0, 0xd,
    0xe5, 0x0, 0x0, 0x2b, 0xfe, 0x50, 0x0, 0x3,
    0xef, 0x0, 0xee, 0x5c, 0xf0, 0x4, 0xdf, 0xd5,
    0x0, 0x0, 0x0, 0x0, 0x0, 0x4e, 0x40, 0x0,
    0x5, 0xf5, 0x0, 0x0, 0x0, 0x0, 0x0,

    /* U+1E6C "Ṭ" */
    0x9f, 0xff, 0xff, 0x96, 0xac, 0xfc, 0xa6, 0x0,
    0x6f, 0x60, 0x0, 0x6, 0xf6, 0x0, 0x0, 0x6f,
    0x60, 0x0, 0x6, 0xf6, 0x0, 0x0, 0x6f, 0x60,
    0x0, 0x6, 0xf6, 0x0, 0x0, 0x6f, 0x60, 0x0,
    0x6, 0xf6, 0x0, 0x0, 0x0, 0x0, 0x0, 0x4,
    0xe4, 0x0, 0x0, 0x5f, 0x50, 0x0, 0x0, 0x0,
    0x0,

    /* U+1E6D "ṭ" */
    0x0, 0x67, 0x0, 0x0, 0xc, 0xe0, 0x0, 0x4f,
    0xff, 0xf7, 0x2, 0x7e, 0xf7, 0x30, 0x0, 0xce,
    0x0, 0x0, 0xc, 0xe0, 0x0, 0x0, 0xcf, 0x0,
    0x0, 0xa, 0xfa, 0x90, 0x0, 0x4e, 0xff, 0x0,
    0x0, 0x0, 0x0, 0x0, 0x1d, 0x80, 0x0, 0x1,
    0xf9, 0x0, 0x0, 0x0, 0x0, 0x0,

    /* U+1E80 "Ẁ" */
    0x3, 0xfa, 0x0, 0x0, 0x7, 0xf3, 0x0, 0x0,
    0x6, 0x40, 0xd, 0xf0, 0x0, 0xfd, 0xbf, 0x10,
    0xf, 0xba, 0xf2, 0x72, 0xfa, 0x8f, 0x4f, 0x4f,
    0x86, 0xfa, 0xfa, 0xf6, 0x4f, 0xff, 0xff, 0x43,
    0xff, 0xbf, 0xf2, 0x1f, 0xf4, 0xff, 0x0, 0xfe,
    0xe, 0xe0, 0xd, 0xb0, 0xbd, 0x0,

    /* U+1E81 "ẁ" */
    0x3, 0xf9, 0x0, 0x0, 0x8, 0xf2, 0x0, 0x0,
    0x9, 0x50, 0xc, 0xf0, 0x30, 0xec, 0x9f, 0x3a,
    0x1f, 0x95, 0xf7, 0xf6, 0xf6, 0x2f, 0xdf, 0xdf,
    0x20, 0xff, 0xef, 0xf0, 0xc, 0xf6, 0xfc, 0x0,
    0x9f, 0xf, 0x90,

    /* U+1E82 "Ẃ" */
    0x0, 0xa, 0xf3, 0x0, 0x3, 0xf6, 0x0, 0x0,
    0x46, 0x0, 0xd, 0xf0, 0x0, 0xfd, 0xbf, 0x10,
    0xf, 0xba, 0xf2, 0x72, 0xfa, 0x8f, 0x4f, 0x4f,
    0x86, 0xfa, 0xfa, 0xf6, 0x4f, 0xff, 0xff, 0x43,
    0xff, 0xbf, 0xf2, 0x1f, 0xf4, 0xff, 0x0, 0xfe,
    0xe, 0xe0, 0xd, 0xb0, 0xbd, 0x0,

    /* U+1E83 "ẃ" */
    0x0, 0xa, 0xf3, 0x0, 0x2, 0xf8, 0x0, 0x0,
    0x59, 0x0, 0xc, 0xf0, 0x30, 0xec, 0x9f, 0x3a,
    0x1f, 0x95, 0xf7, 0xf6, 0xf6, 0x2f, 0xdf, 0xdf,
    0x20, 0xff, 0xef, 0xf0, 0xc, 0xf6, 0xfc, 0x0,
    0x9f, 0xf, 0x90,

    /* U+1E84 "Ẅ" */
    0x0, 0x0, 0x0, 0x1, 0xfa, 0xa, 0xf1, 0xd,
    0x80, 0x8d, 0x0, 0x0, 0x0, 0x0, 0xdf, 0x0,
    0xf, 0xdb, 0xf1, 0x0, 0xfb, 0xaf, 0x27, 0x2f,
    0xa8, 0xf4, 0xf4, 0xf8, 0x6f, 0xaf, 0xaf, 0x64,
    0xff, 0xff, 0xf4, 0x3f, 0xfb, 0xff, 0x21, 0xff,
    0x4f, 0xf0, 0xf, 0xe0, 0xee, 0x0, 0xdb, 0xb,
    0xd0,

    /* U+1E85 "ẅ" */
    0xd, 0x80, 0x8d, 0x1, 0xfa, 0xa, 0xf1, 0x0,
    0x0, 0x0, 0xc, 0xf0, 0x30, 0xec, 0x9f, 0x3a,
    0x1f, 0x95, 0xf7, 0xf6, 0xf6, 0x2f, 0xdf, 0xdf,
    0x20, 0xff, 0xef, 0xf0, 0xc, 0xf6, 0xfc, 0x0,
    0x9f, 0xf, 0x90,

    /* U+1E92 "Ẓ" */
    0x6f, 0xff, 0xff, 0x64, 0xaa, 0xbf, 0xe0, 0x0,
    0x6, 0xf8, 0x0, 0x0, 0xdf, 0x10, 0x0, 0x4f,
    0xa0, 0x0, 0xb, 0xf3, 0x0, 0x2, 0xfd, 0x0,
    0x0, 0x9f, 0x60, 0x0, 0x1f, 0xfb, 0xaa, 0x47,
    0xff, 0xff, 0xf7, 0x0, 0x0, 0x0, 0x0, 0x4,
    0xe4, 0x0, 0x0, 0x5f, 0x50, 0x0, 0x0, 0x0,
    0x0,

    /* U+1E93 "ẓ" */
    0x2f, 0xff, 0xff, 0x11, 0x99, 0xcf, 0x70, 0x0,
    0xe, 0xe0, 0x0, 0x7, 0xf5, 0x0, 0x1, 0xfc,
    0x0, 0x0, 0x9f, 0xc9, 0x92, 0x2f, 0xff, 0xff,
    0x30, 0x0, 0x0, 0x0, 0x0, 0x4e, 0x40, 0x0,
    0x5, 0xf5, 0x0, 0x0, 0x0, 0x0, 0x0,

    /* U+1E9E "ẞ" */
    0x7, 0xef, 0xff, 0x55, 0xff, 0xbf, 0xe0, 0x9f,
    0x53, 0xf8, 0xa, 0xf2, 0x9f, 0x10, 0xaf, 0x2e,
    0xf6, 0xa, 0xf3, 0x8d, 0xf5, 0xaf, 0x10, 0x3f,
    0xaa, 0xf1, 0x3, 0xfa, 0xaf, 0x5b, 0xff, 0x6a,
    0xf6, 0xfe, 0x80,

    /* U+1EA0 "Ạ" */
    0x0, 0x8f, 0x80, 0x0, 0xc, 0xfb, 0x0, 0x0,
    0xff, 0xf0, 0x0, 0x3f, 0xff, 0x30, 0x7, 0xf9,
    0xf7, 0x0, 0xbf, 0x2f, 0xa0, 0xe, 0xc0, 0xee,
    0x2, 0xff, 0xff, 0xf2, 0x6f, 0xca, 0xcf, 0x6a,
    0xf2, 0x4, 0xfa, 0x0, 0x0, 0x0, 0x0, 0x4,
    0xe4, 0x0, 0x0, 0x5f, 0x50, 0x0, 0x0, 0x0,
    0x0,

    /* U+1EA1 "ạ" */
    0x3, 0xbf, 0xd6, 0x0, 0xde, 0x9e, 0xf2, 0x0,
    0x0, 0x6f, 0x50, 0x9e, 0xed, 0xf6, 0x6f, 0x83,
    0x8f, 0x66, 0xfa, 0x7d, 0xf6, 0xa, 0xfe, 0x9f,
    0x60, 0x0, 0x0, 0x0, 0x0, 0x3e, 0x50, 0x0,
    0x4, 0xf6, 0x0, 0x0, 0x0, 0x0, 0x0,

    /* U+1EA2 "Ả" */
    0x0, 0xae, 0xb0, 0x0, 0x39, 0x6f, 0x40, 0x0,
    0xb, 0x60, 0x0, 0x8, 0xf8, 0x0, 0x0, 0xcf,
    0xb0, 0x0, 0xf, 0xff, 0x0, 0x3, 0xff, 0xf3,
    0x0, 0x7f, 0x9f, 0x70, 0xb, 0xf2, 0xfa, 0x0,
    0xec, 0xe, 0xe0, 0x2f, 0xff, 0xff, 0x26, 0xfc,
    0xac, 0xf6, 0xaf, 0x20, 0x4f, 0xa0,

    /* U+1EA3 "ả" */
    0x0, 0xae, 0xc1, 0x0, 0x29, 0x4f, 0x50, 0x0,
    0xa, 0x70, 0x0, 0x3b, 0xfd, 0x60, 0xd, 0xe9,
    0xef, 0x20, 0x0, 0x6, 0xf5, 0x9, 0xee, 0xdf,
    0x66, 0xf8, 0x38, 0xf6, 0x6f, 0xa7, 0xdf, 0x60,
    0xaf, 0xe9, 0xf6,

    /* U+1EA4 "Ấ" */
    0x0, 0x12, 0x17, 0xf3, 0x1, 0xee, 0xed, 0x60,
    0x9, 0xc0, 0xca, 0x0, 0x0, 0x8f, 0x80, 0x0,
    0x0, 0xcf, 0xb0, 0x0, 0x0, 0xff, 0xf0, 0x0,
    0x3, 0xff, 0xf3, 0x0, 0x7, 0xf9, 0xf7, 0x0,
    0xb, 0xf2, 0xfa, 0x0, 0xe, 0xc0, 0xee, 0x0,
    0x2f, 0xff, 0xff, 0x20, 0x6f, 0xca, 0xcf, 0x60,
    0xaf, 0x20, 0x4f, 0xa0,

    /* U+1EA5 "ấ" */
    0x0, 0x5, 0xa3, 0x0, 0x0, 0xec, 0x0, 0x0,
    0x6f, 0x20, 0x0, 0x9, 0xba, 0x0, 0x3, 0xfb,
    0xf5, 0x0, 0xbc, 0xb, 0xd0, 0x4, 0x10, 0x14,
    0x0, 0x3b, 0xfd, 0x60, 0xd, 0xe9, 0xef, 0x20,
    0x0, 0x6, 0xf5, 0x9, 0xee, 0xdf, 0x66, 0xf8,
    0x38, 0xf6, 0x6f, 0xa7, 0xdf, 0x60, 0xaf, 0xe9,
    0xf6,

    /* U+1EA6 "Ầ" */
    0x2f, 0x91, 0x21, 0x0, 0x5, 0xee, 0xef, 0x10,
    0x0, 0x8d, 0x1b, 0xb0, 0x0, 0x8, 0xf8, 0x0,
    0x0, 0xc, 0xfb, 0x0, 0x0, 0xf, 0xff, 0x0,
    0x0, 0x3f, 0xff, 0x30, 0x0, 0x7f, 0x9f, 0x70,
    0x0, 0xbf, 0x2f, 0xa0, 0x0, 0xec, 0xe, 0xe0,
    0x2, 0xff, 0xff, 0xf2, 0x6, 0xfc, 0xac, 0xf6,
    0xa, 0xf2, 0x4, 0xfa,

    /* U+1EA7 "ầ" */
    0x3, 0xa6, 0x0, 0x0, 0xb, 0xf1, 0x0, 0x0,
    0x1e, 0x80, 0x0, 0x9, 0xba, 0x0, 0x3, 0xfb,
    0xf5, 0x0, 0xbc, 0xb, 0xd0, 0x4, 0x10, 0x14,
    0x0, 0x3b, 0xfd, 0x60, 0xd, 0xe9, 0xef, 0x20,
    0x0, 0x6, 0xf5, 0x9, 0xee, 0xdf, 0x66, 0xf8,
    0x38, 0xf6, 0x6f, 0xa7, 0xdf, 0x60, 0xaf, 0xe9,
    0xf6,

    /* U+1EA8 "Ẩ" */
    0x0, 0x1, 0x2c, 0xc2, 0x1, 0xee, 0xf5, 0xd1,
    0x9, 0x90, 0xa9, 0x10, 0x0, 0x8f, 0x80, 0x0,
    0x0, 0xcf, 0xb0, 0x0, 0x0, 0xff, 0xf0, 0x0,
    0x3, 0xff, 0xf3, 0x0, 0x7, 0xf9, 0xf7, 0x0,
    0xb, 0xf2, 0xfa, 0x0, 0xe, 0xc0, 0xee, 0x0,
    0x2f, 0xff, 0xff, 0x20, 0x6f, 0xca, 0xcf, 0x60,
    0xaf, 0x20, 0x4f, 0xa0,

    /* U+1EA9 "ẩ" */
    0x0, 0xae, 0xb1, 0x0, 0x2a, 0x5f, 0x50, 0x0,
    0x1b, 0xa0, 0x0, 0x1e, 0xff, 0x20, 0x9, 0xe2,
    0xdb, 0x0, 0x52, 0x2, 0x50, 0x3, 0xbf, 0xd6,
    0x0, 0xde, 0x9e, 0xf2, 0x0, 0x0, 0x6f, 0x50,
    0x9e, 0xed, 0xf6, 0x6f, 0x83, 0x8f, 0x66, 0xfa,
    0x7d, 0xf6, 0xa, 0xfe, 0x9f, 0x60,

    /* U+1EAA "Ẫ" */
    0x4d, 0xee, 0xed, 0x40, 0x1e, 0x8f, 0x30, 0x8,
    0x80, 0x79, 0x0, 0x8, 0xf8, 0x0, 0x0, 0xcf,
    0xb0, 0x0, 0xf, 0xff, 0x0, 0x3, 0xff, 0xf3,
    0x0, 0x7f, 0x9f, 0x70, 0xb, 0xf2, 0xfa, 0x0,
    0xec, 0xe, 0xe0, 0x2f, 0xff, 0xff, 0x26, 0xfc,
    0xac, 0xf6, 0xaf, 0x20, 0x4f, 0xa0,

    /* U+1EAB "ẫ" */
    0x0, 0x0, 0x0, 0x3, 0xee, 0x93, 0x36, 0x67,
    0x6b, 0xff, 0x60, 0x4, 0x66, 0x20, 0x2, 0xfe,
    0xf3, 0x0, 0xad, 0x1c, 0xc0, 0x5, 0x20, 0x15,
    0x0, 0x3b, 0xfd, 0x60, 0xd, 0xe9, 0xef, 0x20,
    0x0, 0x6, 0xf5, 0x9, 0xee, 0xdf, 0x66, 0xf8,
    0x38, 0xf6, 0x6f, 0xa7, 0xdf, 0x60, 0xaf, 0xe9,
    0xf6,

    /* U+1EAC "Ậ" */
    0x1, 0xef, 0xe1, 0x0, 0xcb, 0x1c, 0xc0, 0x0,
    0x0, 0x0, 0x0, 0x8, 0xf8, 0x0, 0x0, 0xcf,
    0xb0, 0x0, 0xf, 0xff, 0x0, 0x3, 0xff, 0xf3,
    0x0, 0x7f, 0x9f, 0x70, 0xb, 0xf2, 0xfa, 0x0,
    0xec, 0xe, 0xe0, 0x2f, 0xff, 0xff, 0x26, 0xfc,
    0xac, 0xf6, 0xaf, 0x20, 0x4f, 0xa0, 0x0, 0x0,
    0x0, 0x0, 0x4e, 0x40, 0x0, 0x5, 0xf5, 0x0,
    0x0, 0x0, 0x0, 0x0,

    /* U+1EAD "ậ" */
    0x0, 0x57, 0x60, 0x0, 0x3f, 0xbf, 0x40, 0xc,
    0xb0, 0x9e, 0x0, 0x0, 0x0, 0x0, 0x3, 0xbf,
    0xd6, 0x0, 0xde, 0x9e, 0xf2, 0x0, 0x0, 0x6f,
    0x50, 0x9e, 0xed, 0xf6, 0x6f, 0x83, 0x8f, 0x66,
    0xfa, 0x7d, 0xf6, 0xa, 0xfe, 0x9f, 0x60, 0x0,
    0x0, 0x0, 0x0, 0x3e, 0x50, 0x0, 0x4, 0xf6,
    0x0, 0x0, 0x0, 0x0, 0x0,

    /* U+1EAE "Ắ" */
    0x0, 0xa, 0xe2, 0x3, 0xd8, 0xe9, 0xd3, 0x6,
    0xa9, 0xa6, 0x0, 0x8, 0xf8, 0x0, 0x0, 0xcf,
    0xb0, 0x0, 0xf, 0xff, 0x0, 0x3, 0xff, 0xf3,
    0x0, 0x7f, 0x9f, 0x70, 0xb, 0xf2, 0xfa, 0x0,
    0xec, 0xe, 0xe0, 0x2f, 0xff, 0xff, 0x26, 0xfc,
    0xac, 0xf6, 0xaf, 0x20, 0x4f, 0xa0,

    /* U+1EAF "ắ" */
    0x0, 0x5, 0xa4, 0x0, 0x0, 0xec, 0x0, 0x0,
    0x6f, 0x20, 0x1, 0xc5, 0x4, 0xc2, 0xe, 0xb1,
    0xaf, 0x10, 0x4d, 0xed, 0x50, 0x0, 0x0, 0x0,
    0x0, 0x3b, 0xfd, 0x60, 0xd, 0xe9, 0xef, 0x20,
    0x0, 0x6, 0xf5, 0x9, 0xee, 0xdf, 0x66, 0xf8,
    0x38, 0xf6, 0x6f, 0xa7, 0xdf, 0x60, 0xaf, 0xe9,
    0xf6,

    /* U+1EB0 "Ằ" */
    0x2, 0xe9, 0x0, 0x3, 0xd9, 0xe8, 0xd3, 0x6,
    0xa9, 0xa6, 0x0, 0x8, 0xf8, 0x0, 0x0, 0xcf,
    0xb0, 0x0, 0xf, 0xff, 0x0, 0x3, 0xff, 0xf3,
    0x0, 0x7f, 0x9f, 0x70, 0xb, 0xf2, 0xfa, 0x0,
    0xec, 0xe, 0xe0, 0x2f, 0xff, 0xff, 0x26, 0xfc,
    0xac, 0xf6, 0xaf, 0x20, 0x4f, 0xa0,

    /* U+1EB1 "ằ" */
    0x3, 0xa6, 0x0, 0x0, 0xb, 0xf1, 0x0, 0x0,
    0x1e, 0x80, 0x1, 0xc5, 0x4, 0xc2, 0xe, 0xb1,
    0xaf, 0x10, 0x4d, 0xed, 0x50, 0x0, 0x0, 0x0,
    0x0, 0x3b, 0xfd, 0x60, 0xd, 0xe9, 0xef, 0x20,
    0x0, 0x6, 0xf5, 0x9, 0xee, 0xdf, 0x66, 0xf8,
    0x38, 0xf6, 0x6f, 0xa7, 0xdf, 0x60, 0xaf, 0xe9,
    0xf6,

    /* U+1EB2 "Ẳ" */
    0x0, 0x8c, 0x80, 0x3, 0xc9, 0x99, 0xc3, 0x6,
    0xa9, 0xa6, 0x0, 0x8, 0xf8, 0x0, 0x0, 0xcf,
    0xb0, 0x0, 0xf, 0xff, 0x0, 0x3, 0xff, 0xf3,
    0x0, 0x7f, 0x9f, 0x70, 0xb, 0xf2, 0xfa, 0x0,
    0xec, 0xe, 0xe0, 0x2f, 0xff, 0xff, 0x26, 0xfc,
    0xac, 0xf6, 0xaf, 0x20, 0x4f, 0xa0,

    /* U+1EB3 "ẳ" */
    0x0, 0x9e, 0xb1, 0x0, 0x29, 0x5f, 0x50, 0x3,
    0x1a, 0x83, 0x0, 0xfa, 0x9, 0xf2, 0x6, 0xdf,
    0xd7, 0x0, 0x0, 0x0, 0x0, 0x3, 0xbf, 0xd6,
    0x0, 0xde, 0x9e, 0xf2, 0x0, 0x0, 0x6f, 0x50,
    0x9e, 0xed, 0xf6, 0x6f, 0x83, 0x8f, 0x66, 0xfa,
    0x7d, 0xf6, 0xa, 0xfe, 0x9f, 0x60,

    /* U+1EB4 "Ẵ" */
    0x4d, 0xdd, 0xdd, 0x43, 0xd5, 0x5, 0xd3, 0x6,
    0xa9, 0xa6, 0x0, 0x8, 0xf8, 0x0, 0x0, 0xcf,
    0xb0, 0x0, 0xf, 0xff, 0x0, 0x3, 0xff, 0xf3,
    0x0, 0x7f, 0x9f, 0x70, 0xb, 0xf2, 0xfa, 0x0,
    0xec, 0xe, 0xe0, 0x2f, 0xff, 0xff, 0x26, 0xfc,
    0xac, 0xf6, 0xaf, 0x20, 0x4f, 0xa0,

    /* U+1EB5 "ẵ" */
    0x0, 0x0, 0x0, 0x3, 0xee, 0x93, 0x36, 0x67,
    0x6b, 0xff, 0x60, 0x73, 0x4, 0x91, 0xf, 0xa1,
    0x9f, 0x10, 0x5d, 0xfd, 0x60, 0x0, 0x0, 0x0,
    0x0, 0x3b, 0xfd, 0x60, 0xd, 0xe9, 0xef, 0x20,
    0x0, 0x6, 0xf5, 0x9, 0xee, 0xdf, 0x66, 0xf8,
    0x38, 0xf6, 0x6f, 0xa7, 0xdf, 0x60, 0xaf, 0xe9,
    0xf6,

    /* U+1EB6 "Ặ" */
    0x2f, 0x80, 0x8f, 0x20, 0x7d, 0xed, 0x70, 0x0,
    0x0, 0x0, 0x0, 0x8, 0xf8, 0x0, 0x0, 0xcf,
    0xb0, 0x0, 0xf, 0xff, 0x0, 0x3, 0xff, 0xf3,
    0x0, 0x7f, 0x9f, 0x70, 0xb, 0xf2, 0xfa, 0x0,
    0xec, 0xe, 0xe0, 0x2f, 0xff, 0xff, 0x26, 0xfc,
    0xac, 0xf6, 0xaf, 0x20, 0x4f, 0xa0, 0x0, 0x0,
    0x0, 0x0, 0x4e, 0x40, 0x0, 0x5, 0xf5, 0x0,
    0x0, 0x0, 0x0, 0x0,

    /* U+1EB7 "ặ" */
    0x7, 0x30, 0x27, 0x10, 0xfa, 0x19, 0xf1, 0x5,
    0xdf, 0xd6, 0x0, 0x0, 0x0, 0x0, 0x3, 0xbf,
    0xd6, 0x0, 0xde, 0x9e, 0xf2, 0x0, 0x0, 0x6f,
    0x50, 0x9e, 0xed, 0xf6, 0x6f, 0x83, 0x8f, 0x66,
    0xfa, 0x7d, 0xf6, 0xa, 0xfe, 0x9f, 0x60, 0x0,
    0x0, 0x0, 0x0, 0x3e, 0x50, 0x0, 0x4, 0xf6,
    0x0, 0x0, 0x0, 0x0, 0x0,

    /* U+1EB8 "Ẹ" */
    0xf, 0xff, 0xff, 0x10, 0xfe, 0xaa, 0xa1, 0xf,
    0xb0, 0x0, 0x0, 0xfb, 0x0, 0x0, 0xf, 0xff,
    0xfc, 0x0, 0xfe, 0x99, 0x70, 0xf, 0xb0, 0x0,
    0x0, 0xfb, 0x0, 0x0, 0xf, 0xea, 0xaa, 0x10,
    0xff, 0xff, 0xf1, 0x0, 0x0, 0x0, 0x0, 0x4,
    0xe4, 0x0, 0x0, 0x5f, 0x50, 0x0, 0x0, 0x0,
    0x0,

    /* U+1EB9 "ẹ" */
    0x3, 0xcf, 0xd4, 0x1, 0xee, 0x9e, 0xf2, 0x5f,
    0x50, 0x4f, 0x67, 0xfe, 0xee, 0xf8, 0x6f, 0x50,
    0x0, 0x1, 0xee, 0x9c, 0xf3, 0x3, 0xcf, 0xd7,
    0x0, 0x0, 0x0, 0x0, 0x0, 0x3e, 0x50, 0x0,
    0x4, 0xf6, 0x0, 0x0, 0x0, 0x0, 0x0,

    /* U+1EBA "Ẻ" */
    0x0, 0xae, 0xb0, 0x0, 0x39, 0x6f, 0x40, 0x0,
    0xb, 0x60, 0x0, 0xff, 0xff, 0xf1, 0xf, 0xea,
    0xaa, 0x10, 0xfb, 0x0, 0x0, 0xf, 0xb0, 0x0,
    0x0, 0xff, 0xff, 0xc0, 0xf, 0xe9, 0x97, 0x0,
    0xfb, 0x0, 0x0, 0xf, 0xb0, 0x0, 0x0, 0xfe,
    0xaa, 0xa1, 0xf, 0xff, 0xff, 0x10,

    /* U+1EBB "ẻ" */
    0x0, 0xae, 0xc1, 0x0, 0x29, 0x4f, 0x50, 0x0,
    0xa, 0x70, 0x0, 0x3c, 0xfd, 0x40, 0x1e, 0xe9,
    0xef, 0x25, 0xf5, 0x4, 0xf6, 0x7f, 0xee, 0xef,
    0x86, 0xf5, 0x0, 0x0, 0x1e, 0xe9, 0xcf, 0x30,
    0x3c, 0xfd, 0x70,

    /* U+1EBE "Ế" */
    0x0, 0x12, 0x19, 0xf2, 0x1, 0xfe, 0xee, 0x50,
    0xb, 0xb1, 0xd8, 0x0, 0x1f, 0xff, 0xff, 0x10,
    0xf, 0xea, 0xaa, 0x10, 0xf, 0xb0, 0x0, 0x0,
    0xf, 0xb0, 0x0, 0x0, 0xf, 0xff, 0xfc, 0x0,
    0xf, 0xe9, 0x97, 0x0, 0xf, 0xb0, 0x0, 0x0,
    0xf, 0xb0, 0x0, 0x0, 0xf, 0xea, 0xaa, 0x10,
    0xf, 0xff, 0xff, 0x10,

    /* U+1EBF "ế" */
    0x0, 0x5, 0xa3, 0x0, 0x0, 0xec, 0x0, 0x0,
    0x6f, 0x20, 0x0, 0x9, 0xba, 0x0, 0x3, 0xfb,
    0xf5, 0x0, 0xbc, 0xb, 0xd0, 0x4, 0x10, 0x14,
    0x0, 0x3c, 0xfd, 0x40, 0x1e, 0xe9, 0xef, 0x25,
    0xf5, 0x4, 0xf6, 0x7f, 0xee, 0xef, 0x86, 0xf5,
    0x0, 0x0, 0x1e, 0xe9, 0xcf, 0x30, 0x3c, 0xfd,
    0x70,

    /* U+1EC0 "Ề" */
    0x2f, 0x91, 0x21, 0x0, 0x4, 0xed, 0xef, 0x20,
    0x0, 0x8d, 0x1a, 0xb0, 0x0, 0xff, 0xff, 0xf1,
    0x0, 0xfe, 0xaa, 0xa1, 0x0, 0xfb, 0x0, 0x0,
    0x0, 0xfb, 0x0, 0x0, 0x0, 0xff, 0xff, 0xc0,
    0x0, 0xfe, 0x99, 0x70, 0x0, 0xfb, 0x0, 0x0,
    0x0, 0xfb, 0x0, 0x0, 0x0, 0xfe, 0xaa, 0xa1,
    0x0, 0xff, 0xff, 0xf1,

    /* U+1EC1 "ề" */
    0x3, 0xa6, 0x0, 0x0, 0xb, 0xf1, 0x0, 0x0,
    0x1e, 0x80, 0x0, 0x9, 0xba, 0x0, 0x3, 0xfb,
    0xf5, 0x0, 0xbc, 0xb, 0xd0, 0x4, 0x10, 0x14,
    0x0, 0x3c, 0xfd, 0x40, 0x1e, 0xe9, 0xef, 0x25,
    0xf5, 0x4, 0xf6, 0x7f, 0xee, 0xef, 0x86, 0xf5,
    0x0, 0x0, 0x1e, 0xe9, 0xcf, 0x30, 0x3c, 0xfd,
    0x70,

    /* U+1EC2 "Ể" */
    0x0, 0x11, 0x2c, 0xc1, 0x2, 0xfe, 0xf5, 0xc1,
    0xa, 0x80, 0xa8, 0x0, 0xf, 0xff, 0xff, 0x10,
    0xf, 0xea, 0xaa, 0x10, 0xf, 0xb0, 0x0, 0x0,
    0xf, 0xb0, 0x0, 0x0, 0xf, 0xff, 0xfc, 0x0,
    0xf, 0xe9, 0x97, 0x0, 0xf, 0xb0, 0x0, 0x0,
    0xf, 0xb0, 0x0, 0x0, 0xf, 0xea, 0xaa, 0x10,
    0xf, 0xff, 0xff, 0x10,

    /* U+1EC3 "ể" */
    0x0, 0xae, 0xb1, 0x0, 0x2a, 0x5f, 0x50, 0x0,
    0x1b, 0xa0, 0x0, 0x1e, 0xff, 0x20, 0x9, 0xe2,
    0xdb, 0x0, 0x52, 0x2, 0x50, 0x3, 0xcf, 0xd4,
    0x1, 0xee, 0x9e, 0xf2, 0x5f, 0x50, 0x4f, 0x67,
    0xfe, 0xee, 0xf8, 0x6f, 0x50, 0x0, 0x1, 0xee,
    0x9c, 0xf3, 0x3, 0xcf, 0xd7, 0x0,

    /* U+1EC4 "Ễ" */
    0x4d, 0xee, 0xed, 0x40, 0x1e, 0x8f, 0x30, 0x8,
    0x80, 0x79, 0x0, 0xff, 0xff, 0xf1, 0xf, 0xea,
    0xaa, 0x10, 0xfb, 0x0, 0x0, 0xf, 0xb0, 0x0,
    0x0, 0xff, 0xff, 0xc0, 0xf, 0xe9, 0x97, 0x0,
    0xfb, 0x0, 0x0, 0xf, 0xb0, 0x0, 0x0, 0xfe,
    0xaa, 0xa1, 0xf, 0xff, 0xff, 0x10,

    /* U+1EC5 "ễ" */
    0x0, 0x0, 0x0, 0x3, 0xee, 0x93, 0x36, 0x67,
    0x6b, 0xff, 0x60, 0x4, 0x66, 0x20, 0x2, 0xfe,
    0xf3, 0x0, 0xad, 0x1c, 0xc0, 0x5, 0x20, 0x15,
    0x0, 0x3c, 0xfd, 0x40, 0x1e, 0xe9, 0xef, 0x25,
    0xf5, 0x4, 0xf6, 0x7f, 0xee, 0xef, 0x86, 0xf5,
    0x0, 0x0, 0x1e, 0xe9, 0xcf, 0x30, 0x3c, 0xfd,
    0x70,

    /* U+1EC6 "Ệ" */
    0x1, 0xef, 0xe1, 0x0, 0xcb, 0x1c, 0xc0, 0x0,
    0x0, 0x0, 0x0, 0xff, 0xff, 0xf1, 0xf, 0xea,
    0xaa, 0x10, 0xfb, 0x0, 0x0, 0xf, 0xb0, 0x0,
    0x0, 0xff, 0xff, 0xc0, 0xf, 0xe9, 0x97, 0x0,
    0xfb, 0x0, 0x0, 0xf, 0xb0, 0x0, 0x0, 0xfe,
    0xaa, 0xa1, 0xf, 0xff, 0xff, 0x10, 0x0, 0x0,
    0x0, 0x0, 0x4e, 0x40, 0x0, 0x5, 0xf5, 0x0,
    0x0, 0x0, 0x0, 0x0,

    /* U+1EC7 "ệ" */
    0x0, 0x57, 0x60, 0x0, 0x3f, 0xbf, 0x40, 0xc,
    0xb0, 0x9e, 0x0, 0x0, 0x0, 0x0, 0x3, 0xcf,
    0xd4, 0x1, 0xee, 0x9e, 0xf2, 0x5f, 0x50, 0x4f,
    0x67, 0xfe, 0xee, 0xf8, 0x6f, 0x50, 0x0, 0x1,
    0xee, 0x9c, 0xf3, 0x3, 0xcf, 0xd7, 0x0, 0x0,
    0x0, 0x0, 0x0, 0x3e, 0x50, 0x0, 0x4, 0xf6,
    0x0, 0x0, 0x0, 0x0, 0x0,

    /* U+1EC8 "Ỉ" */
    0xa, 0xeb, 0x3, 0x96, 0xf4, 0x0, 0xb6, 0xd,
    0xff, 0xfd, 0x9c, 0xfc, 0x90, 0x6f, 0x60, 0x6,
    0xf6, 0x0, 0x6f, 0x60, 0x6, 0xf6, 0x0, 0x6f,
    0x60, 0x6, 0xf6, 0x9, 0xcf, 0xc9, 0xdf, 0xff,
    0xd0,

    /* U+1EC9 "ỉ" */
    0xb, 0xeb, 0x2, 0x85, 0xf4, 0x0, 0xb6, 0xb,
    0xff, 0x60, 0x6b, 0xf6, 0x0, 0x4f, 0x60, 0x4,
    0xf6, 0x0, 0x4f, 0x60, 0x6b, 0xfb, 0x6b, 0xff,
    0xfb,

    /* U+1ECA "Ị" */
    0xdf, 0xff, 0xd9, 0xcf, 0xc9, 0x6, 0xf6, 0x0,
    0x6f, 0x60, 0x6, 0xf6, 0x0, 0x6f, 0x60, 0x6,
    0xf6, 0x0, 0x6f, 0x60, 0x9c, 0xfc, 0x9d, 0xff,
    0xfd, 0x0, 0x0, 0x0, 0x4e, 0x40, 0x5, 0xf5,
    0x0, 0x0, 0x0,

    /* U+1ECB "ị" */
    0x4, 0xe4, 0x0, 0x5f, 0x50, 0x0, 0x0, 0xb,
    0xff, 0x60, 0x6b, 0xf6, 0x0, 0x4f, 0x60, 0x4,
    0xf6, 0x0, 0x4f, 0x60, 0x6b, 0xfb, 0x6b, 0xff,
    0xfb, 0x0, 0x0, 0x0, 0x4e, 0x40, 0x5, 0xf5,
    0x0, 0x0, 0x0,

    /* U+1ECC "Ọ" */
    0x4, 0xdf, 0xd4, 0x1, 0xfe, 0xae, 0xf1, 0x5f,
    0x70, 0x7f, 0x56, 0xf5, 0x5, 0xf6, 0x6f, 0x50,
    0x5f, 0x66, 0xf5, 0x5, 0xf6, 0x6f, 0x50, 0x5f,
    0x65, 0xf7, 0x7, 0xf5, 0x1f, 0xe9, 0xef, 0x10,
    0x4d, 0xfd, 0x40, 0x0, 0x0, 0x0, 0x0, 0x4,
    0xe4, 0x0, 0x0, 0x5f, 0x50, 0x0, 0x0, 0x0,
    0x0,

    /* U+1ECD "ọ" */
    0x2, 0xcf, 0xc2, 0x0, 0xee, 0x9e, 0xe0, 0x5f,
    0x60, 0x6f, 0x57, 0xf3, 0x3, 0xf7, 0x5f, 0x60,
    0x6f, 0x50, 0xee, 0x9e, 0xe0, 0x2, 0xcf, 0xc2,
    0x0, 0x0, 0x0, 0x0, 0x0, 0x4e, 0x40, 0x0,
    0x5, 0xf5, 0x0, 0x0, 0x0, 0x0, 0x0,

    /* U+1ECE "Ỏ" */
    0x0, 0xae, 0xb0, 0x0, 0x39, 0x6f, 0x40, 0x0,
    0xb, 0x60, 0x0, 0x4d, 0xfd, 0x40, 0x1f, 0xea,
    0xef, 0x15, 0xf7, 0x7, 0xf5, 0x6f, 0x50, 0x5f,
    0x66, 0xf5, 0x5, 0xf6, 0x6f, 0x50, 0x5f, 0x66,
    0xf5, 0x5, 0xf6, 0x5f, 0x70, 0x7f, 0x51, 0xfe,
    0x9e, 0xf1, 0x4, 0xdf, 0xd4, 0x0,

    /* U+1ECF "ỏ" */
    0x0, 0xbe, 0xb0, 0x0, 0x28, 0x5f, 0x40, 0x0,
    0xb, 0x60, 0x0, 0x2c, 0xfc, 0x20, 0xe, 0xe9,
    0xee, 0x5, 0xf6, 0x6, 0xf5, 0x7f, 0x30, 0x3f,
    0x75, 0xf6, 0x6, 0xf5, 0xe, 0xe9, 0xee, 0x0,
    0x2c, 0xfc, 0x20,

    /* U+1ED0 "Ố" */
    0x0, 0x12, 0x15, 0xf5, 0x0, 0xce, 0xfd, 0x80,
    0x7, 0xd1, 0xac, 0x0, 0x4, 0xdf, 0xd4, 0x0,
    0x1f, 0xea, 0xef, 0x10, 0x5f, 0x70, 0x7f, 0x50,
    0x6f, 0x50, 0x5f, 0x60, 0x6f, 0x50, 0x5f, 0x60,
    0x6f, 0x50, 0x5f, 0x60, 0x6f, 0x50, 0x5f, 0x60,
    0x5f, 0x70, 0x7f, 0x50, 0x1f, 0xe9, 0xef, 0x10,
    0x4, 0xdf, 0xd4, 0x0,

    /* U+1ED1 "ố" */
    0x0, 0x6, 0xa3, 0x0, 0x0, 0xeb, 0x0, 0x0,
    0x7f, 0x10, 0x0, 0x9, 0xb9, 0x0, 0x4, 0xfb,
    0xf4, 0x0, 0xcb, 0xc, 0xc0, 0x4, 0x10, 0x14,
    0x0, 0x2c, 0xfc, 0x20, 0xe, 0xe9, 0xee, 0x5,
    0xf6, 0x6, 0xf5, 0x7f, 0x30, 0x3f, 0x75, 0xf6,
    0x6, 0xf5, 0xe, 0xe9, 0xee, 0x0, 0x2c, 0xfc,
    0x20,

    /* U+1ED2 "Ồ" */
    0x2e, 0xa1, 0x21, 0x0, 0x4, 0xed, 0xef, 0x20,
    0x0, 0x7e, 0x1a, 0xc0, 0x0, 0x4d, 0xfd, 0x40,
    0x1, 0xfe, 0xae, 0xf1, 0x5, 0xf7, 0x7, 0xf5,
    0x6, 0xf5, 0x5, 0xf6, 0x6, 0xf5, 0x5, 0xf6,
    0x6, 0xf5, 0x5, 0xf6, 0x6, 0xf5, 0x5, 0xf6,
    0x5, 0xf7, 0x7, 0xf5, 0x1, 0xfe, 0x9e, 0xf1,
    0x0, 0x4d, 0xfd, 0x40,

    /* U+1ED3 "ồ" */
    0x3, 0xa5, 0x0, 0x0, 0xc, 0xe0, 0x0, 0x0,
    0x2f, 0x70, 0x0, 0x9, 0xb9, 0x0, 0x4, 0xfb,
    0xf4, 0x0, 0xcb, 0xc, 0xc0, 0x4, 0x10, 0x14,
    0x0, 0x2c, 0xfc, 0x20, 0xe, 0xe9, 0xee, 0x5,
    0xf6, 0x6, 0xf5, 0x7f, 0x30, 0x3f, 0x75, 0xf6,
    0x6, 0xf5, 0xe, 0xe9, 0xee, 0x0, 0x2c, 0xfc,
    0x20,

    /* U+1ED4 "Ổ" */
    0x0, 0x1, 0x1c, 0xc2, 0x1, 0xee, 0xf5, 0xd2,
    0x9, 0xb0, 0xba, 0x10, 0x4, 0xdf, 0xd4, 0x0,
    0x1f, 0xea, 0xef, 0x10, 0x5f, 0x70, 0x7f, 0x50,
    0x6f, 0x50, 0x5f, 0x60, 0x6f, 0x50, 0x5f, 0x60,
    0x6f, 0x50, 0x5f, 0x60, 0x6f, 0x50, 0x5f, 0x60,
    0x5f, 0x70, 0x7f, 0x50, 0x1f, 0xe9, 0xef, 0x10,
    0x4, 0xdf, 0xd4, 0x0,

    /* U+1ED5 "ổ" */
    0x0, 0xae, 0xb0, 0x0, 0x3a, 0x6f, 0x40, 0x0,
    0x1c, 0xa0, 0x0, 0x1f, 0xff, 0x10, 0xa, 0xd2,
    0xea, 0x0, 0x52, 0x2, 0x50, 0x2, 0xcf, 0xc2,
    0x0, 0xee, 0x9e, 0xe0, 0x5f, 0x60, 0x6f, 0x57,
    0xf3, 0x3, 0xf7, 0x5f, 0x60, 0x6f, 0x50, 0xee,
    0x9e, 0xe0, 0x2, 0xcf, 0xc2, 0x0,

    /* U+1ED6 "Ỗ" */
    0x4d, 0xee, 0xed, 0x40, 0x1e, 0x9f, 0x30, 0x9,
    0xa0, 0x9a, 0x0, 0x4d, 0xfd, 0x40, 0x1f, 0xea,
    0xef, 0x15, 0xf7, 0x7, 0xf5, 0x6f, 0x50, 0x5f,
    0x66, 0xf5, 0x5, 0xf6, 0x6f, 0x50, 0x5f, 0x66,
    0xf5, 0x5, 0xf6, 0x5f, 0x70, 0x7f, 0x51, 0xfe,
    0x9e, 0xf1, 0x4, 0xdf, 0xd4, 0x0,

    /* U+1ED7 "ỗ" */
    0x0, 0x0, 0x0, 0x4, 0xee, 0x93, 0x35, 0x76,
    0x6c, 0xff, 0x50, 0x4, 0x66, 0x20, 0x2, 0xfe,
    0xf2, 0x0, 0xbd, 0x1d, 0xb0, 0x5, 0x10, 0x25,
    0x0, 0x2c, 0xfc, 0x20, 0xe, 0xe9, 0xee, 0x5,
    0xf6, 0x6, 0xf5, 0x7f, 0x30, 0x3f, 0x75, 0xf6,
    0x6, 0xf5, 0xe, 0xe9, 0xee, 0x0, 0x2c, 0xfc,
    0x20,

    /* U+1ED8 "Ộ" */
    0x0, 0x67, 0x60, 0x0, 0x4f, 0xcf, 0x40, 0xd,
    0xa0, 0xbd, 0x0, 0x0, 0x0, 0x0, 0x4, 0xdf,
    0xd4, 0x1, 0xfe, 0xae, 0xf1, 0x5f, 0x70, 0x7f,
    0x56, 0xf5, 0x5, 0xf6, 0x6f, 0x50, 0x5f, 0x66,
    0xf5, 0x5, 0xf6, 0x6f, 0x50, 0x5f, 0x65, 0xf7,
    0x7, 0xf5, 0x1f, 0xe9, 0xef, 0x10, 0x4d, 0xfd,
    0x40, 0x0, 0x0, 0x0, 0x0, 0x4, 0xe4, 0x0,
    0x0, 0x5f, 0x50, 0x0, 0x0, 0x0, 0x0,

    /* U+1ED9 "ộ" */
    0x0, 0x67, 0x60, 0x0, 0x4f, 0xbf, 0x40, 0xd,
    0xa0, 0xad, 0x0, 0x0, 0x0, 0x0, 0x2, 0xcf,
    0xc2, 0x0, 0xee, 0x9e, 0xe0, 0x5f, 0x60, 0x6f,
    0x57, 0xf3, 0x3, 0xf7, 0x5f, 0x60, 0x6f, 0x50,
    0xee, 0x9e, 0xe0, 0x2, 0xcf, 0xc2, 0x0, 0x0,
    0x0, 0x0, 0x0, 0x4e, 0x40, 0x0, 0x5, 0xf5,
    0x0, 0x0, 0x0, 0x0, 0x0,

    /* U+1EDA "Ớ" */
    0x0, 0x3, 0x62, 0x0, 0x0, 0xd, 0xd1, 0x21,
    0x0, 0x6f, 0x20, 0xfa, 0x0, 0x0, 0x1, 0xfa,
    0x4, 0xdf, 0xfe, 0x81, 0x1f, 0xe7, 0xef, 0x20,
    0x5f, 0x60, 0x6f, 0x50, 0x6f, 0x50, 0x5f, 0x60,
    0x6f, 0x50, 0x5f, 0x60, 0x6f, 0x50, 0x5f, 0x60,
    0x6f, 0x50, 0x5f, 0x60, 0x5f, 0x70, 0x7f, 0x50,
    0x1f, 0xea, 0xef, 0x10, 0x4, 0xdf, 0xd4, 0x0,

    /* U+1EDB "ớ" */
    0x0, 0x8, 0xa1, 0x0, 0x0, 0x3f, 0x87, 0xa0,
    0x0, 0xbc, 0x8, 0xf2, 0x0, 0x0, 0xa, 0xf0,
    0x5, 0xdf, 0xfe, 0x60, 0x3f, 0xda, 0xfa, 0x0,
    0xaf, 0x20, 0xbf, 0x10, 0xce, 0x0, 0x7f, 0x30,
    0xaf, 0x20, 0xbf, 0x10, 0x4f, 0xc9, 0xfa, 0x0,
    0x5, 0xde, 0xa1, 0x0,

    /* U+1EDC "Ờ" */
    0x2, 0x63, 0x0, 0x0, 0x0, 0xdd, 0x0, 0x21,
    0x0, 0x2f, 0x70, 0xfa, 0x0, 0x0, 0x1, 0xfa,
    0x4, 0xdf, 0xfe, 0x81, 0x1f, 0xe7, 0xef, 0x20,
    0x5f, 0x60, 0x6f, 0x50, 0x6f, 0x50, 0x5f, 0x60,
    0x6f, 0x50, 0x5f, 0x60, 0x6f, 0x50, 0x5f, 0x60,
    0x6f, 0x50, 0x5f, 0x60, 0x5f, 0x70, 0x7f, 0x50,
    0x1f, 0xea, 0xef, 0x10, 0x4, 0xdf, 0xd4, 0x0,

    /* U+1EDD "ờ" */
    0x6, 0xa3, 0x0, 0x0, 0x1, 0xeb, 0x7, 0xa0,
    0x0, 0x5f, 0x38, 0xf2, 0x0, 0x0, 0xa, 0xf0,
    0x5, 0xdf, 0xfe, 0x60, 0x3f, 0xda, 0xfa, 0x0,
    0xaf, 0x20, 0xbf, 0x10, 0xce, 0x0, 0x7f, 0x30,
    0xaf, 0x20, 0xbf, 0x10, 0x4f, 0xc9, 0xfa, 0x0,
    0x5, 0xde, 0xa1, 0x0,

    /* U+1EDE "Ở" */
    0x0, 0xae, 0xb0, 0x0, 0x2, 0x85, 0xf5, 0xb6,
    0x0, 0xb, 0x61, 0xfb, 0x4, 0xdf, 0xfe, 0x92,
    0x1f, 0xe7, 0xef, 0x20, 0x5f, 0x60, 0x6f, 0x50,
    0x6f, 0x50, 0x5f, 0x60, 0x6f, 0x50, 0x5f, 0x60,
    0x6f, 0x50, 0x5f, 0x60, 0x6f, 0x50, 0x5f, 0x60,
    0x5f, 0x70, 0x7f, 0x50, 0x1f, 0xea, 0xef, 0x10,
    0x4, 0xdf, 0xd4, 0x0,

    /* U+1EDF "ở" */
    0x2, 0xce, 0x93, 0x30, 0x5, 0x79, 0xf9, 0xf1,
    0x0, 0x1d, 0x3a, 0xf1, 0x5, 0xdf, 0xfe, 0x70,
    0x3f, 0xda, 0xfa, 0x0, 0xaf, 0x20, 0xbf, 0x10,
    0xce, 0x0, 0x7f, 0x30, 0xaf, 0x20, 0xbf, 0x10,
    0x4f, 0xc9, 0xfa, 0x0, 0x5, 0xde, 0xa1, 0x0,

    /* U+1EE0 "Ỡ" */
    0x0, 0x0, 0x0, 0x0, 0x4e, 0xe9, 0x33, 0x50,
    0x76, 0x6c, 0xff, 0xe7, 0x0, 0x0, 0x13, 0xfb,
    0x4, 0xdf, 0xfe, 0x81, 0x1f, 0xe7, 0xef, 0x20,
    0x5f, 0x60, 0x6f, 0x50, 0x6f, 0x50, 0x5f, 0x60,
    0x6f, 0x50, 0x5f, 0x60, 0x6f, 0x50, 0x5f, 0x60,
    0x6f, 0x50, 0x5f, 0x60, 0x5f, 0x70, 0x7f, 0x50,
    0x1f, 0xea, 0xef, 0x10, 0x4, 0xdf, 0xd4, 0x0,

    /* U+1EE1 "ỡ" */
    0x6e, 0xc7, 0x35, 0x40, 0xa7, 0x9e, 0xff, 0xf1,
    0x0, 0x0, 0x3b, 0xf1, 0x5, 0xdf, 0xfd, 0x60,
    0x3f, 0xb7, 0xfb, 0x0, 0xaf, 0x10, 0xaf, 0x10,
    0xce, 0x0, 0x7f, 0x30, 0xaf, 0x20, 0xbf, 0x10,
    0x4f, 0xc9, 0xfa, 0x0, 0x5, 0xde, 0xa0, 0x0,

    /* U+1EE2 "Ợ" */
    0x0, 0x0, 0x1, 0xf9, 0x0, 0x0, 0x1, 0xfa,
    0x4, 0xdf, 0xfe, 0x81, 0x1f, 0xe7, 0xef, 0x20,
    0x5f, 0x60, 0x6f, 0x50, 0x6f, 0x50, 0x5f, 0x60,
    0x6f, 0x50, 0x5f, 0x60, 0x6f, 0x50, 0x5f, 0x60,
    0x6f, 0x50, 0x5f, 0x60, 0x5f, 0x70, 0x7f, 0x50,
    0x1f, 0xea, 0xef, 0x10, 0x4, 0xdf, 0xd4, 0x0,
    0x0, 0x0, 0x0, 0x0, 0x0, 0x4e, 0x40, 0x0,
    0x0, 0x5f, 0x50, 0x0, 0x0, 0x0, 0x0, 0x0,

    /* U+1EE3 "ợ" */
    0x0, 0x0, 0x6, 0x70, 0x0, 0x0, 0x8, 0xf2,
    0x0, 0x0, 0xa, 0xf1, 0x5, 0xdf, 0xfe, 0x70,
    0x3f, 0xda, 0xfa, 0x0, 0xaf, 0x20, 0xbf, 0x10,
    0xce, 0x0, 0x7f, 0x30, 0xaf, 0x20, 0xbf, 0x10,
    0x4f, 0xc9, 0xfa, 0x0, 0x5, 0xde, 0xa1, 0x0,
    0x0, 0x0, 0x0, 0x0, 0x0, 0x8d, 0x10, 0x0,
    0x0, 0x9f, 0x10, 0x0, 0x0, 0x0, 0x0, 0x0,

    /* U+1EE4 "Ụ" */
    0x8f, 0x40, 0x3f, 0x88, 0xf4, 0x3, 0xf8, 0x8f,
    0x40, 0x3f, 0x88, 0xf4, 0x3, 0xf8, 0x8f, 0x40,
    0x3f, 0x88, 0xf4, 0x3, 0xf8, 0x8f, 0x40, 0x3f,
    0x87, 0xf7, 0x6, 0xf7, 0x3f, 0xfa, 0xff, 0x30,
    0x5d, 0xfd, 0x50, 0x0, 0x0, 0x0, 0x0, 0x4,
    0xe4, 0x0, 0x0, 0x5f, 0x50, 0x0, 0x0, 0x0,
    0x0,

    /* U+1EE5 "ụ" */
    0x6f, 0x40, 0x3f, 0x66, 0xf4, 0x3, 0xf6, 0x6f,
    0x40, 0x3f, 0x66, 0xf4, 0x3, 0xf6, 0x6f, 0x60,
    0x5f, 0x62, 0xfe, 0xae, 0xf2, 0x4, 0xdf, 0xd5,
    0x0, 0x0, 0x0, 0x0, 0x0, 0x4e, 0x40, 0x0,
    0x5, 0xf5, 0x0, 0x0, 0x0, 0x0, 0x0,

    /* U+1EE6 "Ủ" */
    0x0, 0xae, 0xb0, 0x0, 0x39, 0x6f, 0x40, 0x0,
    0xb, 0x60, 0x8, 0xf4, 0x3, 0xf8, 0x8f, 0x40,
    0x3f, 0x88, 0xf4, 0x3, 0xf8, 0x8f, 0x40, 0x3f,
    0x88, 0xf4, 0x3, 0xf8, 0x8f, 0x40, 0x3f, 0x88,
    0xf4, 0x3, 0xf8, 0x7f, 0x70, 0x6f, 0x73, 0xff,
    0xaf, 0xf3, 0x5, 0xdf, 0xd5, 0x0,

    /* U+1EE7 "ủ" */
    0x0, 0xbe, 0xb0, 0x0, 0x28, 0x5f, 0x40, 0x0,
    0xb, 0x60, 0x6, 0xf4, 0x3, 0xf6, 0x6f, 0x40,
    0x3f, 0x66, 0xf4, 0x3, 0xf6, 0x6f, 0x40, 0x3f,
    0x66, 0xf6, 0x5, 0xf6, 0x2f, 0xea, 0xef, 0x20,
    0x4d, 0xfd, 0x50,

    /* U+1EE8 "Ứ" */
    0x0, 0x6, 0x60, 0x0, 0x0, 0x5f, 0x70, 0x21,
    0x0, 0xda, 0x0, 0xfb, 0x0, 0x0, 0x1, 0xfa,
    0x8f, 0x40, 0x3f, 0xb1, 0x8f, 0x40, 0x3f, 0x80,
    0x8f, 0x40, 0x3f, 0x80, 0x8f, 0x40, 0x3f, 0x80,
    0x8f, 0x40, 0x3f, 0x80, 0x8f, 0x40, 0x3f, 0x80,
    0x8f, 0x40, 0x3f, 0x80, 0x7f, 0x70, 0x6f, 0x70,
    0x3f, 0xfa, 0xff, 0x30, 0x5, 0xdf, 0xd5, 0x0,

    /* U+1EE9 "ứ" */
    0x0, 0x6, 0xa2, 0x0, 0x0, 0x1f, 0xa7, 0xa0,
    0x0, 0x9e, 0x18, 0xf2, 0x0, 0x0, 0xa, 0xf1,
    0x9f, 0x10, 0x5f, 0x70, 0x9f, 0x10, 0x5f, 0x40,
    0x9f, 0x10, 0x5f, 0x40, 0x9f, 0x10, 0x5f, 0x40,
    0x8f, 0x40, 0x7f, 0x40, 0x4f, 0xda, 0xfe, 0x0,
    0x6, 0xdf, 0xc3, 0x0,

    /* U+1EEA "Ừ" */
    0x0, 0x66, 0x0, 0x0, 0x0, 0x7f, 0x40, 0x21,
    0x0, 0xb, 0xd0, 0xfb, 0x0, 0x0, 0x1, 0xfa,
    0x8f, 0x40, 0x3f, 0xb1, 0x8f, 0x40, 0x3f, 0x80,
    0x8f, 0x40, 0x3f, 0x80, 0x8f, 0x40, 0x3f, 0x80,
    0x8f, 0x40, 0x3f, 0x80, 0x8f, 0x40, 0x3f, 0x80,
    0x8f, 0x40, 0x3f, 0x80, 0x7f, 0x70, 0x6f, 0x70,
    0x3f, 0xfa, 0xff, 0x30, 0x5, 0xdf, 0xd5, 0x0,

    /* U+1EEB "ừ" */
    0x4, 0xa4, 0x0, 0x0, 0x0, 0xdd, 0x7, 0xa0,
    0x0, 0x3f, 0x58, 0xf2, 0x0, 0x0, 0xa, 0xf1,
    0x9f, 0x10, 0x5f, 0x70, 0x9f, 0x10, 0x5f, 0x40,
    0x9f, 0x10, 0x5f, 0x40, 0x9f, 0x10, 0x5f, 0x40,
    0x8f, 0x40, 0x7f, 0x40, 0x4f, 0xda, 0xfe, 0x0,
    0x6, 0xdf, 0xc3, 0x0,

    /* U+1EEC "Ử" */
    0x0, 0xae, 0xb0, 0x0, 0x2, 0x85, 0xf5, 0xb7,
    0x0, 0xb, 0x61, 0xfb, 0x8f, 0x40, 0x3f, 0xb1,
    0x8f, 0x40, 0x3f, 0x80, 0x8f, 0x40, 0x3f, 0x80,
    0x8f, 0x40, 0x3f, 0x80, 0x8f, 0x40, 0x3f, 0x80,
    0x8f, 0x40, 0x3f, 0x80, 0x8f, 0x40, 0x3f, 0x80,
    0x7f, 0x70, 0x6f, 0x70, 0x3f, 0xfa, 0xff, 0x30,
    0x5, 0xdf, 0xd5, 0x0,

    /* U+1EED "ử" */
    0x2, 0xce, 0x83, 0x30, 0x5, 0x69, 0xf9, 0xf1,
    0x0, 0x1d, 0x39, 0xf1, 0x9f, 0x10, 0x5f, 0x80,
    0x9f, 0x10, 0x5f, 0x40, 0x9f, 0x10, 0x5f, 0x40,
    0x9f, 0x10, 0x5f, 0x40, 0x8f, 0x40, 0x7f, 0x40,
    0x4f, 0xda, 0xfe, 0x0, 0x6, 0xdf, 0xc3, 0x0,

    /* U+1EEE "Ữ" */
    0x0, 0x0, 0x0, 0x0, 0x4e, 0xe9, 0x33, 0x50,
    0x76, 0x6c, 0xff, 0xe8, 0x0, 0x0, 0x12, 0xfb,
    0x8f, 0x40, 0x3f, 0xb1, 0x8f, 0x40, 0x3f, 0x80,
    0x8f, 0x40, 0x3f, 0x80, 0x8f, 0x40, 0x3f, 0x80,
    0x8f, 0x40, 0x3f, 0x80, 0x8f, 0x40, 0x3f, 0x80,
    0x8f, 0x40, 0x3f, 0x80, 0x7f, 0x70, 0x6f, 0x70,
    0x3f, 0xfa, 0xff, 0x30, 0x5, 0xdf, 0xd5, 0x0,

    /* U+1EEF "ữ" */
    0x4e, 0xd8, 0x34, 0x50, 0x97, 0x8d, 0xff, 0xf1,
    0x0, 0x0, 0x2b, 0xf2, 0x9f, 0x10, 0x5f, 0x80,
    0x9f, 0x10, 0x5f, 0x40, 0x9f, 0x10, 0x5f, 0x40,
    0x9f, 0x10, 0x5f, 0x40, 0x8f, 0x40, 0x7f, 0x40,
    0x4f, 0xda, 0xfe, 0x0, 0x6, 0xdf, 0xc3, 0x0,

    /* U+1EF0 "Ự" */
    0x0, 0x0, 0x1, 0xfa, 0x0, 0x0, 0x1, 0xfa,
    0x8f, 0x40, 0x3f, 0xb1, 0x8f, 0x40, 0x3f, 0x80,
    0x8f, 0x40, 0x3f, 0x80, 0x8f, 0x40, 0x3f, 0x80,
    0x8f, 0x40, 0x3f, 0x80, 0x8f, 0x40, 0x3f, 0x80,
    0x8f, 0x40, 0x3f, 0x80, 0x7f, 0x70, 0x6f, 0x70,
    0x3f, 0xfa, 0xff, 0x30, 0x5, 0xdf, 0xd5, 0x0,
    0x0, 0x0, 0x0, 0x0, 0x0, 0x4e, 0x40, 0x0,
    0x0, 0x5f, 0x50, 0x0, 0x0, 0x0, 0x0, 0x0,

    /* U+1EF1 "ự" */
    0x0, 0x0, 0x6, 0x70, 0x0, 0x0, 0x8, 0xf2,
    0x0, 0x0, 0xa, 0xf1, 0x9f, 0x10, 0x5f, 0x70,
    0x9f, 0x10, 0x5f, 0x40, 0x9f, 0x10, 0x5f, 0x40,
    0x9f, 0x10, 0x5f, 0x40, 0x8f, 0x40, 0x7f, 0x40,
    0x4f, 0xda, 0xfe, 0x0, 0x6, 0xdf, 0xc3, 0x0,
    0x0, 0x0, 0x0, 0x0, 0x0, 0x5e, 0x20, 0x0,
    0x0, 0x7f, 0x30, 0x0, 0x0, 0x0, 0x0, 0x0,

    /* U+1EF2 "Ỳ" */
    0x3, 0xfa, 0x0, 0x0, 0x7, 0xf3, 0x0, 0x0,
    0x6, 0x40, 0xa, 0xf7, 0x6, 0xfa, 0x3f, 0xc0,
    0xbf, 0x30, 0xdf, 0x3f, 0xd0, 0x6, 0xfd, 0xf6,
    0x0, 0xf, 0xff, 0x0, 0x0, 0x9f, 0x90, 0x0,
    0x6, 0xf6, 0x0, 0x0, 0x6f, 0x60, 0x0, 0x6,
    0xf6, 0x0, 0x0, 0x6f, 0x60, 0x0,

    /* U+1EF3 "ỳ" */
    0x3, 0xf9, 0x0, 0x0, 0x8, 0xf2, 0x0, 0x0,
    0x9, 0x50, 0x8, 0xf5, 0x2, 0xf8, 0x3f, 0x90,
    0x7f, 0x30, 0xee, 0xb, 0xe0, 0x9, 0xf3, 0xfa,
    0x0, 0x4f, 0xbf, 0x50, 0x0, 0xef, 0xf0, 0x0,
    0xa, 0xfb, 0x0, 0x0, 0x6f, 0x70, 0x0, 0xa,
    0xf2, 0x0, 0x0, 0xed, 0x0, 0x0,

    /* U+1EF6 "Ỷ" */
    0x0, 0xae, 0xb0, 0x0, 0x39, 0x6f, 0x40, 0x0,
    0xb, 0x60, 0xa, 0xf7, 0x6, 0xfa, 0x3f, 0xc0,
    0xbf, 0x30, 0xdf, 0x3f, 0xd0, 0x6, 0xfd, 0xf6,
    0x0, 0xf, 0xff, 0x0, 0x0, 0x9f, 0x90, 0x0,
    0x6, 0xf6, 0x0, 0x0, 0x6f, 0x60, 0x0, 0x6,
    0xf6, 0x0, 0x0, 0x6f, 0x60, 0x0,

    /* U+1EF7 "ỷ" */
    0x0, 0xbe, 0xb0, 0x0, 0x28, 0x5f, 0x40, 0x0,
    0xb, 0x60, 0x8, 0xf5, 0x2, 0xf8, 0x3f, 0x90,
    0x7f, 0x30, 0xee, 0xb, 0xe0, 0x9, 0xf3, 0xfa,
    0x0, 0x4f, 0xbf, 0x50, 0x0, 0xef, 0xf0, 0x0,
    0xa, 0xfb, 0x0, 0x0, 0x6f, 0x70, 0x0, 0xa,
    0xf2, 0x0, 0x0, 0xed, 0x0, 0x0,

    /* U+2013 "–" */
    0x22, 0x22, 0x2f, 0xff, 0xff, 0x55, 0x55, 0x50,

    /* U+2014 "—" */
    0x22, 0x22, 0x22, 0x2f, 0xff, 0xff, 0xff, 0x55,
    0x55, 0x55, 0x50,

    /* U+2016 "‖" */
    0x21, 0x1, 0x2b, 0x50, 0x5b, 0xb5, 0x5, 0xbb,
    0x50, 0x5b, 0xb5, 0x5, 0xbb, 0x50, 0x5b, 0xb5,
    0x5, 0xbb, 0x50, 0x5b, 0xb5, 0x5, 0xbb, 0x50,
    0x5b, 0xb5, 0x5, 0xbb, 0x50, 0x5b, 0xb5, 0x5,
    0xbb, 0x50, 0x5b,

    /* U+2017 "‗" */
    0xee, 0xee, 0xee, 0xe1, 0x11, 0x11, 0x11, 0xee,
    0xee, 0xee, 0xe1, 0x11, 0x11, 0x11,

    /* U+2018 "‘" */
    0x0, 0x0, 0xb7, 0xf, 0x54, 0xf3, 0x4c, 0x10,

    /* U+2019 "’" */
    0x0, 0x2, 0xf5, 0x4f, 0x26, 0xe0, 0x68, 0x0,

    /* U+201A "‚" */
    0x0, 0x6, 0xf2, 0x8f, 0xa, 0xa0, 0x85, 0x0,

    /* U+201B "‛" */
    0x0, 0x5, 0xf0, 0x3f, 0x30, 0xf5, 0x9, 0x40,

    /* U+201C "“" */
    0x0, 0x0, 0x1, 0xf1, 0x5d, 0x6f, 0x9, 0xcb,
    0xd0, 0xea, 0x99, 0xa, 0x70,

    /* U+201D "”" */
    0x0, 0x0, 0x9, 0xd0, 0xcb, 0xbc, 0xe, 0x9d,
    0x70, 0xf4, 0xb3, 0x1c, 0x0,

    /* U+201E "„" */
    0x0, 0x0, 0x0, 0xc, 0xb0, 0xf8, 0xe, 0x82,
    0xf5, 0xf, 0x44, 0xf1, 0x1c, 0x3, 0xa0,

    /* U+201F "‟" */
    0x0, 0x0, 0xc, 0x90, 0xd8, 0xbb, 0xc, 0xa7,
    0xd0, 0x8d, 0x3b, 0x4, 0xa0,

    /* U+2020 "†" */
    0x0, 0xf, 0x0, 0x0, 0x0, 0xf0, 0x0, 0x9f,
    0xff, 0xff, 0x91, 0x23, 0xf3, 0x21, 0x0, 0xf,
    0x0, 0x0, 0x0, 0xf0, 0x0, 0x0, 0xf, 0x0,
    0x0, 0x0, 0xf0, 0x0, 0x0, 0xf, 0x0, 0x0,
    0x0, 0xf0, 0x0,

    /* U+2021 "‡" */
    0x0, 0xf, 0x0, 0x0, 0x0, 0xf0, 0x0, 0x9f,
    0xff, 0xff, 0x91, 0x23, 0xf3, 0x21, 0x0, 0xf,
    0x0, 0x0, 0x0, 0xf0, 0x0, 0x9f, 0xff, 0xff,
    0x91, 0x23, 0xf3, 0x21, 0x0, 0xf, 0x0, 0x0,
    0x0, 0xf0, 0x0,

    /* U+2022 "•" */
    0x0, 0x0, 0x0, 0x0, 0x2c, 0xfc, 0x20, 0xc,
    0xff, 0xfc, 0x0, 0xff, 0xff, 0xf0, 0xc, 0xff,
    0xfc, 0x0, 0x2b, 0xfb, 0x20,

    /* U+2026 "…" */
    0x0, 0x1, 0x0, 0xc, 0xe6, 0xf5, 0xec, 0xac,
    0x4e, 0x4c, 0xa0,

    /* U+2030 "‰" */
    0xab, 0x3, 0x80, 0x0, 0xcb, 0x9, 0x20, 0x0,
    0xba, 0x1b, 0x0, 0x0, 0xbb, 0x65, 0x0, 0x0,
    0xab, 0xbd, 0x69, 0x90, 0x2, 0xc8, 0xbb, 0xb0,
    0x8, 0x77, 0xbb, 0xa0, 0xb, 0x37, 0xbb, 0xa0,
    0x56, 0x37, 0xba, 0xa0, 0xa0, 0xb, 0x69, 0x90,

    /* U+2032 "′" */
    0xa, 0xb0, 0xf5, 0x4e, 0x9, 0x90, 0x62, 0x0,

    /* U+2033 "″" */
    0x1, 0xf5, 0x4f, 0x20, 0x6e, 0x9, 0xb0, 0xb,
    0x80, 0xe5, 0x0, 0xf2, 0x3f, 0x0, 0x16, 0x3,
    0x50, 0x0,

    /* U+2039 "‹" */
    0x0, 0x4, 0x60, 0x7, 0xf6, 0x1b, 0xf6, 0x7,
    0xf5, 0x0, 0x2d, 0xe4, 0x0, 0xa, 0xf5, 0x0,
    0x6, 0x70, 0x0, 0x0,

    /* U+203A "›" */
    0x64, 0x0, 0x6, 0xf7, 0x0, 0x6, 0xfb, 0x10,
    0x5, 0xf7, 0x4, 0xfd, 0x25, 0xfa, 0x0, 0x76,
    0x0, 0x0, 0x0, 0x0,

    /* U+203D "‽" */
    0x0, 0xaf, 0xb2, 0x2, 0xef, 0xff, 0xf4, 0x9f,
    0x7f, 0x7f, 0xa0, 0x4, 0xfa, 0xf7, 0x0, 0x3f,
    0xf9, 0x0, 0x3, 0xf9, 0x0, 0x0, 0x16, 0x10,
    0x0, 0x0, 0x10, 0x0, 0x0, 0x8f, 0x30, 0x0,
    0x6, 0xe2, 0x0,

    /* U+203E "‾" */
    0xaa, 0xaa, 0xaa, 0xaf, 0xff, 0xff, 0xff,

    /* U+2043 "⁃" */
    0xaf, 0xff, 0xff, 0x9a, 0xff, 0xff, 0xf9, 0xaf,
    0xff, 0xff, 0x90, 0x0, 0x0, 0x0,

    /* U+2044 "⁄" */
    0x0, 0x0, 0x6, 0xb0, 0x0, 0x1, 0xe2, 0x0,
    0x0, 0x98, 0x0, 0x0, 0x2e, 0x0, 0x0, 0xb,
    0x50, 0x0, 0x5, 0xc0, 0x0, 0x0, 0xe2, 0x0,
    0x0, 0x89, 0x0, 0x0, 0x2e, 0x10, 0x0, 0xb,
    0x60, 0x0, 0x0,

    /* U+205E "⁞" */
    0x1, 0x5, 0xf5, 0x4e, 0x40, 0x0, 0x1, 0x5,
    0xf5, 0x4e, 0x40, 0x0, 0x1, 0x5, 0xf5, 0x4e,
    0x40, 0x0, 0x1, 0x5, 0xf5, 0x4e, 0x40,

    /* U+2070 "⁰" */
    0xa, 0xfa, 0x0, 0xf3, 0xf0, 0xf, 0xf, 0x0,
    0xf3, 0xf0, 0xa, 0xfa, 0x0,

    /* U+2071 "ⁱ" */
    0xb, 0x70, 0x7, 0x50, 0xdf, 0xa0, 0x4c, 0xa0,
    0xb, 0xa0, 0x3c, 0xb3, 0xdf, 0xfb,

    /* U+2074 "⁴" */
    0x0, 0xea, 0x0, 0x6b, 0xa0, 0xc, 0x5a, 0x3,
    0xff, 0xf3, 0x1, 0x7b, 0x0,

    /* U+2075 "⁵" */
    0xf, 0xfe, 0x0, 0xff, 0x90, 0x7, 0x4f, 0x0,
    0x94, 0xe0, 0x9, 0xe7, 0x0,

    /* U+2076 "⁶" */
    0x0, 0xa3, 0x0, 0x6f, 0x90, 0xe, 0x2f, 0x1,
    0xf4, 0xe0, 0x8, 0xe8, 0x0,

    /* U+2077 "⁷" */
    0x3f, 0xff, 0x10, 0x18, 0xa0, 0x0, 0xe4, 0x0,
    0x5e, 0x0, 0xc, 0x80, 0x0,

    /* U+2078 "⁸" */
    0x7, 0xe7, 0x0, 0xe2, 0xe0, 0xb, 0xfb, 0x1,
    0xf2, 0xf1, 0xa, 0xea, 0x0,

    /* U+2079 "⁹" */
    0x8, 0xe8, 0x0, 0xf4, 0xf1, 0xa, 0xfe, 0x0,
    0xd, 0x60, 0x7, 0xc0, 0x0,

    /* U+207A "⁺" */
    0x1, 0xf1, 0x0, 0x1f, 0x10, 0xdf, 0xff, 0xc1,
    0x3f, 0x31, 0x1, 0x91, 0x0,

    /* U+207B "⁻" */
    0xdf, 0xff, 0xc1, 0x11, 0x11,

    /* U+207C "⁼" */
    0xde, 0xee, 0xc1, 0x11, 0x11, 0xdf, 0xff, 0xc1,
    0x11, 0x11,

    /* U+207D "⁽" */
    0x2, 0xe7, 0xd, 0xd0, 0x4f, 0x50, 0x9f, 0x10,
    0xbe, 0x0, 0xbe, 0x0, 0x9f, 0x10, 0x5f, 0x40,
    0xd, 0xc0, 0x3, 0xf7,

    /* U+207E "⁾" */
    0x7e, 0x20, 0xd, 0xd0, 0x4, 0xf4, 0x0, 0xf9,
    0x0, 0xeb, 0x0, 0xdb, 0x0, 0xf9, 0x4, 0xf5,
    0xd, 0xd0, 0x7f, 0x30,

    /* U+207F "ⁿ" */
    0xcc, 0xed, 0x4c, 0xc3, 0xcb, 0xc8, 0x8, 0xcc,
    0x80, 0x8c, 0xc8, 0x8, 0xc0,

    /* U+2080 "₀" */
    0x9, 0xf9, 0x0, 0xf3, 0xf0, 0xf, 0xf, 0x0,
    0xf0, 0xf0, 0xf, 0x3f, 0x0, 0x9f, 0x90,

    /* U+2081 "₁" */
    0x0, 0x0, 0x76, 0x7f, 0x71, 0x97, 0x8, 0x70,
    0x87, 0x8, 0x70,

    /* U+2082 "₂" */
    0x7, 0xe7, 0x0, 0xe5, 0xf0, 0x0, 0x4d, 0x0,
    0xc, 0x60, 0x4, 0xe4, 0x0, 0xcf, 0xf0,

    /* U+2083 "₃" */
    0x6, 0xe7, 0x0, 0x82, 0xe0, 0x0, 0x6c, 0x0,
    0x4, 0xf0, 0xe, 0x3f, 0x10, 0x9f, 0x90,

    /* U+2084 "₄" */
    0x0, 0xda, 0x0, 0x3e, 0xa0, 0xa, 0x8a, 0x0,
    0xc5, 0xa0, 0x3f, 0xff, 0x30, 0x17, 0xb0,

    /* U+2085 "₅" */
    0xf, 0xfe, 0x0, 0xe2, 0x20, 0xf, 0xd8, 0x0,
    0x74, 0xf0, 0xa, 0x5e, 0x0, 0x9e, 0x70,

    /* U+2086 "₆" */
    0x0, 0xb7, 0x0, 0x3d, 0x0, 0xb, 0xf8, 0x1,
    0xf4, 0xf0, 0xf, 0x5f, 0x0, 0x8f, 0x80,

    /* U+2087 "₇" */
    0x3f, 0xff, 0x10, 0x28, 0xc0, 0x0, 0xc6, 0x0,
    0x1f, 0x10, 0x7, 0xc0, 0x0, 0xd7, 0x0,

    /* U+2088 "₈" */
    0x7, 0xe7, 0x0, 0xe3, 0xe0, 0xb, 0xfa, 0x1,
    0xf1, 0xf1, 0x1f, 0x3f, 0x10, 0x9f, 0x90,

    /* U+2089 "₉" */
    0x8, 0xf8, 0x0, 0xf5, 0xf0, 0x1f, 0x1f, 0x10,
    0xbf, 0xc0, 0x0, 0xd4, 0x0, 0x6b, 0x0,

    /* U+2090 "ₐ" */
    0x1a, 0xed, 0x33, 0x96, 0xcb, 0x3d, 0xee, 0xdc,
    0xa0, 0x9d, 0xbc, 0x5e, 0xd4, 0xee, 0xbd,

    /* U+2091 "ₑ" */
    0x1b, 0xfc, 0x29, 0xc5, 0xcb, 0xdd, 0xcd, 0xcd,
    0x80, 0x0, 0x9e, 0x6b, 0x81, 0xbf, 0xc3,

    /* U+2092 "ₒ" */
    0x1b, 0xfb, 0x19, 0xe7, 0xe9, 0xd8, 0x8, 0xdd,
    0x80, 0x8d, 0x9e, 0x6e, 0x91, 0xbf, 0xb1,

    /* U+2093 "ₓ" */
    0x8d, 0xd, 0x81, 0xfa, 0xf1, 0x8, 0xf7, 0x0,
    0x9f, 0x90, 0x2f, 0x7f, 0x29, 0xd0, 0xc9,

    /* U+2094 "ₔ" */
    0x2c, 0xfb, 0x15, 0x75, 0xc9, 0xdd, 0xcd, 0xdd,
    0x80, 0x8d, 0x9e, 0x6e, 0x91, 0xbf, 0xb1,

    /* U+20A9 "₩" */
    0x8f, 0x10, 0x1f, 0x86, 0xf3, 0x3, 0xf6, 0x5f,
    0x46, 0x4f, 0x43, 0xf6, 0xe6, 0xf3, 0xcf, 0xef,
    0xef, 0xca, 0xff, 0xff, 0xf9, 0x1f, 0xfd, 0xfe,
    0x1f, 0xff, 0xff, 0xff, 0x4c, 0xf4, 0xfc, 0x40,
    0xac, 0xc, 0x90,

    /* U+20AA "₪" */
    0xef, 0xfd, 0x38, 0xee, 0xdb, 0xfd, 0x8e, 0xe8,
    0x37, 0xf9, 0xee, 0x9f, 0x9f, 0x9e, 0xe9, 0xf9,
    0xf9, 0xee, 0x8f, 0x73, 0x9e, 0xe8, 0xdf, 0xbe,
    0xee, 0x84, 0xdf, 0xfe,

    /* U+20AC "€" */
    0x3, 0xcf, 0xd7, 0x0, 0xef, 0xab, 0xf2, 0x1f,
    0xb0, 0x1, 0x9, 0xff, 0xdc, 0x0, 0x2f, 0x90,
    0x0, 0x9, 0xff, 0xd4, 0x0, 0x2f, 0xa0, 0x0,
    0x0, 0xfb, 0x1, 0xa5, 0xb, 0xfa, 0xdf, 0x50,
    0x1b, 0xfe, 0x70,

    /* U+20AD "₭" */
    0x4f, 0x70, 0x9f, 0x34, 0xf7, 0x2f, 0xa0, 0x4f,
    0x7a, 0xf1, 0x6, 0xfa, 0xf9, 0x22, 0xff, 0xff,
    0xff, 0xf8, 0xfc, 0xfc, 0x55, 0x4f, 0x7d, 0xf1,
    0x4, 0xf7, 0x6f, 0x80, 0x4f, 0x70, 0xee, 0x4,
    0xf7, 0x8, 0xf6,

    /* U+20AE "₮" */
    0x9f, 0xff, 0xff, 0x96, 0xac, 0xfc, 0xa6, 0x0,
    0x6f, 0x67, 0x0, 0x6, 0xff, 0xd0, 0x0, 0xaf,
    0xb2, 0x0, 0xdf, 0xfa, 0xc0, 0x9, 0x7f, 0xfa,
    0x0, 0x5e, 0xf8, 0x0, 0xe, 0xdf, 0x60, 0x0,
    0x36, 0xf6, 0x0,

    /* U+20B1 "₱" */
    0x1f, 0xff, 0xb2, 0x1, 0xfd, 0x9f, 0xc0, 0xff,
    0xfe, 0xff, 0xf3, 0xfb, 0x18, 0xf7, 0xff, 0xfe,
    0xff, 0xf3, 0xfb, 0x2d, 0xf3, 0x1f, 0xdb, 0xfb,
    0x1, 0xff, 0xfa, 0x10, 0x1f, 0xa0, 0x0, 0x1,
    0xfa, 0x0, 0x0,

    /* U+20B2 "₲" */
    0x4, 0xcf, 0xd9, 0xb1, 0xfe, 0x9e, 0xf2, 0x5f,
    0x70, 0x98, 0x6, 0xf5, 0x2d, 0x0, 0x6f, 0x5b,
    0xda, 0x16, 0xfa, 0xee, 0xf2, 0x6f, 0xf2, 0x9f,
    0x25, 0xf9, 0xa, 0xf2, 0x3f, 0xd7, 0xff, 0x2b,
    0xbe, 0xec, 0xf2,

    /* U+20B4 "₴" */
    0x3, 0xcf, 0xd4, 0x0, 0xcf, 0x9e, 0xf0, 0x9,
    0x60, 0xaf, 0x1c, 0xff, 0xff, 0xfc, 0x57, 0xdf,
    0xb7, 0x5c, 0xff, 0xff, 0xfc, 0x5f, 0xa4, 0x44,
    0x32, 0xf9, 0x6, 0xb1, 0xd, 0xfa, 0xfe, 0x0,
    0x2c, 0xfd, 0x30,

    /* U+20B8 "₸" */
    0x9f, 0xff, 0xff, 0x96, 0xaa, 0xaa, 0xa6, 0x0,
    0x0, 0x0, 0x9, 0xff, 0xff, 0xf9, 0x6a, 0xcf,
    0xca, 0x60, 0x6, 0xf6, 0x0, 0x0, 0x6f, 0x60,
    0x0, 0x6, 0xf6, 0x0, 0x0, 0x6f, 0x60, 0x0,
    0x6, 0xf6, 0x0,

    /* U+20B9 "₹" */
    0x2, 0x22, 0x22, 0x16, 0xff, 0xff, 0xf8, 0x47,
    0x9f, 0xf7, 0x11, 0x55, 0xbf, 0x84, 0x7f, 0xff,
    0xff, 0x62, 0x44, 0x9f, 0x70, 0x3, 0x8e, 0xd0,
    0x0, 0x7f, 0xd1, 0x0, 0x1, 0xff, 0x20, 0x0,
    0x7, 0xfc, 0x0, 0x0, 0xd, 0xf6, 0x0,

    /* U+20BA "₺" */
    0x9, 0xf2, 0x10, 0x0, 0x9f, 0x7e, 0x0, 0x9,
    0xff, 0xa0, 0x5, 0xef, 0x53, 0x0, 0xce, 0xfa,
    0xf0, 0x2, 0xaf, 0xf6, 0x0, 0x8f, 0xf3, 0x7,
    0x5b, 0xdf, 0x22, 0xf9, 0x9, 0xfb, 0xef, 0x50,
    0x9f, 0xfe, 0x80,

    /* U+20BC "₼" */
    0x0, 0x5f, 0x50, 0x0, 0x5, 0xf5, 0x0, 0x0,
    0x5f, 0x50, 0x0, 0x7d, 0xfd, 0x70, 0x7f, 0xff,
    0xff, 0x7c, 0xf5, 0xf5, 0xfc, 0xdd, 0x4f, 0x4d,
    0xdd, 0xd4, 0xf4, 0xdd, 0xdd, 0x24, 0xd, 0xdd,
    0xd0, 0x0, 0xdd,

    /* U+20BD "₽" */
    0xc, 0xff, 0xd6, 0x0, 0xcf, 0xbf, 0xf5, 0xc,
    0xf0, 0x4f, 0xa0, 0xcf, 0x2, 0xfb, 0x1d, 0xf2,
    0x9f, 0x8c, 0xff, 0xff, 0xc1, 0x3d, 0xf4, 0x20,
    0x1, 0xdf, 0x11, 0x10, 0xcf, 0xff, 0xff, 0x63,
    0xdf, 0x44, 0x41,

    /* U+20BE "₾" */
    0x0, 0x87, 0xe0, 0x0, 0x8e, 0xff, 0x90, 0x8f,
    0xfb, 0xff, 0x9d, 0xf8, 0x7e, 0xbd, 0xee, 0x33,
    0x64, 0x6e, 0xd0, 0x0, 0x0, 0xee, 0x0, 0x0,
    0xc, 0xf0, 0x0, 0x0, 0x6f, 0x60, 0x0, 0xb,
    0xff, 0xc1, 0x0, 0xef, 0xff, 0x20, 0x0,

    /* U+2105 "℅" */
    0x0, 0x10, 0x0, 0x5, 0xff, 0xa0, 0x0, 0xd6,
    0x3, 0x0, 0xf, 0x30, 0x0, 0x1, 0xba, 0x48,
    0x5, 0xe1, 0xac, 0x7b, 0xd3, 0x0, 0x6e, 0x80,
    0x2, 0xcc, 0x6c, 0xb2, 0xe7, 0xe, 0x8a, 0xb2,
    0x1, 0xf0, 0x3f, 0x0, 0xf, 0x47, 0xd0, 0x0,
    0x6f, 0xf4, 0x0, 0x0, 0x0, 0x0,

    /* U+2113 "ℓ" */
    0x0, 0x1, 0x30, 0x0, 0x5, 0xff, 0xd0, 0x1,
    0xe9, 0x4f, 0x40, 0x6f, 0x10, 0xf6, 0xa, 0xd0,
    0x2f, 0x40, 0xca, 0x8, 0xe0, 0xd, 0x85, 0xf6,
    0x1, 0xde, 0xf7, 0x0, 0xbf, 0xf6, 0x0, 0x2,
    0x1c, 0xfa, 0x20, 0x0, 0x17, 0xd2, 0x0,

    /* U+2116 "№" */
    0x20, 0x20, 0x13, 0xf, 0x6e, 0x4f, 0xf7, 0xf8,
    0xe8, 0xa4, 0xcf, 0xae, 0xb8, 0x1f, 0xfc, 0xe8,
    0xb4, 0xcf, 0xee, 0x3e, 0xf6, 0xfc, 0xf3, 0x56,
    0x3f, 0x9f, 0x7d, 0xdb, 0xf6, 0xf1, 0x0, 0xf,
    0x4f, 0x10, 0x0, 0xf1, 0xf1, 0x0, 0x0,

    /* U+2117 "℗" */
    0x0, 0x0, 0x0, 0x0, 0x8d, 0xdd, 0x60, 0x79,
    0x0, 0xb, 0x4c, 0x1c, 0xb4, 0x49, 0xd0, 0xe2,
    0xc2, 0xad, 0xe, 0x2d, 0x2a, 0xd0, 0xfc, 0x52,
    0xad, 0xe, 0x0, 0x2a, 0xc1, 0x30, 0x4, 0x96,
    0xa0, 0x1, 0xc4, 0x7, 0xdd, 0xd5, 0x0,

    /* U+2122 "™" */
    0x22, 0x21, 0x0, 0x17, 0xf8, 0xa8, 0x8a, 0xe,
    0xa, 0xee, 0xa0, 0xe0, 0xa8, 0x8a, 0xe, 0xa,
    0x22, 0xa0, 0x0, 0x0, 0x0,

    /* U+212E "℮" */
    0x1, 0xab, 0xb7, 0x0, 0xaa, 0x1, 0xf3, 0xf,
    0xa0, 0x1f, 0x80, 0xfa, 0x1, 0xf9, 0xf, 0xea,
    0xab, 0x80, 0xfa, 0x0, 0x0, 0xa, 0xa0, 0x8,
    0x30, 0x1a, 0xaa, 0x70,

    /* U+2132 "Ⅎ" */
    0x0, 0x0, 0x12, 0x0, 0x0, 0xb, 0xf1, 0x0,
    0x0, 0xbf, 0x10, 0x0, 0xb, 0xf1, 0x0, 0x0,
    0xbf, 0x13, 0xff, 0xff, 0xf1, 0x2a, 0xaa, 0xef,
    0x10, 0x0, 0xb, 0xf1, 0x0, 0x0, 0xbf, 0x16,
    0xbb, 0xbe, 0xf1, 0x9f, 0xff, 0xff, 0x10,

    /* U+214D "⅍" */
    0x0, 0x1, 0x0, 0x0, 0x6, 0xff, 0x90, 0x0,
    0x0, 0x33, 0xf0, 0x0, 0x8, 0xcc, 0xf0, 0x0,
    0xe, 0x66, 0xf0, 0x1a, 0x5, 0xc9, 0xb6, 0xe7,
    0x0, 0x2, 0xbc, 0x20, 0x0, 0x7e, 0xbc, 0xb2,
    0xd, 0xb2, 0xb7, 0x43, 0x6, 0x0, 0x4e, 0xb2,
    0x0, 0x0, 0x32, 0xaa, 0x0, 0x0, 0x6e, 0xe6,
    0x0, 0x0, 0x0, 0x0,

    /* U+214E "ⅎ" */
    0x0, 0x0, 0x1f, 0x80, 0x0, 0x1, 0xf9, 0x8,
    0x99, 0xaf, 0x90, 0xdf, 0xff, 0xf9, 0x0, 0x0,
    0x2f, 0x90, 0x99, 0x9a, 0xf9, 0x1f, 0xff, 0xff,
    0x90,

    /* U+2153 "⅓" */
    0x0, 0x10, 0x0, 0x0, 0x0, 0x7f, 0x0, 0x8,
    0x80, 0x7, 0xf0, 0x2, 0xe0, 0x0, 0xf, 0x0,
    0xb5, 0x0, 0x0, 0xf0, 0x5c, 0x0, 0x0, 0xe,
    0x1d, 0x9c, 0x60, 0x0, 0x8, 0x98, 0x1e, 0x0,
    0x2, 0xe1, 0x4, 0xe0, 0x0, 0xa6, 0x0, 0x6d,
    0x0, 0x4d, 0x0, 0x90, 0xf1, 0xd, 0x30, 0x9,
    0xd8, 0x0,

    /* U+2154 "⅔" */
    0xb, 0xe5, 0x0, 0x2e, 0x2, 0xb7, 0xa0, 0xb,
    0x50, 0x0, 0xc4, 0x5, 0xc0, 0x0, 0x6c, 0x20,
    0xd2, 0x0, 0x1e, 0xeb, 0x8d, 0xc8, 0x0, 0x0,
    0x2e, 0x82, 0xd1, 0x0, 0xb, 0x60, 0x2e, 0x10,
    0x4, 0xc0, 0x4, 0xe2, 0x0, 0xd3, 0x8, 0x1c,
    0x40, 0x7a, 0x0, 0x6c, 0xa0,

    /* U+215B "⅛" */
    0x0, 0x0, 0x0, 0x0, 0x0, 0x6e, 0x10, 0x8,
    0x90, 0x6, 0xe1, 0x2, 0xe1, 0x0, 0xe, 0x10,
    0xa6, 0x0, 0x0, 0xe1, 0x4d, 0x0, 0x0, 0xd,
    0x2d, 0xad, 0x50, 0x0, 0x7, 0xad, 0x3c, 0x0,
    0x1, 0xe1, 0xe2, 0xd0, 0x0, 0xa7, 0xc, 0xfa,
    0x0, 0x3d, 0x2, 0xe0, 0xf0, 0xc, 0x40, 0xa,
    0xd9, 0x0,

    /* U+215C "⅜" */
    0x8, 0xe6, 0x0, 0x6b, 0x0, 0x72, 0xc0, 0xe,
    0x20, 0x0, 0x9a, 0x8, 0x80, 0x2, 0x91, 0xf2,
    0xe0, 0x0, 0xb, 0xf8, 0xba, 0xd7, 0x0, 0x0,
    0x5c, 0xb5, 0xe0, 0x0, 0xd, 0x3c, 0x3d, 0x0,
    0x8, 0x90, 0x9f, 0xc0, 0x2, 0xe1, 0xf, 0x1d,
    0x30, 0xb6, 0x0, 0x8d, 0xb0,

    /* U+215D "⅝" */
    0xd, 0xff, 0x0, 0x6b, 0x0, 0xd2, 0x10, 0xe,
    0x20, 0xd, 0xeb, 0x8, 0x80, 0x0, 0x63, 0xe5,
    0xe0, 0x0, 0xa, 0xfb, 0xbe, 0xe4, 0x0, 0x1,
    0x5c, 0xe6, 0xb0, 0x0, 0xd, 0x3e, 0x3b, 0x0,
    0x8, 0x90, 0xdf, 0x80, 0x2, 0xe1, 0x3d, 0x1f,
    0x0, 0xb6, 0x0, 0xbd, 0x80,

    /* U+215E "⅞" */
    0xa, 0xff, 0xa0, 0x97, 0x0, 0x1, 0xe3, 0x3d,
    0x0, 0x0, 0x5d, 0xc, 0x40, 0x0, 0xc, 0x76,
    0xb0, 0x0, 0x2, 0xe2, 0xe7, 0xd7, 0x0, 0x0,
    0x98, 0xb3, 0xd0, 0x0, 0x2e, 0xd, 0x3e, 0x0,
    0xb, 0x50, 0xaf, 0xc0, 0x5, 0xc0, 0xf, 0xe,
    0x20, 0xd2, 0x0, 0x9d, 0xa0,

    /* U+2190 "←" */
    0x0, 0x0, 0x0, 0x0, 0x1b, 0x10, 0x0, 0x2d,
    0x91, 0x0, 0xc, 0xff, 0xff, 0xff, 0x1d, 0x90,
    0x0, 0x0, 0x1b, 0x10, 0x0,

    /* U+2191 "↑" */
    0x1, 0xc1, 0x0, 0xbf, 0xb0, 0x8c, 0xfc, 0x83,
    0x1f, 0x13, 0x0, 0xf0, 0x0, 0xf, 0x0, 0x0,
    0xf0, 0x0, 0xf, 0x0, 0x0, 0xf0, 0x0,

    /* U+2192 "→" */
    0x0, 0x0, 0x0, 0x0, 0x0, 0x1b, 0x10, 0x0,
    0x1, 0x9d, 0x2f, 0xff, 0xff, 0xfc, 0x0, 0x0,
    0x9d, 0x10, 0x0, 0x1b, 0x10,

    /* U+2193 "↓" */
    0x0, 0xf0, 0x0, 0xf, 0x0, 0x0, 0xf0, 0x0,
    0xf, 0x0, 0x0, 0xf0, 0x3, 0x2f, 0x23, 0x8c,
    0xfc, 0x80, 0xbf, 0xb0, 0x1, 0xb1, 0x0,

    /* U+2194 "↔" */
    0x1, 0xc1, 0x0, 0xbf, 0xb0, 0x8c, 0xfc, 0x83,
    0x1f, 0x13, 0x0, 0xf0, 0x3, 0x2f, 0x23, 0x8c,
    0xfc, 0x80, 0xbf, 0xb0, 0x1, 0xb1, 0x0,

    /* U+2195 "↕" */
    0x0, 0x0, 0x0, 0x0, 0x1b, 0x2b, 0x10, 0x2d,
    0x91, 0x9d, 0x2c, 0xff, 0xff, 0xfc, 0x1d, 0x91,
    0x9d, 0x10, 0x1b, 0x2b, 0x10,

    /* U+2196 "↖" */
    0x4a, 0x87, 0x0, 0x6, 0xfd, 0x90, 0x0, 0x4d,
    0xe5, 0x0, 0x3, 0xc4, 0xf4, 0x0, 0x0, 0x4,
    0xe3, 0x0, 0x0, 0x5, 0xe2, 0x0, 0x0, 0x7,
    0x80, 0x0, 0x0, 0x0,

    /* U+2197 "↗" */
    0x0, 0x7, 0x8a, 0x40, 0x0, 0x9d, 0xf6, 0x0,
    0x5, 0xed, 0x40, 0x4, 0xf3, 0xc3, 0x3, 0xe4,
    0x0, 0x2, 0xe5, 0x0, 0x0, 0x86, 0x0, 0x0,
    0x0, 0x0, 0x0, 0x0,

    /* U+2198 "↘" */
    0x0, 0x0, 0x0, 0x8, 0x70, 0x0, 0x0, 0x2e,
    0x60, 0x0, 0x0, 0x3e, 0x50, 0x0, 0x0, 0x3f,
    0x4c, 0x30, 0x0, 0x4e, 0xd4, 0x0, 0xa, 0xdf,
    0x60, 0x0, 0x78, 0x94,

    /* U+2199 "↙" */
    0x0, 0x0, 0x0, 0x0, 0x0, 0x0, 0x78, 0x0,
    0x0, 0x6e, 0x20, 0x0, 0x5e, 0x30, 0x3c, 0x4f,
    0x30, 0x5, 0xde, 0x40, 0x0, 0x6f, 0xda, 0x0,
    0x4, 0x98, 0x70, 0x0,

    /* U+21A8 "↨" */
    0x0, 0x3b, 0x0, 0x0, 0x1e, 0xf8, 0x0, 0xb,
    0xcd, 0xe5, 0x0, 0x44, 0xc3, 0x10, 0x0, 0x3c,
    0x0, 0x0, 0x54, 0xc3, 0x10, 0xb, 0xcd, 0xe4,
    0x0, 0x1d, 0xf7, 0x0, 0x0, 0x2a, 0x0, 0x1,
    0x11, 0x11, 0x10, 0xdf, 0xff, 0xff, 0x60,

    /* U+21D2 "⇒" */
    0x0, 0x0, 0x0, 0x0, 0x7, 0xb0, 0x0, 0x0,
    0xb, 0xc1, 0xd, 0xdd, 0xdd, 0xd1, 0x0, 0x0,
    0xa, 0xcd, 0xdd, 0xdd, 0xd1, 0x0, 0xb, 0xb0,
    0x0, 0x7, 0xa0, 0x0, 0x0, 0x0, 0x0, 0x0,

    /* U+21D4 "⇔" */
    0x0, 0x30, 0x30, 0x0, 0x89, 0x9, 0x80, 0x4e,
    0xdd, 0xde, 0x4d, 0x20, 0x0, 0x2d, 0x4e, 0xdd,
    0xde, 0x40, 0x89, 0x9, 0x80, 0x0, 0x30, 0x30,
    0x0,

    /* U+2200 "∀" */
    0x22, 0x0, 0x2, 0x29, 0xf4, 0x2, 0xf9, 0x5f,
    0xca, 0xcf, 0x52, 0xff, 0xff, 0xf2, 0xe, 0xe0,
    0xde, 0x0, 0xaf, 0x2f, 0xa0, 0x6, 0xf8, 0xf7,
    0x0, 0x3f, 0xef, 0x30, 0x0, 0xff, 0xf0, 0x0,
    0xb, 0xfb, 0x0, 0x0, 0x7f, 0x80, 0x0,

    /* U+2202 "∂" */
    0x0, 0x10, 0x0, 0x0, 0x4f, 0xd3, 0x0, 0x0,
    0x16, 0xe4, 0x0, 0x0, 0x6, 0xe0, 0x0, 0x8b,
    0xaf, 0x50, 0xbc, 0x66, 0xc8, 0x2f, 0x10, 0x6,
    0xb5, 0xc0, 0x0, 0x6b, 0x4e, 0x0, 0x9, 0x90,
    0xe7, 0x4, 0xf3, 0x4, 0xef, 0xf7, 0x0, 0x0,
    0x10, 0x0,

    /* U+2205 "∅" */
    0x0, 0x0, 0x0, 0x28, 0x0, 0x0, 0x0, 0x9,
    0x80, 0x0, 0x8, 0xb8, 0xf1, 0x0, 0xb, 0x94,
    0xcd, 0x0, 0x5, 0xb0, 0xd, 0xd4, 0x0, 0xb4,
    0x4, 0xd4, 0xb0, 0xe, 0x0, 0xb6, 0x1d, 0x0,
    0xf0, 0x1f, 0x0, 0xf0, 0xe, 0x8, 0x90, 0xe,
    0x0, 0xb4, 0xe2, 0x3, 0xb0, 0x5, 0xdc, 0x0,
    0xa5, 0x0, 0xe, 0xa2, 0x8c, 0x0, 0x3, 0xeb,
    0xe9, 0x10, 0x0, 0x97, 0x0, 0x0, 0x0, 0x5,
    0x10, 0x0, 0x0, 0x0,

    /* U+2206 "∆" */
    0x0, 0x5, 0x0, 0x0, 0x1, 0xf1, 0x0, 0x0,
    0x8e, 0x80, 0x0, 0xe, 0x3e, 0x0, 0x5, 0xa0,
    0xb5, 0x0, 0xc4, 0x4, 0xc0, 0x2d, 0x0, 0xd,
    0x29, 0xff, 0xff, 0xf9, 0x0, 0x0, 0x0, 0x0,

    /* U+2207 "∇" */
    0x9e, 0xee, 0xee, 0x93, 0xd1, 0x11, 0xd3, 0xd,
    0x30, 0x3d, 0x0, 0x69, 0x9, 0x60, 0x0, 0xe2,
    0xe0, 0x0, 0x9, 0xd9, 0x0, 0x0, 0x2f, 0x20,
    0x0, 0x0, 0x80, 0x0, 0x0, 0x0, 0x0, 0x0,

    /* U+220F "∏" */
    0x0, 0x0, 0x0, 0xe, 0xff, 0xff, 0xfe, 0x3e,
    0x11, 0x1f, 0x32, 0xe0, 0x0, 0xf2, 0x2e, 0x0,
    0xf, 0x22, 0xe0, 0x0, 0xf2, 0x2e, 0x0, 0xf,
    0x22, 0xe0, 0x0, 0xf2, 0x2e, 0x0, 0xf, 0x22,
    0xe0, 0x0, 0xf2, 0x2e, 0x0, 0xf, 0x22, 0xe0,
    0x0, 0xf2, 0x2e, 0x0, 0xf, 0x22, 0xe0, 0x0,
    0xf2, 0x15, 0x0, 0x5, 0x0,

    /* U+2211 "∑" */
    0x12, 0x22, 0x22, 0x13, 0xff, 0xff, 0xf8, 0xb,
    0xa0, 0x0, 0x0, 0x4f, 0x10, 0x0, 0x0, 0xc9,
    0x0, 0x0, 0x4, 0xf1, 0x0, 0x0, 0xc, 0x80,
    0x0, 0x0, 0xc8, 0x0, 0x0, 0x4f, 0x10, 0x0,
    0xc, 0x90, 0x0, 0x3, 0xf2, 0x0, 0x0, 0xba,
    0x0, 0x0, 0x3f, 0xff, 0xff, 0x81, 0x33, 0x33,
    0x31,

    /* U+2212 "−" */
    0xac, 0xcc, 0xcc, 0x54, 0x44, 0x44, 0x41,

    /* U+2215 "∕" */
    0x0, 0x0, 0xe, 0xc0, 0x0, 0x6, 0xf4, 0x0,
    0x0, 0xec, 0x0, 0x0, 0x6f, 0x40, 0x0, 0xd,
    0xd0, 0x0, 0x5, 0xf5, 0x0, 0x0, 0xdd, 0x0,
    0x0, 0x4f, 0x50, 0x0, 0xc, 0xe0, 0x0, 0x4,
    0xf6, 0x0, 0x0, 0xce, 0x0, 0x0, 0x0,

    /* U+2219 "∙" */
    0x0, 0x9, 0xf2, 0x7e, 0x20, 0x0,

    /* U+221A "√" */
    0x0, 0x0, 0x5, 0xd0, 0x0, 0x0, 0x9, 0x90,
    0x0, 0x0, 0xd, 0x50, 0x0, 0x0, 0x1f, 0x10,
    0x0, 0x0, 0x5c, 0x0, 0x45, 0x20, 0x98, 0x0,
    0xad, 0xa0, 0xd3, 0x0, 0x2, 0xf2, 0xf0, 0x0,
    0x0, 0xcb, 0xa0, 0x0, 0x0, 0x6f, 0x60, 0x0,
    0x0, 0x3, 0x0, 0x0,

    /* U+221E "∞" */
    0x4, 0x40, 0x44, 0x7, 0xff, 0xcf, 0xf7, 0xd6,
    0x2f, 0x26, 0xdd, 0x51, 0xf1, 0x5d, 0x8f, 0xfd,
    0xff, 0x80, 0x55, 0x5, 0x50,

    /* U+221F "∟" */
    0x63, 0x0, 0x0, 0xd, 0x60, 0x0, 0x0, 0xd6,
    0x0, 0x0, 0xd, 0x60, 0x0, 0x0, 0xd6, 0x0,
    0x0, 0xd, 0x95, 0x55, 0x52, 0xdf, 0xff, 0xff,
    0x60,

    /* U+2225 "∥" */
    0x1d, 0x2, 0xb1, 0xd0, 0x2b, 0x1d, 0x2, 0xb1,
    0xd0, 0x2b, 0x1d, 0x2, 0xb1, 0xd0, 0x2b, 0x1d,
    0x2, 0xb1, 0xd0, 0x2b, 0x1d, 0x2, 0xb1, 0xd0,
    0x2b, 0x1d, 0x2, 0xb0,

    /* U+2227 "∧" */
    0x0, 0x3, 0x0, 0x0, 0x5, 0xf4, 0x0, 0x2,
    0xe5, 0xe2, 0x0, 0xd5, 0x7, 0xc0, 0x99, 0x0,
    0xa, 0x81, 0x0, 0x0, 0x1,

    /* U+2228 "∨" */
    0x10, 0x0, 0x1, 0x19, 0xa0, 0x0, 0xa8, 0xd,
    0x60, 0x6c, 0x0, 0x2e, 0x6e, 0x20, 0x0, 0x4f,
    0x40, 0x0, 0x0, 0x30, 0x0,

    /* U+2229 "∩" */
    0x0, 0x1, 0x0, 0x0, 0x8f, 0xfb, 0x10, 0x5d,
    0x20, 0x9b, 0xb, 0x50, 0x0, 0xf1, 0xd2, 0x0,
    0xd, 0x3d, 0x20, 0x0, 0xc3, 0xd2, 0x0, 0xc,
    0x3d, 0x20, 0x0, 0xc3, 0xd2, 0x0, 0xc, 0x3d,
    0x20, 0x0, 0xc3, 0xd2, 0x0, 0xc, 0x3d, 0x20,
    0x0, 0xc3,

    /* U+222A "∪" */
    0xd2, 0x0, 0xc, 0x3d, 0x20, 0x0, 0xc3, 0xd2,
    0x0, 0xc, 0x3d, 0x20, 0x0, 0xc3, 0xd2, 0x0,
    0xc, 0x3d, 0x20, 0x0, 0xc3, 0xd2, 0x0, 0xc,
    0x3d, 0x20, 0x0, 0xd3, 0xb5, 0x0, 0xf, 0x15,
    0xd2, 0x9, 0xb0, 0x8, 0xff, 0xb1, 0x0, 0x0,
    0x10, 0x0,

    /* U+222B "∫" */
    0x0, 0x15, 0x10, 0xd, 0xf4, 0x2, 0xf5, 0x0,
    0x2f, 0x20, 0x2, 0xf2, 0x0, 0x2f, 0x20, 0x2,
    0xf2, 0x0, 0x2f, 0x20, 0x2, 0xf2, 0x0, 0x2f,
    0x20, 0x2, 0xf2, 0x0, 0x2f, 0x20, 0x2, 0xf2,
    0x1, 0xbf, 0x10, 0x4c, 0x60, 0x0,

    /* U+2234 "∴" */
    0x0, 0x0, 0x0, 0x0, 0x3, 0xf9, 0x0, 0x0,
    0x2f, 0x90, 0x0, 0x0, 0x0, 0x0, 0x0, 0x0,
    0x0, 0x2, 0xf9, 0x2, 0xf9, 0x2e, 0x80, 0x2e,
    0x80, 0x0, 0x0, 0x0,

    /* U+2235 "∵" */
    0x0, 0x0, 0x0, 0x1, 0xe8, 0x1, 0xe8, 0x2f,
    0x90, 0x2f, 0x90, 0x0, 0x0, 0x0, 0x0, 0x0,
    0x0, 0x0, 0x3, 0xfa, 0x0, 0x0, 0x2e, 0x80,
    0x0, 0x0, 0x0, 0x0,

    /* U+2248 "≈" */
    0x6d, 0xa6, 0x12, 0x4a, 0x47, 0xcf, 0xf3, 0x0,
    0x0, 0x0, 0x0, 0x10, 0x0, 0x0, 0xaf, 0xfa,
    0x56, 0x66, 0x3, 0x8c, 0xb1,

    /* U+2260 "≠" */
    0x0, 0x0, 0x0, 0x1, 0x0, 0x0, 0x0, 0xb6,
    0x0, 0x0, 0x4, 0xc0, 0x2, 0x22, 0x2d, 0x61,
    0xc, 0xff, 0xff, 0xf6, 0x0, 0x1, 0xe1, 0x0,
    0x0, 0x9, 0x80, 0x0, 0xd, 0xff, 0xff, 0xf6,
    0x1, 0xc5, 0x11, 0x10, 0x5, 0xc0, 0x0, 0x0,
    0xe, 0x30, 0x0, 0x0,

    /* U+2261 "≡" */
    0x22, 0x22, 0x22, 0x1c, 0xff, 0xff, 0xf6, 0x0,
    0x0, 0x0, 0x0, 0x0, 0x0, 0x0, 0xac, 0xcc,
    0xcc, 0x54, 0x44, 0x44, 0x41, 0x0, 0x0, 0x0,
    0x0, 0x0, 0x0, 0x0, 0xdf, 0xff, 0xff, 0x61,
    0x22, 0x22, 0x20,

    /* U+2264 "≤" */
    0x0, 0x0, 0x5, 0x40, 0x0, 0x5d, 0xd3, 0x5,
    0xdd, 0x60, 0xb, 0xd5, 0x0, 0x0, 0xbe, 0x70,
    0x0, 0x0, 0x4c, 0xe7, 0x0, 0x0, 0x4, 0xce,
    0x40, 0x0, 0x0, 0x43, 0x0, 0x0, 0x0, 0xd,
    0xff, 0xff, 0xf6, 0x11, 0x11, 0x11, 0x0,

    /* U+2265 "≥" */
    0x72, 0x0, 0x0, 0x8, 0xf9, 0x20, 0x0, 0x2,
    0x9f, 0xa2, 0x0, 0x0, 0x19, 0xf4, 0x0, 0x3,
    0xaf, 0x40, 0x3b, 0xf8, 0x10, 0xaf, 0x81, 0x0,
    0x6, 0x10, 0x0, 0x0, 0x0, 0x0, 0x0, 0xd,
    0xff, 0xff, 0xf6, 0x11, 0x11, 0x11, 0x0,

    /* U+22C5 "⋅" */
    0x0, 0x9, 0xf2, 0x7e, 0x20, 0x0,

    /* U+2302 "⌂" */
    0x0, 0x17, 0x0, 0x0, 0x1d, 0xeb, 0x0, 0x2d,
    0x90, 0xbc, 0x1d, 0x70, 0x0, 0x9b, 0xe1, 0x0,
    0x3, 0xce, 0x10, 0x0, 0x3c, 0xe1, 0x0, 0x3,
    0xce, 0x10, 0x0, 0x3c, 0xe3, 0x11, 0x15, 0xce,
    0xff, 0xff, 0xfc,

    /* U+2304 "⌄" */
    0x10, 0x0, 0x1, 0x19, 0xa0, 0x0, 0xa8, 0xd,
    0x60, 0x6c, 0x0, 0x2e, 0x6e, 0x20, 0x0, 0x4f,
    0x40, 0x0, 0x0, 0x30, 0x0,

    /* U+2310 "⌐" */
    0x55, 0x55, 0x55, 0x2d, 0xff, 0xff, 0xf6, 0xd6,
    0x0, 0x0, 0xd, 0x60, 0x0, 0x0, 0xd6, 0x0,
    0x0, 0xd, 0x60, 0x0, 0x0, 0xd6, 0x0, 0x0,
    0x0,

    /* U+2319 "⌙" */
    0x63, 0x0, 0x0, 0xd, 0x60, 0x0, 0x0, 0xd6,
    0x0, 0x0, 0xd, 0x60, 0x0, 0x0, 0xd6, 0x0,
    0x0, 0xd, 0x95, 0x55, 0x52, 0xdf, 0xff, 0xff,
    0x60,

    /* U+2320 "⌠" */
    0x4, 0xbc, 0xc1, 0xe, 0xff, 0xf2, 0x1f, 0x90,
    0x0, 0x1f, 0x70, 0x0, 0x1f, 0x70, 0x0, 0x1f,
    0x70, 0x0, 0x1f, 0x70, 0x0, 0x1f, 0x70, 0x0,
    0x1f, 0x70, 0x0, 0x1f, 0x70, 0x0, 0x1f, 0x70,
    0x0, 0x6, 0x30, 0x0,

    /* U+2321 "⌡" */
    0x0, 0x6, 0x30, 0x1, 0xf7, 0x0, 0x1f, 0x70,
    0x1, 0xf7, 0x0, 0x1f, 0x70, 0x1, 0xf7, 0x0,
    0x1f, 0x70, 0x1, 0xf7, 0x0, 0x1f, 0x70, 0x1,
    0xf7, 0x0, 0x1f, 0x70, 0x1, 0xf7, 0x9b, 0xdf,
    0x6d, 0xff, 0xb0,

    /* U+2500 "─" */
    0xff, 0xff, 0xff, 0xf4, 0x44, 0x44, 0x44,

    /* U+2502 "│" */
    0xa, 0x0, 0xf0, 0xf, 0x0, 0xf0, 0xf, 0x0,
    0xf0, 0xf, 0x0, 0xf0, 0xf, 0x0, 0xf0, 0xf,
    0x0, 0xf0, 0xf, 0x0, 0xf0, 0xf, 0x0, 0xf0,
    0xf, 0x0, 0x20,

    /* U+250C "┌" */
    0xf, 0xff, 0xf0, 0xf4, 0x44, 0xf, 0x0, 0x0,
    0xf0, 0x0, 0xf, 0x0, 0x0, 0xf0, 0x0, 0xf,
    0x0, 0x0, 0xf0, 0x0, 0xf, 0x0, 0x0, 0x50,
    0x0,

    /* U+2510 "┐" */
    0xff, 0xff, 0x4, 0x45, 0xf0, 0x0, 0xf, 0x0,
    0x0, 0xf0, 0x0, 0xf, 0x0, 0x0, 0xf0, 0x0,
    0xf, 0x0, 0x0, 0xf0, 0x0, 0xf, 0x0, 0x0,
    0x50,

    /* U+2514 "└" */
    0x6, 0x0, 0x0, 0xf0, 0x0, 0xf, 0x0, 0x0,
    0xf0, 0x0, 0xf, 0x0, 0x0, 0xf0, 0x0, 0xf,
    0x0, 0x0, 0xf0, 0x0, 0xf, 0xff, 0xf0, 0x44,
    0x44,

    /* U+2518 "┘" */
    0x0, 0x6, 0x0, 0x0, 0xf0, 0x0, 0xf, 0x0,
    0x0, 0xf0, 0x0, 0xf, 0x0, 0x0, 0xf0, 0x0,
    0xf, 0x0, 0x0, 0xf0, 0xff, 0xff, 0x4, 0x44,
    0x40,

    /* U+251C "├" */
    0xa, 0x0, 0x0, 0xf0, 0x0, 0xf, 0x0, 0x0,
    0xf0, 0x0, 0xf, 0x0, 0x0, 0xf0, 0x0, 0xf,
    0x0, 0x0, 0xf3, 0x22, 0xf, 0xff, 0xf0, 0xf1,
    0x11, 0xf, 0x0, 0x0, 0xf0, 0x0, 0xf, 0x0,
    0x0, 0xf0, 0x0, 0xf, 0x0, 0x0, 0xf0, 0x0,
    0xf, 0x0, 0x0, 0x20, 0x0,

    /* U+2524 "┤" */
    0x0, 0xa, 0x0, 0x0, 0xf0, 0x0, 0xf, 0x0,
    0x0, 0xf0, 0x0, 0xf, 0x0, 0x0, 0xf0, 0x0,
    0xf, 0x2, 0x23, 0xf0, 0xff, 0xff, 0x1, 0x11,
    0xf0, 0x0, 0xf, 0x0, 0x0, 0xf0, 0x0, 0xf,
    0x0, 0x0, 0xf0, 0x0, 0xf, 0x0, 0x0, 0xf0,
    0x0, 0xf, 0x0, 0x0, 0x20,

    /* U+252C "┬" */
    0xff, 0xff, 0xff, 0xf4, 0x45, 0xf4, 0x44, 0x0,
    0xf, 0x0, 0x0, 0x0, 0xf0, 0x0, 0x0, 0xf,
    0x0, 0x0, 0x0, 0xf0, 0x0, 0x0, 0xf, 0x0,
    0x0, 0x0, 0xf0, 0x0, 0x0, 0xf, 0x0, 0x0,
    0x0, 0x50, 0x0,

    /* U+2534 "┴" */
    0x0, 0x6, 0x0, 0x0, 0x0, 0xf0, 0x0, 0x0,
    0xf, 0x0, 0x0, 0x0, 0xf0, 0x0, 0x0, 0xf,
    0x0, 0x0, 0x0, 0xf0, 0x0, 0x0, 0xf, 0x0,
    0x0, 0x0, 0xf0, 0x0, 0xff, 0xff, 0xff, 0xf4,
    0x44, 0x44, 0x44,

    /* U+253C "┼" */
    0x0, 0xa, 0x0, 0x0, 0x0, 0xf0, 0x0, 0x0,
    0xf, 0x0, 0x0, 0x0, 0xf0, 0x0, 0x0, 0xf,
    0x0, 0x0, 0x0, 0xf0, 0x0, 0x0, 0xf, 0x0,
    0x2, 0x23, 0xf3, 0x22, 0xff, 0xff, 0xff, 0xf1,
    0x11, 0xf1, 0x11, 0x0, 0xf, 0x0, 0x0, 0x0,
    0xf0, 0x0, 0x0, 0xf, 0x0, 0x0, 0x0, 0xf0,
    0x0, 0x0, 0xf, 0x0, 0x0, 0x0, 0xf0, 0x0,
    0x0, 0xf, 0x0, 0x0, 0x0, 0x20, 0x0,

    /* U+2550 "═" */
    0x44, 0x44, 0x44, 0x4f, 0xff, 0xff, 0xff, 0x0,
    0x0, 0x0, 0xd, 0xdd, 0xdd, 0xdd, 0x66, 0x66,
    0x66, 0x60,

    /* U+2551 "║" */
    0x19, 0x9, 0x11, 0xe0, 0xe1, 0x1e, 0xe, 0x11,
    0xe0, 0xe1, 0x1e, 0xe, 0x11, 0xe0, 0xe1, 0x1e,
    0xe, 0x11, 0xe0, 0xe1, 0x1e, 0xe, 0x11, 0xe0,
    0xe1, 0x1e, 0xe, 0x11, 0xe0, 0xe1, 0x1e, 0xe,
    0x11, 0xe0, 0xe1, 0x1e, 0xe, 0x11, 0xe0, 0xe1,
    0x1e, 0xe, 0x10, 0x20, 0x20,

    /* U+2552 "╒" */
    0x4, 0x44, 0x40, 0xff, 0xff, 0xf, 0x0, 0x0,
    0xfd, 0xdd, 0xf, 0x66, 0x60, 0xf0, 0x0, 0xf,
    0x0, 0x0, 0xf0, 0x0, 0xf, 0x0, 0x0, 0xf0,
    0x0, 0xf, 0x0, 0x0, 0x50, 0x0,

    /* U+2553 "╓" */
    0x1f, 0xff, 0xff, 0x1, 0xf4, 0xf5, 0x40, 0x1e,
    0xe, 0x10, 0x1, 0xe0, 0xe1, 0x0, 0x1e, 0xe,
    0x10, 0x1, 0xe0, 0xe1, 0x0, 0x1e, 0xe, 0x10,
    0x1, 0xe0, 0xe1, 0x0, 0x1e, 0xe, 0x10, 0x0,
    0x50, 0x50, 0x0,

    /* U+2554 "╔" */
    0x4, 0x44, 0x44, 0x1f, 0xff, 0xff, 0x1e, 0x0,
    0x0, 0x1e, 0xc, 0xdd, 0x1e, 0xe, 0x76, 0x1e,
    0xe, 0x10, 0x1e, 0xe, 0x10, 0x1e, 0xe, 0x10,
    0x1e, 0xe, 0x10, 0x1e, 0xe, 0x10, 0x1e, 0xe,
    0x10, 0x2, 0x2, 0x0,

    /* U+2555 "╕" */
    0x44, 0x44, 0xf, 0xff, 0xf0, 0x0, 0xf, 0xd,
    0xdd, 0xf0, 0x66, 0x6f, 0x0, 0x0, 0xf0, 0x0,
    0xf, 0x0, 0x0, 0xf0, 0x0, 0xf, 0x0, 0x0,
    0xf0, 0x0, 0xf, 0x0, 0x0, 0x50,

    /* U+2556 "╖" */
    0xff, 0xff, 0xf1, 0x45, 0xf4, 0xf1, 0x1, 0xe0,
    0xe1, 0x1, 0xe0, 0xe1, 0x1, 0xe0, 0xe1, 0x1,
    0xe0, 0xe1, 0x1, 0xe0, 0xe1, 0x1, 0xe0, 0xe1,
    0x1, 0xe0, 0xe1, 0x0, 0x50, 0x50,

    /* U+2557 "╗" */
    0x44, 0x44, 0x40, 0xff, 0xff, 0xf1, 0x0, 0x0,
    0xe1, 0xdd, 0xc0, 0xe1, 0x67, 0xe0, 0xe1, 0x1,
    0xe0, 0xe1, 0x1, 0xe0, 0xe1, 0x1, 0xe0, 0xe1,
    0x1, 0xe0, 0xe1, 0x1, 0xe0, 0xe1, 0x1, 0xe0,
    0xe1, 0x0, 0x20, 0x20,

    /* U+2558 "╘" */
    0xa, 0x0, 0x0, 0xf0, 0x0, 0xf, 0x0, 0x0,
    0xf0, 0x0, 0xf, 0x0, 0x0, 0xf0, 0x0, 0xf,
    0x44, 0x40, 0xff, 0xff, 0xf, 0x0, 0x0, 0xfd,
    0xdd, 0x6, 0x66, 0x60,

    /* U+2559 "╙" */
    0x6, 0x6, 0x0, 0x1, 0xe0, 0xe1, 0x0, 0x1e,
    0xe, 0x10, 0x1, 0xe0, 0xe1, 0x0, 0x1e, 0xe,
    0x10, 0x1, 0xe0, 0xe1, 0x0, 0x1e, 0xe, 0x10,
    0x1, 0xe0, 0xe1, 0x0, 0x1f, 0xff, 0xff, 0x0,
    0x44, 0x44, 0x40,

    /* U+255A "╚" */
    0x6, 0x6, 0x0, 0x1e, 0xe, 0x10, 0x1e, 0xe,
    0x10, 0x1e, 0xe, 0x10, 0x1e, 0xe, 0x10, 0x1e,
    0xe, 0x10, 0x1e, 0xe, 0x54, 0x1e, 0xe, 0xff,
    0x1e, 0x0, 0x0, 0x1f, 0xdd, 0xdd, 0x6, 0x66,
    0x66,

    /* U+255B "╛" */
    0x0, 0xa, 0x0, 0x0, 0xf0, 0x0, 0xf, 0x0,
    0x0, 0xf0, 0x0, 0xf, 0x0, 0x0, 0xf0, 0x44,
    0x4f, 0xf, 0xff, 0xf0, 0x0, 0xf, 0xd, 0xdd,
    0xf0, 0x66, 0x66, 0x0,

    /* U+255C "╜" */
    0x1, 0x90, 0x91, 0x1, 0xe0, 0xe1, 0x1, 0xe0,
    0xe1, 0x1, 0xe0, 0xe1, 0x1, 0xe0, 0xe1, 0x1,
    0xe0, 0xe1, 0x1, 0xe0, 0xe1, 0x1, 0xe0, 0xe1,
    0x1, 0xe0, 0xe1, 0xdd, 0xfd, 0xf1, 0x66, 0x66,
    0x60,

    /* U+255D "╝" */
    0x0, 0x60, 0x60, 0x1, 0xe0, 0xe1, 0x1, 0xe0,
    0xe1, 0x1, 0xe0, 0xe1, 0x1, 0xe0, 0xe1, 0x1,
    0xe0, 0xe1, 0x45, 0xe0, 0xe1, 0xff, 0xe0, 0xe1,
    0x0, 0x0, 0xe1, 0xdd, 0xdd, 0xf1, 0x66, 0x66,
    0x60,

    /* U+255E "╞" */
    0xa, 0x0, 0x0, 0xf0, 0x0, 0xf, 0x0, 0x0,
    0xf0, 0x0, 0xf, 0x0, 0x0, 0xf0, 0x0, 0xf,
    0x87, 0x70, 0xfc, 0xbb, 0xf, 0x0, 0x0, 0xfd,
    0xdd, 0xf, 0x66, 0x60, 0xf0, 0x0, 0xf, 0x0,
    0x0, 0xf0, 0x0, 0xf, 0x0, 0x0, 0xf0, 0x0,
    0xf, 0x0, 0x0, 0x20, 0x0,

    /* U+255F "╟" */
    0x19, 0x9, 0x10, 0x1e, 0xe, 0x10, 0x1e, 0xe,
    0x10, 0x1e, 0xe, 0x10, 0x1e, 0xe, 0x10, 0x1e,
    0xe, 0x10, 0x1e, 0xe, 0x10, 0x1e, 0xe, 0x42,
    0x1e, 0xe, 0xff, 0x1e, 0xe, 0x21, 0x1e, 0xe,
    0x10, 0x1e, 0xe, 0x10, 0x1e, 0xe, 0x10, 0x1e,
    0xe, 0x10, 0x1e, 0xe, 0x10, 0x1e, 0xe, 0x10,
    0x1e, 0xe, 0x10, 0x2, 0x2, 0x0,

    /* U+2560 "╠" */
    0x19, 0x9, 0x10, 0x1e, 0xe, 0x10, 0x1e, 0xe,
    0x10, 0x1e, 0xe, 0x10, 0x1e, 0xe, 0x10, 0x1e,
    0xe, 0x10, 0x1e, 0xe, 0x87, 0x1e, 0xb, 0xbb,
    0x1e, 0x0, 0x0, 0x1e, 0xc, 0xdd, 0x1e, 0xe,
    0x76, 0x1e, 0xe, 0x10, 0x1e, 0xe, 0x10, 0x1e,
    0xe, 0x10, 0x1e, 0xe, 0x10, 0x1e, 0xe, 0x10,
    0x1e, 0xe, 0x10, 0x2, 0x2, 0x0,

    /* U+2561 "╡" */
    0x0, 0xa, 0x0, 0x0, 0xf0, 0x0, 0xf, 0x0,
    0x0, 0xf0, 0x0, 0xf, 0x0, 0x0, 0xf0, 0x77,
    0x8f, 0xb, 0xbc, 0xf0, 0x0, 0xf, 0xd, 0xdd,
    0xf0, 0x66, 0x6f, 0x0, 0x0, 0xf0, 0x0, 0xf,
    0x0, 0x0, 0xf0, 0x0, 0xf, 0x0, 0x0, 0xf0,
    0x0, 0xf, 0x0, 0x0, 0x20,

    /* U+2562 "╢" */
    0x1, 0x90, 0x91, 0x1, 0xe0, 0xe1, 0x1, 0xe0,
    0xe1, 0x1, 0xe0, 0xe1, 0x1, 0xe0, 0xe1, 0x1,
    0xe0, 0xe1, 0x1, 0xe0, 0xe1, 0x24, 0xe0, 0xe1,
    0xff, 0xe0, 0xe1, 0x12, 0xe0, 0xe1, 0x1, 0xe0,
    0xe1, 0x1, 0xe0, 0xe1, 0x1, 0xe0, 0xe1, 0x1,
    0xe0, 0xe1, 0x1, 0xe0, 0xe1, 0x1, 0xe0, 0xe1,
    0x1, 0xe0, 0xe1, 0x0, 0x20, 0x20,

    /* U+2563 "╣" */
    0x1, 0x90, 0x91, 0x1, 0xe0, 0xe1, 0x1, 0xe0,
    0xe1, 0x1, 0xe0, 0xe1, 0x1, 0xe0, 0xe1, 0x1,
    0xe0, 0xe1, 0x78, 0xe0, 0xe1, 0xbb, 0xb0, 0xe1,
    0x0, 0x0, 0xe1, 0xdd, 0xc0, 0xe1, 0x67, 0xe0,
    0xe1, 0x1, 0xe0, 0xe1, 0x1, 0xe0, 0xe1, 0x1,
    0xe0, 0xe1, 0x1, 0xe0, 0xe1, 0x1, 0xe0, 0xe1,
    0x1, 0xe0, 0xe1, 0x0, 0x20, 0x20,

    /* U+2564 "╤" */
    0x44, 0x44, 0x44, 0x4f, 0xff, 0xff, 0xff, 0x0,
    0x0, 0x0, 0xd, 0xdd, 0xdd, 0xdd, 0x66, 0x6f,
    0x66, 0x60, 0x0, 0xf0, 0x0, 0x0, 0xf, 0x0,
    0x0, 0x0, 0xf0, 0x0, 0x0, 0xf, 0x0, 0x0,
    0x0, 0xf0, 0x0, 0x0, 0xf, 0x0, 0x0, 0x0,
    0x20, 0x0,

    /* U+2565 "╥" */
    0xff, 0xff, 0xff, 0xf4, 0x6e, 0x4f, 0x54, 0x1,
    0xe0, 0xe1, 0x0, 0x1e, 0xe, 0x10, 0x1, 0xe0,
    0xe1, 0x0, 0x1e, 0xe, 0x10, 0x1, 0xe0, 0xe1,
    0x0, 0x1e, 0xe, 0x10, 0x1, 0xe0, 0xe1, 0x0,
    0x5, 0x5, 0x0,

    /* U+2566 "╦" */
    0x44, 0x44, 0x44, 0x4f, 0xff, 0xff, 0xff, 0x0,
    0x0, 0x0, 0xd, 0xdc, 0xc, 0xdd, 0x67, 0xe0,
    0xe7, 0x60, 0x1e, 0xe, 0x10, 0x1, 0xe0, 0xe1,
    0x0, 0x1e, 0xe, 0x10, 0x1, 0xe0, 0xe1, 0x0,
    0x1e, 0xe, 0x10, 0x1, 0xe0, 0xe1, 0x0, 0x2,
    0x2, 0x0,

    /* U+2567 "╧" */
    0x0, 0x6, 0x0, 0x0, 0x0, 0xf0, 0x0, 0x0,
    0xf, 0x0, 0x0, 0x0, 0xf0, 0x0, 0x0, 0xf,
    0x0, 0x0, 0x0, 0xf0, 0x0, 0x44, 0x4f, 0x44,
    0x4f, 0xff, 0xff, 0xff, 0x0, 0x0, 0x0, 0xd,
    0xdd, 0xdd, 0xdd, 0x66, 0x66, 0x66, 0x60,

    /* U+2568 "╨" */
    0x1, 0x90, 0x91, 0x0, 0x1e, 0xe, 0x10, 0x1,
    0xe0, 0xe1, 0x0, 0x1e, 0xe, 0x10, 0x1, 0xe0,
    0xe1, 0x0, 0x1e, 0xe, 0x10, 0x1, 0xe0, 0xe1,
    0x0, 0x1e, 0xe, 0x10, 0x1, 0xe0, 0xe1, 0xd,
    0xef, 0xdf, 0xdd, 0x66, 0x66, 0x66, 0x60,

    /* U+2569 "╩" */
    0x0, 0x60, 0x60, 0x0, 0x1e, 0xe, 0x10, 0x1,
    0xe0, 0xe1, 0x0, 0x1e, 0xe, 0x10, 0x1, 0xe0,
    0xe1, 0x0, 0x1e, 0xe, 0x10, 0x45, 0xe0, 0xe5,
    0x4f, 0xfe, 0xe, 0xff, 0x0, 0x0, 0x0, 0xd,
    0xdd, 0xdd, 0xdd, 0x66, 0x66, 0x66, 0x60,

    /* U+256A "╪" */
    0x0, 0xa, 0x0, 0x0, 0x0, 0xf0, 0x0, 0x0,
    0xf, 0x0, 0x0, 0x0, 0xf0, 0x0, 0x0, 0xf,
    0x0, 0x0, 0x0, 0xf0, 0x0, 0x77, 0x8f, 0x87,
    0x7b, 0xbc, 0xfc, 0xbb, 0x0, 0xf, 0x0, 0xd,
    0xdd, 0xfd, 0xdd, 0x66, 0x6f, 0x66, 0x60, 0x0,
    0xf0, 0x0, 0x0, 0xf, 0x0, 0x0, 0x0, 0xf0,
    0x0, 0x0, 0xf, 0x0, 0x0, 0x0, 0xf0, 0x0,
    0x0, 0xf, 0x0, 0x0, 0x0, 0x20, 0x0,

    /* U+256B "╫" */
    0x1, 0x90, 0x91, 0x0, 0x1e, 0xe, 0x10, 0x1,
    0xe0, 0xe1, 0x0, 0x1e, 0xe, 0x10, 0x1, 0xe0,
    0xe1, 0x0, 0x1e, 0xe, 0x10, 0x1, 0xe0, 0xe1,
    0x2, 0x4e, 0x2e, 0x42, 0xff, 0xff, 0xff, 0xf1,
    0x3e, 0x1e, 0x21, 0x1, 0xe0, 0xe1, 0x0, 0x1e,
    0xe, 0x10, 0x1, 0xe0, 0xe1, 0x0, 0x1e, 0xe,
    0x10, 0x1, 0xe0, 0xe1, 0x0, 0x1e, 0xe, 0x10,
    0x1, 0xe0, 0xe1, 0x0, 0x2, 0x2, 0x0,

    /* U+256C "╬" */
    0x0, 0x60, 0x60, 0x0, 0x1e, 0xe, 0x10, 0x1,
    0xe0, 0xe1, 0x0, 0x1e, 0xe, 0x10, 0x1, 0xe0,
    0xe1, 0x0, 0x1e, 0xe, 0x10, 0x45, 0xe0, 0xe5,
    0x4f, 0xfe, 0xe, 0xff, 0x0, 0x0, 0x0, 0xd,
    0xdc, 0xc, 0xdd, 0x67, 0xe0, 0xe7, 0x60, 0x1e,
    0xe, 0x10, 0x1, 0xe0, 0xe1, 0x0, 0x1e, 0xe,
    0x10, 0x1, 0xe0, 0xe1, 0x0, 0x1e, 0xe, 0x10,
    0x1, 0xe0, 0xe1, 0x0, 0x2, 0x2, 0x0,

    /* U+2580 "▀" */
    0x66, 0x66, 0x66, 0x6f, 0xff, 0xff, 0xff, 0xff,
    0xff, 0xff, 0xff, 0xff, 0xff, 0xff, 0xff, 0xff,
    0xff, 0xff, 0xff, 0xff, 0xff, 0xff, 0xff, 0xff,
    0xff, 0xff, 0xff, 0xff, 0xff, 0xff, 0xff, 0xf0,

    /* U+2584 "▄" */
    0x0, 0x0, 0x0, 0xf, 0xff, 0xff, 0xff, 0xff,
    0xff, 0xff, 0xff, 0xff, 0xff, 0xff, 0xff, 0xff,
    0xff, 0xff, 0xff, 0xff, 0xff, 0xff, 0xff, 0xff,
    0xff, 0xff, 0xff, 0xff, 0xff, 0xff, 0xff, 0xf5,
    0x55, 0x55, 0x55,

    /* U+2588 "█" */
    0xaa, 0xaa, 0xaa, 0xaf, 0xff, 0xff, 0xff, 0xff,
    0xff, 0xff, 0xff, 0xff, 0xff, 0xff, 0xff, 0xff,
    0xff, 0xff, 0xff, 0xff, 0xff, 0xff, 0xff, 0xff,
    0xff, 0xff, 0xff, 0xff, 0xff, 0xff, 0xff, 0xff,
    0xff, 0xff, 0xff, 0xff, 0xff, 0xff, 0xff, 0xff,
    0xff, 0xff, 0xff, 0xff, 0xff, 0xff, 0xff, 0xff,
    0xff, 0xff, 0xff, 0xff, 0xff, 0xff, 0xff, 0xff,
    0xff, 0xff, 0xff, 0xf2, 0x22, 0x22, 0x22,

    /* U+258C "▌" */
    0xaa, 0xa5, 0xff, 0xf7, 0xff, 0xf7, 0xff, 0xf7,
    0xff, 0xf7, 0xff, 0xf7, 0xff, 0xf7, 0xff, 0xf7,
    0xff, 0xf7, 0xff, 0xf7, 0xff, 0xf7, 0xff, 0xf7,
    0xff, 0xf7, 0xff, 0xf7, 0xff, 0xf7, 0xff, 0xf7,
    0xff, 0xf7, 0x22, 0x21,

    /* U+2590 "▐" */
    0x5a, 0xaa, 0x7f, 0xff, 0x7f, 0xff, 0x7f, 0xff,
    0x7f, 0xff, 0x7f, 0xff, 0x7f, 0xff, 0x7f, 0xff,
    0x7f, 0xff, 0x7f, 0xff, 0x7f, 0xff, 0x7f, 0xff,
    0x7f, 0xff, 0x7f, 0xff, 0x7f, 0xff, 0x7f, 0xff,
    0x7f, 0xff, 0x12, 0x22,

    /* U+2591 "░" */
    0x30, 0x21, 0x12, 0xb1, 0x83, 0x57, 0x0, 0x0,
    0x0, 0xd1, 0xa4, 0x68, 0x0, 0x0, 0x0, 0xb1,
    0x83, 0x57, 0x30, 0x21, 0x12, 0x20, 0x10, 0x1,
    0xd1, 0xa4, 0x68, 0x0, 0x0, 0x0, 0xb1, 0x83,
    0x57, 0x40, 0x31, 0x12, 0x30, 0x21, 0x12, 0xb1,
    0x83, 0x57, 0x0, 0x0, 0x0, 0xe1, 0xa4, 0x68,
    0x10, 0x0, 0x0,

    /* U+2592 "▒" */
    0x50, 0x31, 0x14, 0x0, 0xa2, 0x84, 0x48, 0x20,
    0xb, 0x27, 0x81, 0xd0, 0xe1, 0xa4, 0x3b, 0x0,
    0x9, 0x26, 0x71, 0xc0, 0xb3, 0x95, 0x59, 0x20,
    0x37, 0x45, 0x63, 0x80, 0x26, 0x34, 0x52, 0x80,
    0xd1, 0xa4, 0x3b, 0x0, 0xb, 0x27, 0x80, 0xd0,
    0xc1, 0x94, 0x3a, 0x0, 0x19, 0x36, 0x72, 0xb0,
    0x83, 0x64, 0x47, 0x40, 0x92, 0x74, 0x48, 0x20,
    0xa, 0x27, 0x81, 0xd0, 0xe1, 0xa4, 0x3b, 0x0,
    0x9, 0x26, 0x71, 0xb0, 0x2, 0x1, 0x20, 0x30,

    /* U+2593 "▓" */
    0xaa, 0xaa, 0xaa, 0xaa, 0x5f, 0xf, 0x5a, 0xff,
    0xff, 0xff, 0xfd, 0x9f, 0x7f, 0x9d, 0xc8, 0xf5,
    0xf8, 0xcf, 0xff, 0xff, 0xff, 0xa5, 0xf1, 0xf5,
    0xbf, 0xff, 0xff, 0xff, 0xd9, 0xf7, 0xf9, 0xdc,
    0x9f, 0x6f, 0x9d, 0xff, 0xff, 0xff, 0xfb, 0x6f,
    0x2f, 0x6b, 0xff, 0xff, 0xff, 0xfb, 0x7f, 0x3f,
    0x7b, 0xff, 0xfe, 0xff, 0xfd, 0xaf, 0x7f, 0xad,
    0xb6, 0xf2, 0xf6, 0xb8, 0x88, 0x88, 0x88,

    /* U+25A0 "■" */
    0x3, 0x33, 0x33, 0x2, 0xff, 0xff, 0xf1, 0x2f,
    0xff, 0xff, 0x12, 0xff, 0xff, 0xf1, 0x2f, 0xff,
    0xff, 0x12, 0xff, 0xff, 0xf1, 0x2f, 0xff, 0xff,
    0x10,

    /* U+25A1 "□" */
    0x2, 0x22, 0x22, 0x1, 0xfd, 0xdd, 0xf1, 0x1d,
    0x0, 0xd, 0x11, 0xd0, 0x0, 0xd1, 0x1d, 0x0,
    0xd, 0x11, 0xe1, 0x11, 0xd1, 0x1f, 0xff, 0xff,
    0x10,

    /* U+25AA "▪" */
    0x1, 0x11, 0x1, 0xff, 0xf1, 0x1f, 0xff, 0x11,
    0xff, 0xf1, 0x1d, 0xdd, 0x10,

    /* U+25AB "▫" */
    0x11, 0x10, 0xfd, 0xf1, 0xd0, 0xc1, 0xe1, 0xd1,
    0xdd, 0xd1,

    /* U+25AC "▬" */
    0x23, 0x33, 0x33, 0x1b, 0xff, 0xff, 0xf4, 0xbf,
    0xff, 0xff, 0x4b, 0xff, 0xff, 0xf4, 0xbf, 0xff,
    0xff, 0x40,

    /* U+25B2 "▲" */
    0x0, 0x5, 0x0, 0x0, 0x3, 0xf3, 0x0, 0x0,
    0xbf, 0xb0, 0x0, 0x4f, 0xff, 0x40, 0xc, 0xff,
    0xfc, 0x1, 0x66, 0x66, 0x61,

    /* U+25B3 "△" */
    0x0, 0x5, 0x0, 0x0, 0x1, 0xf1, 0x0, 0x0,
    0x8e, 0x80, 0x0, 0xe, 0x3e, 0x0, 0x5, 0xa0,
    0xb5, 0x0, 0xc4, 0x4, 0xc0, 0x2d, 0x0, 0xd,
    0x29, 0xff, 0xff, 0xf9, 0x0, 0x0, 0x0, 0x0,

    /* U+25B4 "▴" */
    0x0, 0x40, 0x0, 0x2f, 0x20, 0xa, 0xfa, 0x2,
    0xdd, 0xd2,

    /* U+25B6 "▶" */
    0x1, 0x0, 0x0, 0x1e, 0x50, 0x0, 0x1f, 0xfb,
    0x20, 0x1f, 0xff, 0xf5, 0x1f, 0xff, 0x70, 0x1f,
    0xa1, 0x0, 0x14, 0x0, 0x0,

    /* U+25B8 "▸" */
    0x10, 0x0, 0x9b, 0x10, 0x9f, 0xf4, 0x9e, 0x60,
    0x41, 0x0,

    /* U+25BA "►" */
    0x20, 0x0, 0x0, 0x9, 0xd5, 0x0, 0x0, 0x9f,
    0xfd, 0x50, 0x9, 0xff, 0xff, 0xd2, 0x9f, 0xff,
    0xb3, 0x9, 0xfb, 0x30, 0x0, 0x53, 0x0, 0x0,
    0x0,

    /* U+25BC "▼" */
    0x0, 0x0, 0x0, 0x1, 0xef, 0xff, 0xe1, 0x7,
    0xff, 0xf7, 0x0, 0xe, 0xfe, 0x0, 0x0, 0x6f,
    0x60, 0x0, 0x0, 0xa0, 0x0, 0x0, 0x0, 0x0,
    0x0,

    /* U+25BD "▽" */
    0x9e, 0xee, 0xee, 0x93, 0xd1, 0x11, 0xd3, 0xd,
    0x30, 0x3d, 0x0, 0x69, 0x9, 0x60, 0x0, 0xe2,
    0xe0, 0x0, 0x9, 0xd9, 0x0, 0x0, 0x2f, 0x20,
    0x0, 0x0, 0x80, 0x0, 0x0, 0x0, 0x0, 0x0,

    /* U+25BE "▾" */
    0x28, 0x88, 0x20, 0xdf, 0xd0, 0x5, 0xf5, 0x0,
    0x9, 0x0, 0x0, 0x0, 0x0,

    /* U+25C0 "◀" */
    0x0, 0x0, 0x10, 0x0, 0x5, 0xe1, 0x2, 0xbf,
    0xf1, 0x4f, 0xff, 0xf1, 0x6, 0xff, 0xf1, 0x0,
    0x1a, 0xf1, 0x0, 0x0, 0x41,

    /* U+25C2 "◂" */
    0x0, 0x1, 0x1, 0xb9, 0x4f, 0xf9, 0x6, 0xe9,
    0x0, 0x14,

    /* U+25C4 "◄" */
    0x0, 0x0, 0x0, 0x20, 0x0, 0x5, 0xd9, 0x0,
    0x5d, 0xff, 0x92, 0xdf, 0xff, 0xf9, 0x3, 0xbf,
    0xff, 0x90, 0x0, 0x3b, 0xf9, 0x0, 0x0, 0x3,
    0x50,

    /* U+25C6 "◆" */
    0x0, 0x0, 0x0, 0x0, 0x2, 0xd2, 0x0, 0x1,
    0xdf, 0xd1, 0x1, 0xdf, 0xff, 0xd1, 0xbf, 0xff,
    0xff, 0xb4, 0xff, 0xff, 0xf4, 0x4, 0xff, 0xf4,
    0x0, 0x5, 0xf5, 0x0, 0x0, 0x2, 0x0, 0x0,

    /* U+25C7 "◇" */
    0x0, 0x0, 0x0, 0x0, 0x2, 0xd2, 0x0, 0x1,
    0xda, 0xd1, 0x1, 0xd7, 0x7, 0xd1, 0xb9, 0x0,
    0x9, 0xb4, 0xe3, 0x3, 0xe4, 0x4, 0xe4, 0xe4,
    0x0, 0x5, 0xf5, 0x0, 0x0, 0x2, 0x0, 0x0,

    /* U+25CA "◊" */
    0x0, 0x4c, 0x40, 0x0, 0xc, 0xcc, 0x0, 0x4,
    0xe1, 0xe4, 0x0, 0xc6, 0x6, 0xc0, 0x4e, 0x0,
    0xe, 0x41, 0xf2, 0x2, 0xf1, 0x9, 0xa0, 0xa9,
    0x0, 0x1f, 0x5f, 0x10, 0x0, 0x8f, 0x80, 0x0,
    0x1, 0x41, 0x0,

    /* U+25CB "○" */
    0x1, 0xac, 0x91, 0x1, 0xe7, 0x37, 0xe1, 0x88,
    0x0, 0x8, 0x7a, 0x40, 0x0, 0x4a, 0x96, 0x0,
    0x6, 0x93, 0xe2, 0x3, 0xe3, 0x5, 0xee, 0xe5,
    0x0, 0x0, 0x10, 0x0,

    /* U+25CC "◌" */
    0x0, 0x3, 0x0, 0x0, 0x66, 0xb7, 0x30, 0x24,
    0x10, 0x15, 0x14, 0x40, 0x0, 0x62, 0x93, 0x0,
    0x5, 0x73, 0x20, 0x0, 0x32, 0x67, 0x0, 0x9,
    0x30, 0x55, 0x36, 0x30, 0x2, 0x2c, 0x21, 0x0,

    /* U+25CF "●" */
    0x1, 0x9c, 0x91, 0x1, 0xef, 0xff, 0xe0, 0x8f,
    0xff, 0xff, 0x7b, 0xff, 0xff, 0xfa, 0x9f, 0xff,
    0xff, 0x83, 0xff, 0xff, 0xf2, 0x5, 0xef, 0xe4,
    0x0, 0x0, 0x10, 0x0,

    /* U+25D8 "◘" */
    0x33, 0x33, 0x33, 0x3f, 0xff, 0xff, 0xff, 0xff,
    0xff, 0xff, 0xff, 0xff, 0xff, 0xff, 0xff, 0xff,
    0xff, 0xff, 0xff, 0xef, 0xff, 0xf9, 0x0, 0x9,
    0xff, 0x0, 0x0, 0xf, 0xe0, 0x0, 0x0, 0xef,
    0x0, 0x0, 0xf, 0xf9, 0x0, 0x9, 0xff, 0xff,
    0xdf, 0xff, 0xff, 0xff, 0xff, 0xff, 0xff, 0xff,
    0xff, 0xff, 0xff, 0xff, 0xff, 0xff, 0xff, 0xff,
    0xff, 0xff, 0xff, 0xf2, 0x22, 0x22, 0x22,

    /* U+25D9 "◙" */
    0x99, 0x99, 0x99, 0x9f, 0xff, 0xff, 0xff, 0xff,
    0xff, 0xff, 0xff, 0xff, 0xff, 0xff, 0xff, 0xff,
    0xff, 0xff, 0xb3, 0x13, 0xbf, 0xd0, 0x69, 0x60,
    0xd9, 0x5f, 0xff, 0x59, 0x78, 0xff, 0xf8, 0x89,
    0x6f, 0xff, 0x69, 0xd0, 0x9d, 0x91, 0xef, 0xb3,
    0x13, 0xbf, 0xff, 0xff, 0xff, 0xff, 0xff, 0xff,
    0xff, 0xff, 0xff, 0xff, 0xff, 0xff, 0xff, 0xff,
    0xff, 0xff, 0xff, 0xf8, 0x88, 0x88, 0x88,

    /* U+25EF "◯" */
    0x0, 0x8, 0xb8, 0x0, 0x0, 0xb, 0x94, 0xab,
    0x0, 0x5, 0xb0, 0x0, 0xb4, 0x0, 0xb4, 0x0,
    0x4, 0xb0, 0xe, 0x0, 0x0, 0x1d, 0x0, 0xf0,
    0x0, 0x0, 0xf0, 0xe, 0x0, 0x0, 0xe, 0x0,
    0xb3, 0x0, 0x3, 0xb0, 0x5, 0xa0, 0x0, 0xa5,
    0x0, 0xc, 0x82, 0x8c, 0x0, 0x0, 0x1a, 0xd9,
    0x10, 0x0,

    /* U+2605 "★" */
    0x0, 0x0, 0x0, 0x0, 0x0, 0x70, 0x0, 0x0,
    0x2f, 0x20, 0x4, 0xad, 0xfd, 0xa4, 0xb, 0xff,
    0xfb, 0x0, 0x2f, 0xff, 0x20, 0x4, 0xf9, 0xf4,
    0x0, 0x31, 0x1, 0x30,

    /* U+2606 "☆" */
    0x0, 0x0, 0x0, 0x0, 0x0, 0x70, 0x0, 0x0,
    0x2e, 0x20, 0x4, 0xac, 0x4c, 0xa4, 0xa, 0x30,
    0x3a, 0x0, 0x28, 0x38, 0x20, 0x4, 0xd9, 0xd4,
    0x0, 0x31, 0x1, 0x30,

    /* U+2611 "☑" */
    0x0, 0x0, 0x26, 0xd, 0xff, 0xff, 0xf3, 0xd1,
    0x1, 0xfd, 0x3d, 0x11, 0x7a, 0xb3, 0xd7, 0xce,
    0x2b, 0x3d, 0x1b, 0xa0, 0xb3, 0xd1, 0x12, 0xb,
    0x3d, 0xfe, 0xee, 0xf3, 0x11, 0x11, 0x11, 0x0,

    /* U+2612 "☒" */
    0xdf, 0xff, 0xff, 0x3d, 0x35, 0x26, 0xb3, 0xd2,
    0xdb, 0x4b, 0x3d, 0x17, 0xc0, 0xb3, 0xd1, 0xcb,
    0x3b, 0x3d, 0x25, 0x15, 0xb3, 0xdf, 0xee, 0xef,
    0x31, 0x11, 0x11, 0x10,

    /* U+2613 "☓" */
    0x5, 0x0, 0x17, 0x2, 0xf9, 0x9, 0xf2, 0x9,
    0xf6, 0xf8, 0x0, 0x1e, 0xfe, 0x0, 0x0, 0x8f,
    0x80, 0x0, 0x1f, 0xff, 0x10, 0xa, 0xf4, 0xfa,
    0x2, 0xf7, 0x7, 0xf2, 0x3, 0x0, 0x3, 0x0,

    /* U+263A "☺" */
    0x2, 0x9a, 0x92, 0x2, 0xb1, 0x1, 0xb1, 0x83,
    0x60, 0x63, 0x89, 0x4f, 0x3f, 0x49, 0x90, 0x0,
    0x0, 0x99, 0x63, 0x3, 0x69, 0x91, 0xcd, 0xc2,
    0x93, 0x90, 0x20, 0xa2, 0x5, 0xba, 0xb4, 0x0,

    /* U+263B "☻" */
    0x0, 0x34, 0x20, 0x0, 0xbf, 0xff, 0x70, 0x5f,
    0xef, 0xef, 0x2a, 0xa0, 0xc0, 0xd6, 0xbe, 0xbf,
    0xaf, 0x7b, 0x9e, 0xfc, 0xb7, 0x9d, 0x25, 0x3f,
    0x52, 0xfe, 0xbf, 0xe0, 0x5, 0xce, 0xb2, 0x0,

    /* U+263C "☼" */
    0x0, 0x0, 0x0, 0x0, 0x0, 0xb0, 0x0, 0xc,
    0xad, 0xac, 0x10, 0xb3, 0x4, 0xa0, 0xcc, 0x0,
    0xc, 0xc0, 0xb0, 0x0, 0xb0, 0xb, 0x94, 0xaa,
    0x0, 0x84, 0xd4, 0x81, 0x0, 0x7, 0x0, 0x0,

    /* U+2640 "♀" */
    0x1, 0xbd, 0xa1, 0x0, 0xc4, 0x4, 0xc0, 0x2a,
    0x0, 0xa, 0x22, 0xb0, 0x0, 0xb2, 0xb, 0x72,
    0x7b, 0x0, 0x8, 0xf8, 0x0, 0x0, 0xc, 0x0,
    0x0, 0xd, 0xfd, 0x0, 0x0, 0xc, 0x0, 0x0,
    0x0, 0x20, 0x0,

    /* U+2642 "♂" */
    0x0, 0x0, 0x0, 0x20, 0x0, 0x0, 0xa, 0xf0,
    0x5, 0xa9, 0x5d, 0x90, 0x6b, 0x35, 0xe4, 0x0,
    0xc0, 0x0, 0x66, 0x0, 0xc0, 0x0, 0x48, 0x0,
    0xa5, 0x0, 0xb4, 0x0, 0x1b, 0xcd, 0x70, 0x0,
    0x0, 0x10, 0x0, 0x0,

    /* U+2660 "♠" */
    0x0, 0x5, 0x0, 0x0, 0x1, 0xf1, 0x0, 0x0,
    0x7f, 0x70, 0x0, 0x1f, 0xff, 0x10, 0xb, 0xff,
    0xfb, 0x5, 0xff, 0xff, 0xf5, 0xbf, 0xff, 0xff,
    0xbc, 0xff, 0xff, 0xfc, 0x3c, 0xcf, 0xcc, 0x30,
    0x7, 0xf7, 0x0, 0xb, 0xff, 0xfb, 0x0,

    /* U+2662 "♢" */
    0x0, 0x6, 0x0, 0x0, 0x2, 0xe2, 0x0, 0x0,
    0x92, 0x90, 0x0, 0x47, 0x7, 0x40, 0x1a, 0x0,
    0xa, 0x19, 0x40, 0x0, 0x49, 0x1a, 0x0, 0xa,
    0x10, 0x47, 0x7, 0x40, 0x0, 0x92, 0x90, 0x0,
    0x2, 0xe2, 0x0, 0x0, 0x6, 0x0, 0x0,

    /* U+2663 "♣" */
    0x0, 0x49, 0x40, 0x0, 0xf, 0xff, 0x0, 0x3,
    0xff, 0xf3, 0x0, 0x1f, 0xff, 0x10, 0x6, 0xdf,
    0xd6, 0x9, 0xff, 0xff, 0xf9, 0xdf, 0xff, 0xff,
    0xdb, 0xff, 0xff, 0xfb, 0x3d, 0xcf, 0xcd, 0x30,
    0x7, 0xf7, 0x0, 0xb, 0xff, 0xfb, 0x0,

    /* U+2665 "♥" */
    0x4, 0x10, 0x14, 0x8, 0xff, 0x3f, 0xf8, 0xdf,
    0xfe, 0xff, 0xda, 0xff, 0xff, 0xfa, 0x5f, 0xff,
    0xff, 0x50, 0xcf, 0xff, 0xc0, 0x3, 0xff, 0xf3,
    0x0, 0xa, 0xfa, 0x0, 0x0, 0x3f, 0x30, 0x0,
    0x0, 0xb0, 0x0, 0x0, 0x1, 0x0, 0x0,

    /* U+2666 "♦" */
    0x0, 0x6, 0x0, 0x0, 0x2, 0xf2, 0x0, 0x0,
    0xaf, 0xa0, 0x0, 0x4f, 0xff, 0x40, 0x1e, 0xff,
    0xfe, 0x19, 0xff, 0xff, 0xf9, 0x1e, 0xff, 0xfe,
    0x10, 0x4f, 0xff, 0x40, 0x0, 0xaf, 0xa0, 0x0,
    0x2, 0xf2, 0x0, 0x0, 0x6, 0x0, 0x0,

    /* U+266A "♪" */
    0x0, 0x0, 0x0, 0xc, 0x10, 0x0, 0xcb, 0x0,
    0xc, 0xe5, 0x0, 0xc2, 0xa0, 0xc, 0xb, 0x0,
    0xc0, 0xa0, 0x1d, 0x7, 0x5f, 0xf0, 0x7, 0xfe,
    0x0, 0x5, 0x20, 0x0,

    /* U+266C "♬" */
    0x0, 0x0, 0x6, 0xa0, 0x5, 0xaf, 0xbd, 0x0,
    0xf7, 0x12, 0xd0, 0xd, 0x7c, 0xed, 0x0, 0xfb,
    0x50, 0xd0, 0xc, 0x0, 0xd, 0x0, 0xc0, 0x1,
    0xd0, 0xc, 0x7, 0xfd, 0x4a, 0xc0, 0x9f, 0xcb,
    0xfc, 0x0, 0x51, 0x5c, 0x50, 0x0, 0x0,

    /* U+266D "♭" */
    0x10, 0x0, 0xd0, 0x0, 0xd0, 0x0, 0xd0, 0x0,
    0xd0, 0x20, 0xdd, 0xf8, 0xd2, 0x5b, 0xd0, 0x89,
    0xd0, 0xc3, 0xd8, 0x90, 0xdb, 0x0, 0x70, 0x0,

    /* U+266F "♯" */
    0x0, 0x0, 0x0, 0x40, 0xc0, 0xd, 0xd, 0x0,
    0xd3, 0xfe, 0x8f, 0xde, 0x19, 0xe0, 0xd0, 0xd,
    0xd, 0x0, 0xd2, 0xed, 0x7f, 0xee, 0x2a, 0xe0,
    0xd0, 0xd, 0xd, 0x0, 0xb0, 0x30,

    /* U+26DD "⛝" */
    0x0, 0x0, 0x0, 0xe, 0xff, 0xff, 0xfe, 0xed,
    0x10, 0x1d, 0xee, 0x8c, 0x1c, 0x8e, 0xe0, 0x9f,
    0x90, 0xee, 0x9, 0xe9, 0xe, 0xe8, 0xc1, 0xc9,
    0xee, 0xe4, 0x34, 0xee, 0xcc, 0xcc, 0xcc, 0xb0,

    /* U+2714 "✔" */
    0x0, 0x0, 0x0, 0x0, 0x0, 0x0, 0x0, 0xb6,
    0x0, 0x0, 0x3, 0xfb, 0x0, 0x0, 0xa, 0xf3,
    0x0, 0x0, 0x2f, 0xb0, 0x0, 0x0, 0x9f, 0x30,
    0x4, 0x71, 0xfa, 0x0, 0xc, 0xfb, 0xf2, 0x0,
    0x1, 0xef, 0xa0, 0x0, 0x0, 0x3f, 0x20, 0x0,
    0x0, 0x3, 0x0, 0x0,

    /* U+2736 "✶" */
    0x0, 0x0, 0x0, 0x0, 0x0, 0x60, 0x0, 0x20,
    0xd, 0x0, 0x21, 0xca, 0xfa, 0xc1, 0x1, 0xff,
    0xf1, 0x0, 0x9f, 0xff, 0x90, 0x34, 0xe, 0x4,
    0x30, 0x0, 0x80, 0x0, 0x0, 0x2, 0x0, 0x0
};


/*---------------------
 *  GLYPH DESCRIPTION
 *--------------------*/

static const lv_font_fmt_txt_glyph_dsc_t glyph_dsc[] = {
    {.bitmap_index = 0, .adv_w = 0, .box_w = 0, .box_h = 0, .ofs_x = 0, .ofs_y = 0} /* id = 0 reserved */,
    {.bitmap_index = 0, .adv_w = 112, .box_w = 0, .box_h = 0, .ofs_x = 0, .ofs_y = 0},
    {.bitmap_index = 0, .adv_w = 112, .box_w = 3, .box_h = 10, .ofs_x = 2, .ofs_y = 0},
    {.bitmap_index = 15, .adv_w = 112, .box_w = 5, .box_h = 4, .ofs_x = 1, .ofs_y = 6},
    {.bitmap_index = 25, .adv_w = 112, .box_w = 7, .box_h = 10, .ofs_x = 0, .ofs_y = 0},
    {.bitmap_index = 60, .adv_w = 112, .box_w = 7, .box_h = 13, .ofs_x = 0, .ofs_y = -1},
    {.bitmap_index = 106, .adv_w = 112, .box_w = 9, .box_h = 10, .ofs_x = -1, .ofs_y = 0},
    {.bitmap_index = 151, .adv_w = 112, .box_w = 7, .box_h = 10, .ofs_x = 0, .ofs_y = 0},
    {.bitmap_index = 186, .adv_w = 112, .box_w = 3, .box_h = 4, .ofs_x = 2, .ofs_y = 6},
    {.bitmap_index = 192, .adv_w = 112, .box_w = 3, .box_h = 15, .ofs_x = 3, .ofs_y = -3},
    {.bitmap_index = 215, .adv_w = 112, .box_w = 3, .box_h = 15, .ofs_x = 1, .ofs_y = -3},
    {.bitmap_index = 238, .adv_w = 112, .box_w = 7, .box_h = 7, .ofs_x = 0, .ofs_y = 3},
    {.bitmap_index = 263, .adv_w = 112, .box_w = 7, .box_h = 7, .ofs_x = 0, .ofs_y = 2},
    {.bitmap_index = 288, .adv_w = 112, .box_w = 3, .box_h = 5, .ofs_x = 2, .ofs_y = -2},
    {.bitmap_index = 296, .adv_w = 112, .box_w = 5, .box_h = 3, .ofs_x = 1, .ofs_y = 4},
    {.bitmap_index = 304, .adv_w = 112, .box_w = 3, .box_h = 3, .ofs_x = 2, .ofs_y = 0},
    {.bitmap_index = 309, .adv_w = 112, .box_w = 7, .box_h = 13, .ofs_x = 0, .ofs_y = -2},
    {.bitmap_index = 355, .adv_w = 112, .box_w = 7, .box_h = 10, .ofs_x = 0, .ofs_y = 0},
    {.bitmap_index = 390, .adv_w = 112, .box_w = 4, .box_h = 11, .ofs_x = 1, .ofs_y = 0},
    {.bitmap_index = 412, .adv_w = 112, .box_w = 7, .box_h = 10, .ofs_x = 0, .ofs_y = 0},
    {.bitmap_index = 447, .adv_w = 112, .box_w = 7, .box_h = 10, .ofs_x = 0, .ofs_y = 0},
    {.bitmap_index = 482, .adv_w = 112, .box_w = 7, .box_h = 10, .ofs_x = 0, .ofs_y = 0},
    {.bitmap_index = 517, .adv_w = 112, .box_w = 7, .box_h = 10, .ofs_x = 0, .ofs_y = 0},
    {.bitmap_index = 552, .adv_w = 112, .box_w = 7, .box_h = 10, .ofs_x = 0, .ofs_y = 0},
    {.bitmap_index = 587, .adv_w = 112, .box_w = 7, .box_h = 10, .ofs_x = 0, .ofs_y = 0},
    {.bitmap_index = 622, .adv_w = 112, .box_w = 7, .box_h = 10, .ofs_x = 0, .ofs_y = 0},
    {.bitmap_index = 657, .adv_w = 112, .box_w = 7, .box_h = 10, .ofs_x = 0, .ofs_y = 0},
    {.bitmap_index = 692, .adv_w = 112, .box_w = 3, .box_h = 7, .ofs_x = 2, .ofs_y = 1},
    {.bitmap_index = 703, .adv_w = 112, .box_w = 3, .box_h = 9, .ofs_x = 2, .ofs_y = 0},
    {.bitmap_index = 717, .adv_w = 112, .box_w = 7, .box_h = 8, .ofs_x = 0, .ofs_y = 1},
    {.bitmap_index = 745, .adv_w = 112, .box_w = 7, .box_h = 5, .ofs_x = 0, .ofs_y = 2},
    {.bitmap_index = 763, .adv_w = 112, .box_w = 7, .box_h = 8, .ofs_x = 0, .ofs_y = 1},
    {.bitmap_index = 791, .adv_w = 112, .box_w = 7, .box_h = 10, .ofs_x = 0, .ofs_y = 0},
    {.bitmap_index = 826, .adv_w = 112, .box_w = 7, .box_h = 12, .ofs_x = 0, .ofs_y = -3},
    {.bitmap_index = 868, .adv_w = 112, .box_w = 7, .box_h = 10, .ofs_x = 0, .ofs_y = 0},
    {.bitmap_index = 903, .adv_w = 112, .box_w = 7, .box_h = 10, .ofs_x = 0, .ofs_y = 0},
    {.bitmap_index = 938, .adv_w = 112, .box_w = 7, .box_h = 10, .ofs_x = 0, .ofs_y = 0},
    {.bitmap_index = 973, .adv_w = 112, .box_w = 7, .box_h = 10, .ofs_x = 0, .ofs_y = 0},
    {.bitmap_index = 1008, .adv_w = 112, .box_w = 7, .box_h = 10, .ofs_x = 0, .ofs_y = 0},
    {.bitmap_index = 1043, .adv_w = 112, .box_w = 7, .box_h = 10, .ofs_x = 0, .ofs_y = 0},
    {.bitmap_index = 1078, .adv_w = 112, .box_w = 7, .box_h = 10, .ofs_x = 0, .ofs_y = 0},
    {.bitmap_index = 1113, .adv_w = 112, .box_w = 7, .box_h = 10, .ofs_x = 0, .ofs_y = 0},
    {.bitmap_index = 1148, .adv_w = 112, .box_w = 5, .box_h = 10, .ofs_x = 1, .ofs_y = 0},
    {.bitmap_index = 1173, .adv_w = 112, .box_w = 7, .box_h = 10, .ofs_x = 0, .ofs_y = 0},
    {.bitmap_index = 1208, .adv_w = 112, .box_w = 7, .box_h = 10, .ofs_x = 0, .ofs_y = 0},
    {.bitmap_index = 1243, .adv_w = 112, .box_w = 7, .box_h = 10, .ofs_x = 0, .ofs_y = 0},
    {.bitmap_index = 1278, .adv_w = 112, .box_w = 7, .box_h = 10, .ofs_x = 0, .ofs_y = 0},
    {.bitmap_index = 1313, .adv_w = 112, .box_w = 7, .box_h = 10, .ofs_x = 0, .ofs_y = 0},
    {.bitmap_index = 1348, .adv_w = 112, .box_w = 7, .box_h = 10, .ofs_x = 0, .ofs_y = 0},
    {.bitmap_index = 1383, .adv_w = 112, .box_w = 7, .box_h = 10, .ofs_x = 0, .ofs_y = 0},
    {.bitmap_index = 1418, .adv_w = 112, .box_w = 7, .box_h = 12, .ofs_x = 0, .ofs_y = -2},
    {.bitmap_index = 1460, .adv_w = 112, .box_w = 7, .box_h = 10, .ofs_x = 0, .ofs_y = 0},
    {.bitmap_index = 1495, .adv_w = 112, .box_w = 7, .box_h = 10, .ofs_x = 0, .ofs_y = 0},
    {.bitmap_index = 1530, .adv_w = 112, .box_w = 7, .box_h = 10, .ofs_x = 0, .ofs_y = 0},
    {.bitmap_index = 1565, .adv_w = 112, .box_w = 7, .box_h = 10, .ofs_x = 0, .ofs_y = 0},
    {.bitmap_index = 1600, .adv_w = 112, .box_w = 7, .box_h = 10, .ofs_x = 0, .ofs_y = 0},
    {.bitmap_index = 1635, .adv_w = 112, .box_w = 7, .box_h = 10, .ofs_x = 0, .ofs_y = 0},
    {.bitmap_index = 1670, .adv_w = 112, .box_w = 7, .box_h = 10, .ofs_x = 0, .ofs_y = 0},
    {.bitmap_index = 1705, .adv_w = 112, .box_w = 7, .box_h = 10, .ofs_x = 0, .ofs_y = 0},
    {.bitmap_index = 1740, .adv_w = 112, .box_w = 7, .box_h = 10, .ofs_x = 0, .ofs_y = 0},
    {.bitmap_index = 1775, .adv_w = 112, .box_w = 4, .box_h = 14, .ofs_x = 3, .ofs_y = -3},
    {.bitmap_index = 1803, .adv_w = 112, .box_w = 7, .box_h = 13, .ofs_x = 0, .ofs_y = -2},
    {.bitmap_index = 1849, .adv_w = 112, .box_w = 4, .box_h = 14, .ofs_x = 0, .ofs_y = -3},
    {.bitmap_index = 1877, .adv_w = 112, .box_w = 7, .box_h = 5, .ofs_x = 0, .ofs_y = 6},
    {.bitmap_index = 1895, .adv_w = 112, .box_w = 7, .box_h = 2, .ofs_x = 0, .ofs_y = -4},
    {.bitmap_index = 1902, .adv_w = 112, .box_w = 5, .box_h = 3, .ofs_x = 1, .ofs_y = 8},
    {.bitmap_index = 1910, .adv_w = 112, .box_w = 7, .box_h = 7, .ofs_x = 0, .ofs_y = 0},
    {.bitmap_index = 1935, .adv_w = 112, .box_w = 7, .box_h = 10, .ofs_x = 0, .ofs_y = 0},
    {.bitmap_index = 1970, .adv_w = 112, .box_w = 7, .box_h = 7, .ofs_x = 0, .ofs_y = 0},
    {.bitmap_index = 1995, .adv_w = 112, .box_w = 7, .box_h = 10, .ofs_x = 0, .ofs_y = 0},
    {.bitmap_index = 2030, .adv_w = 112, .box_w = 7, .box_h = 7, .ofs_x = 0, .ofs_y = 0},
    {.bitmap_index = 2055, .adv_w = 112, .box_w = 7, .box_h = 10, .ofs_x = 0, .ofs_y = 0},
    {.bitmap_index = 2090, .adv_w = 112, .box_w = 7, .box_h = 10, .ofs_x = 0, .ofs_y = -3},
    {.bitmap_index = 2125, .adv_w = 112, .box_w = 7, .box_h = 10, .ofs_x = 0, .ofs_y = 0},
    {.bitmap_index = 2160, .adv_w = 112, .box_w = 5, .box_h = 10, .ofs_x = 1, .ofs_y = 0},
    {.bitmap_index = 2185, .adv_w = 112, .box_w = 5, .box_h = 13, .ofs_x = 1, .ofs_y = -3},
    {.bitmap_index = 2218, .adv_w = 112, .box_w = 7, .box_h = 10, .ofs_x = 0, .ofs_y = 0},
    {.bitmap_index = 2253, .adv_w = 112, .box_w = 4, .box_h = 10, .ofs_x = 1, .ofs_y = 0},
    {.bitmap_index = 2273, .adv_w = 112, .box_w = 7, .box_h = 7, .ofs_x = 0, .ofs_y = 0},
    {.bitmap_index = 2298, .adv_w = 112, .box_w = 7, .box_h = 7, .ofs_x = 0, .ofs_y = 0},
    {.bitmap_index = 2323, .adv_w = 112, .box_w = 7, .box_h = 7, .ofs_x = 0, .ofs_y = 0},
    {.bitmap_index = 2348, .adv_w = 112, .box_w = 7, .box_h = 10, .ofs_x = 0, .ofs_y = -3},
    {.bitmap_index = 2383, .adv_w = 112, .box_w = 7, .box_h = 10, .ofs_x = 0, .ofs_y = -3},
    {.bitmap_index = 2418, .adv_w = 112, .box_w = 7, .box_h = 7, .ofs_x = 0, .ofs_y = 0},
    {.bitmap_index = 2443, .adv_w = 112, .box_w = 7, .box_h = 7, .ofs_x = 0, .ofs_y = 0},
    {.bitmap_index = 2468, .adv_w = 112, .box_w = 7, .box_h = 9, .ofs_x = 0, .ofs_y = 0},
    {.bitmap_index = 2500, .adv_w = 112, .box_w = 7, .box_h = 7, .ofs_x = 0, .ofs_y = 0},
    {.bitmap_index = 2525, .adv_w = 112, .box_w = 7, .box_h = 7, .ofs_x = 0, .ofs_y = 0},
    {.bitmap_index = 2550, .adv_w = 112, .box_w = 7, .box_h = 7, .ofs_x = 0, .ofs_y = 0},
    {.bitmap_index = 2575, .adv_w = 112, .box_w = 7, .box_h = 7, .ofs_x = 0, .ofs_y = 0},
    {.bitmap_index = 2600, .adv_w = 112, .box_w = 7, .box_h = 10, .ofs_x = 0, .ofs_y = -3},
    {.bitmap_index = 2635, .adv_w = 112, .box_w = 7, .box_h = 7, .ofs_x = 0, .ofs_y = 0},
    {.bitmap_index = 2660, .adv_w = 112, .box_w = 5, .box_h = 14, .ofs_x = 2, .ofs_y = -3},
    {.bitmap_index = 2695, .adv_w = 112, .box_w = 3, .box_h = 14, .ofs_x = 2, .ofs_y = -2},
    {.bitmap_index = 2716, .adv_w = 112, .box_w = 5, .box_h = 14, .ofs_x = 0, .ofs_y = -3},
    {.bitmap_index = 2751, .adv_w = 112, .box_w = 7, .box_h = 3, .ofs_x = 0, .ofs_y = 3},
    {.bitmap_index = 2762, .adv_w = 112, .box_w = 0, .box_h = 0, .ofs_x = 0, .ofs_y = 0},
    {.bitmap_index = 2762, .adv_w = 112, .box_w = 3, .box_h = 11, .ofs_x = 2, .ofs_y = -3},
    {.bitmap_index = 2779, .adv_w = 112, .box_w = 7, .box_h = 13, .ofs_x = 0, .ofs_y = -1},
    {.bitmap_index = 2825, .adv_w = 112, .box_w = 7, .box_h = 10, .ofs_x = 0, .ofs_y = 0},
    {.bitmap_index = 2860, .adv_w = 112, .box_w = 9, .box_h = 8, .ofs_x = -1, .ofs_y = 1},
    {.bitmap_index = 2896, .adv_w = 112, .box_w = 7, .box_h = 10, .ofs_x = 0, .ofs_y = 0},
    {.bitmap_index = 2931, .adv_w = 112, .box_w = 3, .box_h = 13, .ofs_x = 2, .ofs_y = -2},
    {.bitmap_index = 2951, .adv_w = 112, .box_w = 7, .box_h = 13, .ofs_x = 0, .ofs_y = -3},
    {.bitmap_index = 2997, .adv_w = 112, .box_w = 7, .box_h = 3, .ofs_x = 0, .ofs_y = 8},
    {.bitmap_index = 3008, .adv_w = 112, .box_w = 7, .box_h = 10, .ofs_x = 0, .ofs_y = 0},
    {.bitmap_index = 3043, .adv_w = 112, .box_w = 5, .box_h = 8, .ofs_x = 1, .ofs_y = 2},
    {.bitmap_index = 3063, .adv_w = 112, .box_w = 7, .box_h = 8, .ofs_x = 0, .ofs_y = -1},
    {.bitmap_index = 3091, .adv_w = 112, .box_w = 7, .box_h = 6, .ofs_x = 0, .ofs_y = 0},
    {.bitmap_index = 3112, .adv_w = 112, .box_w = 7, .box_h = 10, .ofs_x = 0, .ofs_y = 0},
    {.bitmap_index = 3147, .adv_w = 112, .box_w = 7, .box_h = 3, .ofs_x = 0, .ofs_y = 8},
    {.bitmap_index = 3158, .adv_w = 112, .box_w = 5, .box_h = 4, .ofs_x = 1, .ofs_y = 6},
    {.bitmap_index = 3168, .adv_w = 112, .box_w = 7, .box_h = 10, .ofs_x = 0, .ofs_y = -2},
    {.bitmap_index = 3203, .adv_w = 112, .box_w = 5, .box_h = 5, .ofs_x = 1, .ofs_y = 5},
    {.bitmap_index = 3216, .adv_w = 112, .box_w = 5, .box_h = 5, .ofs_x = 1, .ofs_y = 5},
    {.bitmap_index = 3229, .adv_w = 112, .box_w = 5, .box_h = 3, .ofs_x = 1, .ofs_y = 8},
    {.bitmap_index = 3237, .adv_w = 112, .box_w = 7, .box_h = 12, .ofs_x = 0, .ofs_y = -2},
    {.bitmap_index = 3279, .adv_w = 112, .box_w = 3, .box_h = 3, .ofs_x = 2, .ofs_y = 4},
    {.bitmap_index = 3284, .adv_w = 112, .box_w = 3, .box_h = 4, .ofs_x = 2, .ofs_y = -4},
    {.bitmap_index = 3290, .adv_w = 112, .box_w = 3, .box_h = 6, .ofs_x = 2, .ofs_y = 5},
    {.bitmap_index = 3299, .adv_w = 112, .box_w = 5, .box_h = 8, .ofs_x = 1, .ofs_y = 2},
    {.bitmap_index = 3319, .adv_w = 112, .box_w = 7, .box_h = 8, .ofs_x = 0, .ofs_y = -1},
    {.bitmap_index = 3347, .adv_w = 112, .box_w = 9, .box_h = 12, .ofs_x = -1, .ofs_y = -1},
    {.bitmap_index = 3401, .adv_w = 112, .box_w = 9, .box_h = 12, .ofs_x = -1, .ofs_y = -1},
    {.bitmap_index = 3455, .adv_w = 112, .box_w = 9, .box_h = 11, .ofs_x = -1, .ofs_y = -1},
    {.bitmap_index = 3505, .adv_w = 112, .box_w = 7, .box_h = 11, .ofs_x = 0, .ofs_y = -3},
    {.bitmap_index = 3544, .adv_w = 112, .box_w = 7, .box_h = 13, .ofs_x = 0, .ofs_y = 0},
    {.bitmap_index = 3590, .adv_w = 112, .box_w = 7, .box_h = 13, .ofs_x = 0, .ofs_y = 0},
    {.bitmap_index = 3636, .adv_w = 112, .box_w = 7, .box_h = 13, .ofs_x = 0, .ofs_y = 0},
    {.bitmap_index = 3682, .adv_w = 112, .box_w = 7, .box_h = 14, .ofs_x = 0, .ofs_y = 0},
    {.bitmap_index = 3731, .adv_w = 112, .box_w = 7, .box_h = 14, .ofs_x = 0, .ofs_y = 0},
    {.bitmap_index = 3780, .adv_w = 112, .box_w = 7, .box_h = 13, .ofs_x = 0, .ofs_y = 0},
    {.bitmap_index = 3826, .adv_w = 112, .box_w = 7, .box_h = 10, .ofs_x = 0, .ofs_y = 0},
    {.bitmap_index = 3861, .adv_w = 112, .box_w = 7, .box_h = 14, .ofs_x = 0, .ofs_y = -4},
    {.bitmap_index = 3910, .adv_w = 112, .box_w = 7, .box_h = 13, .ofs_x = 0, .ofs_y = 0},
    {.bitmap_index = 3956, .adv_w = 112, .box_w = 7, .box_h = 13, .ofs_x = 0, .ofs_y = 0},
    {.bitmap_index = 4002, .adv_w = 112, .box_w = 7, .box_h = 13, .ofs_x = 0, .ofs_y = 0},
    {.bitmap_index = 4048, .adv_w = 112, .box_w = 7, .box_h = 14, .ofs_x = 0, .ofs_y = 0},
    {.bitmap_index = 4097, .adv_w = 112, .box_w = 5, .box_h = 13, .ofs_x = 1, .ofs_y = 0},
    {.bitmap_index = 4130, .adv_w = 112, .box_w = 5, .box_h = 13, .ofs_x = 1, .ofs_y = 0},
    {.bitmap_index = 4163, .adv_w = 112, .box_w = 7, .box_h = 13, .ofs_x = 0, .ofs_y = 0},
    {.bitmap_index = 4209, .adv_w = 112, .box_w = 7, .box_h = 14, .ofs_x = 0, .ofs_y = 0},
    {.bitmap_index = 4258, .adv_w = 112, .box_w = 7, .box_h = 10, .ofs_x = 0, .ofs_y = 0},
    {.bitmap_index = 4293, .adv_w = 112, .box_w = 7, .box_h = 14, .ofs_x = 0, .ofs_y = 0},
    {.bitmap_index = 4342, .adv_w = 112, .box_w = 7, .box_h = 14, .ofs_x = 0, .ofs_y = 0},
    {.bitmap_index = 4391, .adv_w = 112, .box_w = 7, .box_h = 14, .ofs_x = 0, .ofs_y = 0},
    {.bitmap_index = 4440, .adv_w = 112, .box_w = 7, .box_h = 14, .ofs_x = 0, .ofs_y = 0},
    {.bitmap_index = 4489, .adv_w = 112, .box_w = 7, .box_h = 14, .ofs_x = 0, .ofs_y = 0},
    {.bitmap_index = 4538, .adv_w = 112, .box_w = 7, .box_h = 14, .ofs_x = 0, .ofs_y = 0},
    {.bitmap_index = 4587, .adv_w = 112, .box_w = 7, .box_h = 6, .ofs_x = 0, .ofs_y = 2},
    {.bitmap_index = 4608, .adv_w = 112, .box_w = 7, .box_h = 12, .ofs_x = 0, .ofs_y = -1},
    {.bitmap_index = 4650, .adv_w = 112, .box_w = 7, .box_h = 14, .ofs_x = 0, .ofs_y = 0},
    {.bitmap_index = 4699, .adv_w = 112, .box_w = 7, .box_h = 14, .ofs_x = 0, .ofs_y = 0},
    {.bitmap_index = 4748, .adv_w = 112, .box_w = 7, .box_h = 14, .ofs_x = 0, .ofs_y = 0},
    {.bitmap_index = 4797, .adv_w = 112, .box_w = 7, .box_h = 14, .ofs_x = 0, .ofs_y = 0},
    {.bitmap_index = 4846, .adv_w = 112, .box_w = 7, .box_h = 13, .ofs_x = 0, .ofs_y = 0},
    {.bitmap_index = 4892, .adv_w = 112, .box_w = 7, .box_h = 10, .ofs_x = 0, .ofs_y = 0},
    {.bitmap_index = 4927, .adv_w = 112, .box_w = 7, .box_h = 10, .ofs_x = 0, .ofs_y = 0},
    {.bitmap_index = 4962, .adv_w = 112, .box_w = 7, .box_h = 11, .ofs_x = 0, .ofs_y = 0},
    {.bitmap_index = 5001, .adv_w = 112, .box_w = 7, .box_h = 11, .ofs_x = 0, .ofs_y = 0},
    {.bitmap_index = 5040, .adv_w = 112, .box_w = 7, .box_h = 11, .ofs_x = 0, .ofs_y = 0},
    {.bitmap_index = 5079, .adv_w = 112, .box_w = 7, .box_h = 10, .ofs_x = 0, .ofs_y = 0},
    {.bitmap_index = 5114, .adv_w = 112, .box_w = 7, .box_h = 10, .ofs_x = 0, .ofs_y = 0},
    {.bitmap_index = 5149, .adv_w = 112, .box_w = 7, .box_h = 10, .ofs_x = 0, .ofs_y = 0},
    {.bitmap_index = 5184, .adv_w = 112, .box_w = 7, .box_h = 7, .ofs_x = 0, .ofs_y = 0},
    {.bitmap_index = 5209, .adv_w = 112, .box_w = 7, .box_h = 11, .ofs_x = 0, .ofs_y = -4},
    {.bitmap_index = 5248, .adv_w = 112, .box_w = 7, .box_h = 11, .ofs_x = 0, .ofs_y = 0},
    {.bitmap_index = 5287, .adv_w = 112, .box_w = 7, .box_h = 11, .ofs_x = 0, .ofs_y = 0},
    {.bitmap_index = 5326, .adv_w = 112, .box_w = 7, .box_h = 11, .ofs_x = 0, .ofs_y = 0},
    {.bitmap_index = 5365, .adv_w = 112, .box_w = 7, .box_h = 10, .ofs_x = 0, .ofs_y = 0},
    {.bitmap_index = 5400, .adv_w = 112, .box_w = 5, .box_h = 10, .ofs_x = 1, .ofs_y = 0},
    {.bitmap_index = 5425, .adv_w = 112, .box_w = 5, .box_h = 10, .ofs_x = 1, .ofs_y = 0},
    {.bitmap_index = 5450, .adv_w = 112, .box_w = 6, .box_h = 11, .ofs_x = 0, .ofs_y = 0},
    {.bitmap_index = 5483, .adv_w = 112, .box_w = 7, .box_h = 10, .ofs_x = 0, .ofs_y = 0},
    {.bitmap_index = 5518, .adv_w = 112, .box_w = 7, .box_h = 11, .ofs_x = 0, .ofs_y = 0},
    {.bitmap_index = 5557, .adv_w = 112, .box_w = 7, .box_h = 10, .ofs_x = 0, .ofs_y = 0},
    {.bitmap_index = 5592, .adv_w = 112, .box_w = 7, .box_h = 11, .ofs_x = 0, .ofs_y = 0},
    {.bitmap_index = 5631, .adv_w = 112, .box_w = 7, .box_h = 11, .ofs_x = 0, .ofs_y = 0},
    {.bitmap_index = 5670, .adv_w = 112, .box_w = 7, .box_h = 11, .ofs_x = 0, .ofs_y = 0},
    {.bitmap_index = 5709, .adv_w = 112, .box_w = 7, .box_h = 10, .ofs_x = 0, .ofs_y = 0},
    {.bitmap_index = 5744, .adv_w = 112, .box_w = 7, .box_h = 10, .ofs_x = 0, .ofs_y = 0},
    {.bitmap_index = 5779, .adv_w = 112, .box_w = 7, .box_h = 9, .ofs_x = 0, .ofs_y = 1},
    {.bitmap_index = 5811, .adv_w = 112, .box_w = 7, .box_h = 9, .ofs_x = 0, .ofs_y = -1},
    {.bitmap_index = 5843, .adv_w = 112, .box_w = 7, .box_h = 11, .ofs_x = 0, .ofs_y = 0},
    {.bitmap_index = 5882, .adv_w = 112, .box_w = 7, .box_h = 11, .ofs_x = 0, .ofs_y = 0},
    {.bitmap_index = 5921, .adv_w = 112, .box_w = 7, .box_h = 11, .ofs_x = 0, .ofs_y = 0},
    {.bitmap_index = 5960, .adv_w = 112, .box_w = 7, .box_h = 10, .ofs_x = 0, .ofs_y = 0},
    {.bitmap_index = 5995, .adv_w = 112, .box_w = 7, .box_h = 13, .ofs_x = 0, .ofs_y = -3},
    {.bitmap_index = 6041, .adv_w = 112, .box_w = 7, .box_h = 13, .ofs_x = 0, .ofs_y = -3},
    {.bitmap_index = 6087, .adv_w = 112, .box_w = 7, .box_h = 13, .ofs_x = 0, .ofs_y = -3},
    {.bitmap_index = 6133, .adv_w = 112, .box_w = 7, .box_h = 14, .ofs_x = 0, .ofs_y = 0},
    {.bitmap_index = 6182, .adv_w = 112, .box_w = 7, .box_h = 10, .ofs_x = 0, .ofs_y = 0},
    {.bitmap_index = 6217, .adv_w = 112, .box_w = 7, .box_h = 13, .ofs_x = 0, .ofs_y = 0},
    {.bitmap_index = 6263, .adv_w = 112, .box_w = 7, .box_h = 11, .ofs_x = 0, .ofs_y = 0},
    {.bitmap_index = 6302, .adv_w = 112, .box_w = 7, .box_h = 13, .ofs_x = 0, .ofs_y = -3},
    {.bitmap_index = 6348, .adv_w = 112, .box_w = 7, .box_h = 10, .ofs_x = 0, .ofs_y = -3},
    {.bitmap_index = 6383, .adv_w = 112, .box_w = 7, .box_h = 14, .ofs_x = 0, .ofs_y = 0},
    {.bitmap_index = 6432, .adv_w = 112, .box_w = 7, .box_h = 11, .ofs_x = 0, .ofs_y = 0},
    {.bitmap_index = 6471, .adv_w = 112, .box_w = 7, .box_h = 14, .ofs_x = 0, .ofs_y = 0},
    {.bitmap_index = 6520, .adv_w = 112, .box_w = 7, .box_h = 10, .ofs_x = 0, .ofs_y = 0},
    {.bitmap_index = 6555, .adv_w = 112, .box_w = 7, .box_h = 14, .ofs_x = 0, .ofs_y = 0},
    {.bitmap_index = 6604, .adv_w = 112, .box_w = 7, .box_h = 11, .ofs_x = 0, .ofs_y = 0},
    {.bitmap_index = 6643, .adv_w = 112, .box_w = 7, .box_h = 13, .ofs_x = 0, .ofs_y = 0},
    {.bitmap_index = 6689, .adv_w = 112, .box_w = 8, .box_h = 11, .ofs_x = 0, .ofs_y = 0},
    {.bitmap_index = 6733, .adv_w = 112, .box_w = 7, .box_h = 10, .ofs_x = 0, .ofs_y = 0},
    {.bitmap_index = 6768, .adv_w = 112, .box_w = 7, .box_h = 10, .ofs_x = 0, .ofs_y = 0},
    {.bitmap_index = 6803, .adv_w = 112, .box_w = 7, .box_h = 14, .ofs_x = 0, .ofs_y = 0},
    {.bitmap_index = 6852, .adv_w = 112, .box_w = 7, .box_h = 10, .ofs_x = 0, .ofs_y = 0},
    {.bitmap_index = 6887, .adv_w = 112, .box_w = 7, .box_h = 14, .ofs_x = 0, .ofs_y = 0},
    {.bitmap_index = 6936, .adv_w = 112, .box_w = 7, .box_h = 10, .ofs_x = 0, .ofs_y = 0},
    {.bitmap_index = 6971, .adv_w = 112, .box_w = 7, .box_h = 13, .ofs_x = 0, .ofs_y = -3},
    {.bitmap_index = 7017, .adv_w = 112, .box_w = 7, .box_h = 10, .ofs_x = 0, .ofs_y = -3},
    {.bitmap_index = 7052, .adv_w = 112, .box_w = 7, .box_h = 13, .ofs_x = 0, .ofs_y = 0},
    {.bitmap_index = 7098, .adv_w = 112, .box_w = 7, .box_h = 11, .ofs_x = 0, .ofs_y = 0},
    {.bitmap_index = 7137, .adv_w = 112, .box_w = 7, .box_h = 14, .ofs_x = 0, .ofs_y = 0},
    {.bitmap_index = 7186, .adv_w = 112, .box_w = 7, .box_h = 13, .ofs_x = 0, .ofs_y = -3},
    {.bitmap_index = 7232, .adv_w = 112, .box_w = 7, .box_h = 14, .ofs_x = 0, .ofs_y = 0},
    {.bitmap_index = 7281, .adv_w = 112, .box_w = 7, .box_h = 13, .ofs_x = 0, .ofs_y = -3},
    {.bitmap_index = 7327, .adv_w = 112, .box_w = 7, .box_h = 14, .ofs_x = 0, .ofs_y = -4},
    {.bitmap_index = 7376, .adv_w = 112, .box_w = 7, .box_h = 15, .ofs_x = 0, .ofs_y = -3},
    {.bitmap_index = 7429, .adv_w = 112, .box_w = 7, .box_h = 10, .ofs_x = 0, .ofs_y = 0},
    {.bitmap_index = 7464, .adv_w = 112, .box_w = 7, .box_h = 10, .ofs_x = 0, .ofs_y = 0},
    {.bitmap_index = 7499, .adv_w = 112, .box_w = 7, .box_h = 14, .ofs_x = 0, .ofs_y = 0},
    {.bitmap_index = 7548, .adv_w = 112, .box_w = 7, .box_h = 10, .ofs_x = 0, .ofs_y = 0},
    {.bitmap_index = 7583, .adv_w = 112, .box_w = 7, .box_h = 14, .ofs_x = 0, .ofs_y = 0},
    {.bitmap_index = 7632, .adv_w = 112, .box_w = 7, .box_h = 10, .ofs_x = 0, .ofs_y = 0},
    {.bitmap_index = 7667, .adv_w = 112, .box_w = 7, .box_h = 13, .ofs_x = 0, .ofs_y = 0},
    {.bitmap_index = 7713, .adv_w = 112, .box_w = 7, .box_h = 11, .ofs_x = 0, .ofs_y = 0},
    {.bitmap_index = 7752, .adv_w = 112, .box_w = 5, .box_h = 13, .ofs_x = 1, .ofs_y = -3},
    {.bitmap_index = 7785, .adv_w = 112, .box_w = 5, .box_h = 13, .ofs_x = 1, .ofs_y = -3},
    {.bitmap_index = 7818, .adv_w = 112, .box_w = 5, .box_h = 14, .ofs_x = 1, .ofs_y = 0},
    {.bitmap_index = 7853, .adv_w = 112, .box_w = 5, .box_h = 7, .ofs_x = 1, .ofs_y = 0},
    {.bitmap_index = 7871, .adv_w = 112, .box_w = 7, .box_h = 10, .ofs_x = 0, .ofs_y = 0},
    {.bitmap_index = 7906, .adv_w = 112, .box_w = 7, .box_h = 13, .ofs_x = 0, .ofs_y = -3},
    {.bitmap_index = 7952, .adv_w = 112, .box_w = 7, .box_h = 14, .ofs_x = 0, .ofs_y = -4},
    {.bitmap_index = 8001, .adv_w = 112, .box_w = 7, .box_h = 14, .ofs_x = 0, .ofs_y = -4},
    {.bitmap_index = 8050, .adv_w = 112, .box_w = 7, .box_h = 13, .ofs_x = 0, .ofs_y = 0},
    {.bitmap_index = 8096, .adv_w = 112, .box_w = 5, .box_h = 13, .ofs_x = 1, .ofs_y = 0},
    {.bitmap_index = 8129, .adv_w = 112, .box_w = 7, .box_h = 14, .ofs_x = 0, .ofs_y = -4},
    {.bitmap_index = 8178, .adv_w = 112, .box_w = 4, .box_h = 14, .ofs_x = 1, .ofs_y = -4},
    {.bitmap_index = 8206, .adv_w = 112, .box_w = 7, .box_h = 11, .ofs_x = 0, .ofs_y = 0},
    {.bitmap_index = 8245, .adv_w = 112, .box_w = 6, .box_h = 11, .ofs_x = 1, .ofs_y = 0},
    {.bitmap_index = 8278, .adv_w = 112, .box_w = 7, .box_h = 10, .ofs_x = 0, .ofs_y = 0},
    {.bitmap_index = 8313, .adv_w = 112, .box_w = 6, .box_h = 10, .ofs_x = 1, .ofs_y = 0},
    {.bitmap_index = 8343, .adv_w = 112, .box_w = 7, .box_h = 13, .ofs_x = 0, .ofs_y = 0},
    {.bitmap_index = 8389, .adv_w = 112, .box_w = 7, .box_h = 10, .ofs_x = 0, .ofs_y = 0},
    {.bitmap_index = 8424, .adv_w = 112, .box_w = 7, .box_h = 14, .ofs_x = 0, .ofs_y = -4},
    {.bitmap_index = 8473, .adv_w = 112, .box_w = 7, .box_h = 11, .ofs_x = 0, .ofs_y = -4},
    {.bitmap_index = 8512, .adv_w = 112, .box_w = 7, .box_h = 13, .ofs_x = 0, .ofs_y = 0},
    {.bitmap_index = 8558, .adv_w = 112, .box_w = 7, .box_h = 11, .ofs_x = 0, .ofs_y = 0},
    {.bitmap_index = 8597, .adv_w = 112, .box_w = 7, .box_h = 13, .ofs_x = 0, .ofs_y = -3},
    {.bitmap_index = 8643, .adv_w = 112, .box_w = 7, .box_h = 10, .ofs_x = 0, .ofs_y = -3},
    {.bitmap_index = 8678, .adv_w = 112, .box_w = 7, .box_h = 14, .ofs_x = 0, .ofs_y = 0},
    {.bitmap_index = 8727, .adv_w = 112, .box_w = 7, .box_h = 10, .ofs_x = 0, .ofs_y = 0},
    {.bitmap_index = 8762, .adv_w = 112, .box_w = 8, .box_h = 14, .ofs_x = 0, .ofs_y = 0},
    {.bitmap_index = 8818, .adv_w = 112, .box_w = 8, .box_h = 11, .ofs_x = 0, .ofs_y = 0},
    {.bitmap_index = 8862, .adv_w = 112, .box_w = 7, .box_h = 10, .ofs_x = 0, .ofs_y = 0},
    {.bitmap_index = 8897, .adv_w = 112, .box_w = 7, .box_h = 7, .ofs_x = 0, .ofs_y = 0},
    {.bitmap_index = 8922, .adv_w = 112, .box_w = 7, .box_h = 13, .ofs_x = 0, .ofs_y = 0},
    {.bitmap_index = 8968, .adv_w = 112, .box_w = 7, .box_h = 10, .ofs_x = 0, .ofs_y = 0},
    {.bitmap_index = 9003, .adv_w = 112, .box_w = 7, .box_h = 14, .ofs_x = 0, .ofs_y = -4},
    {.bitmap_index = 9052, .adv_w = 112, .box_w = 7, .box_h = 11, .ofs_x = 0, .ofs_y = -4},
    {.bitmap_index = 9091, .adv_w = 112, .box_w = 7, .box_h = 13, .ofs_x = 0, .ofs_y = 0},
    {.bitmap_index = 9137, .adv_w = 112, .box_w = 7, .box_h = 11, .ofs_x = 0, .ofs_y = 0},
    {.bitmap_index = 9176, .adv_w = 112, .box_w = 7, .box_h = 14, .ofs_x = 0, .ofs_y = 0},
    {.bitmap_index = 9225, .adv_w = 112, .box_w = 7, .box_h = 11, .ofs_x = 0, .ofs_y = 0},
    {.bitmap_index = 9264, .adv_w = 112, .box_w = 7, .box_h = 14, .ofs_x = 0, .ofs_y = -4},
    {.bitmap_index = 9313, .adv_w = 112, .box_w = 7, .box_h = 11, .ofs_x = 0, .ofs_y = -4},
    {.bitmap_index = 9352, .adv_w = 112, .box_w = 7, .box_h = 14, .ofs_x = 0, .ofs_y = 0},
    {.bitmap_index = 9401, .adv_w = 112, .box_w = 7, .box_h = 11, .ofs_x = 0, .ofs_y = 0},
    {.bitmap_index = 9440, .adv_w = 112, .box_w = 7, .box_h = 14, .ofs_x = 0, .ofs_y = -4},
    {.bitmap_index = 9489, .adv_w = 112, .box_w = 7, .box_h = 13, .ofs_x = 0, .ofs_y = -4},
    {.bitmap_index = 9535, .adv_w = 112, .box_w = 7, .box_h = 13, .ofs_x = 0, .ofs_y = 0},
    {.bitmap_index = 9581, .adv_w = 112, .box_w = 7, .box_h = 10, .ofs_x = 0, .ofs_y = 0},
    {.bitmap_index = 9616, .adv_w = 112, .box_w = 7, .box_h = 10, .ofs_x = 0, .ofs_y = 0},
    {.bitmap_index = 9651, .adv_w = 112, .box_w = 7, .box_h = 9, .ofs_x = 0, .ofs_y = 0},
    {.bitmap_index = 9683, .adv_w = 112, .box_w = 7, .box_h = 14, .ofs_x = 0, .ofs_y = 0},
    {.bitmap_index = 9732, .adv_w = 112, .box_w = 7, .box_h = 10, .ofs_x = 0, .ofs_y = 0},
    {.bitmap_index = 9767, .adv_w = 112, .box_w = 7, .box_h = 14, .ofs_x = 0, .ofs_y = 0},
    {.bitmap_index = 9816, .adv_w = 112, .box_w = 7, .box_h = 10, .ofs_x = 0, .ofs_y = 0},
    {.bitmap_index = 9851, .adv_w = 112, .box_w = 7, .box_h = 13, .ofs_x = 0, .ofs_y = 0},
    {.bitmap_index = 9897, .adv_w = 112, .box_w = 7, .box_h = 10, .ofs_x = 0, .ofs_y = 0},
    {.bitmap_index = 9932, .adv_w = 112, .box_w = 8, .box_h = 14, .ofs_x = 0, .ofs_y = 0},
    {.bitmap_index = 9988, .adv_w = 112, .box_w = 8, .box_h = 11, .ofs_x = 0, .ofs_y = 0},
    {.bitmap_index = 10032, .adv_w = 112, .box_w = 7, .box_h = 13, .ofs_x = 0, .ofs_y = -3},
    {.bitmap_index = 10078, .adv_w = 112, .box_w = 7, .box_h = 10, .ofs_x = 0, .ofs_y = -3},
    {.bitmap_index = 10113, .adv_w = 112, .box_w = 7, .box_h = 13, .ofs_x = 0, .ofs_y = 0},
    {.bitmap_index = 10159, .adv_w = 112, .box_w = 7, .box_h = 11, .ofs_x = 0, .ofs_y = 0},
    {.bitmap_index = 10198, .adv_w = 112, .box_w = 7, .box_h = 14, .ofs_x = 0, .ofs_y = 0},
    {.bitmap_index = 10247, .adv_w = 112, .box_w = 7, .box_h = 13, .ofs_x = 0, .ofs_y = -3},
    {.bitmap_index = 10293, .adv_w = 112, .box_w = 7, .box_h = 14, .ofs_x = 0, .ofs_y = 0},
    {.bitmap_index = 10342, .adv_w = 112, .box_w = 7, .box_h = 13, .ofs_x = 0, .ofs_y = 0},
    {.bitmap_index = 10388, .adv_w = 112, .box_w = 7, .box_h = 10, .ofs_x = 0, .ofs_y = 0},
    {.bitmap_index = 10423, .adv_w = 112, .box_w = 7, .box_h = 14, .ofs_x = 0, .ofs_y = 0},
    {.bitmap_index = 10472, .adv_w = 112, .box_w = 7, .box_h = 10, .ofs_x = 0, .ofs_y = 0},
    {.bitmap_index = 10507, .adv_w = 112, .box_w = 7, .box_h = 13, .ofs_x = 0, .ofs_y = 0},
    {.bitmap_index = 10553, .adv_w = 112, .box_w = 7, .box_h = 11, .ofs_x = 0, .ofs_y = 0},
    {.bitmap_index = 10592, .adv_w = 112, .box_w = 7, .box_h = 10, .ofs_x = 0, .ofs_y = 0},
    {.bitmap_index = 10627, .adv_w = 112, .box_w = 6, .box_h = 10, .ofs_x = 1, .ofs_y = 0},
    {.bitmap_index = 10657, .adv_w = 112, .box_w = 7, .box_h = 10, .ofs_x = 0, .ofs_y = 0},
    {.bitmap_index = 10692, .adv_w = 112, .box_w = 7, .box_h = 10, .ofs_x = 0, .ofs_y = 0},
    {.bitmap_index = 10727, .adv_w = 112, .box_w = 7, .box_h = 13, .ofs_x = 0, .ofs_y = -3},
    {.bitmap_index = 10773, .adv_w = 112, .box_w = 7, .box_h = 13, .ofs_x = 0, .ofs_y = -3},
    {.bitmap_index = 10819, .adv_w = 112, .box_w = 8, .box_h = 13, .ofs_x = -1, .ofs_y = -3},
    {.bitmap_index = 10871, .adv_w = 112, .box_w = 8, .box_h = 12, .ofs_x = 0, .ofs_y = 0},
    {.bitmap_index = 10919, .adv_w = 112, .box_w = 8, .box_h = 10, .ofs_x = 0, .ofs_y = 0},
    {.bitmap_index = 10959, .adv_w = 112, .box_w = 8, .box_h = 12, .ofs_x = 0, .ofs_y = 0},
    {.bitmap_index = 11007, .adv_w = 112, .box_w = 8, .box_h = 10, .ofs_x = 0, .ofs_y = 0},
    {.bitmap_index = 11047, .adv_w = 112, .box_w = 7, .box_h = 10, .ofs_x = 0, .ofs_y = 0},
    {.bitmap_index = 11082, .adv_w = 112, .box_w = 7, .box_h = 7, .ofs_x = 0, .ofs_y = 0},
    {.bitmap_index = 11107, .adv_w = 112, .box_w = 7, .box_h = 14, .ofs_x = 0, .ofs_y = 0},
    {.bitmap_index = 11156, .adv_w = 112, .box_w = 7, .box_h = 13, .ofs_x = 0, .ofs_y = -3},
    {.bitmap_index = 11202, .adv_w = 112, .box_w = 7, .box_h = 14, .ofs_x = 0, .ofs_y = 0},
    {.bitmap_index = 11251, .adv_w = 112, .box_w = 7, .box_h = 13, .ofs_x = 0, .ofs_y = -3},
    {.bitmap_index = 11297, .adv_w = 112, .box_w = 7, .box_h = 14, .ofs_x = 0, .ofs_y = 0},
    {.bitmap_index = 11346, .adv_w = 112, .box_w = 7, .box_h = 13, .ofs_x = 0, .ofs_y = -3},
    {.bitmap_index = 11392, .adv_w = 112, .box_w = 7, .box_h = 13, .ofs_x = 0, .ofs_y = 0},
    {.bitmap_index = 11438, .adv_w = 112, .box_w = 7, .box_h = 10, .ofs_x = 0, .ofs_y = 0},
    {.bitmap_index = 11473, .adv_w = 112, .box_w = 7, .box_h = 10, .ofs_x = 0, .ofs_y = 0},
    {.bitmap_index = 11508, .adv_w = 112, .box_w = 7, .box_h = 10, .ofs_x = 0, .ofs_y = 0},
    {.bitmap_index = 11543, .adv_w = 112, .box_w = 7, .box_h = 7, .ofs_x = 0, .ofs_y = 0},
    {.bitmap_index = 11568, .adv_w = 112, .box_w = 7, .box_h = 10, .ofs_x = 0, .ofs_y = 0},
    {.bitmap_index = 11603, .adv_w = 112, .box_w = 7, .box_h = 7, .ofs_x = 0, .ofs_y = 0},
    {.bitmap_index = 11628, .adv_w = 112, .box_w = 7, .box_h = 7, .ofs_x = 0, .ofs_y = 0},
    {.bitmap_index = 11653, .adv_w = 112, .box_w = 7, .box_h = 7, .ofs_x = 0, .ofs_y = 0},
    {.bitmap_index = 11678, .adv_w = 112, .box_w = 7, .box_h = 10, .ofs_x = 0, .ofs_y = -3},
    {.bitmap_index = 11713, .adv_w = 112, .box_w = 8, .box_h = 10, .ofs_x = -1, .ofs_y = -3},
    {.bitmap_index = 11753, .adv_w = 112, .box_w = 7, .box_h = 10, .ofs_x = 0, .ofs_y = -3},
    {.bitmap_index = 11788, .adv_w = 112, .box_w = 7, .box_h = 3, .ofs_x = 0, .ofs_y = 8},
    {.bitmap_index = 11799, .adv_w = 112, .box_w = 7, .box_h = 3, .ofs_x = 0, .ofs_y = 8},
    {.bitmap_index = 11810, .adv_w = 112, .box_w = 7, .box_h = 4, .ofs_x = 0, .ofs_y = 7},
    {.bitmap_index = 11824, .adv_w = 112, .box_w = 3, .box_h = 3, .ofs_x = 2, .ofs_y = 8},
    {.bitmap_index = 11829, .adv_w = 112, .box_w = 5, .box_h = 3, .ofs_x = 1, .ofs_y = 7},
    {.bitmap_index = 11837, .adv_w = 112, .box_w = 5, .box_h = 4, .ofs_x = 1, .ofs_y = -3},
    {.bitmap_index = 11847, .adv_w = 112, .box_w = 7, .box_h = 4, .ofs_x = 0, .ofs_y = 7},
    {.bitmap_index = 11861, .adv_w = 112, .box_w = 7, .box_h = 3, .ofs_x = 0, .ofs_y = 8},
    {.bitmap_index = 11872, .adv_w = 112, .box_w = 5, .box_h = 3, .ofs_x = 1, .ofs_y = 8},
    {.bitmap_index = 11880, .adv_w = 112, .box_w = 5, .box_h = 3, .ofs_x = 1, .ofs_y = 8},
    {.bitmap_index = 11888, .adv_w = 112, .box_w = 7, .box_h = 3, .ofs_x = 0, .ofs_y = 8},
    {.bitmap_index = 11899, .adv_w = 112, .box_w = 7, .box_h = 4, .ofs_x = 0, .ofs_y = 7},
    {.bitmap_index = 11913, .adv_w = 112, .box_w = 7, .box_h = 3, .ofs_x = 0, .ofs_y = 8},
    {.bitmap_index = 11924, .adv_w = 112, .box_w = 7, .box_h = 4, .ofs_x = 0, .ofs_y = 7},
    {.bitmap_index = 11938, .adv_w = 112, .box_w = 3, .box_h = 3, .ofs_x = 2, .ofs_y = 8},
    {.bitmap_index = 11943, .adv_w = 112, .box_w = 7, .box_h = 3, .ofs_x = 0, .ofs_y = 8},
    {.bitmap_index = 11954, .adv_w = 112, .box_w = 5, .box_h = 3, .ofs_x = 1, .ofs_y = 7},
    {.bitmap_index = 11962, .adv_w = 112, .box_w = 5, .box_h = 3, .ofs_x = 1, .ofs_y = 7},
    {.bitmap_index = 11970, .adv_w = 112, .box_w = 7, .box_h = 3, .ofs_x = 0, .ofs_y = 8},
    {.bitmap_index = 11981, .adv_w = 112, .box_w = 7, .box_h = 3, .ofs_x = 0, .ofs_y = 8},
    {.bitmap_index = 11992, .adv_w = 112, .box_w = 3, .box_h = 5, .ofs_x = 2, .ofs_y = 7},
    {.bitmap_index = 12000, .adv_w = 112, .box_w = 3, .box_h = 4, .ofs_x = 5, .ofs_y = 6},
    {.bitmap_index = 12006, .adv_w = 112, .box_w = 3, .box_h = 3, .ofs_x = 2, .ofs_y = -3},
    {.bitmap_index = 12011, .adv_w = 112, .box_w = 3, .box_h = 4, .ofs_x = 2, .ofs_y = -4},
    {.bitmap_index = 12017, .adv_w = 112, .box_w = 3, .box_h = 4, .ofs_x = 2, .ofs_y = -4},
    {.bitmap_index = 12023, .adv_w = 112, .box_w = 5, .box_h = 4, .ofs_x = 1, .ofs_y = -3},
    {.bitmap_index = 12033, .adv_w = 112, .box_w = 7, .box_h = 3, .ofs_x = 0, .ofs_y = -3},
    {.bitmap_index = 12044, .adv_w = 112, .box_w = 3, .box_h = 3, .ofs_x = 2, .ofs_y = 8},
    {.bitmap_index = 12049, .adv_w = 112, .box_w = 7, .box_h = 3, .ofs_x = 0, .ofs_y = 8},
    {.bitmap_index = 12060, .adv_w = 112, .box_w = 7, .box_h = 10, .ofs_x = 0, .ofs_y = 0},
    {.bitmap_index = 12095, .adv_w = 112, .box_w = 3, .box_h = 3, .ofs_x = 2, .ofs_y = 4},
    {.bitmap_index = 12100, .adv_w = 112, .box_w = 8, .box_h = 10, .ofs_x = -1, .ofs_y = 0},
    {.bitmap_index = 12140, .adv_w = 112, .box_w = 8, .box_h = 10, .ofs_x = -1, .ofs_y = 0},
    {.bitmap_index = 12180, .adv_w = 112, .box_w = 7, .box_h = 10, .ofs_x = 0, .ofs_y = 0},
    {.bitmap_index = 12215, .adv_w = 112, .box_w = 8, .box_h = 10, .ofs_x = -1, .ofs_y = 0},
    {.bitmap_index = 12255, .adv_w = 112, .box_w = 9, .box_h = 10, .ofs_x = -2, .ofs_y = 0},
    {.bitmap_index = 12300, .adv_w = 112, .box_w = 9, .box_h = 10, .ofs_x = -2, .ofs_y = 0},
    {.bitmap_index = 12345, .adv_w = 112, .box_w = 7, .box_h = 10, .ofs_x = 0, .ofs_y = 0},
    {.bitmap_index = 12380, .adv_w = 112, .box_w = 7, .box_h = 10, .ofs_x = 0, .ofs_y = 0},
    {.bitmap_index = 12415, .adv_w = 112, .box_w = 7, .box_h = 10, .ofs_x = 0, .ofs_y = 0},
    {.bitmap_index = 12450, .adv_w = 112, .box_w = 7, .box_h = 10, .ofs_x = 0, .ofs_y = 0},
    {.bitmap_index = 12485, .adv_w = 112, .box_w = 7, .box_h = 10, .ofs_x = 0, .ofs_y = 0},
    {.bitmap_index = 12520, .adv_w = 112, .box_w = 7, .box_h = 10, .ofs_x = 0, .ofs_y = 0},
    {.bitmap_index = 12555, .adv_w = 112, .box_w = 7, .box_h = 10, .ofs_x = 0, .ofs_y = 0},
    {.bitmap_index = 12590, .adv_w = 112, .box_w = 7, .box_h = 10, .ofs_x = 0, .ofs_y = 0},
    {.bitmap_index = 12625, .adv_w = 112, .box_w = 7, .box_h = 10, .ofs_x = 0, .ofs_y = 0},
    {.bitmap_index = 12660, .adv_w = 112, .box_w = 5, .box_h = 10, .ofs_x = 1, .ofs_y = 0},
    {.bitmap_index = 12685, .adv_w = 112, .box_w = 7, .box_h = 10, .ofs_x = 0, .ofs_y = 0},
    {.bitmap_index = 12720, .adv_w = 112, .box_w = 7, .box_h = 10, .ofs_x = 0, .ofs_y = 0},
    {.bitmap_index = 12755, .adv_w = 112, .box_w = 7, .box_h = 10, .ofs_x = 0, .ofs_y = 0},
    {.bitmap_index = 12790, .adv_w = 112, .box_w = 7, .box_h = 10, .ofs_x = 0, .ofs_y = 0},
    {.bitmap_index = 12825, .adv_w = 112, .box_w = 7, .box_h = 10, .ofs_x = 0, .ofs_y = 0},
    {.bitmap_index = 12860, .adv_w = 112, .box_w = 7, .box_h = 10, .ofs_x = 0, .ofs_y = 0},
    {.bitmap_index = 12895, .adv_w = 112, .box_w = 7, .box_h = 10, .ofs_x = 0, .ofs_y = 0},
    {.bitmap_index = 12930, .adv_w = 112, .box_w = 7, .box_h = 10, .ofs_x = 0, .ofs_y = 0},
    {.bitmap_index = 12965, .adv_w = 112, .box_w = 7, .box_h = 10, .ofs_x = 0, .ofs_y = 0},
    {.bitmap_index = 13000, .adv_w = 112, .box_w = 7, .box_h = 10, .ofs_x = 0, .ofs_y = 0},
    {.bitmap_index = 13035, .adv_w = 112, .box_w = 7, .box_h = 10, .ofs_x = 0, .ofs_y = 0},
    {.bitmap_index = 13070, .adv_w = 112, .box_w = 7, .box_h = 10, .ofs_x = 0, .ofs_y = 0},
    {.bitmap_index = 13105, .adv_w = 112, .box_w = 7, .box_h = 10, .ofs_x = 0, .ofs_y = 0},
    {.bitmap_index = 13140, .adv_w = 112, .box_w = 7, .box_h = 10, .ofs_x = 0, .ofs_y = 0},
    {.bitmap_index = 13175, .adv_w = 112, .box_w = 7, .box_h = 10, .ofs_x = 0, .ofs_y = 0},
    {.bitmap_index = 13210, .adv_w = 112, .box_w = 7, .box_h = 14, .ofs_x = 0, .ofs_y = 0},
    {.bitmap_index = 13259, .adv_w = 112, .box_w = 7, .box_h = 14, .ofs_x = 0, .ofs_y = 0},
    {.bitmap_index = 13308, .adv_w = 112, .box_w = 7, .box_h = 11, .ofs_x = 0, .ofs_y = 0},
    {.bitmap_index = 13347, .adv_w = 112, .box_w = 7, .box_h = 11, .ofs_x = 0, .ofs_y = 0},
    {.bitmap_index = 13386, .adv_w = 112, .box_w = 7, .box_h = 13, .ofs_x = 0, .ofs_y = -3},
    {.bitmap_index = 13432, .adv_w = 112, .box_w = 5, .box_h = 10, .ofs_x = 1, .ofs_y = 0},
    {.bitmap_index = 13457, .adv_w = 112, .box_w = 7, .box_h = 11, .ofs_x = 0, .ofs_y = 0},
    {.bitmap_index = 13496, .adv_w = 112, .box_w = 7, .box_h = 7, .ofs_x = 0, .ofs_y = 0},
    {.bitmap_index = 13521, .adv_w = 112, .box_w = 7, .box_h = 13, .ofs_x = 0, .ofs_y = -3},
    {.bitmap_index = 13567, .adv_w = 112, .box_w = 7, .box_h = 10, .ofs_x = 0, .ofs_y = -3},
    {.bitmap_index = 13602, .adv_w = 112, .box_w = 7, .box_h = 10, .ofs_x = 0, .ofs_y = 0},
    {.bitmap_index = 13637, .adv_w = 112, .box_w = 7, .box_h = 7, .ofs_x = 0, .ofs_y = 0},
    {.bitmap_index = 13662, .adv_w = 112, .box_w = 7, .box_h = 13, .ofs_x = 0, .ofs_y = -3},
    {.bitmap_index = 13708, .adv_w = 112, .box_w = 7, .box_h = 10, .ofs_x = 0, .ofs_y = -3},
    {.bitmap_index = 13743, .adv_w = 112, .box_w = 7, .box_h = 10, .ofs_x = 0, .ofs_y = 0},
    {.bitmap_index = 13778, .adv_w = 112, .box_w = 5, .box_h = 7, .ofs_x = 1, .ofs_y = 0},
    {.bitmap_index = 13796, .adv_w = 112, .box_w = 7, .box_h = 7, .ofs_x = 0, .ofs_y = 0},
    {.bitmap_index = 13821, .adv_w = 112, .box_w = 7, .box_h = 10, .ofs_x = 0, .ofs_y = 0},
    {.bitmap_index = 13856, .adv_w = 112, .box_w = 7, .box_h = 10, .ofs_x = 0, .ofs_y = -3},
    {.bitmap_index = 13891, .adv_w = 112, .box_w = 7, .box_h = 7, .ofs_x = 0, .ofs_y = 0},
    {.bitmap_index = 13916, .adv_w = 112, .box_w = 7, .box_h = 13, .ofs_x = 0, .ofs_y = -3},
    {.bitmap_index = 13962, .adv_w = 112, .box_w = 7, .box_h = 7, .ofs_x = 0, .ofs_y = 0},
    {.bitmap_index = 13987, .adv_w = 112, .box_w = 7, .box_h = 7, .ofs_x = 0, .ofs_y = 0},
    {.bitmap_index = 14012, .adv_w = 112, .box_w = 7, .box_h = 10, .ofs_x = 0, .ofs_y = -3},
    {.bitmap_index = 14047, .adv_w = 112, .box_w = 7, .box_h = 10, .ofs_x = 0, .ofs_y = -3},
    {.bitmap_index = 14082, .adv_w = 112, .box_w = 7, .box_h = 7, .ofs_x = 0, .ofs_y = 0},
    {.bitmap_index = 14107, .adv_w = 112, .box_w = 7, .box_h = 7, .ofs_x = 0, .ofs_y = 0},
    {.bitmap_index = 14132, .adv_w = 112, .box_w = 7, .box_h = 7, .ofs_x = 0, .ofs_y = 0},
    {.bitmap_index = 14157, .adv_w = 112, .box_w = 7, .box_h = 13, .ofs_x = 0, .ofs_y = -3},
    {.bitmap_index = 14203, .adv_w = 112, .box_w = 7, .box_h = 10, .ofs_x = 0, .ofs_y = -3},
    {.bitmap_index = 14238, .adv_w = 112, .box_w = 7, .box_h = 12, .ofs_x = 0, .ofs_y = -3},
    {.bitmap_index = 14280, .adv_w = 112, .box_w = 7, .box_h = 7, .ofs_x = 0, .ofs_y = 0},
    {.bitmap_index = 14305, .adv_w = 112, .box_w = 7, .box_h = 10, .ofs_x = 0, .ofs_y = 0},
    {.bitmap_index = 14340, .adv_w = 112, .box_w = 7, .box_h = 10, .ofs_x = 0, .ofs_y = 0},
    {.bitmap_index = 14375, .adv_w = 112, .box_w = 7, .box_h = 11, .ofs_x = 0, .ofs_y = 0},
    {.bitmap_index = 14414, .adv_w = 112, .box_w = 7, .box_h = 11, .ofs_x = 0, .ofs_y = 0},
    {.bitmap_index = 14453, .adv_w = 112, .box_w = 7, .box_h = 11, .ofs_x = 0, .ofs_y = 0},
    {.bitmap_index = 14492, .adv_w = 112, .box_w = 7, .box_h = 13, .ofs_x = 0, .ofs_y = 0},
    {.bitmap_index = 14538, .adv_w = 112, .box_w = 7, .box_h = 14, .ofs_x = 0, .ofs_y = 0},
    {.bitmap_index = 14587, .adv_w = 112, .box_w = 7, .box_h = 13, .ofs_x = 0, .ofs_y = -3},
    {.bitmap_index = 14633, .adv_w = 112, .box_w = 7, .box_h = 13, .ofs_x = 0, .ofs_y = 0},
    {.bitmap_index = 14679, .adv_w = 112, .box_w = 7, .box_h = 10, .ofs_x = 0, .ofs_y = 0},
    {.bitmap_index = 14714, .adv_w = 112, .box_w = 7, .box_h = 10, .ofs_x = 0, .ofs_y = 0},
    {.bitmap_index = 14749, .adv_w = 112, .box_w = 5, .box_h = 10, .ofs_x = 1, .ofs_y = 0},
    {.bitmap_index = 14774, .adv_w = 112, .box_w = 7, .box_h = 14, .ofs_x = 0, .ofs_y = 0},
    {.bitmap_index = 14823, .adv_w = 112, .box_w = 7, .box_h = 10, .ofs_x = 0, .ofs_y = 0},
    {.bitmap_index = 14858, .adv_w = 112, .box_w = 7, .box_h = 10, .ofs_x = 0, .ofs_y = 0},
    {.bitmap_index = 14893, .adv_w = 112, .box_w = 7, .box_h = 10, .ofs_x = 0, .ofs_y = 0},
    {.bitmap_index = 14928, .adv_w = 112, .box_w = 7, .box_h = 10, .ofs_x = 0, .ofs_y = 0},
    {.bitmap_index = 14963, .adv_w = 112, .box_w = 7, .box_h = 13, .ofs_x = 0, .ofs_y = 0},
    {.bitmap_index = 15009, .adv_w = 112, .box_w = 7, .box_h = 13, .ofs_x = 0, .ofs_y = 0},
    {.bitmap_index = 15055, .adv_w = 112, .box_w = 7, .box_h = 13, .ofs_x = 0, .ofs_y = 0},
    {.bitmap_index = 15101, .adv_w = 112, .box_w = 7, .box_h = 12, .ofs_x = 0, .ofs_y = -2},
    {.bitmap_index = 15143, .adv_w = 112, .box_w = 7, .box_h = 10, .ofs_x = 0, .ofs_y = 0},
    {.bitmap_index = 15178, .adv_w = 112, .box_w = 7, .box_h = 10, .ofs_x = 0, .ofs_y = 0},
    {.bitmap_index = 15213, .adv_w = 112, .box_w = 7, .box_h = 10, .ofs_x = 0, .ofs_y = 0},
    {.bitmap_index = 15248, .adv_w = 112, .box_w = 7, .box_h = 10, .ofs_x = 0, .ofs_y = 0},
    {.bitmap_index = 15283, .adv_w = 112, .box_w = 7, .box_h = 12, .ofs_x = 0, .ofs_y = -2},
    {.bitmap_index = 15325, .adv_w = 112, .box_w = 7, .box_h = 10, .ofs_x = 0, .ofs_y = 0},
    {.bitmap_index = 15360, .adv_w = 112, .box_w = 7, .box_h = 10, .ofs_x = 0, .ofs_y = 0},
    {.bitmap_index = 15395, .adv_w = 112, .box_w = 7, .box_h = 10, .ofs_x = 0, .ofs_y = 0},
    {.bitmap_index = 15430, .adv_w = 112, .box_w = 7, .box_h = 10, .ofs_x = 0, .ofs_y = 0},
    {.bitmap_index = 15465, .adv_w = 112, .box_w = 7, .box_h = 13, .ofs_x = 0, .ofs_y = 0},
    {.bitmap_index = 15511, .adv_w = 112, .box_w = 7, .box_h = 10, .ofs_x = 0, .ofs_y = 0},
    {.bitmap_index = 15546, .adv_w = 112, .box_w = 7, .box_h = 10, .ofs_x = 0, .ofs_y = 0},
    {.bitmap_index = 15581, .adv_w = 112, .box_w = 7, .box_h = 10, .ofs_x = 0, .ofs_y = 0},
    {.bitmap_index = 15616, .adv_w = 112, .box_w = 7, .box_h = 10, .ofs_x = 0, .ofs_y = 0},
    {.bitmap_index = 15651, .adv_w = 112, .box_w = 7, .box_h = 10, .ofs_x = 0, .ofs_y = 0},
    {.bitmap_index = 15686, .adv_w = 112, .box_w = 7, .box_h = 10, .ofs_x = 0, .ofs_y = 0},
    {.bitmap_index = 15721, .adv_w = 112, .box_w = 7, .box_h = 10, .ofs_x = 0, .ofs_y = 0},
    {.bitmap_index = 15756, .adv_w = 112, .box_w = 7, .box_h = 10, .ofs_x = 0, .ofs_y = 0},
    {.bitmap_index = 15791, .adv_w = 112, .box_w = 7, .box_h = 10, .ofs_x = 0, .ofs_y = 0},
    {.bitmap_index = 15826, .adv_w = 112, .box_w = 7, .box_h = 10, .ofs_x = 0, .ofs_y = 0},
    {.bitmap_index = 15861, .adv_w = 112, .box_w = 7, .box_h = 10, .ofs_x = 0, .ofs_y = 0},
    {.bitmap_index = 15896, .adv_w = 112, .box_w = 7, .box_h = 10, .ofs_x = 0, .ofs_y = 0},
    {.bitmap_index = 15931, .adv_w = 112, .box_w = 7, .box_h = 12, .ofs_x = 0, .ofs_y = -2},
    {.bitmap_index = 15973, .adv_w = 112, .box_w = 7, .box_h = 10, .ofs_x = 0, .ofs_y = 0},
    {.bitmap_index = 16008, .adv_w = 112, .box_w = 7, .box_h = 10, .ofs_x = 0, .ofs_y = 0},
    {.bitmap_index = 16043, .adv_w = 112, .box_w = 7, .box_h = 12, .ofs_x = 0, .ofs_y = -2},
    {.bitmap_index = 16085, .adv_w = 112, .box_w = 7, .box_h = 10, .ofs_x = 0, .ofs_y = 0},
    {.bitmap_index = 16120, .adv_w = 112, .box_w = 7, .box_h = 10, .ofs_x = 0, .ofs_y = 0},
    {.bitmap_index = 16155, .adv_w = 112, .box_w = 7, .box_h = 10, .ofs_x = 0, .ofs_y = 0},
    {.bitmap_index = 16190, .adv_w = 112, .box_w = 7, .box_h = 10, .ofs_x = 0, .ofs_y = 0},
    {.bitmap_index = 16225, .adv_w = 112, .box_w = 7, .box_h = 10, .ofs_x = 0, .ofs_y = 0},
    {.bitmap_index = 16260, .adv_w = 112, .box_w = 7, .box_h = 10, .ofs_x = 0, .ofs_y = 0},
    {.bitmap_index = 16295, .adv_w = 112, .box_w = 7, .box_h = 7, .ofs_x = 0, .ofs_y = 0},
    {.bitmap_index = 16320, .adv_w = 112, .box_w = 7, .box_h = 11, .ofs_x = 0, .ofs_y = 0},
    {.bitmap_index = 16359, .adv_w = 112, .box_w = 7, .box_h = 7, .ofs_x = 0, .ofs_y = 0},
    {.bitmap_index = 16384, .adv_w = 112, .box_w = 7, .box_h = 7, .ofs_x = 0, .ofs_y = 0},
    {.bitmap_index = 16409, .adv_w = 112, .box_w = 7, .box_h = 9, .ofs_x = 0, .ofs_y = -2},
    {.bitmap_index = 16441, .adv_w = 112, .box_w = 7, .box_h = 7, .ofs_x = 0, .ofs_y = 0},
    {.bitmap_index = 16466, .adv_w = 112, .box_w = 7, .box_h = 7, .ofs_x = 0, .ofs_y = 0},
    {.bitmap_index = 16491, .adv_w = 112, .box_w = 7, .box_h = 7, .ofs_x = 0, .ofs_y = 0},
    {.bitmap_index = 16516, .adv_w = 112, .box_w = 7, .box_h = 7, .ofs_x = 0, .ofs_y = 0},
    {.bitmap_index = 16541, .adv_w = 112, .box_w = 7, .box_h = 11, .ofs_x = 0, .ofs_y = 0},
    {.bitmap_index = 16580, .adv_w = 112, .box_w = 7, .box_h = 7, .ofs_x = 0, .ofs_y = 0},
    {.bitmap_index = 16605, .adv_w = 112, .box_w = 7, .box_h = 7, .ofs_x = 0, .ofs_y = 0},
    {.bitmap_index = 16630, .adv_w = 112, .box_w = 7, .box_h = 7, .ofs_x = 0, .ofs_y = 0},
    {.bitmap_index = 16655, .adv_w = 112, .box_w = 7, .box_h = 7, .ofs_x = 0, .ofs_y = 0},
    {.bitmap_index = 16680, .adv_w = 112, .box_w = 7, .box_h = 7, .ofs_x = 0, .ofs_y = 0},
    {.bitmap_index = 16705, .adv_w = 112, .box_w = 7, .box_h = 7, .ofs_x = 0, .ofs_y = 0},
    {.bitmap_index = 16730, .adv_w = 112, .box_w = 7, .box_h = 10, .ofs_x = 0, .ofs_y = -3},
    {.bitmap_index = 16765, .adv_w = 112, .box_w = 7, .box_h = 7, .ofs_x = 0, .ofs_y = 0},
    {.bitmap_index = 16790, .adv_w = 112, .box_w = 7, .box_h = 7, .ofs_x = 0, .ofs_y = 0},
    {.bitmap_index = 16815, .adv_w = 112, .box_w = 7, .box_h = 10, .ofs_x = 0, .ofs_y = -3},
    {.bitmap_index = 16850, .adv_w = 112, .box_w = 7, .box_h = 13, .ofs_x = 0, .ofs_y = -3},
    {.bitmap_index = 16896, .adv_w = 112, .box_w = 7, .box_h = 7, .ofs_x = 0, .ofs_y = 0},
    {.bitmap_index = 16921, .adv_w = 112, .box_w = 7, .box_h = 9, .ofs_x = 0, .ofs_y = -2},
    {.bitmap_index = 16953, .adv_w = 112, .box_w = 7, .box_h = 7, .ofs_x = 0, .ofs_y = 0},
    {.bitmap_index = 16978, .adv_w = 112, .box_w = 7, .box_h = 7, .ofs_x = 0, .ofs_y = 0},
    {.bitmap_index = 17003, .adv_w = 112, .box_w = 7, .box_h = 9, .ofs_x = 0, .ofs_y = -2},
    {.bitmap_index = 17035, .adv_w = 112, .box_w = 7, .box_h = 7, .ofs_x = 0, .ofs_y = 0},
    {.bitmap_index = 17060, .adv_w = 112, .box_w = 7, .box_h = 7, .ofs_x = 0, .ofs_y = 0},
    {.bitmap_index = 17085, .adv_w = 112, .box_w = 7, .box_h = 7, .ofs_x = 0, .ofs_y = 0},
    {.bitmap_index = 17110, .adv_w = 112, .box_w = 7, .box_h = 7, .ofs_x = 0, .ofs_y = 0},
    {.bitmap_index = 17135, .adv_w = 112, .box_w = 7, .box_h = 7, .ofs_x = 0, .ofs_y = 0},
    {.bitmap_index = 17160, .adv_w = 112, .box_w = 7, .box_h = 7, .ofs_x = 0, .ofs_y = 0},
    {.bitmap_index = 17185, .adv_w = 112, .box_w = 7, .box_h = 11, .ofs_x = 0, .ofs_y = 0},
    {.bitmap_index = 17224, .adv_w = 112, .box_w = 7, .box_h = 10, .ofs_x = 0, .ofs_y = 0},
    {.bitmap_index = 17259, .adv_w = 112, .box_w = 7, .box_h = 13, .ofs_x = 0, .ofs_y = -3},
    {.bitmap_index = 17305, .adv_w = 112, .box_w = 7, .box_h = 10, .ofs_x = 0, .ofs_y = 0},
    {.bitmap_index = 17340, .adv_w = 112, .box_w = 7, .box_h = 7, .ofs_x = 0, .ofs_y = 0},
    {.bitmap_index = 17365, .adv_w = 112, .box_w = 7, .box_h = 7, .ofs_x = 0, .ofs_y = 0},
    {.bitmap_index = 17390, .adv_w = 112, .box_w = 5, .box_h = 10, .ofs_x = 1, .ofs_y = 0},
    {.bitmap_index = 17415, .adv_w = 112, .box_w = 7, .box_h = 10, .ofs_x = 0, .ofs_y = 0},
    {.bitmap_index = 17450, .adv_w = 112, .box_w = 5, .box_h = 13, .ofs_x = 1, .ofs_y = -3},
    {.bitmap_index = 17483, .adv_w = 112, .box_w = 7, .box_h = 7, .ofs_x = 0, .ofs_y = 0},
    {.bitmap_index = 17508, .adv_w = 112, .box_w = 7, .box_h = 7, .ofs_x = 0, .ofs_y = 0},
    {.bitmap_index = 17533, .adv_w = 112, .box_w = 7, .box_h = 10, .ofs_x = 0, .ofs_y = 0},
    {.bitmap_index = 17568, .adv_w = 112, .box_w = 7, .box_h = 10, .ofs_x = 0, .ofs_y = 0},
    {.bitmap_index = 17603, .adv_w = 112, .box_w = 7, .box_h = 10, .ofs_x = 0, .ofs_y = 0},
    {.bitmap_index = 17638, .adv_w = 112, .box_w = 7, .box_h = 13, .ofs_x = 0, .ofs_y = -3},
    {.bitmap_index = 17684, .adv_w = 112, .box_w = 7, .box_h = 9, .ofs_x = 0, .ofs_y = -2},
    {.bitmap_index = 17716, .adv_w = 112, .box_w = 7, .box_h = 12, .ofs_x = 0, .ofs_y = 0},
    {.bitmap_index = 17758, .adv_w = 112, .box_w = 7, .box_h = 9, .ofs_x = 0, .ofs_y = 0},
    {.bitmap_index = 17790, .adv_w = 112, .box_w = 7, .box_h = 10, .ofs_x = 0, .ofs_y = 0},
    {.bitmap_index = 17825, .adv_w = 112, .box_w = 7, .box_h = 7, .ofs_x = 0, .ofs_y = 0},
    {.bitmap_index = 17850, .adv_w = 112, .box_w = 7, .box_h = 12, .ofs_x = 0, .ofs_y = -2},
    {.bitmap_index = 17892, .adv_w = 112, .box_w = 7, .box_h = 9, .ofs_x = 0, .ofs_y = -2},
    {.bitmap_index = 17924, .adv_w = 112, .box_w = 7, .box_h = 13, .ofs_x = 0, .ofs_y = -3},
    {.bitmap_index = 17970, .adv_w = 112, .box_w = 7, .box_h = 10, .ofs_x = 0, .ofs_y = -3},
    {.bitmap_index = 18005, .adv_w = 112, .box_w = 7, .box_h = 12, .ofs_x = 0, .ofs_y = -2},
    {.bitmap_index = 18047, .adv_w = 112, .box_w = 7, .box_h = 9, .ofs_x = 0, .ofs_y = -2},
    {.bitmap_index = 18079, .adv_w = 112, .box_w = 7, .box_h = 10, .ofs_x = 0, .ofs_y = 0},
    {.bitmap_index = 18114, .adv_w = 112, .box_w = 7, .box_h = 7, .ofs_x = 0, .ofs_y = 0},
    {.bitmap_index = 18139, .adv_w = 112, .box_w = 7, .box_h = 12, .ofs_x = 0, .ofs_y = -2},
    {.bitmap_index = 18181, .adv_w = 112, .box_w = 7, .box_h = 9, .ofs_x = 0, .ofs_y = -2},
    {.bitmap_index = 18213, .adv_w = 112, .box_w = 7, .box_h = 13, .ofs_x = 0, .ofs_y = -3},
    {.bitmap_index = 18259, .adv_w = 112, .box_w = 7, .box_h = 10, .ofs_x = 0, .ofs_y = -3},
    {.bitmap_index = 18294, .adv_w = 112, .box_w = 7, .box_h = 10, .ofs_x = 0, .ofs_y = 0},
    {.bitmap_index = 18329, .adv_w = 112, .box_w = 7, .box_h = 10, .ofs_x = 0, .ofs_y = -3},
    {.bitmap_index = 18364, .adv_w = 112, .box_w = 7, .box_h = 10, .ofs_x = 0, .ofs_y = 0},
    {.bitmap_index = 18399, .adv_w = 112, .box_w = 7, .box_h = 10, .ofs_x = 0, .ofs_y = -3},
    {.bitmap_index = 18434, .adv_w = 112, .box_w = 7, .box_h = 12, .ofs_x = 0, .ofs_y = -2},
    {.bitmap_index = 18476, .adv_w = 112, .box_w = 7, .box_h = 9, .ofs_x = 0, .ofs_y = -2},
    {.bitmap_index = 18508, .adv_w = 112, .box_w = 7, .box_h = 12, .ofs_x = 0, .ofs_y = -2},
    {.bitmap_index = 18550, .adv_w = 112, .box_w = 7, .box_h = 9, .ofs_x = 0, .ofs_y = -2},
    {.bitmap_index = 18582, .adv_w = 112, .box_w = 7, .box_h = 10, .ofs_x = 0, .ofs_y = 0},
    {.bitmap_index = 18617, .adv_w = 112, .box_w = 7, .box_h = 10, .ofs_x = 0, .ofs_y = 0},
    {.bitmap_index = 18652, .adv_w = 112, .box_w = 5, .box_h = 10, .ofs_x = 1, .ofs_y = 0},
    {.bitmap_index = 18677, .adv_w = 112, .box_w = 7, .box_h = 13, .ofs_x = 0, .ofs_y = -3},
    {.bitmap_index = 18723, .adv_w = 112, .box_w = 7, .box_h = 10, .ofs_x = 0, .ofs_y = -3},
    {.bitmap_index = 18758, .adv_w = 112, .box_w = 7, .box_h = 13, .ofs_x = 0, .ofs_y = -3},
    {.bitmap_index = 18804, .adv_w = 112, .box_w = 7, .box_h = 10, .ofs_x = 0, .ofs_y = -3},
    {.bitmap_index = 18839, .adv_w = 112, .box_w = 5, .box_h = 10, .ofs_x = 1, .ofs_y = 0},
    {.bitmap_index = 18864, .adv_w = 112, .box_w = 7, .box_h = 10, .ofs_x = 0, .ofs_y = 0},
    {.bitmap_index = 18899, .adv_w = 112, .box_w = 7, .box_h = 7, .ofs_x = 0, .ofs_y = 0},
    {.bitmap_index = 18924, .adv_w = 112, .box_w = 7, .box_h = 14, .ofs_x = 0, .ofs_y = 0},
    {.bitmap_index = 18973, .adv_w = 112, .box_w = 7, .box_h = 10, .ofs_x = 0, .ofs_y = 0},
    {.bitmap_index = 19008, .adv_w = 112, .box_w = 7, .box_h = 10, .ofs_x = 0, .ofs_y = 0},
    {.bitmap_index = 19043, .adv_w = 112, .box_w = 7, .box_h = 7, .ofs_x = 0, .ofs_y = 0},
    {.bitmap_index = 19068, .adv_w = 112, .box_w = 7, .box_h = 14, .ofs_x = 0, .ofs_y = 0},
    {.bitmap_index = 19117, .adv_w = 112, .box_w = 7, .box_h = 13, .ofs_x = 0, .ofs_y = -3},
    {.bitmap_index = 19163, .adv_w = 112, .box_w = 7, .box_h = 13, .ofs_x = 0, .ofs_y = -3},
    {.bitmap_index = 19209, .adv_w = 112, .box_w = 7, .box_h = 10, .ofs_x = 0, .ofs_y = -3},
    {.bitmap_index = 19244, .adv_w = 112, .box_w = 7, .box_h = 11, .ofs_x = 0, .ofs_y = 0},
    {.bitmap_index = 19283, .adv_w = 112, .box_w = 7, .box_h = 14, .ofs_x = 0, .ofs_y = -4},
    {.bitmap_index = 19332, .adv_w = 112, .box_w = 7, .box_h = 14, .ofs_x = 0, .ofs_y = -4},
    {.bitmap_index = 19381, .adv_w = 112, .box_w = 7, .box_h = 14, .ofs_x = 0, .ofs_y = -4},
    {.bitmap_index = 19430, .adv_w = 112, .box_w = 7, .box_h = 13, .ofs_x = 0, .ofs_y = -3},
    {.bitmap_index = 19476, .adv_w = 112, .box_w = 7, .box_h = 14, .ofs_x = 0, .ofs_y = -4},
    {.bitmap_index = 19525, .adv_w = 112, .box_w = 7, .box_h = 14, .ofs_x = 0, .ofs_y = -4},
    {.bitmap_index = 19574, .adv_w = 112, .box_w = 7, .box_h = 14, .ofs_x = 0, .ofs_y = -4},
    {.bitmap_index = 19623, .adv_w = 112, .box_w = 6, .box_h = 14, .ofs_x = 1, .ofs_y = -4},
    {.bitmap_index = 19665, .adv_w = 112, .box_w = 7, .box_h = 14, .ofs_x = 0, .ofs_y = 0},
    {.bitmap_index = 19714, .adv_w = 112, .box_w = 7, .box_h = 10, .ofs_x = 0, .ofs_y = 0},
    {.bitmap_index = 19749, .adv_w = 112, .box_w = 7, .box_h = 14, .ofs_x = 0, .ofs_y = -4},
    {.bitmap_index = 19798, .adv_w = 112, .box_w = 7, .box_h = 11, .ofs_x = 0, .ofs_y = -4},
    {.bitmap_index = 19837, .adv_w = 112, .box_w = 7, .box_h = 14, .ofs_x = 0, .ofs_y = -4},
    {.bitmap_index = 19886, .adv_w = 112, .box_w = 7, .box_h = 11, .ofs_x = 0, .ofs_y = -4},
    {.bitmap_index = 19925, .adv_w = 112, .box_w = 7, .box_h = 14, .ofs_x = 0, .ofs_y = -4},
    {.bitmap_index = 19974, .adv_w = 112, .box_w = 7, .box_h = 11, .ofs_x = 0, .ofs_y = -4},
    {.bitmap_index = 20013, .adv_w = 112, .box_w = 7, .box_h = 14, .ofs_x = 0, .ofs_y = -4},
    {.bitmap_index = 20062, .adv_w = 112, .box_w = 7, .box_h = 13, .ofs_x = 0, .ofs_y = -4},
    {.bitmap_index = 20108, .adv_w = 112, .box_w = 7, .box_h = 13, .ofs_x = 0, .ofs_y = 0},
    {.bitmap_index = 20154, .adv_w = 112, .box_w = 7, .box_h = 10, .ofs_x = 0, .ofs_y = 0},
    {.bitmap_index = 20189, .adv_w = 112, .box_w = 7, .box_h = 13, .ofs_x = 0, .ofs_y = 0},
    {.bitmap_index = 20235, .adv_w = 112, .box_w = 7, .box_h = 10, .ofs_x = 0, .ofs_y = 0},
    {.bitmap_index = 20270, .adv_w = 112, .box_w = 7, .box_h = 14, .ofs_x = 0, .ofs_y = 0},
    {.bitmap_index = 20319, .adv_w = 112, .box_w = 7, .box_h = 10, .ofs_x = 0, .ofs_y = 0},
    {.bitmap_index = 20354, .adv_w = 112, .box_w = 7, .box_h = 14, .ofs_x = 0, .ofs_y = -4},
    {.bitmap_index = 20403, .adv_w = 112, .box_w = 7, .box_h = 11, .ofs_x = 0, .ofs_y = -4},
    {.bitmap_index = 20442, .adv_w = 112, .box_w = 7, .box_h = 10, .ofs_x = 0, .ofs_y = 0},
    {.bitmap_index = 20477, .adv_w = 112, .box_w = 7, .box_h = 14, .ofs_x = 0, .ofs_y = -4},
    {.bitmap_index = 20526, .adv_w = 112, .box_w = 7, .box_h = 11, .ofs_x = 0, .ofs_y = -4},
    {.bitmap_index = 20565, .adv_w = 112, .box_w = 7, .box_h = 13, .ofs_x = 0, .ofs_y = 0},
    {.bitmap_index = 20611, .adv_w = 112, .box_w = 7, .box_h = 10, .ofs_x = 0, .ofs_y = 0},
    {.bitmap_index = 20646, .adv_w = 112, .box_w = 8, .box_h = 13, .ofs_x = 0, .ofs_y = 0},
    {.bitmap_index = 20698, .adv_w = 112, .box_w = 7, .box_h = 14, .ofs_x = 0, .ofs_y = 0},
    {.bitmap_index = 20747, .adv_w = 112, .box_w = 8, .box_h = 13, .ofs_x = -1, .ofs_y = 0},
    {.bitmap_index = 20799, .adv_w = 112, .box_w = 7, .box_h = 14, .ofs_x = 0, .ofs_y = 0},
    {.bitmap_index = 20848, .adv_w = 112, .box_w = 8, .box_h = 13, .ofs_x = 0, .ofs_y = 0},
    {.bitmap_index = 20900, .adv_w = 112, .box_w = 7, .box_h = 13, .ofs_x = 0, .ofs_y = 0},
    {.bitmap_index = 20946, .adv_w = 112, .box_w = 7, .box_h = 13, .ofs_x = 0, .ofs_y = 0},
    {.bitmap_index = 20992, .adv_w = 112, .box_w = 7, .box_h = 14, .ofs_x = 0, .ofs_y = 0},
    {.bitmap_index = 21041, .adv_w = 112, .box_w = 7, .box_h = 17, .ofs_x = 0, .ofs_y = -4},
    {.bitmap_index = 21101, .adv_w = 112, .box_w = 7, .box_h = 15, .ofs_x = 0, .ofs_y = -4},
    {.bitmap_index = 21154, .adv_w = 112, .box_w = 7, .box_h = 13, .ofs_x = 0, .ofs_y = 0},
    {.bitmap_index = 21200, .adv_w = 112, .box_w = 7, .box_h = 14, .ofs_x = 0, .ofs_y = 0},
    {.bitmap_index = 21249, .adv_w = 112, .box_w = 7, .box_h = 13, .ofs_x = 0, .ofs_y = 0},
    {.bitmap_index = 21295, .adv_w = 112, .box_w = 7, .box_h = 14, .ofs_x = 0, .ofs_y = 0},
    {.bitmap_index = 21344, .adv_w = 112, .box_w = 7, .box_h = 13, .ofs_x = 0, .ofs_y = 0},
    {.bitmap_index = 21390, .adv_w = 112, .box_w = 7, .box_h = 13, .ofs_x = 0, .ofs_y = 0},
    {.bitmap_index = 21436, .adv_w = 112, .box_w = 7, .box_h = 13, .ofs_x = 0, .ofs_y = 0},
    {.bitmap_index = 21482, .adv_w = 112, .box_w = 7, .box_h = 14, .ofs_x = 0, .ofs_y = 0},
    {.bitmap_index = 21531, .adv_w = 112, .box_w = 7, .box_h = 17, .ofs_x = 0, .ofs_y = -4},
    {.bitmap_index = 21591, .adv_w = 112, .box_w = 7, .box_h = 15, .ofs_x = 0, .ofs_y = -4},
    {.bitmap_index = 21644, .adv_w = 112, .box_w = 7, .box_h = 14, .ofs_x = 0, .ofs_y = -4},
    {.bitmap_index = 21693, .adv_w = 112, .box_w = 7, .box_h = 11, .ofs_x = 0, .ofs_y = -4},
    {.bitmap_index = 21732, .adv_w = 112, .box_w = 7, .box_h = 13, .ofs_x = 0, .ofs_y = 0},
    {.bitmap_index = 21778, .adv_w = 112, .box_w = 7, .box_h = 10, .ofs_x = 0, .ofs_y = 0},
    {.bitmap_index = 21813, .adv_w = 112, .box_w = 8, .box_h = 13, .ofs_x = 0, .ofs_y = 0},
    {.bitmap_index = 21865, .adv_w = 112, .box_w = 7, .box_h = 14, .ofs_x = 0, .ofs_y = 0},
    {.bitmap_index = 21914, .adv_w = 112, .box_w = 8, .box_h = 13, .ofs_x = -1, .ofs_y = 0},
    {.bitmap_index = 21966, .adv_w = 112, .box_w = 7, .box_h = 14, .ofs_x = 0, .ofs_y = 0},
    {.bitmap_index = 22015, .adv_w = 112, .box_w = 8, .box_h = 13, .ofs_x = 0, .ofs_y = 0},
    {.bitmap_index = 22067, .adv_w = 112, .box_w = 7, .box_h = 13, .ofs_x = 0, .ofs_y = 0},
    {.bitmap_index = 22113, .adv_w = 112, .box_w = 7, .box_h = 13, .ofs_x = 0, .ofs_y = 0},
    {.bitmap_index = 22159, .adv_w = 112, .box_w = 7, .box_h = 14, .ofs_x = 0, .ofs_y = 0},
    {.bitmap_index = 22208, .adv_w = 112, .box_w = 7, .box_h = 17, .ofs_x = 0, .ofs_y = -4},
    {.bitmap_index = 22268, .adv_w = 112, .box_w = 7, .box_h = 15, .ofs_x = 0, .ofs_y = -4},
    {.bitmap_index = 22321, .adv_w = 112, .box_w = 5, .box_h = 13, .ofs_x = 1, .ofs_y = 0},
    {.bitmap_index = 22354, .adv_w = 112, .box_w = 5, .box_h = 10, .ofs_x = 1, .ofs_y = 0},
    {.bitmap_index = 22379, .adv_w = 112, .box_w = 5, .box_h = 14, .ofs_x = 1, .ofs_y = -4},
    {.bitmap_index = 22414, .adv_w = 112, .box_w = 5, .box_h = 14, .ofs_x = 1, .ofs_y = -4},
    {.bitmap_index = 22449, .adv_w = 112, .box_w = 7, .box_h = 14, .ofs_x = 0, .ofs_y = -4},
    {.bitmap_index = 22498, .adv_w = 112, .box_w = 7, .box_h = 11, .ofs_x = 0, .ofs_y = -4},
    {.bitmap_index = 22537, .adv_w = 112, .box_w = 7, .box_h = 13, .ofs_x = 0, .ofs_y = 0},
    {.bitmap_index = 22583, .adv_w = 112, .box_w = 7, .box_h = 10, .ofs_x = 0, .ofs_y = 0},
    {.bitmap_index = 22618, .adv_w = 112, .box_w = 8, .box_h = 13, .ofs_x = 0, .ofs_y = 0},
    {.bitmap_index = 22670, .adv_w = 112, .box_w = 7, .box_h = 14, .ofs_x = 0, .ofs_y = 0},
    {.bitmap_index = 22719, .adv_w = 112, .box_w = 8, .box_h = 13, .ofs_x = -1, .ofs_y = 0},
    {.bitmap_index = 22771, .adv_w = 112, .box_w = 7, .box_h = 14, .ofs_x = 0, .ofs_y = 0},
    {.bitmap_index = 22820, .adv_w = 112, .box_w = 8, .box_h = 13, .ofs_x = 0, .ofs_y = 0},
    {.bitmap_index = 22872, .adv_w = 112, .box_w = 7, .box_h = 13, .ofs_x = 0, .ofs_y = 0},
    {.bitmap_index = 22918, .adv_w = 112, .box_w = 7, .box_h = 13, .ofs_x = 0, .ofs_y = 0},
    {.bitmap_index = 22964, .adv_w = 112, .box_w = 7, .box_h = 14, .ofs_x = 0, .ofs_y = 0},
    {.bitmap_index = 23013, .adv_w = 112, .box_w = 7, .box_h = 18, .ofs_x = 0, .ofs_y = -4},
    {.bitmap_index = 23076, .adv_w = 112, .box_w = 7, .box_h = 15, .ofs_x = 0, .ofs_y = -4},
    {.bitmap_index = 23129, .adv_w = 112, .box_w = 8, .box_h = 14, .ofs_x = 0, .ofs_y = 0},
    {.bitmap_index = 23185, .adv_w = 112, .box_w = 8, .box_h = 11, .ofs_x = 0, .ofs_y = 0},
    {.bitmap_index = 23229, .adv_w = 112, .box_w = 8, .box_h = 14, .ofs_x = 0, .ofs_y = 0},
    {.bitmap_index = 23285, .adv_w = 112, .box_w = 8, .box_h = 11, .ofs_x = 0, .ofs_y = 0},
    {.bitmap_index = 23329, .adv_w = 112, .box_w = 8, .box_h = 13, .ofs_x = 0, .ofs_y = 0},
    {.bitmap_index = 23381, .adv_w = 112, .box_w = 8, .box_h = 10, .ofs_x = 0, .ofs_y = 0},
    {.bitmap_index = 23421, .adv_w = 112, .box_w = 8, .box_h = 14, .ofs_x = 0, .ofs_y = 0},
    {.bitmap_index = 23477, .adv_w = 112, .box_w = 8, .box_h = 10, .ofs_x = 0, .ofs_y = 0},
    {.bitmap_index = 23517, .adv_w = 112, .box_w = 8, .box_h = 16, .ofs_x = 0, .ofs_y = -4},
    {.bitmap_index = 23581, .adv_w = 112, .box_w = 8, .box_h = 14, .ofs_x = 0, .ofs_y = -4},
    {.bitmap_index = 23637, .adv_w = 112, .box_w = 7, .box_h = 14, .ofs_x = 0, .ofs_y = -4},
    {.bitmap_index = 23686, .adv_w = 112, .box_w = 7, .box_h = 11, .ofs_x = 0, .ofs_y = -4},
    {.bitmap_index = 23725, .adv_w = 112, .box_w = 7, .box_h = 13, .ofs_x = 0, .ofs_y = 0},
    {.bitmap_index = 23771, .adv_w = 112, .box_w = 7, .box_h = 10, .ofs_x = 0, .ofs_y = 0},
    {.bitmap_index = 23806, .adv_w = 112, .box_w = 8, .box_h = 14, .ofs_x = 0, .ofs_y = 0},
    {.bitmap_index = 23862, .adv_w = 112, .box_w = 8, .box_h = 11, .ofs_x = 0, .ofs_y = 0},
    {.bitmap_index = 23906, .adv_w = 112, .box_w = 8, .box_h = 14, .ofs_x = 0, .ofs_y = 0},
    {.bitmap_index = 23962, .adv_w = 112, .box_w = 8, .box_h = 11, .ofs_x = 0, .ofs_y = 0},
    {.bitmap_index = 24006, .adv_w = 112, .box_w = 8, .box_h = 13, .ofs_x = 0, .ofs_y = 0},
    {.bitmap_index = 24058, .adv_w = 112, .box_w = 8, .box_h = 10, .ofs_x = 0, .ofs_y = 0},
    {.bitmap_index = 24098, .adv_w = 112, .box_w = 8, .box_h = 14, .ofs_x = 0, .ofs_y = 0},
    {.bitmap_index = 24154, .adv_w = 112, .box_w = 8, .box_h = 10, .ofs_x = 0, .ofs_y = 0},
    {.bitmap_index = 24194, .adv_w = 112, .box_w = 8, .box_h = 16, .ofs_x = 0, .ofs_y = -4},
    {.bitmap_index = 24258, .adv_w = 112, .box_w = 8, .box_h = 14, .ofs_x = 0, .ofs_y = -4},
    {.bitmap_index = 24314, .adv_w = 112, .box_w = 7, .box_h = 13, .ofs_x = 0, .ofs_y = 0},
    {.bitmap_index = 24360, .adv_w = 112, .box_w = 7, .box_h = 13, .ofs_x = 0, .ofs_y = -3},
    {.bitmap_index = 24406, .adv_w = 112, .box_w = 7, .box_h = 13, .ofs_x = 0, .ofs_y = 0},
    {.bitmap_index = 24452, .adv_w = 112, .box_w = 7, .box_h = 13, .ofs_x = 0, .ofs_y = -3},
    {.bitmap_index = 24498, .adv_w = 112, .box_w = 5, .box_h = 3, .ofs_x = 1, .ofs_y = 4},
    {.bitmap_index = 24506, .adv_w = 112, .box_w = 7, .box_h = 3, .ofs_x = 0, .ofs_y = 4},
    {.bitmap_index = 24517, .adv_w = 112, .box_w = 5, .box_h = 14, .ofs_x = 1, .ofs_y = -2},
    {.bitmap_index = 24552, .adv_w = 112, .box_w = 7, .box_h = 4, .ofs_x = 0, .ofs_y = -4},
    {.bitmap_index = 24566, .adv_w = 112, .box_w = 3, .box_h = 5, .ofs_x = 2, .ofs_y = 6},
    {.bitmap_index = 24574, .adv_w = 112, .box_w = 3, .box_h = 5, .ofs_x = 2, .ofs_y = 6},
    {.bitmap_index = 24582, .adv_w = 112, .box_w = 3, .box_h = 5, .ofs_x = 2, .ofs_y = -2},
    {.bitmap_index = 24590, .adv_w = 112, .box_w = 3, .box_h = 5, .ofs_x = 2, .ofs_y = 6},
    {.bitmap_index = 24598, .adv_w = 112, .box_w = 5, .box_h = 5, .ofs_x = 1, .ofs_y = 6},
    {.bitmap_index = 24611, .adv_w = 112, .box_w = 5, .box_h = 5, .ofs_x = 1, .ofs_y = 6},
    {.bitmap_index = 24624, .adv_w = 112, .box_w = 6, .box_h = 5, .ofs_x = 0, .ofs_y = -2},
    {.bitmap_index = 24639, .adv_w = 112, .box_w = 5, .box_h = 5, .ofs_x = 1, .ofs_y = 6},
    {.bitmap_index = 24652, .adv_w = 112, .box_w = 7, .box_h = 10, .ofs_x = 0, .ofs_y = 0},
    {.bitmap_index = 24687, .adv_w = 112, .box_w = 7, .box_h = 10, .ofs_x = 0, .ofs_y = 0},
    {.bitmap_index = 24722, .adv_w = 112, .box_w = 7, .box_h = 6, .ofs_x = 0, .ofs_y = 3},
    {.bitmap_index = 24743, .adv_w = 112, .box_w = 7, .box_h = 3, .ofs_x = 0, .ofs_y = 0},
    {.bitmap_index = 24754, .adv_w = 112, .box_w = 8, .box_h = 10, .ofs_x = 0, .ofs_y = 0},
    {.bitmap_index = 24794, .adv_w = 112, .box_w = 3, .box_h = 5, .ofs_x = 2, .ofs_y = 5},
    {.bitmap_index = 24802, .adv_w = 112, .box_w = 7, .box_h = 5, .ofs_x = 0, .ofs_y = 5},
    {.bitmap_index = 24820, .adv_w = 112, .box_w = 5, .box_h = 8, .ofs_x = 1, .ofs_y = -1},
    {.bitmap_index = 24840, .adv_w = 112, .box_w = 5, .box_h = 8, .ofs_x = 1, .ofs_y = -1},
    {.bitmap_index = 24860, .adv_w = 112, .box_w = 7, .box_h = 10, .ofs_x = 0, .ofs_y = 0},
    {.bitmap_index = 24895, .adv_w = 112, .box_w = 7, .box_h = 2, .ofs_x = 0, .ofs_y = 12},
    {.bitmap_index = 24902, .adv_w = 112, .box_w = 7, .box_h = 4, .ofs_x = 0, .ofs_y = 3},
    {.bitmap_index = 24916, .adv_w = 112, .box_w = 7, .box_h = 10, .ofs_x = 0, .ofs_y = 0},
    {.bitmap_index = 24951, .adv_w = 112, .box_w = 3, .box_h = 15, .ofs_x = 2, .ofs_y = -2},
    {.bitmap_index = 24974, .adv_w = 112, .box_w = 5, .box_h = 5, .ofs_x = 1, .ofs_y = 5},
    {.bitmap_index = 24987, .adv_w = 112, .box_w = 4, .box_h = 7, .ofs_x = 2, .ofs_y = 5},
    {.bitmap_index = 25001, .adv_w = 112, .box_w = 5, .box_h = 5, .ofs_x = 1, .ofs_y = 5},
    {.bitmap_index = 25014, .adv_w = 112, .box_w = 5, .box_h = 5, .ofs_x = 1, .ofs_y = 5},
    {.bitmap_index = 25027, .adv_w = 112, .box_w = 5, .box_h = 5, .ofs_x = 1, .ofs_y = 5},
    {.bitmap_index = 25040, .adv_w = 112, .box_w = 5, .box_h = 5, .ofs_x = 1, .ofs_y = 5},
    {.bitmap_index = 25053, .adv_w = 112, .box_w = 5, .box_h = 5, .ofs_x = 1, .ofs_y = 5},
    {.bitmap_index = 25066, .adv_w = 112, .box_w = 5, .box_h = 5, .ofs_x = 1, .ofs_y = 5},
    {.bitmap_index = 25079, .adv_w = 112, .box_w = 5, .box_h = 5, .ofs_x = 1, .ofs_y = 5},
    {.bitmap_index = 25092, .adv_w = 112, .box_w = 5, .box_h = 2, .ofs_x = 1, .ofs_y = 7},
    {.bitmap_index = 25097, .adv_w = 112, .box_w = 5, .box_h = 4, .ofs_x = 1, .ofs_y = 6},
    {.bitmap_index = 25107, .adv_w = 112, .box_w = 4, .box_h = 10, .ofs_x = 2, .ofs_y = 3},
    {.bitmap_index = 25127, .adv_w = 112, .box_w = 4, .box_h = 10, .ofs_x = 1, .ofs_y = 3},
    {.bitmap_index = 25147, .adv_w = 112, .box_w = 5, .box_h = 5, .ofs_x = 1, .ofs_y = 5},
    {.bitmap_index = 25160, .adv_w = 112, .box_w = 5, .box_h = 6, .ofs_x = 1, .ofs_y = 0},
    {.bitmap_index = 25175, .adv_w = 112, .box_w = 3, .box_h = 7, .ofs_x = 2, .ofs_y = 0},
    {.bitmap_index = 25186, .adv_w = 112, .box_w = 5, .box_h = 6, .ofs_x = 1, .ofs_y = 0},
    {.bitmap_index = 25201, .adv_w = 112, .box_w = 5, .box_h = 6, .ofs_x = 1, .ofs_y = 0},
    {.bitmap_index = 25216, .adv_w = 112, .box_w = 5, .box_h = 6, .ofs_x = 1, .ofs_y = 0},
    {.bitmap_index = 25231, .adv_w = 112, .box_w = 5, .box_h = 6, .ofs_x = 1, .ofs_y = 0},
    {.bitmap_index = 25246, .adv_w = 112, .box_w = 5, .box_h = 6, .ofs_x = 1, .ofs_y = 0},
    {.bitmap_index = 25261, .adv_w = 112, .box_w = 5, .box_h = 6, .ofs_x = 1, .ofs_y = 0},
    {.bitmap_index = 25276, .adv_w = 112, .box_w = 5, .box_h = 6, .ofs_x = 1, .ofs_y = 0},
    {.bitmap_index = 25291, .adv_w = 112, .box_w = 5, .box_h = 6, .ofs_x = 1, .ofs_y = 0},
    {.bitmap_index = 25306, .adv_w = 112, .box_w = 5, .box_h = 6, .ofs_x = 1, .ofs_y = 0},
    {.bitmap_index = 25321, .adv_w = 112, .box_w = 5, .box_h = 6, .ofs_x = 1, .ofs_y = 0},
    {.bitmap_index = 25336, .adv_w = 112, .box_w = 5, .box_h = 6, .ofs_x = 1, .ofs_y = 0},
    {.bitmap_index = 25351, .adv_w = 112, .box_w = 5, .box_h = 6, .ofs_x = 1, .ofs_y = 0},
    {.bitmap_index = 25366, .adv_w = 112, .box_w = 5, .box_h = 6, .ofs_x = 1, .ofs_y = 0},
    {.bitmap_index = 25381, .adv_w = 112, .box_w = 7, .box_h = 10, .ofs_x = 0, .ofs_y = 0},
    {.bitmap_index = 25416, .adv_w = 112, .box_w = 7, .box_h = 8, .ofs_x = 0, .ofs_y = 0},
    {.bitmap_index = 25444, .adv_w = 112, .box_w = 7, .box_h = 10, .ofs_x = 0, .ofs_y = 0},
    {.bitmap_index = 25479, .adv_w = 112, .box_w = 7, .box_h = 10, .ofs_x = 0, .ofs_y = 0},
    {.bitmap_index = 25514, .adv_w = 112, .box_w = 7, .box_h = 10, .ofs_x = 0, .ofs_y = 0},
    {.bitmap_index = 25549, .adv_w = 112, .box_w = 7, .box_h = 10, .ofs_x = 0, .ofs_y = 0},
    {.bitmap_index = 25584, .adv_w = 112, .box_w = 7, .box_h = 10, .ofs_x = 0, .ofs_y = 0},
    {.bitmap_index = 25619, .adv_w = 112, .box_w = 7, .box_h = 10, .ofs_x = 0, .ofs_y = 0},
    {.bitmap_index = 25654, .adv_w = 112, .box_w = 7, .box_h = 10, .ofs_x = 0, .ofs_y = 0},
    {.bitmap_index = 25689, .adv_w = 112, .box_w = 7, .box_h = 11, .ofs_x = 0, .ofs_y = 0},
    {.bitmap_index = 25728, .adv_w = 112, .box_w = 7, .box_h = 10, .ofs_x = 0, .ofs_y = 0},
    {.bitmap_index = 25763, .adv_w = 112, .box_w = 7, .box_h = 10, .ofs_x = 0, .ofs_y = 0},
    {.bitmap_index = 25798, .adv_w = 112, .box_w = 7, .box_h = 10, .ofs_x = 0, .ofs_y = 0},
    {.bitmap_index = 25833, .adv_w = 112, .box_w = 7, .box_h = 11, .ofs_x = 0, .ofs_y = 0},
    {.bitmap_index = 25872, .adv_w = 112, .box_w = 7, .box_h = 13, .ofs_x = 0, .ofs_y = -1},
    {.bitmap_index = 25918, .adv_w = 112, .box_w = 7, .box_h = 11, .ofs_x = 0, .ofs_y = 0},
    {.bitmap_index = 25957, .adv_w = 112, .box_w = 7, .box_h = 11, .ofs_x = 0, .ofs_y = 0},
    {.bitmap_index = 25996, .adv_w = 112, .box_w = 7, .box_h = 11, .ofs_x = 0, .ofs_y = 0},
    {.bitmap_index = 26035, .adv_w = 112, .box_w = 7, .box_h = 6, .ofs_x = 0, .ofs_y = 5},
    {.bitmap_index = 26056, .adv_w = 112, .box_w = 7, .box_h = 8, .ofs_x = 0, .ofs_y = 0},
    {.bitmap_index = 26084, .adv_w = 112, .box_w = 7, .box_h = 11, .ofs_x = 0, .ofs_y = 0},
    {.bitmap_index = 26123, .adv_w = 112, .box_w = 8, .box_h = 13, .ofs_x = -1, .ofs_y = -1},
    {.bitmap_index = 26175, .adv_w = 112, .box_w = 7, .box_h = 7, .ofs_x = 0, .ofs_y = 0},
    {.bitmap_index = 26200, .adv_w = 112, .box_w = 9, .box_h = 11, .ofs_x = -1, .ofs_y = 0},
    {.bitmap_index = 26250, .adv_w = 112, .box_w = 9, .box_h = 10, .ofs_x = -1, .ofs_y = 0},
    {.bitmap_index = 26295, .adv_w = 112, .box_w = 9, .box_h = 11, .ofs_x = -1, .ofs_y = 0},
    {.bitmap_index = 26345, .adv_w = 112, .box_w = 9, .box_h = 10, .ofs_x = -1, .ofs_y = 0},
    {.bitmap_index = 26390, .adv_w = 112, .box_w = 9, .box_h = 10, .ofs_x = -1, .ofs_y = 0},
    {.bitmap_index = 26435, .adv_w = 112, .box_w = 9, .box_h = 10, .ofs_x = -1, .ofs_y = 0},
    {.bitmap_index = 26480, .adv_w = 112, .box_w = 7, .box_h = 6, .ofs_x = 0, .ofs_y = 3},
    {.bitmap_index = 26501, .adv_w = 112, .box_w = 5, .box_h = 9, .ofs_x = 1, .ofs_y = 1},
    {.bitmap_index = 26524, .adv_w = 112, .box_w = 7, .box_h = 6, .ofs_x = 0, .ofs_y = 3},
    {.bitmap_index = 26545, .adv_w = 112, .box_w = 5, .box_h = 9, .ofs_x = 1, .ofs_y = 1},
    {.bitmap_index = 26568, .adv_w = 112, .box_w = 5, .box_h = 9, .ofs_x = 1, .ofs_y = 1},
    {.bitmap_index = 26591, .adv_w = 112, .box_w = 7, .box_h = 6, .ofs_x = 0, .ofs_y = 3},
    {.bitmap_index = 26612, .adv_w = 112, .box_w = 7, .box_h = 8, .ofs_x = 0, .ofs_y = 1},
    {.bitmap_index = 26640, .adv_w = 112, .box_w = 7, .box_h = 8, .ofs_x = 0, .ofs_y = 1},
    {.bitmap_index = 26668, .adv_w = 112, .box_w = 7, .box_h = 8, .ofs_x = 0, .ofs_y = 2},
    {.bitmap_index = 26696, .adv_w = 112, .box_w = 7, .box_h = 8, .ofs_x = 0, .ofs_y = 2},
    {.bitmap_index = 26724, .adv_w = 112, .box_w = 7, .box_h = 11, .ofs_x = 0, .ofs_y = 0},
    {.bitmap_index = 26763, .adv_w = 112, .box_w = 7, .box_h = 9, .ofs_x = 0, .ofs_y = 1},
    {.bitmap_index = 26795, .adv_w = 112, .box_w = 7, .box_h = 7, .ofs_x = 0, .ofs_y = 2},
    {.bitmap_index = 26820, .adv_w = 112, .box_w = 7, .box_h = 11, .ofs_x = 0, .ofs_y = 0},
    {.bitmap_index = 26859, .adv_w = 112, .box_w = 7, .box_h = 12, .ofs_x = 0, .ofs_y = -1},
    {.bitmap_index = 26901, .adv_w = 112, .box_w = 9, .box_h = 15, .ofs_x = -1, .ofs_y = -2},
    {.bitmap_index = 26969, .adv_w = 112, .box_w = 7, .box_h = 9, .ofs_x = 0, .ofs_y = 1},
    {.bitmap_index = 27001, .adv_w = 112, .box_w = 7, .box_h = 9, .ofs_x = 0, .ofs_y = 0},
    {.bitmap_index = 27033, .adv_w = 112, .box_w = 7, .box_h = 15, .ofs_x = 0, .ofs_y = -3},
    {.bitmap_index = 27086, .adv_w = 112, .box_w = 7, .box_h = 14, .ofs_x = 0, .ofs_y = -3},
    {.bitmap_index = 27135, .adv_w = 112, .box_w = 7, .box_h = 2, .ofs_x = 0, .ofs_y = 4},
    {.bitmap_index = 27142, .adv_w = 112, .box_w = 7, .box_h = 11, .ofs_x = 0, .ofs_y = 0},
    {.bitmap_index = 27181, .adv_w = 112, .box_w = 3, .box_h = 4, .ofs_x = 2, .ofs_y = 3},
    {.bitmap_index = 27187, .adv_w = 112, .box_w = 8, .box_h = 11, .ofs_x = 0, .ofs_y = -1},
    {.bitmap_index = 27231, .adv_w = 112, .box_w = 7, .box_h = 6, .ofs_x = 0, .ofs_y = 2},
    {.bitmap_index = 27252, .adv_w = 112, .box_w = 7, .box_h = 7, .ofs_x = 0, .ofs_y = 0},
    {.bitmap_index = 27277, .adv_w = 112, .box_w = 5, .box_h = 11, .ofs_x = 1, .ofs_y = 0},
    {.bitmap_index = 27305, .adv_w = 112, .box_w = 7, .box_h = 6, .ofs_x = 0, .ofs_y = 2},
    {.bitmap_index = 27326, .adv_w = 112, .box_w = 7, .box_h = 6, .ofs_x = 0, .ofs_y = 2},
    {.bitmap_index = 27347, .adv_w = 112, .box_w = 7, .box_h = 12, .ofs_x = 0, .ofs_y = 0},
    {.bitmap_index = 27389, .adv_w = 112, .box_w = 7, .box_h = 12, .ofs_x = 0, .ofs_y = -1},
    {.bitmap_index = 27431, .adv_w = 112, .box_w = 5, .box_h = 15, .ofs_x = 1, .ofs_y = -3},
    {.bitmap_index = 27469, .adv_w = 112, .box_w = 7, .box_h = 8, .ofs_x = 0, .ofs_y = 1},
    {.bitmap_index = 27497, .adv_w = 112, .box_w = 7, .box_h = 8, .ofs_x = 0, .ofs_y = 1},
    {.bitmap_index = 27525, .adv_w = 112, .box_w = 7, .box_h = 6, .ofs_x = 0, .ofs_y = 2},
    {.bitmap_index = 27546, .adv_w = 112, .box_w = 8, .box_h = 11, .ofs_x = -1, .ofs_y = 0},
    {.bitmap_index = 27590, .adv_w = 112, .box_w = 7, .box_h = 10, .ofs_x = 0, .ofs_y = 0},
    {.bitmap_index = 27625, .adv_w = 112, .box_w = 7, .box_h = 11, .ofs_x = 0, .ofs_y = -2},
    {.bitmap_index = 27664, .adv_w = 112, .box_w = 7, .box_h = 11, .ofs_x = 0, .ofs_y = -2},
    {.bitmap_index = 27703, .adv_w = 112, .box_w = 3, .box_h = 4, .ofs_x = 2, .ofs_y = 3},
    {.bitmap_index = 27709, .adv_w = 112, .box_w = 7, .box_h = 10, .ofs_x = 0, .ofs_y = 0},
    {.bitmap_index = 27744, .adv_w = 112, .box_w = 7, .box_h = 6, .ofs_x = 0, .ofs_y = 2},
    {.bitmap_index = 27765, .adv_w = 112, .box_w = 7, .box_h = 7, .ofs_x = 0, .ofs_y = 0},
    {.bitmap_index = 27790, .adv_w = 112, .box_w = 7, .box_h = 7, .ofs_x = 0, .ofs_y = 0},
    {.bitmap_index = 27815, .adv_w = 112, .box_w = 6, .box_h = 12, .ofs_x = 2, .ofs_y = -4},
    {.bitmap_index = 27851, .adv_w = 112, .box_w = 5, .box_h = 14, .ofs_x = 0, .ofs_y = 0},
    {.bitmap_index = 27886, .adv_w = 112, .box_w = 7, .box_h = 2, .ofs_x = 0, .ofs_y = 4},
    {.bitmap_index = 27893, .adv_w = 112, .box_w = 3, .box_h = 18, .ofs_x = 2, .ofs_y = -4},
    {.bitmap_index = 27920, .adv_w = 112, .box_w = 5, .box_h = 10, .ofs_x = 2, .ofs_y = -4},
    {.bitmap_index = 27945, .adv_w = 112, .box_w = 5, .box_h = 10, .ofs_x = 0, .ofs_y = -4},
    {.bitmap_index = 27970, .adv_w = 112, .box_w = 5, .box_h = 10, .ofs_x = 2, .ofs_y = 4},
    {.bitmap_index = 27995, .adv_w = 112, .box_w = 5, .box_h = 10, .ofs_x = 0, .ofs_y = 4},
    {.bitmap_index = 28020, .adv_w = 112, .box_w = 5, .box_h = 18, .ofs_x = 2, .ofs_y = -4},
    {.bitmap_index = 28065, .adv_w = 112, .box_w = 5, .box_h = 18, .ofs_x = 0, .ofs_y = -4},
    {.bitmap_index = 28110, .adv_w = 112, .box_w = 7, .box_h = 10, .ofs_x = 0, .ofs_y = -4},
    {.bitmap_index = 28145, .adv_w = 112, .box_w = 7, .box_h = 10, .ofs_x = 0, .ofs_y = 4},
    {.bitmap_index = 28180, .adv_w = 112, .box_w = 7, .box_h = 18, .ofs_x = 0, .ofs_y = -4},
    {.bitmap_index = 28243, .adv_w = 112, .box_w = 7, .box_h = 5, .ofs_x = 0, .ofs_y = 3},
    {.bitmap_index = 28261, .adv_w = 112, .box_w = 5, .box_h = 18, .ofs_x = 1, .ofs_y = -4},
    {.bitmap_index = 28306, .adv_w = 112, .box_w = 5, .box_h = 12, .ofs_x = 2, .ofs_y = -4},
    {.bitmap_index = 28336, .adv_w = 112, .box_w = 7, .box_h = 10, .ofs_x = 1, .ofs_y = -4},
    {.bitmap_index = 28371, .adv_w = 112, .box_w = 6, .box_h = 12, .ofs_x = 1, .ofs_y = -4},
    {.bitmap_index = 28407, .adv_w = 112, .box_w = 5, .box_h = 12, .ofs_x = 0, .ofs_y = -4},
    {.bitmap_index = 28437, .adv_w = 112, .box_w = 6, .box_h = 10, .ofs_x = 0, .ofs_y = -4},
    {.bitmap_index = 28467, .adv_w = 112, .box_w = 6, .box_h = 12, .ofs_x = 0, .ofs_y = -4},
    {.bitmap_index = 28503, .adv_w = 112, .box_w = 5, .box_h = 11, .ofs_x = 2, .ofs_y = 3},
    {.bitmap_index = 28531, .adv_w = 112, .box_w = 7, .box_h = 10, .ofs_x = 1, .ofs_y = 4},
    {.bitmap_index = 28566, .adv_w = 112, .box_w = 6, .box_h = 11, .ofs_x = 1, .ofs_y = 3},
    {.bitmap_index = 28599, .adv_w = 112, .box_w = 5, .box_h = 11, .ofs_x = 0, .ofs_y = 3},
    {.bitmap_index = 28627, .adv_w = 112, .box_w = 6, .box_h = 11, .ofs_x = 0, .ofs_y = 3},
    {.bitmap_index = 28660, .adv_w = 112, .box_w = 6, .box_h = 11, .ofs_x = 0, .ofs_y = 3},
    {.bitmap_index = 28693, .adv_w = 112, .box_w = 5, .box_h = 18, .ofs_x = 2, .ofs_y = -4},
    {.bitmap_index = 28738, .adv_w = 112, .box_w = 6, .box_h = 18, .ofs_x = 1, .ofs_y = -4},
    {.bitmap_index = 28792, .adv_w = 112, .box_w = 6, .box_h = 18, .ofs_x = 1, .ofs_y = -4},
    {.bitmap_index = 28846, .adv_w = 112, .box_w = 5, .box_h = 18, .ofs_x = 0, .ofs_y = -4},
    {.bitmap_index = 28891, .adv_w = 112, .box_w = 6, .box_h = 18, .ofs_x = 0, .ofs_y = -4},
    {.bitmap_index = 28945, .adv_w = 112, .box_w = 6, .box_h = 18, .ofs_x = 0, .ofs_y = -4},
    {.bitmap_index = 28999, .adv_w = 112, .box_w = 7, .box_h = 12, .ofs_x = 0, .ofs_y = -4},
    {.bitmap_index = 29041, .adv_w = 112, .box_w = 7, .box_h = 10, .ofs_x = 0, .ofs_y = -4},
    {.bitmap_index = 29076, .adv_w = 112, .box_w = 7, .box_h = 12, .ofs_x = 0, .ofs_y = -4},
    {.bitmap_index = 29118, .adv_w = 112, .box_w = 7, .box_h = 11, .ofs_x = 0, .ofs_y = 3},
    {.bitmap_index = 29157, .adv_w = 112, .box_w = 7, .box_h = 11, .ofs_x = 0, .ofs_y = 3},
    {.bitmap_index = 29196, .adv_w = 112, .box_w = 7, .box_h = 11, .ofs_x = 0, .ofs_y = 3},
    {.bitmap_index = 29235, .adv_w = 112, .box_w = 7, .box_h = 18, .ofs_x = 0, .ofs_y = -4},
    {.bitmap_index = 29298, .adv_w = 112, .box_w = 7, .box_h = 18, .ofs_x = 0, .ofs_y = -4},
    {.bitmap_index = 29361, .adv_w = 112, .box_w = 7, .box_h = 18, .ofs_x = 0, .ofs_y = -4},
    {.bitmap_index = 29424, .adv_w = 112, .box_w = 7, .box_h = 9, .ofs_x = 0, .ofs_y = 5},
    {.bitmap_index = 29456, .adv_w = 112, .box_w = 7, .box_h = 10, .ofs_x = 0, .ofs_y = -4},
    {.bitmap_index = 29491, .adv_w = 112, .box_w = 7, .box_h = 18, .ofs_x = 0, .ofs_y = -4},
    {.bitmap_index = 29554, .adv_w = 112, .box_w = 4, .box_h = 18, .ofs_x = 0, .ofs_y = -4},
    {.bitmap_index = 29590, .adv_w = 112, .box_w = 4, .box_h = 18, .ofs_x = 3, .ofs_y = -4},
    {.bitmap_index = 29626, .adv_w = 112, .box_w = 6, .box_h = 17, .ofs_x = 0, .ofs_y = -3},
    {.bitmap_index = 29677, .adv_w = 112, .box_w = 8, .box_h = 18, .ofs_x = 0, .ofs_y = -4},
    {.bitmap_index = 29749, .adv_w = 112, .box_w = 7, .box_h = 18, .ofs_x = 0, .ofs_y = -4},
    {.bitmap_index = 29812, .adv_w = 112, .box_w = 7, .box_h = 7, .ofs_x = 0, .ofs_y = 2},
    {.bitmap_index = 29837, .adv_w = 112, .box_w = 7, .box_h = 7, .ofs_x = 0, .ofs_y = 2},
    {.bitmap_index = 29862, .adv_w = 112, .box_w = 5, .box_h = 5, .ofs_x = 1, .ofs_y = 3},
    {.bitmap_index = 29875, .adv_w = 112, .box_w = 4, .box_h = 5, .ofs_x = 2, .ofs_y = 3},
    {.bitmap_index = 29885, .adv_w = 112, .box_w = 7, .box_h = 5, .ofs_x = 0, .ofs_y = 3},
    {.bitmap_index = 29903, .adv_w = 112, .box_w = 7, .box_h = 6, .ofs_x = 0, .ofs_y = 3},
    {.bitmap_index = 29924, .adv_w = 112, .box_w = 7, .box_h = 9, .ofs_x = 0, .ofs_y = 1},
    {.bitmap_index = 29956, .adv_w = 112, .box_w = 5, .box_h = 4, .ofs_x = 1, .ofs_y = 4},
    {.bitmap_index = 29966, .adv_w = 112, .box_w = 6, .box_h = 7, .ofs_x = 1, .ofs_y = 2},
    {.bitmap_index = 29987, .adv_w = 112, .box_w = 4, .box_h = 5, .ofs_x = 2, .ofs_y = 3},
    {.bitmap_index = 29997, .adv_w = 112, .box_w = 7, .box_h = 7, .ofs_x = 0, .ofs_y = 2},
    {.bitmap_index = 30022, .adv_w = 112, .box_w = 7, .box_h = 7, .ofs_x = 0, .ofs_y = 1},
    {.bitmap_index = 30047, .adv_w = 112, .box_w = 7, .box_h = 9, .ofs_x = 0, .ofs_y = 0},
    {.bitmap_index = 30079, .adv_w = 112, .box_w = 5, .box_h = 5, .ofs_x = 1, .ofs_y = 2},
    {.bitmap_index = 30092, .adv_w = 112, .box_w = 6, .box_h = 7, .ofs_x = 0, .ofs_y = 2},
    {.bitmap_index = 30113, .adv_w = 112, .box_w = 4, .box_h = 5, .ofs_x = 1, .ofs_y = 3},
    {.bitmap_index = 30123, .adv_w = 112, .box_w = 7, .box_h = 7, .ofs_x = 0, .ofs_y = 2},
    {.bitmap_index = 30148, .adv_w = 112, .box_w = 7, .box_h = 9, .ofs_x = 0, .ofs_y = 1},
    {.bitmap_index = 30180, .adv_w = 112, .box_w = 7, .box_h = 9, .ofs_x = 0, .ofs_y = 1},
    {.bitmap_index = 30212, .adv_w = 112, .box_w = 7, .box_h = 10, .ofs_x = 0, .ofs_y = 0},
    {.bitmap_index = 30247, .adv_w = 112, .box_w = 7, .box_h = 8, .ofs_x = 0, .ofs_y = 1},
    {.bitmap_index = 30275, .adv_w = 112, .box_w = 7, .box_h = 9, .ofs_x = 0, .ofs_y = 1},
    {.bitmap_index = 30307, .adv_w = 112, .box_w = 7, .box_h = 8, .ofs_x = 0, .ofs_y = 1},
    {.bitmap_index = 30335, .adv_w = 112, .box_w = 7, .box_h = 18, .ofs_x = 0, .ofs_y = -4},
    {.bitmap_index = 30398, .adv_w = 112, .box_w = 7, .box_h = 18, .ofs_x = 0, .ofs_y = -4},
    {.bitmap_index = 30461, .adv_w = 112, .box_w = 9, .box_h = 11, .ofs_x = -1, .ofs_y = 0},
    {.bitmap_index = 30511, .adv_w = 112, .box_w = 7, .box_h = 8, .ofs_x = 0, .ofs_y = 2},
    {.bitmap_index = 30539, .adv_w = 112, .box_w = 7, .box_h = 8, .ofs_x = 0, .ofs_y = 2},
    {.bitmap_index = 30567, .adv_w = 112, .box_w = 7, .box_h = 9, .ofs_x = 0, .ofs_y = 1},
    {.bitmap_index = 30599, .adv_w = 112, .box_w = 7, .box_h = 8, .ofs_x = 0, .ofs_y = 1},
    {.bitmap_index = 30627, .adv_w = 112, .box_w = 7, .box_h = 9, .ofs_x = 0, .ofs_y = 1},
    {.bitmap_index = 30659, .adv_w = 112, .box_w = 7, .box_h = 9, .ofs_x = 0, .ofs_y = 1},
    {.bitmap_index = 30691, .adv_w = 112, .box_w = 7, .box_h = 9, .ofs_x = 0, .ofs_y = 1},
    {.bitmap_index = 30723, .adv_w = 112, .box_w = 7, .box_h = 9, .ofs_x = 0, .ofs_y = 1},
    {.bitmap_index = 30755, .adv_w = 112, .box_w = 7, .box_h = 10, .ofs_x = 0, .ofs_y = 0},
    {.bitmap_index = 30790, .adv_w = 112, .box_w = 8, .box_h = 9, .ofs_x = 0, .ofs_y = 1},
    {.bitmap_index = 30826, .adv_w = 112, .box_w = 7, .box_h = 11, .ofs_x = 0, .ofs_y = 0},
    {.bitmap_index = 30865, .adv_w = 112, .box_w = 7, .box_h = 11, .ofs_x = 0, .ofs_y = 0},
    {.bitmap_index = 30904, .adv_w = 112, .box_w = 7, .box_h = 11, .ofs_x = 0, .ofs_y = 0},
    {.bitmap_index = 30943, .adv_w = 112, .box_w = 7, .box_h = 11, .ofs_x = 0, .ofs_y = 0},
    {.bitmap_index = 30982, .adv_w = 112, .box_w = 7, .box_h = 11, .ofs_x = 0, .ofs_y = 0},
    {.bitmap_index = 31021, .adv_w = 112, .box_w = 5, .box_h = 11, .ofs_x = 1, .ofs_y = 0},
    {.bitmap_index = 31049, .adv_w = 112, .box_w = 7, .box_h = 11, .ofs_x = 0, .ofs_y = 0},
    {.bitmap_index = 31088, .adv_w = 112, .box_w = 4, .box_h = 12, .ofs_x = 2, .ofs_y = 0},
    {.bitmap_index = 31112, .adv_w = 112, .box_w = 5, .box_h = 12, .ofs_x = 1, .ofs_y = 0},
    {.bitmap_index = 31142, .adv_w = 112, .box_w = 7, .box_h = 9, .ofs_x = 0, .ofs_y = 1},
    {.bitmap_index = 31174, .adv_w = 112, .box_w = 8, .box_h = 11, .ofs_x = -1, .ofs_y = 0},
    {.bitmap_index = 31218, .adv_w = 112, .box_w = 7, .box_h = 9, .ofs_x = 0, .ofs_y = 1}
};

/*---------------------
 *  CHARACTER MAPPING
 *--------------------*/

static const uint8_t glyph_id_ofs_list_4[] = {
    0, 1, 2, 3, 4, 5, 6, 7,
    8, 9, 0, 0, 10, 11, 12, 13,
    14, 15, 0, 0, 16, 17, 18, 19,
    20, 21, 0, 0, 22, 23, 24, 25,
    26, 27, 28, 29, 30, 31, 32, 33,
    34, 35, 0, 0, 36, 37, 0, 38,
    39, 40, 41, 42, 43, 0, 0, 44,
    45, 46, 47, 48, 49, 50, 51, 0,
    52, 53, 54, 55, 0, 0, 56, 57,
    58, 59, 60, 61, 62, 63, 64, 65,
    66, 67, 0, 0, 68, 69, 70, 71,
    72, 73, 74, 75, 76, 77, 78, 79,
    80, 81
};

static const uint16_t unicode_list_6[] = {
    0x0, 0x8, 0x9, 0xa, 0xc, 0xe, 0x17, 0x1a,
    0x1b, 0x29, 0x2a, 0x31, 0x57, 0x60, 0x61, 0x68,
    0x69, 0x6e, 0x6f, 0x72, 0x73, 0x90, 0xbb, 0xbc,
    0xc6, 0xc7, 0xce, 0xd5, 0xdd, 0xec, 0x10c, 0x140,
    0x141, 0x152, 0x153, 0x154, 0x155, 0x156, 0x157, 0x17a,
    0x17b, 0x17c, 0x17d, 0x17e, 0x180, 0x181, 0x182, 0x183,
    0x184, 0x185, 0x186, 0x18d, 0x195, 0x19d, 0x1a0, 0x1a1,
    0x1a2, 0x1a7, 0x1fe, 0x1ff, 0x200, 0x201, 0x202, 0x203,
    0x204, 0x206
};

static const uint16_t unicode_list_10[] = {
    0x0, 0x1, 0x2, 0x3, 0x6, 0x7, 0x8, 0x9,
    0xa, 0xb, 0x10, 0x11, 0x12, 0x13, 0x1a, 0x1b,
    0x1e, 0x1f, 0x20, 0x21, 0x22, 0x23, 0x26, 0x27,
    0x2a, 0x2b, 0x30, 0x33, 0x34, 0x37, 0x38, 0x3f,
    0x48, 0x49, 0x52, 0x53, 0x58, 0x59, 0x5e, 0x5f,
    0x82, 0x83, 0xff, 0x197c, 0x197d, 0x1982, 0x1983, 0x1994,
    0x1995, 0x19ac, 0x19ad, 0x19b4, 0x19b5, 0x19ba, 0x19bb, 0x19ca,
    0x19cb, 0x19d2, 0x19d3, 0x19dc, 0x19dd, 0x19f0, 0x19f1, 0x19f2,
    0x19f3, 0x19f4, 0x19f5, 0x1a02, 0x1a03, 0x1a0e
};

static const uint16_t unicode_list_13[] = {
    0x0, 0x1, 0x11d, 0x11e, 0x120, 0x121, 0x122, 0x123,
    0x124, 0x125, 0x126, 0x127, 0x128, 0x129, 0x12a, 0x12b,
    0x12c, 0x130, 0x13a, 0x13c, 0x13d, 0x143, 0x144, 0x147,
    0x148, 0x14d, 0x14e, 0x168, 0x17a, 0x17b
};

static const uint16_t unicode_list_15[] = {
    0x0, 0x1, 0x2, 0x3, 0x4, 0x19, 0x1a, 0x1c,
    0x1d, 0x1e, 0x21, 0x22, 0x24, 0x28, 0x29, 0x2a,
    0x2c, 0x2d, 0x2e, 0x75, 0x83, 0x86, 0x87, 0x92,
    0x9e, 0xa2, 0xbd, 0xbe, 0xc3, 0xc4, 0xcb, 0xcc,
    0xcd, 0xce, 0x100, 0x101, 0x102, 0x103, 0x104, 0x105,
    0x106, 0x107, 0x108, 0x109, 0x118, 0x142, 0x144, 0x170,
    0x172, 0x175, 0x176, 0x177, 0x17f, 0x181, 0x182, 0x185,
    0x189, 0x18a, 0x18e, 0x18f, 0x195, 0x197, 0x198, 0x199,
    0x19a, 0x19b, 0x1a4, 0x1a5, 0x1b8, 0x1d0, 0x1d1, 0x1d4,
    0x1d5, 0x235, 0x272, 0x274, 0x280, 0x289, 0x290, 0x291,
    0x470, 0x472, 0x47c, 0x480, 0x484, 0x488, 0x48c, 0x494,
    0x49c, 0x4a4, 0x4ac
};

static const uint16_t unicode_list_17[] = {
    0x0, 0x4, 0x8, 0xc, 0x10, 0x11, 0x12, 0x13,
    0x20, 0x21, 0x2a, 0x2b, 0x2c, 0x32, 0x33, 0x34,
    0x36, 0x38, 0x3a, 0x3c, 0x3d, 0x3e, 0x40, 0x42,
    0x44, 0x46, 0x47, 0x4a, 0x4b, 0x4c, 0x4f, 0x58,
    0x59, 0x6f, 0x85, 0x86, 0x91, 0x92, 0x93, 0xba,
    0xbb, 0xbc, 0xc0, 0xc2, 0xe0, 0xe2, 0xe3, 0xe5,
    0xe6, 0xea, 0xec, 0xed, 0xef, 0x15d, 0x194, 0x1b6
};

/*Collect the unicode lists and glyph_id offsets*/
static const lv_font_fmt_txt_cmap_t cmaps[] =
{
    {
        .range_start = 32, .range_length = 95, .glyph_id_start = 1,
        .unicode_list = NULL, .glyph_id_ofs_list = NULL, .list_length = 0, .type = LV_FONT_FMT_TXT_CMAP_FORMAT0_TINY
    },
    {
        .range_start = 160, .range_length = 13, .glyph_id_start = 96,
        .unicode_list = NULL, .glyph_id_ofs_list = NULL, .list_length = 0, .type = LV_FONT_FMT_TXT_CMAP_FORMAT0_TINY
    },
    {
        .range_start = 174, .range_length = 7, .glyph_id_start = 109,
        .unicode_list = NULL, .glyph_id_ofs_list = NULL, .list_length = 0, .type = LV_FONT_FMT_TXT_CMAP_FORMAT0_TINY
    },
    {
        .range_start = 182, .range_length = 82, .glyph_id_start = 116,
        .unicode_list = NULL, .glyph_id_ofs_list = NULL, .list_length = 0, .type = LV_FONT_FMT_TXT_CMAP_FORMAT0_TINY
    },
    {
        .range_start = 266, .range_length = 98, .glyph_id_start = 198,
        .unicode_list = NULL, .glyph_id_ofs_list = glyph_id_ofs_list_4, .list_length = 98, .type = LV_FONT_FMT_TXT_CMAP_FORMAT0_FULL
    },
    {
        .range_start = 366, .range_length = 17, .glyph_id_start = 280,
        .unicode_list = NULL, .glyph_id_ofs_list = NULL, .list_length = 0, .type = LV_FONT_FMT_TXT_CMAP_FORMAT0_TINY
    },
    {
        .range_start = 390, .range_length = 519, .glyph_id_start = 297,
        .unicode_list = unicode_list_6, .glyph_id_ofs_list = NULL, .list_length = 66, .type = LV_FONT_FMT_TXT_CMAP_SPARSE_TINY
    },
    {
        .range_start = 910, .range_length = 20, .glyph_id_start = 363,
        .unicode_list = NULL, .glyph_id_ofs_list = NULL, .list_length = 0, .type = LV_FONT_FMT_TXT_CMAP_FORMAT0_TINY
    },
    {
        .range_start = 931, .range_length = 44, .glyph_id_start = 383,
        .unicode_list = NULL, .glyph_id_ofs_list = NULL, .list_length = 0, .type = LV_FONT_FMT_TXT_CMAP_FORMAT0_TINY
    },
    {
        .range_start = 1024, .range_length = 96, .glyph_id_start = 427,
        .unicode_list = NULL, .glyph_id_ofs_list = NULL, .list_length = 0, .type = LV_FONT_FMT_TXT_CMAP_FORMAT0_TINY
    },
    {
        .range_start = 1168, .range_length = 6671, .glyph_id_start = 523,
        .unicode_list = unicode_list_10, .glyph_id_ofs_list = NULL, .list_length = 70, .type = LV_FONT_FMT_TXT_CMAP_SPARSE_TINY
    },
    {
        .range_start = 7840, .range_length = 28, .glyph_id_start = 593,
        .unicode_list = NULL, .glyph_id_ofs_list = NULL, .list_length = 0, .type = LV_FONT_FMT_TXT_CMAP_FORMAT0_TINY
    },
    {
        .range_start = 7870, .range_length = 54, .glyph_id_start = 621,
        .unicode_list = NULL, .glyph_id_ofs_list = NULL, .list_length = 0, .type = LV_FONT_FMT_TXT_CMAP_FORMAT0_TINY
    },
    {
        .range_start = 7926, .range_length = 380, .glyph_id_start = 675,
        .unicode_list = unicode_list_13, .glyph_id_ofs_list = NULL, .list_length = 30, .type = LV_FONT_FMT_TXT_CMAP_SPARSE_TINY
    },
    {
        .range_start = 8308, .range_length = 22, .glyph_id_start = 705,
        .unicode_list = NULL, .glyph_id_ofs_list = NULL, .list_length = 0, .type = LV_FONT_FMT_TXT_CMAP_FORMAT0_TINY
    },
    {
        .range_start = 8336, .range_length = 1197, .glyph_id_start = 727,
        .unicode_list = unicode_list_15, .glyph_id_ofs_list = NULL, .list_length = 91, .type = LV_FONT_FMT_TXT_CMAP_SPARSE_TINY
    },
    {
        .range_start = 9552, .range_length = 29, .glyph_id_start = 818,
        .unicode_list = NULL, .glyph_id_ofs_list = NULL, .list_length = 0, .type = LV_FONT_FMT_TXT_CMAP_FORMAT0_TINY
    },
    {
        .range_start = 9600, .range_length = 439, .glyph_id_start = 847,
        .unicode_list = unicode_list_17, .glyph_id_ofs_list = NULL, .list_length = 56, .type = LV_FONT_FMT_TXT_CMAP_SPARSE_TINY
    }
};



/*--------------------
 *  ALL CUSTOM DATA
 *--------------------*/

#if LVGL_VERSION_MAJOR == 8
/*Store all the custom data of the font*/
static  lv_font_fmt_txt_glyph_cache_t cache;
#endif

#if LVGL_VERSION_MAJOR >= 8
static const lv_font_fmt_txt_dsc_t font_dsc = {
#else
static lv_font_fmt_txt_dsc_t font_dsc = {
#endif
    .glyph_bitmap = glyph_bitmap,
    .glyph_dsc = glyph_dsc,
    .cmaps = cmaps,
    .kern_dsc = NULL,
    .kern_scale = 0,
    .cmap_num = 18,
    .bpp = 4,
    .kern_classes = 0,
    .bitmap_format = 0,
#if LVGL_VERSION_MAJOR == 8
    .cache = &cache
#endif
};

extern const lv_font_t ui_font_emoji_14;


/*-----------------
 *  PUBLIC FONT
 *----------------*/

/*Initialize a public general font descriptor*/
#if LVGL_VERSION_MAJOR >= 8
const lv_font_t ui_font_pipboy_14 = {
#else
lv_font_t ui_font_pipboy_14 = {
#endif
    .get_glyph_dsc = lv_font_get_glyph_dsc_fmt_txt,    /*Function pointer to get glyph's data*/
    .get_glyph_bitmap = lv_font_get_bitmap_fmt_txt,    /*Function pointer to get glyph's bitmap*/
    .line_height = 18,          /*The maximum line height required by the font*/
    .base_line = 4,             /*Baseline measured from the bottom of the line*/
#if !(LVGL_VERSION_MAJOR == 6 && LVGL_VERSION_MINOR == 0)
    .subpx = LV_FONT_SUBPX_NONE,
#endif
#if LV_VERSION_CHECK(7, 4, 0) || LVGL_VERSION_MAJOR >= 8
    .underline_position = -2,
    .underline_thickness = 0,
#endif
    .dsc = &font_dsc,          /*The custom font data. Will be accessed by `get_glyph_bitmap/dsc` */
#if LV_VERSION_CHECK(8, 2, 0) || LVGL_VERSION_MAJOR >= 9
    .fallback = &ui_font_emoji_14,
#endif
    .user_data = NULL,
};



#endif /*#if UI_FONT_PIPBOY_14*/

