/*******************************************************************************
 * Size: 16 px
 * Bpp: 4
 * Opts: --bpp 4 --size 16 --no-compress --font ../documents/monofonto rg.otf --range 0x20-0x2EFF --lv-fallback ui_font_emoji_14 --format lvgl -o ui_font_pipboy_16.c
 ******************************************************************************/

#ifdef __has_include
    #if __has_include("lvgl.h")
        #ifndef LV_LVGL_H_INCLUDE_SIMPLE
            #define LV_LVGL_H_INCLUDE_SIMPLE
        #endif
    #endif
#endif

#ifdef LV_LVGL_H_INCLUDE_SIMPLE
#include "lvgl.h"
#else
#include "lvgl/lvgl.h"
#endif

#ifndef UI_FONT_PIPBOY_16
#define UI_FONT_PIPBOY_16 1
#endif

#if UI_FONT_PIPBOY_16

/*-----------------
 *    BITMAPS
 *----------------*/

/*Store the image of the glyphs*/
static LV_ATTRIBUTE_LARGE_CONST const uint8_t glyph_bitmap[] = {
    /* U+0020 " " */

    /* U+0021 "!" */
    0xf, 0xf0, 0xf, 0xf0, 0xf, 0xf0, 0xf, 0xf0,
    0xf, 0xf0, 0xf, 0xf0, 0xf, 0xf0, 0x6, 0x60,
    0x4, 0x40, 0x1f, 0xf1, 0xc, 0xc0,

    /* U+0022 "\"" */
    0x6f, 0x32, 0xf6, 0x6f, 0x32, 0xf6, 0x6f, 0x32,
    0xf6, 0x6f, 0x32, 0xf6, 0x12, 0x0, 0x21,

    /* U+0023 "#" */
    0x0, 0xd, 0x61, 0xf1, 0x0, 0x1f, 0x25, 0xe0,
    0x0, 0x5f, 0x19, 0xa0, 0xc, 0xff, 0xff, 0xf9,
    0x3, 0xd9, 0x4f, 0x61, 0x0, 0xf4, 0x3f, 0x0,
    0x3, 0xf2, 0x7d, 0x10, 0x8f, 0xff, 0xff, 0xd0,
    0x3b, 0xb4, 0xe8, 0x30, 0xd, 0x61, 0xf2, 0x0,
    0x1f, 0x25, 0xe0, 0x0,

    /* U+0024 "$" */
    0x0, 0xb, 0x80, 0x0, 0x0, 0x4d, 0xc3, 0x0,
    0x8, 0xff, 0xff, 0x70, 0x1f, 0xf4, 0x5f, 0xf0,
    0x4f, 0xd0, 0x6, 0x70, 0x2f, 0xf4, 0x0, 0x0,
    0xc, 0xff, 0xa1, 0x0, 0x1, 0xbf, 0xfe, 0x30,
    0x0, 0x6, 0xff, 0xd0, 0x0, 0x0, 0x2f, 0xf3,
    0x2a, 0x70, 0xc, 0xf4, 0x1f, 0xf6, 0x6f, 0xf1,
    0x8, 0xff, 0xff, 0x70, 0x0, 0x4d, 0xb3, 0x0,
    0x0, 0xb, 0x80, 0x0,

    /* U+0025 "%" */
    0xa, 0xfd, 0x10, 0x8, 0xb0, 0x1f, 0x4e, 0x50,
    0x2f, 0x10, 0x1f, 0x1d, 0x50, 0xc7, 0x0, 0x1f,
    0x2e, 0x56, 0xd0, 0x0, 0xd, 0xff, 0x3f, 0xfe,
    0x90, 0x0, 0x20, 0xae, 0xf5, 0xf1, 0x0, 0x3,
    0xe6, 0xd1, 0xf2, 0x0, 0xd, 0x65, 0xd1, 0xf2,
    0x0, 0x7c, 0x5, 0xd1, 0xf2, 0x1, 0xf3, 0x3,
    0xf4, 0xf1, 0xb, 0x90, 0x0, 0xcf, 0x90,

    /* U+0026 "&" */
    0x2, 0xcf, 0xb1, 0x0, 0xa, 0xe6, 0xe8, 0x0,
    0xb, 0xc0, 0xd9, 0x0, 0x7, 0xf9, 0xf4, 0x0,
    0x1, 0xff, 0x70, 0x0, 0xc, 0xff, 0x70, 0x31,
    0x6f, 0x6c, 0xf5, 0xeb, 0xae, 0x2, 0xff, 0xf3,
    0xcf, 0x11, 0xef, 0x80, 0x8f, 0xff, 0xfe, 0xe0,
    0xa, 0xfd, 0x55, 0xf8,

    /* U+0027 "'" */
    0xcc, 0xcc, 0xcc, 0xcc, 0x22,

    /* U+0028 "(" */
    0x0, 0x74, 0x1, 0xf9, 0x7, 0xf3, 0xc, 0xd0,
    0x1f, 0x80, 0x4f, 0x60, 0x6f, 0x40, 0x7f, 0x20,
    0x8f, 0x10, 0x7f, 0x30, 0x5f, 0x50, 0x2f, 0x70,
    0xe, 0xc0, 0x9, 0xf1, 0x3, 0xf7, 0x0, 0xb7,
    0x0, 0x0,

    /* U+0029 ")" */
    0x47, 0x0, 0x9f, 0x10, 0x3f, 0x70, 0xd, 0xc0,
    0x8, 0xf1, 0x5, 0xf4, 0x4, 0xf6, 0x2, 0xf7,
    0x1, 0xf8, 0x3, 0xf7, 0x5, 0xf5, 0x7, 0xf2,
    0xb, 0xe0, 0x1f, 0x90, 0x7f, 0x30, 0x7b, 0x0,
    0x0, 0x0,

    /* U+002A "*" */
    0x0, 0xd, 0xc0, 0x0, 0x0, 0xb, 0xa0, 0x0,
    0xab, 0x38, 0x84, 0xcb, 0x8c, 0xfe, 0xfe, 0xb8,
    0x0, 0x2e, 0xe4, 0x0, 0x2, 0xe9, 0x6f, 0x30,
    0xa, 0xf1, 0xd, 0xc0, 0x0, 0x30, 0x2, 0x0,

    /* U+002B "+" */
    0x0, 0x0, 0x0, 0x0, 0x0, 0xa, 0xa0, 0x0,
    0x0, 0xa, 0xa0, 0x0, 0x0, 0xa, 0xa0, 0x0,
    0x8f, 0xff, 0xff, 0xf8, 0x13, 0x3b, 0xb3, 0x31,
    0x0, 0xa, 0xa0, 0x0, 0x0, 0xa, 0xa0, 0x0,

    /* U+002C "," */
    0x5, 0x10, 0xfc, 0x2f, 0x84, 0xf3, 0x6e, 0x0,
    0x0,

    /* U+002D "-" */
    0x5a, 0xaa, 0xa5, 0x7f, 0xff, 0xf7,

    /* U+002E "." */
    0x4, 0x40, 0x1f, 0xf1, 0xc, 0xc0,

    /* U+002F "/" */
    0x0, 0x0, 0x0, 0xca, 0x0, 0x0, 0x3, 0xf3,
    0x0, 0x0, 0x9, 0xd0, 0x0, 0x0, 0x1f, 0x60,
    0x0, 0x0, 0x7e, 0x0, 0x0, 0x0, 0xd8, 0x0,
    0x0, 0x4, 0xf2, 0x0, 0x0, 0xb, 0xb0, 0x0,
    0x0, 0x2f, 0x40, 0x0, 0x0, 0x8d, 0x0, 0x0,
    0x0, 0xf7, 0x0, 0x0, 0x6, 0xf1, 0x0, 0x0,
    0xd, 0x90, 0x0, 0x0, 0x3f, 0x30, 0x0, 0x0,
    0xac, 0x0, 0x0, 0x0,

    /* U+0030 "0" */
    0x3, 0xcf, 0xfc, 0x30, 0xd, 0xfb, 0xbf, 0xd0,
    0xf, 0xf0, 0xf, 0xf0, 0xf, 0xe0, 0xe, 0xf0,
    0xf, 0xe0, 0xe, 0xf0, 0xf, 0xe0, 0xe, 0xf0,
    0xf, 0xe0, 0xe, 0xf0, 0xf, 0xe0, 0xe, 0xf0,
    0xf, 0xf0, 0xf, 0xf0, 0xd, 0xfb, 0xbf, 0xd0,
    0x3, 0xcf, 0xfc, 0x30,

    /* U+0031 "1" */
    0x0, 0x2, 0x20, 0x19, 0xf4, 0x4f, 0xff, 0x46,
    0xfd, 0xf4, 0x21, 0x8f, 0x40, 0x8, 0xf4, 0x0,
    0x8f, 0x40, 0x8, 0xf4, 0x0, 0x8f, 0x40, 0x8,
    0xf4, 0x0, 0x8f, 0x40, 0x8, 0xf4,

    /* U+0032 "2" */
    0x2, 0xbf, 0xe9, 0x10, 0xd, 0xfd, 0xef, 0xa0,
    0x2f, 0xb0, 0xf, 0xf0, 0x2, 0x10, 0xf, 0xf0,
    0x0, 0x0, 0x4f, 0xc0, 0x0, 0x0, 0xcf, 0x50,
    0x0, 0x6, 0xfb, 0x0, 0x0, 0x1e, 0xf2, 0x0,
    0x0, 0x9f, 0x80, 0x0, 0x2, 0xff, 0xee, 0xe0,
    0xc, 0xff, 0xff, 0xf0,

    /* U+0033 "3" */
    0x3, 0xbf, 0xea, 0x20, 0xe, 0xfd, 0xef, 0xd0,
    0x29, 0x70, 0xd, 0xf2, 0x0, 0x0, 0x4f, 0xe0,
    0x0, 0x6, 0xff, 0x40, 0x0, 0x2, 0x9f, 0xe0,
    0x0, 0x0, 0xb, 0xf4, 0x2, 0x10, 0xb, 0xf5,
    0x3f, 0xd0, 0xe, 0xf3, 0xd, 0xfe, 0xef, 0xc0,
    0x2, 0xbf, 0xe9, 0x10,

    /* U+0034 "4" */
    0x0, 0x3, 0xff, 0x50, 0x0, 0xc, 0xff, 0x50,
    0x0, 0x5f, 0xff, 0x50, 0x0, 0xde, 0xbf, 0x50,
    0x6, 0xf5, 0xaf, 0x50, 0xe, 0xc0, 0xaf, 0x50,
    0x8f, 0x30, 0xaf, 0x50, 0xbf, 0xff, 0xff, 0xfb,
    0xae, 0xee, 0xff, 0xfa, 0x0, 0x0, 0xaf, 0x50,
    0x0, 0x0, 0xaf, 0x50,

    /* U+0035 "5" */
    0xe, 0xff, 0xff, 0xe0, 0xf, 0xfe, 0xee, 0xd0,
    0xf, 0xd0, 0x0, 0x0, 0x1f, 0xd9, 0xa7, 0x0,
    0x2f, 0xff, 0xff, 0xa0, 0x2d, 0xa1, 0x3f, 0xf2,
    0x0, 0x0, 0xb, 0xf4, 0x2, 0x10, 0xb, 0xf4,
    0x2f, 0xd0, 0xe, 0xf2, 0xc, 0xfe, 0xef, 0xb0,
    0x1, 0xae, 0xe9, 0x0,

    /* U+0036 "6" */
    0x0, 0x2, 0xff, 0x30, 0x0, 0xa, 0xf8, 0x0,
    0x0, 0x4f, 0xd0, 0x0, 0x0, 0xdf, 0x40, 0x0,
    0x6, 0xff, 0xfd, 0x30, 0xe, 0xfd, 0xdf, 0xe1,
    0x3f, 0xd0, 0xd, 0xf5, 0x6f, 0xa0, 0xa, 0xf6,
    0x4f, 0xe0, 0xe, 0xf4, 0xd, 0xfe, 0xef, 0xd0,
    0x2, 0xbe, 0xea, 0x10,

    /* U+0037 "7" */
    0x6f, 0xff, 0xff, 0xf6, 0x5e, 0xee, 0xff, 0xf1,
    0x0, 0x0, 0x7f, 0xa0, 0x0, 0x0, 0xdf, 0x40,
    0x0, 0x4, 0xfe, 0x0, 0x0, 0xa, 0xf9, 0x0,
    0x0, 0x1f, 0xf3, 0x0, 0x0, 0x6f, 0xd0, 0x0,
    0x0, 0xdf, 0x70, 0x0, 0x3, 0xff, 0x20, 0x0,
    0x9, 0xfc, 0x0, 0x0,

    /* U+0038 "8" */
    0x3, 0xbe, 0xeb, 0x30, 0x1e, 0xfe, 0xef, 0xe1,
    0x4f, 0xd0, 0xd, 0xf4, 0x1f, 0xf4, 0x4f, 0xf1,
    0x6, 0xff, 0xff, 0x60, 0x1e, 0xf8, 0x8f, 0xe1,
    0x4f, 0xc0, 0xc, 0xf4, 0x6f, 0xa0, 0xa, 0xf6,
    0x4f, 0xe0, 0xe, 0xf4, 0xd, 0xfd, 0xdf, 0xd0,
    0x1, 0xae, 0xea, 0x10,

    /* U+0039 "9" */
    0x2, 0xbe, 0xea, 0x20, 0x1e, 0xfe, 0xef, 0xd0,
    0x5f, 0xd0, 0xd, 0xf4, 0x6f, 0xb0, 0xb, 0xf6,
    0x2f, 0xfb, 0xbf, 0xf3, 0x5, 0xdf, 0xff, 0xe0,
    0x0, 0x1, 0xff, 0x60, 0x0, 0xa, 0xfd, 0x0,
    0x0, 0x2f, 0xf4, 0x0, 0x0, 0xbf, 0xa0, 0x0,
    0x4, 0xff, 0x20, 0x0,

    /* U+003A ":" */
    0x4, 0x40, 0x1f, 0xf1, 0xc, 0xc0, 0x0, 0x0,
    0x0, 0x0, 0x4, 0x40, 0x1f, 0xf1, 0xc, 0xc0,

    /* U+003B ";" */
    0x4, 0x40, 0x1f, 0xf1, 0xc, 0xc0, 0x0, 0x0,
    0x0, 0x0, 0x9, 0x50, 0x1f, 0xb0, 0x3f, 0x60,
    0x5f, 0x20, 0x4b, 0x0,

    /* U+003C "<" */
    0x0, 0x0, 0x0, 0x56, 0x0, 0x0, 0x6d, 0xf5,
    0x0, 0x6d, 0xf8, 0x10, 0x4e, 0xe7, 0x10, 0x0,
    0x8f, 0x50, 0x0, 0x0, 0x19, 0xfc, 0x50, 0x0,
    0x0, 0x18, 0xfd, 0x50, 0x0, 0x0, 0x18, 0xf8,
    0x0, 0x0, 0x0, 0x13,

    /* U+003D "=" */
    0x8f, 0xff, 0xff, 0xf8, 0x23, 0x33, 0x33, 0x32,
    0x0, 0x0, 0x0, 0x0, 0x0, 0x0, 0x0, 0x0,
    0x8f, 0xff, 0xff, 0xf8, 0x13, 0x33, 0x33, 0x31,

    /* U+003E ">" */
    0x65, 0x0, 0x0, 0x0, 0x6f, 0xd5, 0x0, 0x0,
    0x1, 0x8f, 0xd6, 0x0, 0x0, 0x1, 0x8e, 0xe4,
    0x0, 0x0, 0x5, 0xf8, 0x0, 0x5, 0xdf, 0x91,
    0x5, 0xdf, 0x81, 0x0, 0x8f, 0x81, 0x0, 0x0,
    0x31, 0x0, 0x0, 0x0,

    /* U+003F "?" */
    0x2, 0xbf, 0xe9, 0x0, 0xdf, 0xdf, 0xf9, 0x2f,
    0xc0, 0x3f, 0xd0, 0x21, 0x6, 0xfa, 0x0, 0x6,
    0xfe, 0x20, 0x3, 0xfe, 0x20, 0x0, 0x6e, 0x60,
    0x0, 0x0, 0x0, 0x0, 0x0, 0x16, 0x10, 0x0,
    0x9, 0xf9, 0x0, 0x0, 0x5e, 0x50, 0x0,

    /* U+0040 "@" */
    0x0, 0x47, 0x97, 0x10, 0xb, 0xff, 0xff, 0xf1,
    0x6f, 0xc2, 0x4, 0xf8, 0x9f, 0x40, 0x0, 0xca,
    0xbf, 0x34, 0xff, 0xeb, 0xbf, 0x2c, 0xd6, 0xfb,
    0xbf, 0x2d, 0x80, 0xcb, 0xbf, 0x2b, 0xc3, 0xfb,
    0xbf, 0x35, 0xff, 0xeb, 0x9f, 0x40, 0x22, 0x23,
    0x7f, 0xc1, 0x0, 0x0, 0xe, 0xff, 0xee, 0xea,
    0x1, 0xae, 0xff, 0xfb,

    /* U+0041 "A" */
    0x0, 0x2f, 0xf2, 0x0, 0x0, 0x6f, 0xf6, 0x0,
    0x0, 0xaf, 0xfa, 0x0, 0x0, 0xed, 0xfe, 0x0,
    0x2, 0xfa, 0xcf, 0x20, 0x6, 0xf6, 0x8f, 0x50,
    0xa, 0xf3, 0x5f, 0x90, 0xd, 0xfe, 0xef, 0xd0,
    0x1f, 0xff, 0xff, 0xf1, 0x5f, 0x90, 0xb, 0xf5,
    0x9f, 0x60, 0x8, 0xf9,

    /* U+0042 "B" */
    0x3f, 0xff, 0xfb, 0x20, 0x3f, 0xfa, 0xdf, 0xd0,
    0x3f, 0xd0, 0xe, 0xf1, 0x3f, 0xd0, 0xd, 0xf1,
    0x3f, 0xd1, 0x5f, 0xd0, 0x3f, 0xff, 0xff, 0x40,
    0x3f, 0xe4, 0x7f, 0xe1, 0x3f, 0xd0, 0xb, 0xf4,
    0x3f, 0xd0, 0xe, 0xf5, 0x3f, 0xfc, 0xff, 0xf1,
    0x3f, 0xff, 0xfc, 0x40,

    /* U+0043 "C" */
    0x2, 0xae, 0xeb, 0x20, 0xd, 0xfe, 0xef, 0xd0,
    0x3f, 0xd0, 0xc, 0xe2, 0x5f, 0xb0, 0x0, 0x0,
    0x5f, 0xa0, 0x0, 0x0, 0x5f, 0xa0, 0x0, 0x0,
    0x5f, 0xa0, 0x0, 0x0, 0x5f, 0xb0, 0x0, 0x0,
    0x3f, 0xd0, 0xc, 0xe2, 0xd, 0xfe, 0xef, 0xd0,
    0x2, 0xbe, 0xeb, 0x20,

    /* U+0044 "D" */
    0x3f, 0xff, 0xfb, 0x20, 0x3f, 0xfe, 0xff, 0xd0,
    0x3f, 0xd0, 0x2f, 0xf2, 0x3f, 0xd0, 0xc, 0xf4,
    0x3f, 0xd0, 0xb, 0xf4, 0x3f, 0xd0, 0xb, 0xf4,
    0x3f, 0xd0, 0xb, 0xf4, 0x3f, 0xd0, 0xc, 0xf4,
    0x3f, 0xd0, 0x2f, 0xf2, 0x3f, 0xfe, 0xff, 0xd0,
    0x3f, 0xff, 0xfb, 0x20,

    /* U+0045 "E" */
    0xef, 0xff, 0xff, 0xef, 0xee, 0xee, 0xef, 0x10,
    0x0, 0xef, 0x10, 0x0, 0xef, 0xdd, 0xd8, 0xef,
    0xff, 0xfa, 0xef, 0x10, 0x0, 0xef, 0x10, 0x0,
    0xef, 0x10, 0x0, 0xef, 0xee, 0xee, 0xef, 0xff,
    0xff,

    /* U+0046 "F" */
    0x3f, 0xff, 0xff, 0xf4, 0x3f, 0xfe, 0xee, 0xe3,
    0x3f, 0xd0, 0x0, 0x0, 0x3f, 0xd0, 0x0, 0x0,
    0x3f, 0xfd, 0xdd, 0xc0, 0x3f, 0xff, 0xff, 0xe0,
    0x3f, 0xd0, 0x0, 0x0, 0x3f, 0xd0, 0x0, 0x0,
    0x3f, 0xd0, 0x0, 0x0, 0x3f, 0xd0, 0x0, 0x0,
    0x3f, 0xd0, 0x0, 0x0,

    /* U+0047 "G" */
    0x2, 0xae, 0xeb, 0x20, 0xd, 0xfe, 0xef, 0xd0,
    0x3f, 0xd0, 0xa, 0xb2, 0x5f, 0xb0, 0x0, 0x0,
    0x5f, 0xa0, 0x9a, 0xa0, 0x5f, 0xa0, 0xef, 0xf1,
    0x5f, 0xa0, 0xf, 0xf1, 0x5f, 0xb0, 0xf, 0xf1,
    0x3f, 0xd0, 0x2f, 0xf1, 0xe, 0xfe, 0xff, 0xf1,
    0x2, 0xcf, 0xcc, 0xf1,

    /* U+0048 "H" */
    0x2f, 0xd0, 0xd, 0xf2, 0x2f, 0xd0, 0xd, 0xf2,
    0x2f, 0xd0, 0xd, 0xf2, 0x2f, 0xd0, 0xd, 0xf2,
    0x2f, 0xfe, 0xef, 0xf2, 0x2f, 0xff, 0xff, 0xf2,
    0x2f, 0xd0, 0xd, 0xf2, 0x2f, 0xd0, 0xd, 0xf2,
    0x2f, 0xd0, 0xd, 0xf2, 0x2f, 0xd0, 0xd, 0xf2,
    0x2f, 0xd0, 0xd, 0xf2,

    /* U+0049 "I" */
    0xbf, 0xff, 0xfb, 0xae, 0xff, 0xea, 0x0, 0xff,
    0x0, 0x0, 0xff, 0x0, 0x0, 0xff, 0x0, 0x0,
    0xff, 0x0, 0x0, 0xff, 0x0, 0x0, 0xff, 0x0,
    0x0, 0xff, 0x0, 0xae, 0xff, 0xea, 0xbf, 0xff,
    0xfb,

    /* U+004A "J" */
    0x0, 0xf, 0xff, 0x40, 0x0, 0xcf, 0xf4, 0x0,
    0x0, 0xcf, 0x40, 0x0, 0xc, 0xf4, 0x0, 0x0,
    0xcf, 0x40, 0x0, 0xc, 0xf4, 0x0, 0x0, 0xcf,
    0x40, 0x0, 0xd, 0xf3, 0x0, 0x4, 0xff, 0x1e,
    0xef, 0xff, 0xa0, 0xff, 0xfe, 0x90, 0x0,

    /* U+004B "K" */
    0x3f, 0xd0, 0xe, 0xf2, 0x3f, 0xd0, 0x6f, 0x90,
    0x3f, 0xd0, 0xef, 0x10, 0x3f, 0xd7, 0xf7, 0x0,
    0x3f, 0xee, 0xe0, 0x0, 0x3f, 0xff, 0xc0, 0x0,
    0x3f, 0xdd, 0xf4, 0x0, 0x3f, 0xd5, 0xfd, 0x0,
    0x3f, 0xd0, 0xdf, 0x50, 0x3f, 0xd0, 0x5f, 0xd0,
    0x3f, 0xd0, 0xd, 0xf5,

    /* U+004C "L" */
    0x3f, 0xd0, 0x0, 0x0, 0x3f, 0xd0, 0x0, 0x0,
    0x3f, 0xd0, 0x0, 0x0, 0x3f, 0xd0, 0x0, 0x0,
    0x3f, 0xd0, 0x0, 0x0, 0x3f, 0xd0, 0x0, 0x0,
    0x3f, 0xd0, 0x0, 0x0, 0x3f, 0xd0, 0x0, 0x0,
    0x3f, 0xd0, 0x0, 0x0, 0x3f, 0xfe, 0xee, 0xe3,
    0x3f, 0xff, 0xff, 0xf3,

    /* U+004D "M" */
    0x6f, 0xd0, 0xb, 0xf6, 0x6f, 0xf2, 0x1f, 0xf6,
    0x6f, 0xf7, 0x6f, 0xf6, 0x6f, 0xfc, 0xbf, 0xf6,
    0x6f, 0xef, 0xfe, 0xf6, 0x6f, 0x8f, 0xf8, 0xf6,
    0x6f, 0x4e, 0xe4, 0xf6, 0x6f, 0x48, 0x94, 0xf6,
    0x6f, 0x43, 0x34, 0xf6, 0x6f, 0x40, 0x4, 0xf6,
    0x6f, 0x40, 0x4, 0xf6,

    /* U+004E "N" */
    0x3f, 0xf5, 0xa, 0xf3, 0x3f, 0xfb, 0xa, 0xf3,
    0x3f, 0xff, 0x1a, 0xf3, 0x3f, 0xff, 0x7a, 0xf3,
    0x3f, 0xff, 0xca, 0xf3, 0x3f, 0xaf, 0xfc, 0xf3,
    0x3f, 0xa9, 0xff, 0xf3, 0x3f, 0xa2, 0xff, 0xf3,
    0x3f, 0xa0, 0xcf, 0xf3, 0x3f, 0xa0, 0x5f, 0xf3,
    0x3f, 0xa0, 0xe, 0xf3,

    /* U+004F "O" */
    0x1, 0xae, 0xea, 0x10, 0xd, 0xfe, 0xef, 0xd0,
    0x3f, 0xd0, 0xe, 0xf3, 0x5f, 0xb0, 0xb, 0xf5,
    0x5f, 0xa0, 0xa, 0xf5, 0x5f, 0xa0, 0xa, 0xf5,
    0x5f, 0xa0, 0xa, 0xf5, 0x5f, 0xb0, 0xb, 0xf5,
    0x3f, 0xd0, 0xd, 0xf3, 0xd, 0xfe, 0xef, 0xd0,
    0x1, 0xae, 0xea, 0x10,

    /* U+0050 "P" */
    0x3f, 0xff, 0xea, 0x20, 0x3f, 0xfe, 0xff, 0xd0,
    0x3f, 0xd0, 0x2e, 0xf5, 0x3f, 0xd0, 0xa, 0xf7,
    0x3f, 0xd0, 0x2e, 0xf5, 0x3f, 0xfe, 0xff, 0xe1,
    0x3f, 0xff, 0xeb, 0x20, 0x3f, 0xd0, 0x0, 0x0,
    0x3f, 0xd0, 0x0, 0x0, 0x3f, 0xd0, 0x0, 0x0,
    0x3f, 0xd0, 0x0, 0x0,

    /* U+0051 "Q" */
    0x1, 0xae, 0xea, 0x10, 0xd, 0xfe, 0xef, 0xc0,
    0x3f, 0xe0, 0xe, 0xf3, 0x5f, 0xb0, 0xb, 0xf5,
    0x5f, 0xa0, 0xa, 0xf5, 0x5f, 0xa0, 0xa, 0xf5,
    0x5f, 0xa0, 0xa, 0xf5, 0x5f, 0xb0, 0xb, 0xf5,
    0x3f, 0xd0, 0xe, 0xf2, 0xd, 0xfe, 0xef, 0xc0,
    0x2, 0xbe, 0xff, 0x10, 0x0, 0x0, 0xef, 0x30,
    0x0, 0x0, 0x9f, 0x80,

    /* U+0052 "R" */
    0x3f, 0xff, 0xeb, 0x20, 0x3f, 0xff, 0xff, 0xe0,
    0x3f, 0xd0, 0x2e, 0xf4, 0x3f, 0xd0, 0xb, 0xf6,
    0x3f, 0xd0, 0xe, 0xf4, 0x3f, 0xf8, 0xdf, 0xc0,
    0x3f, 0xff, 0xfa, 0x10, 0x3f, 0xda, 0xfb, 0x0,
    0x3f, 0xd1, 0xff, 0x40, 0x3f, 0xd0, 0x8f, 0xd0,
    0x3f, 0xd0, 0xe, 0xf6,

    /* U+0053 "S" */
    0x2, 0xbe, 0xeb, 0x10, 0xe, 0xfd, 0xef, 0xc0,
    0x3f, 0xd0, 0xd, 0xe0, 0x2f, 0xe1, 0x0, 0x0,
    0xc, 0xfe, 0x50, 0x0, 0x1, 0xaf, 0xfc, 0x20,
    0x0, 0x3, 0xcf, 0xd0, 0x0, 0x0, 0xe, 0xf3,
    0x3f, 0xd0, 0xe, 0xf3, 0xd, 0xfe, 0xef, 0xd0,
    0x2, 0xbf, 0xea, 0x20,

    /* U+0054 "T" */
    0x8f, 0xff, 0xff, 0xf8, 0x8e, 0xef, 0xfe, 0xe8,
    0x0, 0xf, 0xf0, 0x0, 0x0, 0xf, 0xf0, 0x0,
    0x0, 0xf, 0xf0, 0x0, 0x0, 0xf, 0xf0, 0x0,
    0x0, 0xf, 0xf0, 0x0, 0x0, 0xf, 0xf0, 0x0,
    0x0, 0xf, 0xf0, 0x0, 0x0, 0xf, 0xf0, 0x0,
    0x0, 0xf, 0xf0, 0x0,

    /* U+0055 "U" */
    0x6f, 0x90, 0x8, 0xf6, 0x6f, 0x90, 0x8, 0xf6,
    0x6f, 0x90, 0x8, 0xf6, 0x6f, 0x90, 0x8, 0xf6,
    0x6f, 0x90, 0x8, 0xf6, 0x6f, 0x90, 0x8, 0xf6,
    0x6f, 0x90, 0x8, 0xf6, 0x6f, 0x90, 0x8, 0xf6,
    0x5f, 0xd0, 0xc, 0xf4, 0x1e, 0xff, 0xff, 0xe1,
    0x3, 0xbe, 0xeb, 0x30,

    /* U+0056 "V" */
    0x9f, 0x90, 0x7, 0xf9, 0x5f, 0xc0, 0xa, 0xf5,
    0x1f, 0xf0, 0xd, 0xf1, 0xd, 0xf3, 0x1f, 0xd0,
    0x9, 0xf6, 0x4f, 0x90, 0x6, 0xf9, 0x8f, 0x60,
    0x2, 0xfc, 0xbf, 0x20, 0x0, 0xef, 0xee, 0x0,
    0x0, 0xaf, 0xfa, 0x0, 0x0, 0x6f, 0xf6, 0x0,
    0x0, 0x2f, 0xf2, 0x0,

    /* U+0057 "W" */
    0xdf, 0x30, 0x3, 0xfd, 0xbf, 0x50, 0x5, 0xfb,
    0x9f, 0x63, 0x36, 0xf9, 0x7f, 0x87, 0x88, 0xf7,
    0x6f, 0xac, 0xc9, 0xf5, 0x4f, 0xcf, 0xfc, 0xf3,
    0x2f, 0xff, 0xff, 0xf2, 0xf, 0xfc, 0xcf, 0xf0,
    0xe, 0xf8, 0x8f, 0xe0, 0xd, 0xf4, 0x4f, 0xc0,
    0xb, 0xf1, 0x1f, 0xa0,

    /* U+0058 "X" */
    0x5f, 0xe0, 0xd, 0xf5, 0xe, 0xf5, 0x3f, 0xe0,
    0x8, 0xfb, 0x9f, 0x80, 0x1, 0xff, 0xff, 0x10,
    0x0, 0xbf, 0xfb, 0x0, 0x0, 0x6f, 0xf6, 0x0,
    0x0, 0xbf, 0xfc, 0x0, 0x2, 0xff, 0xff, 0x20,
    0x8, 0xfa, 0xaf, 0x80, 0xe, 0xf4, 0x5f, 0xe0,
    0x5f, 0xe0, 0xf, 0xf5,

    /* U+0059 "Y" */
    0x9f, 0xc0, 0xb, 0xf9, 0x2f, 0xf2, 0x1f, 0xf3,
    0xc, 0xf8, 0x6f, 0xc0, 0x5, 0xfd, 0xcf, 0x50,
    0x0, 0xef, 0xfe, 0x0, 0x0, 0x7f, 0xf7, 0x0,
    0x0, 0x1f, 0xf1, 0x0, 0x0, 0xf, 0xf0, 0x0,
    0x0, 0xf, 0xf0, 0x0, 0x0, 0xf, 0xf0, 0x0,
    0x0, 0xf, 0xf0, 0x0,

    /* U+005A "Z" */
    0x5f, 0xff, 0xff, 0xf4, 0x5e, 0xee, 0xff, 0xd0,
    0x0, 0x0, 0xcf, 0x60, 0x0, 0x3, 0xfe, 0x0,
    0x0, 0xa, 0xf8, 0x0, 0x0, 0x2f, 0xf1, 0x0,
    0x0, 0x9f, 0xa0, 0x0, 0x1, 0xff, 0x30, 0x0,
    0x8, 0xfb, 0x0, 0x0, 0xe, 0xff, 0xee, 0xe5,
    0x6f, 0xff, 0xff, 0xf5,

    /* U+005B "[" */
    0x0, 0x0, 0xef, 0xf2, 0xeb, 0x30, 0xea, 0x0,
    0xea, 0x0, 0xea, 0x0, 0xea, 0x0, 0xea, 0x0,
    0xea, 0x0, 0xea, 0x0, 0xea, 0x0, 0xea, 0x0,
    0xea, 0x0, 0xea, 0x0, 0xea, 0x0, 0xeb, 0x30,
    0xef, 0xf2,

    /* U+005C "\\" */
    0xac, 0x0, 0x0, 0x0, 0x3f, 0x30, 0x0, 0x0,
    0xd, 0x90, 0x0, 0x0, 0x6, 0xf1, 0x0, 0x0,
    0x0, 0xf7, 0x0, 0x0, 0x0, 0x8d, 0x0, 0x0,
    0x0, 0x2f, 0x40, 0x0, 0x0, 0xb, 0xb0, 0x0,
    0x0, 0x4, 0xf2, 0x0, 0x0, 0x0, 0xd8, 0x0,
    0x0, 0x0, 0x7e, 0x0, 0x0, 0x0, 0x1f, 0x60,
    0x0, 0x0, 0x9, 0xd0, 0x0, 0x0, 0x3, 0xf3,
    0x0, 0x0, 0x0, 0xca,

    /* U+005D "]" */
    0x0, 0x0, 0x2f, 0xfe, 0x3, 0xbe, 0x0, 0xae,
    0x0, 0xae, 0x0, 0xae, 0x0, 0xae, 0x0, 0xae,
    0x0, 0xae, 0x0, 0xae, 0x0, 0xae, 0x0, 0xae,
    0x0, 0xae, 0x0, 0xae, 0x0, 0xae, 0x3, 0xbe,
    0x2f, 0xfe,

    /* U+005E "^" */
    0x0, 0x1e, 0xe1, 0x0, 0x0, 0x8d, 0xd8, 0x0,
    0x1, 0xf5, 0x5f, 0x10, 0x9, 0xc0, 0xc, 0x90,
    0x2f, 0x40, 0x4, 0xf2,

    /* U+005F "_" */
    0x0, 0x0, 0x0, 0x0, 0xff, 0xff, 0xff, 0xff,
    0x33, 0x33, 0x33, 0x33,

    /* U+0060 "`" */
    0x0, 0x0, 0x8f, 0x90, 0xd, 0xf2, 0x2, 0xf9,

    /* U+0061 "a" */
    0x1, 0x9d, 0xfc, 0x30, 0xb, 0xfd, 0xdf, 0xe0,
    0x0, 0x20, 0xc, 0xf3, 0x6, 0xef, 0xfe, 0xf4,
    0x3f, 0xd5, 0x5d, 0xf4, 0x6f, 0x90, 0xc, 0xf4,
    0x3f, 0xfa, 0xef, 0xf4, 0x6, 0xdf, 0xc9, 0xf4,

    /* U+0062 "b" */
    0x3f, 0xb0, 0x0, 0x0, 0x3f, 0xb0, 0x0, 0x0,
    0x3f, 0xb0, 0x0, 0x0, 0x3f, 0xdb, 0xfd, 0x40,
    0x3f, 0xfd, 0xaf, 0xf0, 0x3f, 0xd0, 0xb, 0xf5,
    0x3f, 0xb0, 0x8, 0xf6, 0x3f, 0xb0, 0x8, 0xf6,
    0x3f, 0xd0, 0xa, 0xf5, 0x3f, 0xfb, 0x8f, 0xf0,
    0x3f, 0xdc, 0xfd, 0x40,

    /* U+0063 "c" */
    0x0, 0x8d, 0xeb, 0x40, 0xa, 0xfe, 0xcf, 0xf2,
    0x2f, 0xe0, 0x3, 0x30, 0x5f, 0xa0, 0x0, 0x0,
    0x5f, 0xa0, 0x0, 0x0, 0x2f, 0xe0, 0x3, 0x30,
    0xa, 0xfe, 0xcf, 0xf2, 0x0, 0x8d, 0xeb, 0x40,

    /* U+0064 "d" */
    0x0, 0x0, 0xb, 0xf3, 0x0, 0x0, 0xb, 0xf3,
    0x0, 0x0, 0xb, 0xf3, 0x4, 0xdf, 0xbd, 0xf3,
    0xf, 0xfa, 0xdf, 0xf3, 0x5f, 0xb0, 0xd, 0xf3,
    0x6f, 0x80, 0xb, 0xf3, 0x6f, 0x80, 0xb, 0xf3,
    0x5f, 0xa0, 0xd, 0xf3, 0xf, 0xfa, 0xdf, 0xf3,
    0x4, 0xdf, 0xbc, 0xf3,

    /* U+0065 "e" */
    0x0, 0x9e, 0xeb, 0x20, 0xb, 0xfd, 0xdf, 0xe0,
    0x3f, 0xb0, 0x9, 0xf5, 0x5f, 0xfe, 0xef, 0xf7,
    0x5f, 0x91, 0x11, 0x10, 0x3f, 0xd0, 0x5, 0x50,
    0xb, 0xfe, 0xdf, 0xf2, 0x0, 0x9d, 0xeb, 0x40,

    /* U+0066 "f" */
    0x0, 0xb, 0xff, 0xf6, 0x0, 0x7f, 0xfd, 0xc5,
    0x0, 0x9f, 0x60, 0x0, 0x4f, 0xff, 0xff, 0x20,
    0x3c, 0xef, 0xec, 0x20, 0x0, 0x9f, 0x50, 0x0,
    0x0, 0x9f, 0x50, 0x0, 0x0, 0x9f, 0x50, 0x0,
    0x0, 0x9f, 0x50, 0x0, 0x0, 0x9f, 0x50, 0x0,
    0x0, 0x9f, 0x50, 0x0,

    /* U+0067 "g" */
    0x4, 0xdf, 0xbc, 0xf3, 0xf, 0xfa, 0xdf, 0xf3,
    0x5f, 0xa0, 0xd, 0xf3, 0x6f, 0x80, 0xb, 0xf3,
    0x6f, 0x80, 0xb, 0xf3, 0x5f, 0xa0, 0x1e, 0xf3,
    0xf, 0xfa, 0xdf, 0xf3, 0x4, 0xdf, 0xad, 0xf3,
    0x4, 0x0, 0xe, 0xf1, 0x3f, 0xeb, 0xef, 0xa0,
    0x7, 0xcf, 0xd9, 0x0,

    /* U+0068 "h" */
    0x3f, 0xb0, 0x0, 0x0, 0x3f, 0xb0, 0x0, 0x0,
    0x3f, 0xb0, 0x0, 0x0, 0x3f, 0xdb, 0xfe, 0x70,
    0x3f, 0xfd, 0xaf, 0xf2, 0x3f, 0xd0, 0xb, 0xf5,
    0x3f, 0xb0, 0x8, 0xf6, 0x3f, 0xb0, 0x8, 0xf6,
    0x3f, 0xb0, 0x8, 0xf6, 0x3f, 0xb0, 0x8, 0xf6,
    0x3f, 0xb0, 0x8, 0xf6,

    /* U+0069 "i" */
    0x0, 0xcc, 0x0, 0x1, 0xff, 0x10, 0x0, 0x33,
    0x0, 0x8f, 0xff, 0x0, 0x7c, 0xff, 0x0, 0x0,
    0xef, 0x0, 0x0, 0xef, 0x0, 0x0, 0xef, 0x0,
    0x0, 0xef, 0x0, 0x7c, 0xff, 0xd7, 0x8f, 0xff,
    0xf8,

    /* U+006A "j" */
    0x0, 0xa, 0xd0, 0x0, 0xf, 0xf2, 0x0, 0x2,
    0x40, 0x1f, 0xff, 0xf0, 0x1d, 0xdf, 0xf0, 0x0,
    0xe, 0xf0, 0x0, 0xe, 0xf0, 0x0, 0xe, 0xf0,
    0x0, 0xe, 0xf0, 0x0, 0xe, 0xf0, 0x0, 0xe,
    0xf0, 0x0, 0x1f, 0xf0, 0xae, 0xff, 0xc0, 0xbf,
    0xfd, 0x30,

    /* U+006B "k" */
    0x3f, 0xb0, 0x0, 0x0, 0x3f, 0xb0, 0x0, 0x0,
    0x3f, 0xb0, 0x0, 0x0, 0x3f, 0xb0, 0x6f, 0xa0,
    0x3f, 0xb1, 0xee, 0x10, 0x3f, 0xca, 0xf4, 0x0,
    0x3f, 0xff, 0xc0, 0x0, 0x3f, 0xdf, 0xf3, 0x0,
    0x3f, 0xb7, 0xfc, 0x0, 0x3f, 0xb0, 0xdf, 0x60,
    0x3f, 0xb0, 0x4f, 0xe1,

    /* U+006C "l" */
    0x4f, 0xff, 0x63, 0xce, 0xf6, 0x0, 0x8f, 0x60,
    0x8, 0xf6, 0x0, 0x8f, 0x60, 0x8, 0xf6, 0x0,
    0x8f, 0x60, 0x8, 0xf6, 0x0, 0x8f, 0x60, 0x8,
    0xf6, 0x0, 0x8f, 0x60,

    /* U+006D "m" */
    0x9f, 0x8e, 0x7b, 0xe4, 0x9f, 0xce, 0xfc, 0xf9,
    0x9f, 0x3b, 0xa4, 0xf9, 0x9f, 0x3a, 0xa3, 0xf9,
    0x9f, 0x3a, 0xa3, 0xf9, 0x9f, 0x3a, 0xa3, 0xf9,
    0x9f, 0x3a, 0xa3, 0xf9, 0x9f, 0x3a, 0xa3, 0xf9,

    /* U+006E "n" */
    0x3f, 0xcb, 0xfe, 0x70, 0x3f, 0xfd, 0xaf, 0xf2,
    0x3f, 0xd0, 0xb, 0xf5, 0x3f, 0xb0, 0x8, 0xf6,
    0x3f, 0xb0, 0x8, 0xf6, 0x3f, 0xb0, 0x8, 0xf6,
    0x3f, 0xb0, 0x8, 0xf6, 0x3f, 0xb0, 0x8, 0xf6,

    /* U+006F "o" */
    0x0, 0x9e, 0xe9, 0x0, 0xa, 0xfe, 0xef, 0xa0,
    0x2f, 0xd0, 0xd, 0xf2, 0x5f, 0x90, 0x9, 0xf5,
    0x5f, 0x90, 0x9, 0xf5, 0x2f, 0xd0, 0xd, 0xf2,
    0xb, 0xfd, 0xdf, 0xa0, 0x0, 0x9e, 0xe9, 0x0,

    /* U+0070 "p" */
    0x3f, 0xcb, 0xfd, 0x40, 0x3f, 0xfd, 0xaf, 0xf0,
    0x3f, 0xd0, 0xb, 0xf5, 0x3f, 0xb0, 0x8, 0xf6,
    0x3f, 0xb0, 0x8, 0xf6, 0x3f, 0xd0, 0xb, 0xf5,
    0x3f, 0xfd, 0xaf, 0xf0, 0x3f, 0xdb, 0xfd, 0x40,
    0x3f, 0xb0, 0x0, 0x0, 0x3f, 0xb0, 0x0, 0x0,
    0x3f, 0xb0, 0x0, 0x0,

    /* U+0071 "q" */
    0x4, 0xdf, 0xbc, 0xf3, 0xf, 0xfa, 0xdf, 0xf3,
    0x5f, 0xb0, 0xd, 0xf3, 0x6f, 0x80, 0xb, 0xf3,
    0x6f, 0x80, 0xb, 0xf3, 0x5f, 0xa0, 0xd, 0xf3,
    0xf, 0xfa, 0xdf, 0xf3, 0x4, 0xdf, 0xbd, 0xf3,
    0x0, 0x0, 0xb, 0xf3, 0x0, 0x0, 0xb, 0xf3,
    0x0, 0x0, 0xb, 0xf3,

    /* U+0072 "r" */
    0xf, 0xb6, 0xde, 0x70, 0xf, 0xfe, 0xbf, 0xf1,
    0xf, 0xf1, 0x5, 0x20, 0xf, 0xc0, 0x0, 0x0,
    0xf, 0xc0, 0x0, 0x0, 0xf, 0xc0, 0x0, 0x0,
    0xf, 0xc0, 0x0, 0x0, 0xf, 0xc0, 0x0, 0x0,

    /* U+0073 "s" */
    0x2b, 0xfe, 0xa1, 0xb, 0xf8, 0xaf, 0x90, 0xcf,
    0x40, 0x11, 0x5, 0xff, 0xc5, 0x0, 0x1, 0x9f,
    0xf8, 0x4, 0x50, 0x2f, 0xe0, 0xbf, 0xa9, 0xfd,
    0x1, 0xbe, 0xfb, 0x20,

    /* U+0074 "t" */
    0x0, 0x7f, 0x70, 0x0, 0x7, 0xf7, 0x0, 0x2f,
    0xff, 0xff, 0x32, 0xad, 0xfd, 0xa2, 0x0, 0x7f,
    0x70, 0x0, 0x7, 0xf7, 0x0, 0x0, 0x7f, 0x70,
    0x0, 0x7, 0xf8, 0x0, 0x0, 0x5f, 0xfd, 0xc0,
    0x0, 0xbf, 0xfe,

    /* U+0075 "u" */
    0x5f, 0x90, 0x8, 0xf5, 0x5f, 0x90, 0x8, 0xf5,
    0x5f, 0x90, 0x8, 0xf5, 0x5f, 0x90, 0x8, 0xf5,
    0x5f, 0x90, 0x8, 0xf5, 0x4f, 0xd0, 0xd, 0xf4,
    0xd, 0xfe, 0xef, 0xd0, 0x2, 0xae, 0xeb, 0x20,

    /* U+0076 "v" */
    0x7f, 0xa0, 0x7, 0xf7, 0x2f, 0xe0, 0xc, 0xf2,
    0xd, 0xf3, 0x1f, 0xd0, 0x8, 0xf8, 0x5f, 0x80,
    0x3, 0xfd, 0xaf, 0x30, 0x0, 0xdf, 0xfe, 0x0,
    0x0, 0x8f, 0xf8, 0x0, 0x0, 0x3f, 0xf3, 0x0,

    /* U+0077 "w" */
    0xbf, 0x40, 0x22, 0xfc, 0x8f, 0x74, 0x65, 0xf8,
    0x5f, 0xa8, 0xa9, 0xf5, 0x2f, 0xeb, 0xdc, 0xf2,
    0xf, 0xff, 0xff, 0xf0, 0xc, 0xfd, 0xdf, 0xc0,
    0x9, 0xf9, 0x9f, 0x80, 0x5, 0xf5, 0x5f, 0x50,

    /* U+0078 "x" */
    0xe, 0xf1, 0xe, 0xe1, 0x7, 0xf8, 0x8f, 0x70,
    0x0, 0xef, 0xfd, 0x0, 0x0, 0x6f, 0xf5, 0x0,
    0x0, 0x7f, 0xf7, 0x0, 0x1, 0xfe, 0xdf, 0x10,
    0x8, 0xf6, 0x6f, 0x80, 0x1f, 0xe0, 0xe, 0xf1,

    /* U+0079 "y" */
    0x6f, 0xa0, 0x7, 0xf7, 0x1f, 0xe0, 0xc, 0xf2,
    0xc, 0xf3, 0xf, 0xd0, 0x7, 0xf8, 0x5f, 0x80,
    0x2, 0xfc, 0xaf, 0x30, 0x0, 0xdf, 0xfe, 0x0,
    0x0, 0x8f, 0xf9, 0x0, 0x0, 0x2f, 0xf4, 0x0,
    0x0, 0xf, 0xf0, 0x0, 0x0, 0x5f, 0xb0, 0x0,
    0x0, 0xaf, 0x60, 0x0,

    /* U+007A "z" */
    0xf, 0xff, 0xff, 0xe0, 0xc, 0xcc, 0xff, 0x60,
    0x0, 0x4, 0xfd, 0x0, 0x0, 0xd, 0xf4, 0x0,
    0x0, 0x6f, 0xb0, 0x0, 0x0, 0xef, 0x20, 0x0,
    0x8, 0xff, 0xcc, 0xc1, 0x1f, 0xff, 0xff, 0xf1,

    /* U+007B "{" */
    0x0, 0x0, 0x10, 0x0, 0x2d, 0xf2, 0x0, 0x9f,
    0x50, 0x0, 0xad, 0x0, 0x0, 0x9d, 0x0, 0x0,
    0x9d, 0x0, 0x0, 0x8e, 0x0, 0x0, 0xac, 0x0,
    0x19, 0xf7, 0x0, 0x1f, 0xe3, 0x0, 0x0, 0xcb,
    0x0, 0x0, 0x8e, 0x0, 0x0, 0x8d, 0x0, 0x0,
    0x9d, 0x0, 0x0, 0xad, 0x0, 0x0, 0x9f, 0x70,
    0x0, 0x2c, 0xf2,

    /* U+007C "|" */
    0x0, 0xaa, 0xaa, 0xaa, 0xaa, 0xaa, 0xaa, 0xaa,
    0xaa, 0xaa, 0xaa, 0xaa, 0xaa, 0xaa, 0xaa, 0xaa,

    /* U+007D "}" */
    0x1, 0x0, 0x0, 0x1f, 0xd2, 0x0, 0x5, 0xf9,
    0x0, 0x0, 0xca, 0x0, 0x0, 0xca, 0x0, 0x0,
    0xd9, 0x0, 0x0, 0xe8, 0x0, 0x0, 0xca, 0x0,
    0x0, 0x7f, 0x91, 0x0, 0x3e, 0xf2, 0x0, 0xbc,
    0x0, 0x0, 0xd9, 0x0, 0x0, 0xd9, 0x0, 0x0,
    0xd9, 0x0, 0x0, 0xca, 0x0, 0x7, 0xf9, 0x0,
    0x1f, 0xc2, 0x0,

    /* U+007E "~" */
    0x0, 0x0, 0x0, 0x0, 0x4e, 0xfb, 0x62, 0x37,
    0x86, 0x59, 0xef, 0xf5, 0x0, 0x0, 0x2, 0x10,

    /* U+00A0 " " */

    /* U+00A1 "¡" */
    0x4, 0x40, 0x1f, 0xf1, 0xc, 0xc0, 0x0, 0x0,
    0x6, 0x60, 0xf, 0xf0, 0xf, 0xf0, 0xf, 0xf0,
    0xf, 0xf0, 0xf, 0xf0, 0xf, 0xf0, 0xf, 0xf0,

    /* U+00A2 "¢" */
    0x0, 0x9, 0xa0, 0x0, 0x0, 0x3c, 0xd4, 0x0,
    0x7, 0xff, 0xff, 0x70, 0x1f, 0xf5, 0x5f, 0xf0,
    0x4f, 0xc0, 0x6, 0x81, 0x5f, 0xb0, 0x0, 0x0,
    0x5f, 0xa0, 0x0, 0x0, 0x5f, 0xa0, 0x0, 0x0,
    0x5f, 0xa0, 0x0, 0x0, 0x5f, 0xb0, 0x0, 0x0,
    0x4f, 0xc0, 0x6, 0x81, 0x1f, 0xf6, 0x5f, 0xf0,
    0x7, 0xff, 0xff, 0x70, 0x0, 0x3c, 0xd4, 0x0,
    0x0, 0x9, 0xa0, 0x0,

    /* U+00A3 "£" */
    0x0, 0x9e, 0xfc, 0x30, 0x9, 0xff, 0xdf, 0xe1,
    0xe, 0xf3, 0xa, 0xe4, 0xe, 0xf0, 0x0, 0x0,
    0xb, 0xf3, 0x0, 0x0, 0x4f, 0xff, 0xff, 0x80,
    0x14, 0xfd, 0x33, 0x10, 0x0, 0xdf, 0x0, 0x0,
    0x0, 0xde, 0x0, 0x0, 0x6e, 0xff, 0xee, 0xe5,
    0x6f, 0xff, 0xff, 0xf6,

    /* U+00A4 "¤" */
    0x4, 0x0, 0x0, 0x1, 0x40, 0xd, 0xc8, 0xee,
    0x8d, 0xc0, 0x1, 0xdf, 0x66, 0xfd, 0x10, 0x0,
    0xac, 0x0, 0xca, 0x0, 0x0, 0xc9, 0x0, 0x9c,
    0x0, 0x0, 0xab, 0x0, 0xba, 0x0, 0x0, 0xcf,
    0x43, 0xfc, 0x0, 0xc, 0xea, 0xff, 0xae, 0xb0,
    0x6, 0x20, 0x11, 0x2, 0x60,

    /* U+00A5 "¥" */
    0x9f, 0xc0, 0xb, 0xf9, 0x3f, 0xf2, 0x1f, 0xf3,
    0xd, 0xf7, 0x6f, 0xd0, 0x6, 0xfd, 0xbf, 0x60,
    0x0, 0xff, 0xff, 0x10, 0x0, 0xaf, 0xfa, 0x0,
    0x8f, 0xff, 0xff, 0xf8, 0x23, 0x4f, 0xf4, 0x32,
    0x8f, 0xff, 0xff, 0xf8, 0x13, 0x3f, 0xf3, 0x31,
    0x0, 0xf, 0xf0, 0x0,

    /* U+00A6 "¦" */
    0xaa, 0xaa, 0xaa, 0xaa, 0xaa, 0x55, 0x0, 0x0,
    0x0, 0x55, 0xaa, 0xaa, 0xaa, 0xaa, 0xaa,

    /* U+00A7 "§" */
    0x0, 0x5d, 0xfc, 0x40, 0x2, 0xfd, 0xaf, 0xe0,
    0x7, 0xf4, 0x7, 0xb1, 0x6, 0xfb, 0x10, 0x0,
    0x3, 0xff, 0xf9, 0x10, 0xe, 0xea, 0xff, 0xd0,
    0x2f, 0x80, 0x1c, 0xf5, 0x1f, 0xe5, 0x7, 0xf4,
    0x8, 0xff, 0xdf, 0xe1, 0x0, 0x4c, 0xff, 0x60,
    0x0, 0x0, 0x8f, 0x80, 0x3d, 0x80, 0x3f, 0x90,
    0xe, 0xfd, 0xff, 0x40, 0x3, 0xcf, 0xd6, 0x0,

    /* U+00A8 "¨" */
    0x2, 0x30, 0x3, 0x20, 0xf, 0xf2, 0x2f, 0xf0,
    0xb, 0xd0, 0xd, 0xb0,

    /* U+00A9 "©" */
    0x2, 0xbe, 0xeb, 0x20, 0x1e, 0x61, 0x5, 0xe1,
    0x88, 0x0, 0x0, 0x88, 0xb4, 0x2c, 0xc2, 0x4b,
    0xb3, 0x77, 0x44, 0x3b, 0xb3, 0x96, 0x0, 0x3b,
    0xb3, 0x96, 0x0, 0x3b, 0xb3, 0x77, 0x44, 0x3b,
    0xb4, 0x2c, 0xc2, 0x4b, 0x88, 0x0, 0x0, 0x88,
    0x1e, 0x61, 0x5, 0xe1, 0x2, 0xbe, 0xeb, 0x20,

    /* U+00AA "ª" */
    0x6, 0xde, 0x80, 0xc, 0x98, 0xf4, 0x0, 0x0,
    0xf6, 0xa, 0xed, 0xf6, 0x5f, 0x22, 0xf6, 0x5f,
    0x48, 0xf6, 0xb, 0xfc, 0xe6, 0x1, 0x11, 0x10,
    0x5f, 0xff, 0xf5, 0x14, 0x44, 0x41,

    /* U+00AB "«" */
    0x0, 0x6, 0x30, 0x8, 0x0, 0x8f, 0x31, 0xdd,
    0xb, 0xf8, 0x3e, 0xe3, 0xcf, 0x62, 0xfd, 0x20,
    0xdf, 0x43, 0xfb, 0x10, 0x1d, 0xf6, 0x5f, 0xd2,
    0x0, 0xbf, 0x33, 0xed, 0x0, 0x8, 0x30, 0x1a,
    0x0, 0x0, 0x0, 0x0,

    /* U+00AC "¬" */
    0x0, 0x0, 0x0, 0x0, 0x8f, 0xff, 0xff, 0xf8,
    0x13, 0x33, 0x33, 0xc8, 0x0, 0x0, 0x0, 0xb8,
    0x0, 0x0, 0x0, 0xb8, 0x0, 0x0, 0x0, 0xb8,
    0x0, 0x0, 0x0, 0x86,

    /* U+00AE "®" */
    0x2, 0xbe, 0xeb, 0x20, 0x1e, 0x61, 0x5, 0xe1,
    0x88, 0x0, 0x0, 0x88, 0xb4, 0x9e, 0xc2, 0x4b,
    0xb3, 0x96, 0x79, 0x3b, 0xb3, 0x97, 0x98, 0x3b,
    0xb3, 0x9f, 0xc0, 0x3b, 0xb3, 0x98, 0xf2, 0x3b,
    0xb4, 0x85, 0x98, 0x4b, 0x88, 0x0, 0x0, 0x88,
    0x1e, 0x61, 0x5, 0xe1, 0x2, 0xbe, 0xeb, 0x20,

    /* U+00AF "¯" */
    0x28, 0x88, 0x88, 0x82, 0x3f, 0xff, 0xff, 0xf3,

    /* U+00B0 "°" */
    0x5, 0xee, 0x50, 0x1e, 0x22, 0xe1, 0x3c, 0x0,
    0xc3, 0x1f, 0x22, 0xf1, 0x6, 0xee, 0x60,

    /* U+00B1 "±" */
    0x0, 0x0, 0x0, 0x0, 0x0, 0xa, 0xa0, 0x0,
    0x0, 0xa, 0xa0, 0x0, 0x0, 0xa, 0xa0, 0x0,
    0x8f, 0xff, 0xff, 0xf8, 0x13, 0x3b, 0xb3, 0x31,
    0x0, 0xa, 0xa0, 0x0, 0x0, 0xa, 0xa0, 0x0,
    0x0, 0x0, 0x0, 0x0, 0x0, 0x0, 0x0, 0x0,
    0x8f, 0xff, 0xff, 0xf8, 0x13, 0x33, 0x33, 0x31,

    /* U+00B2 "²" */
    0x3e, 0xd3, 0xab, 0xa9, 0x10, 0x9a, 0x1, 0xf5,
    0x8, 0xd0, 0x1f, 0x94, 0x8f, 0xfb,

    /* U+00B3 "³" */
    0x2c, 0xe3, 0x77, 0x89, 0x0, 0x9a, 0x0, 0xf7,
    0x10, 0x7d, 0xd9, 0x9c, 0x4e, 0xe4,

    /* U+00B4 "´" */
    0x0, 0x0, 0xa, 0xf8, 0x2f, 0xc0, 0xaf, 0x20,

    /* U+00B6 "¶" */
    0x1b, 0xff, 0xff, 0xf3, 0x8f, 0xff, 0x92, 0xf3,
    0xaf, 0xff, 0x80, 0xf3, 0x7f, 0xff, 0x80, 0xf3,
    0x8, 0xbf, 0x80, 0xf3, 0x0, 0xb, 0x80, 0xf3,
    0x0, 0xb, 0x80, 0xf3, 0x0, 0xb, 0x80, 0xf3,
    0x0, 0xb, 0x80, 0xf3, 0x0, 0xb, 0x80, 0xf3,
    0x0, 0xb, 0x80, 0xf3, 0x0, 0xb, 0x80, 0xf3,
    0x0, 0xb, 0x80, 0xf3, 0x0, 0x7, 0x50, 0xa2,

    /* U+00B7 "·" */
    0x4, 0x40, 0x1f, 0xf1, 0xc, 0xc0,

    /* U+00B8 "¸" */
    0x7, 0x70, 0xe, 0xc0, 0x1f, 0x70, 0x1a, 0x20,

    /* U+00B9 "¹" */
    0x0, 0x30, 0xa, 0xf1, 0x1b, 0xf1, 0x1, 0xf1,
    0x1, 0xf1, 0x1, 0xf1, 0x1, 0xf1,

    /* U+00BA "º" */
    0x4, 0xdd, 0x40, 0x1f, 0x99, 0xf1, 0x5f, 0x11,
    0xf5, 0x7e, 0x0, 0xe7, 0x5f, 0x10, 0xf5, 0x1f,
    0x99, 0xf1, 0x5, 0xdd, 0x40, 0x1, 0x11, 0x10,
    0x5f, 0xff, 0xf5, 0x14, 0x44, 0x41,

    /* U+00BB "»" */
    0x80, 0x3, 0x50, 0x0, 0xdc, 0x14, 0xf8, 0x0,
    0x4e, 0xe3, 0x9f, 0xa0, 0x2, 0xdf, 0x26, 0xfb,
    0x1, 0xbf, 0x34, 0xfc, 0x2d, 0xf5, 0x6f, 0xc1,
    0xde, 0x33, 0xfa, 0x0, 0xa1, 0x4, 0x80, 0x0,
    0x0, 0x0, 0x0, 0x0,

    /* U+00BC "¼" */
    0x0, 0x0, 0x0, 0x0, 0x0, 0x0, 0x8a, 0x0,
    0x7, 0x90, 0x7, 0xea, 0x0, 0x1f, 0x20, 0x0,
    0x7a, 0x0, 0xb8, 0x0, 0x0, 0x7a, 0x4, 0xe0,
    0x0, 0x0, 0x7a, 0xd, 0x50, 0x0, 0x0, 0x7a,
    0x8c, 0x3d, 0x50, 0x0, 0x14, 0xf2, 0xbf, 0x60,
    0x0, 0xb, 0x83, 0xcb, 0x60, 0x0, 0x5e, 0xa,
    0x5b, 0x60, 0x0, 0xe5, 0xe, 0xff, 0xf0, 0x8,
    0xb0, 0x2, 0x2d, 0x80, 0x5, 0x10, 0x0, 0x4,
    0x20,

    /* U+00BD "½" */
    0x0, 0x5, 0x0, 0x2, 0x40, 0x3, 0xec, 0x0,
    0xc, 0x70, 0x5, 0xbc, 0x0, 0x6d, 0x0, 0x0,
    0x6c, 0x0, 0xe4, 0x0, 0x0, 0x6c, 0x8, 0xb0,
    0x0, 0x0, 0x6c, 0x2f, 0x20, 0x0, 0x0, 0x6b,
    0xb9, 0xcf, 0x70, 0x0, 0x5, 0xe6, 0xe6, 0xf0,
    0x0, 0xd, 0x50, 0x6, 0xe0, 0x0, 0x7c, 0x0,
    0xe, 0x70, 0x1, 0xf3, 0x0, 0x8d, 0x0, 0xa,
    0x90, 0x2, 0xff, 0xf0, 0x2, 0x0, 0x1, 0x22,
    0x20,

    /* U+00BE "¾" */
    0x6, 0xd9, 0x0, 0x3, 0xa0, 0xb, 0x3d, 0x30,
    0xd, 0x60, 0x0, 0x4e, 0x20, 0x7c, 0x0, 0x0,
    0x3e, 0x41, 0xf3, 0x0, 0x3e, 0x1d, 0x7a, 0x90,
    0x0, 0xc, 0xfe, 0x6e, 0x2f, 0xa0, 0x0, 0x20,
    0xd5, 0x8e, 0xa0, 0x0, 0x7, 0xc0, 0xe8, 0xa0,
    0x0, 0x2f, 0x26, 0x87, 0xa0, 0x0, 0xb8, 0xa,
    0xff, 0xf4, 0x5, 0xe0, 0x1, 0x29, 0xb0, 0x4,
    0x20, 0x0, 0x2, 0x30,

    /* U+00BF "¿" */
    0x0, 0x16, 0x10, 0x0, 0x9, 0xf8, 0x0, 0x0,
    0x5e, 0x40, 0x0, 0x0, 0x0, 0x0, 0x0, 0x14,
    0x10, 0x0, 0x9, 0xf5, 0x0, 0x5, 0xfe, 0x10,
    0x4, 0xfe, 0x30, 0x0, 0xcf, 0x40, 0x23, 0xe,
    0xf3, 0xd, 0xf2, 0x9f, 0xed, 0xfd, 0x1, 0x9e,
    0xfb, 0x20,

    /* U+00C0 "À" */
    0x1, 0xef, 0x20, 0x0, 0x0, 0x4f, 0xa0, 0x0,
    0x0, 0x7, 0xc2, 0x0, 0x0, 0x0, 0x0, 0x0,
    0x0, 0x2f, 0xf2, 0x0, 0x0, 0x6f, 0xf6, 0x0,
    0x0, 0xaf, 0xfa, 0x0, 0x0, 0xed, 0xfe, 0x0,
    0x2, 0xfa, 0xcf, 0x20, 0x6, 0xf6, 0x8f, 0x50,
    0xa, 0xf3, 0x5f, 0x90, 0xd, 0xfe, 0xef, 0xd0,
    0x1f, 0xff, 0xff, 0xf1, 0x5f, 0x90, 0xb, 0xf5,
    0x9f, 0x60, 0x8, 0xf9,

    /* U+00C1 "Á" */
    0x0, 0x2, 0xfe, 0x10, 0x0, 0xb, 0xf3, 0x0,
    0x0, 0x2c, 0x60, 0x0, 0x0, 0x0, 0x0, 0x0,
    0x0, 0x2f, 0xf2, 0x0, 0x0, 0x6f, 0xf6, 0x0,
    0x0, 0xaf, 0xfa, 0x0, 0x0, 0xed, 0xfe, 0x0,
    0x2, 0xfa, 0xcf, 0x20, 0x6, 0xf6, 0x8f, 0x50,
    0xa, 0xf3, 0x5f, 0x90, 0xd, 0xfe, 0xef, 0xd0,
    0x1f, 0xff, 0xff, 0xf1, 0x5f, 0x90, 0xb, 0xf5,
    0x9f, 0x60, 0x8, 0xf9,

    /* U+00C2 "Â" */
    0x0, 0xaf, 0xfa, 0x0, 0x5, 0xf7, 0x8f, 0x50,
    0x7, 0x60, 0x6, 0x70, 0x0, 0x0, 0x0, 0x0,
    0x0, 0x2f, 0xf2, 0x0, 0x0, 0x6f, 0xf6, 0x0,
    0x0, 0xaf, 0xfa, 0x0, 0x0, 0xed, 0xfe, 0x0,
    0x2, 0xfa, 0xcf, 0x20, 0x6, 0xf6, 0x8f, 0x50,
    0xa, 0xf3, 0x5f, 0x90, 0xd, 0xfe, 0xef, 0xd0,
    0x1f, 0xff, 0xff, 0xf1, 0x5f, 0x90, 0xb, 0xf5,
    0x9f, 0x60, 0x8, 0xf9,

    /* U+00C3 "Ã" */
    0x2c, 0xea, 0x51, 0x34, 0x7c, 0xae, 0xff, 0xf6,
    0x10, 0x0, 0x37, 0x50, 0x0, 0x0, 0x0, 0x0,
    0x0, 0x2f, 0xf2, 0x0, 0x0, 0x6f, 0xf6, 0x0,
    0x0, 0xaf, 0xfa, 0x0, 0x0, 0xed, 0xfe, 0x0,
    0x2, 0xfa, 0xcf, 0x20, 0x6, 0xf6, 0x8f, 0x50,
    0xa, 0xf3, 0x5f, 0x90, 0xd, 0xfe, 0xef, 0xd0,
    0x1f, 0xff, 0xff, 0xf1, 0x5f, 0x90, 0xb, 0xf5,
    0x9f, 0x60, 0x8, 0xf9,

    /* U+00C4 "Ä" */
    0xb, 0xd0, 0xd, 0xb0, 0xf, 0xf2, 0x2f, 0xf0,
    0x3, 0x30, 0x3, 0x20, 0x0, 0x0, 0x0, 0x0,
    0x0, 0x2f, 0xf2, 0x0, 0x0, 0x6f, 0xf6, 0x0,
    0x0, 0xaf, 0xfa, 0x0, 0x0, 0xed, 0xfe, 0x0,
    0x2, 0xfa, 0xcf, 0x20, 0x6, 0xf6, 0x8f, 0x50,
    0xa, 0xf3, 0x5f, 0x90, 0xd, 0xfe, 0xef, 0xd0,
    0x1f, 0xff, 0xff, 0xf1, 0x5f, 0x90, 0xb, 0xf5,
    0x9f, 0x60, 0x8, 0xf9,

    /* U+00C5 "Å" */
    0x0, 0x9e, 0xe9, 0x0, 0x3, 0xf2, 0x2f, 0x30,
    0x0, 0x9e, 0xe9, 0x0, 0x0, 0x0, 0x0, 0x0,
    0x0, 0x2f, 0xf2, 0x0, 0x0, 0x6f, 0xf6, 0x0,
    0x0, 0xaf, 0xfa, 0x0, 0x0, 0xed, 0xfe, 0x0,
    0x2, 0xfa, 0xcf, 0x20, 0x6, 0xf6, 0x8f, 0x50,
    0xa, 0xf3, 0x5f, 0x90, 0xd, 0xfe, 0xef, 0xd0,
    0x1f, 0xff, 0xff, 0xf1, 0x5f, 0x90, 0xb, 0xf5,
    0x9f, 0x60, 0x8, 0xf9,

    /* U+00C6 "Æ" */
    0x5, 0xff, 0xff, 0xfd, 0x8, 0xff, 0xff, 0xec,
    0xa, 0xf2, 0xfd, 0x0, 0xc, 0xf0, 0xfd, 0x0,
    0xf, 0xd0, 0xff, 0xd7, 0x1f, 0xb0, 0xff, 0xf8,
    0x4f, 0x90, 0xfd, 0x0, 0x6f, 0xed, 0xfd, 0x0,
    0x8f, 0xff, 0xfd, 0x0, 0xbf, 0x30, 0xff, 0xec,
    0xdf, 0x10, 0xff, 0xfd,

    /* U+00C7 "Ç" */
    0x2, 0xae, 0xeb, 0x20, 0xd, 0xfe, 0xef, 0xd0,
    0x3f, 0xd0, 0xc, 0xe2, 0x5f, 0xb0, 0x0, 0x0,
    0x5f, 0xa0, 0x0, 0x0, 0x5f, 0xa0, 0x0, 0x0,
    0x5f, 0xa0, 0x0, 0x0, 0x5f, 0xb0, 0x0, 0x0,
    0x3f, 0xd0, 0xc, 0xe2, 0xd, 0xfe, 0xef, 0xd0,
    0x2, 0xbe, 0xeb, 0x20, 0x0, 0x8, 0xa0, 0x0,
    0x0, 0xc, 0xd0, 0x0, 0x0, 0xf, 0x80, 0x0,
    0x0, 0x7, 0x30, 0x0,

    /* U+00C8 "È" */
    0x1e, 0xf2, 0x0, 0x4, 0xfa, 0x0, 0x0, 0x7c,
    0x20, 0x0, 0x0, 0x0, 0xef, 0xff, 0xff, 0xef,
    0xee, 0xee, 0xef, 0x10, 0x0, 0xef, 0x10, 0x0,
    0xef, 0xdd, 0xd8, 0xef, 0xff, 0xfa, 0xef, 0x10,
    0x0, 0xef, 0x10, 0x0, 0xef, 0x10, 0x0, 0xef,
    0xee, 0xee, 0xef, 0xff, 0xff,

    /* U+00C9 "É" */
    0x0, 0xaf, 0x70, 0x3, 0xfb, 0x0, 0x8, 0xb1,
    0x0, 0x0, 0x0, 0x0, 0xef, 0xff, 0xff, 0xef,
    0xee, 0xee, 0xef, 0x10, 0x0, 0xef, 0x10, 0x0,
    0xef, 0xdd, 0xd8, 0xef, 0xff, 0xfa, 0xef, 0x10,
    0x0, 0xef, 0x10, 0x0, 0xef, 0x10, 0x0, 0xef,
    0xee, 0xee, 0xef, 0xff, 0xff,

    /* U+00CA "Ê" */
    0x0, 0xaf, 0xfa, 0x0, 0x5, 0xf7, 0x8f, 0x50,
    0x7, 0x60, 0x6, 0x70, 0x0, 0x0, 0x0, 0x0,
    0xe, 0xff, 0xff, 0xf0, 0xe, 0xfe, 0xee, 0xe0,
    0xe, 0xf1, 0x0, 0x0, 0xe, 0xf1, 0x0, 0x0,
    0xe, 0xfd, 0xdd, 0x80, 0xe, 0xff, 0xff, 0xa0,
    0xe, 0xf1, 0x0, 0x0, 0xe, 0xf1, 0x0, 0x0,
    0xe, 0xf1, 0x0, 0x0, 0xe, 0xfe, 0xee, 0xe0,
    0xe, 0xff, 0xff, 0xf0,

    /* U+00CB "Ë" */
    0xb, 0xd0, 0xd, 0xb0, 0xf, 0xf2, 0x2f, 0xf0,
    0x3, 0x30, 0x3, 0x20, 0x0, 0x0, 0x0, 0x0,
    0xe, 0xff, 0xff, 0xf0, 0xe, 0xfe, 0xee, 0xe0,
    0xe, 0xf1, 0x0, 0x0, 0xe, 0xf1, 0x0, 0x0,
    0xe, 0xfd, 0xdd, 0x80, 0xe, 0xff, 0xff, 0xa0,
    0xe, 0xf1, 0x0, 0x0, 0xe, 0xf1, 0x0, 0x0,
    0xe, 0xf1, 0x0, 0x0, 0xe, 0xfe, 0xee, 0xe0,
    0xe, 0xff, 0xff, 0xf0,

    /* U+00CC "Ì" */
    0x1e, 0xf2, 0x0, 0x4, 0xfa, 0x0, 0x0, 0x7c,
    0x20, 0x0, 0x0, 0x0, 0xbf, 0xff, 0xfb, 0xae,
    0xff, 0xea, 0x0, 0xff, 0x0, 0x0, 0xff, 0x0,
    0x0, 0xff, 0x0, 0x0, 0xff, 0x0, 0x0, 0xff,
    0x0, 0x0, 0xff, 0x0, 0x0, 0xff, 0x0, 0xae,
    0xff, 0xea, 0xbf, 0xff, 0xfb,

    /* U+00CD "Í" */
    0x0, 0x2f, 0xe1, 0x0, 0xbf, 0x30, 0x2, 0xc6,
    0x0, 0x0, 0x0, 0x0, 0xbf, 0xff, 0xfb, 0xae,
    0xff, 0xea, 0x0, 0xff, 0x0, 0x0, 0xff, 0x0,
    0x0, 0xff, 0x0, 0x0, 0xff, 0x0, 0x0, 0xff,
    0x0, 0x0, 0xff, 0x0, 0x0, 0xff, 0x0, 0xae,
    0xff, 0xea, 0xbf, 0xff, 0xfb,

    /* U+00CE "Î" */
    0x0, 0xaf, 0xfa, 0x0, 0x5, 0xf7, 0x8f, 0x50,
    0x7, 0x60, 0x6, 0x70, 0x0, 0x0, 0x0, 0x0,
    0xb, 0xff, 0xff, 0xb0, 0xa, 0xef, 0xfe, 0xa0,
    0x0, 0xf, 0xf0, 0x0, 0x0, 0xf, 0xf0, 0x0,
    0x0, 0xf, 0xf0, 0x0, 0x0, 0xf, 0xf0, 0x0,
    0x0, 0xf, 0xf0, 0x0, 0x0, 0xf, 0xf0, 0x0,
    0x0, 0xf, 0xf0, 0x0, 0xa, 0xef, 0xfe, 0xa0,
    0xb, 0xff, 0xff, 0xb0,

    /* U+00CF "Ï" */
    0xb, 0xd0, 0xd, 0xb0, 0xf, 0xf2, 0x2f, 0xf0,
    0x3, 0x30, 0x3, 0x20, 0x0, 0x0, 0x0, 0x0,
    0xb, 0xff, 0xff, 0xb0, 0xa, 0xef, 0xfe, 0xa0,
    0x0, 0xf, 0xf0, 0x0, 0x0, 0xf, 0xf0, 0x0,
    0x0, 0xf, 0xf0, 0x0, 0x0, 0xf, 0xf0, 0x0,
    0x0, 0xf, 0xf0, 0x0, 0x0, 0xf, 0xf0, 0x0,
    0x0, 0xf, 0xf0, 0x0, 0xa, 0xef, 0xfe, 0xa0,
    0xb, 0xff, 0xff, 0xb0,

    /* U+00D0 "Ð" */
    0x3f, 0xff, 0xfb, 0x20, 0x3f, 0xfe, 0xff, 0xd0,
    0x3f, 0xd0, 0x2f, 0xf2, 0x3f, 0xd0, 0xc, 0xf4,
    0xbf, 0xfd, 0x7b, 0xf4, 0xdf, 0xff, 0x8b, 0xf4,
    0x3f, 0xd0, 0xb, 0xf4, 0x3f, 0xd0, 0xc, 0xf4,
    0x3f, 0xd0, 0x2f, 0xf2, 0x3f, 0xfe, 0xff, 0xd0,
    0x3f, 0xff, 0xfb, 0x20,

    /* U+00D1 "Ñ" */
    0x2c, 0xea, 0x51, 0x34, 0x7c, 0xae, 0xff, 0xf6,
    0x10, 0x0, 0x37, 0x50, 0x0, 0x0, 0x0, 0x0,
    0x3f, 0xf5, 0xa, 0xf3, 0x3f, 0xfb, 0xa, 0xf3,
    0x3f, 0xff, 0x1a, 0xf3, 0x3f, 0xff, 0x7a, 0xf3,
    0x3f, 0xff, 0xca, 0xf3, 0x3f, 0xaf, 0xfc, 0xf3,
    0x3f, 0xa9, 0xff, 0xf3, 0x3f, 0xa2, 0xff, 0xf3,
    0x3f, 0xa0, 0xcf, 0xf3, 0x3f, 0xa0, 0x5f, 0xf3,
    0x3f, 0xa0, 0xe, 0xf3,

    /* U+00D2 "Ò" */
    0x1, 0xef, 0x20, 0x0, 0x0, 0x4f, 0xa0, 0x0,
    0x0, 0x7, 0xc2, 0x0, 0x0, 0x0, 0x0, 0x0,
    0x1, 0xae, 0xea, 0x10, 0xd, 0xfe, 0xef, 0xd0,
    0x3f, 0xd0, 0xe, 0xf3, 0x5f, 0xb0, 0xb, 0xf5,
    0x5f, 0xa0, 0xa, 0xf5, 0x5f, 0xa0, 0xa, 0xf5,
    0x5f, 0xa0, 0xa, 0xf5, 0x5f, 0xb0, 0xb, 0xf5,
    0x3f, 0xd0, 0xd, 0xf3, 0xd, 0xfe, 0xef, 0xd0,
    0x1, 0xae, 0xea, 0x10,

    /* U+00D3 "Ó" */
    0x0, 0x2, 0xfe, 0x10, 0x0, 0xb, 0xf3, 0x0,
    0x0, 0x2c, 0x60, 0x0, 0x0, 0x0, 0x0, 0x0,
    0x1, 0xae, 0xea, 0x10, 0xd, 0xfe, 0xef, 0xd0,
    0x3f, 0xd0, 0xe, 0xf3, 0x5f, 0xb0, 0xb, 0xf5,
    0x5f, 0xa0, 0xa, 0xf5, 0x5f, 0xa0, 0xa, 0xf5,
    0x5f, 0xa0, 0xa, 0xf5, 0x5f, 0xb0, 0xb, 0xf5,
    0x3f, 0xd0, 0xd, 0xf3, 0xd, 0xfe, 0xef, 0xd0,
    0x1, 0xae, 0xea, 0x10,

    /* U+00D4 "Ô" */
    0x0, 0x37, 0x73, 0x0, 0x0, 0xdf, 0xfd, 0x0,
    0x7, 0xf5, 0x6f, 0x70, 0x7, 0x60, 0x6, 0x70,
    0x0, 0x0, 0x0, 0x0, 0x1, 0xae, 0xea, 0x10,
    0xd, 0xfe, 0xef, 0xd0, 0x3f, 0xd0, 0xe, 0xf3,
    0x5f, 0xb0, 0xb, 0xf5, 0x5f, 0xa0, 0xa, 0xf5,
    0x5f, 0xa0, 0xa, 0xf5, 0x5f, 0xa0, 0xa, 0xf5,
    0x5f, 0xb0, 0xb, 0xf5, 0x3f, 0xd0, 0xd, 0xf3,
    0xd, 0xfe, 0xef, 0xd0, 0x1, 0xae, 0xea, 0x10,

    /* U+00D5 "Õ" */
    0x2c, 0xea, 0x51, 0x34, 0x7c, 0xae, 0xff, 0xf6,
    0x10, 0x0, 0x37, 0x50, 0x0, 0x0, 0x0, 0x0,
    0x1, 0xae, 0xea, 0x10, 0xd, 0xfe, 0xef, 0xd0,
    0x3f, 0xd0, 0xe, 0xf3, 0x5f, 0xb0, 0xb, 0xf5,
    0x5f, 0xa0, 0xa, 0xf5, 0x5f, 0xa0, 0xa, 0xf5,
    0x5f, 0xa0, 0xa, 0xf5, 0x5f, 0xb0, 0xb, 0xf5,
    0x3f, 0xd0, 0xd, 0xf3, 0xd, 0xfe, 0xef, 0xd0,
    0x1, 0xae, 0xea, 0x10,

    /* U+00D6 "Ö" */
    0xb, 0xd0, 0xd, 0xb0, 0xf, 0xf2, 0x2f, 0xf0,
    0x3, 0x30, 0x3, 0x20, 0x0, 0x0, 0x0, 0x0,
    0x1, 0xae, 0xea, 0x10, 0xd, 0xfe, 0xef, 0xd0,
    0x3f, 0xd0, 0xe, 0xf3, 0x5f, 0xb0, 0xb, 0xf5,
    0x5f, 0xa0, 0xa, 0xf5, 0x5f, 0xa0, 0xa, 0xf5,
    0x5f, 0xa0, 0xa, 0xf5, 0x5f, 0xb0, 0xb, 0xf5,
    0x3f, 0xd0, 0xd, 0xf3, 0xd, 0xfe, 0xef, 0xd0,
    0x1, 0xae, 0xea, 0x10,

    /* U+00D7 "×" */
    0x32, 0x0, 0x13, 0xae, 0x22, 0xeb, 0xb, 0xee,
    0xb0, 0x2, 0xff, 0x30, 0x2e, 0xbb, 0xe2, 0xbb,
    0x0, 0xab, 0x0, 0x0, 0x0,

    /* U+00D8 "Ø" */
    0x0, 0x0, 0x0, 0x64, 0x1, 0xae, 0xea, 0xf5,
    0xd, 0xfd, 0xcf, 0xf0, 0x3f, 0xb0, 0x1f, 0xf3,
    0x5f, 0x80, 0x9f, 0xf5, 0x5f, 0x72, 0xfb, 0xf5,
    0x5f, 0x7b, 0xa7, 0xf5, 0x5f, 0xbf, 0x27, 0xf5,
    0x5f, 0xf9, 0x8, 0xf5, 0x3f, 0xf1, 0xb, 0xf3,
    0xf, 0xfd, 0xdf, 0xd0, 0x5f, 0x9d, 0xea, 0x20,
    0x46, 0x0, 0x0, 0x0,

    /* U+00D9 "Ù" */
    0x1, 0xef, 0x20, 0x0, 0x0, 0x4f, 0xa0, 0x0,
    0x0, 0x7, 0xc2, 0x0, 0x0, 0x0, 0x0, 0x0,
    0x6f, 0x90, 0x8, 0xf6, 0x6f, 0x90, 0x8, 0xf6,
    0x6f, 0x90, 0x8, 0xf6, 0x6f, 0x90, 0x8, 0xf6,
    0x6f, 0x90, 0x8, 0xf6, 0x6f, 0x90, 0x8, 0xf6,
    0x6f, 0x90, 0x8, 0xf6, 0x6f, 0x90, 0x8, 0xf6,
    0x5f, 0xd0, 0xc, 0xf4, 0x1e, 0xff, 0xff, 0xe1,
    0x3, 0xbe, 0xeb, 0x30,

    /* U+00DA "Ú" */
    0x0, 0x2, 0xfe, 0x10, 0x0, 0xb, 0xf3, 0x0,
    0x0, 0x2c, 0x60, 0x0, 0x0, 0x0, 0x0, 0x0,
    0x6f, 0x90, 0x8, 0xf6, 0x6f, 0x90, 0x8, 0xf6,
    0x6f, 0x90, 0x8, 0xf6, 0x6f, 0x90, 0x8, 0xf6,
    0x6f, 0x90, 0x8, 0xf6, 0x6f, 0x90, 0x8, 0xf6,
    0x6f, 0x90, 0x8, 0xf6, 0x6f, 0x90, 0x8, 0xf6,
    0x5f, 0xd0, 0xc, 0xf4, 0x1e, 0xff, 0xff, 0xe1,
    0x3, 0xbe, 0xeb, 0x30,

    /* U+00DB "Û" */
    0x0, 0x37, 0x73, 0x0, 0x0, 0xdf, 0xfd, 0x0,
    0x7, 0xf5, 0x6f, 0x70, 0x7, 0x60, 0x6, 0x70,
    0x0, 0x0, 0x0, 0x0, 0x6f, 0x90, 0x8, 0xf6,
    0x6f, 0x90, 0x8, 0xf6, 0x6f, 0x90, 0x8, 0xf6,
    0x6f, 0x90, 0x8, 0xf6, 0x6f, 0x90, 0x8, 0xf6,
    0x6f, 0x90, 0x8, 0xf6, 0x6f, 0x90, 0x8, 0xf6,
    0x6f, 0x90, 0x8, 0xf6, 0x5f, 0xd0, 0xc, 0xf4,
    0x1e, 0xff, 0xff, 0xe1, 0x3, 0xbe, 0xeb, 0x30,

    /* U+00DC "Ü" */
    0xb, 0xd0, 0xd, 0xb0, 0xf, 0xf2, 0x2f, 0xf0,
    0x3, 0x30, 0x3, 0x20, 0x0, 0x0, 0x0, 0x0,
    0x6f, 0x90, 0x8, 0xf6, 0x6f, 0x90, 0x8, 0xf6,
    0x6f, 0x90, 0x8, 0xf6, 0x6f, 0x90, 0x8, 0xf6,
    0x6f, 0x90, 0x8, 0xf6, 0x6f, 0x90, 0x8, 0xf6,
    0x6f, 0x90, 0x8, 0xf6, 0x6f, 0x90, 0x8, 0xf6,
    0x5f, 0xd0, 0xc, 0xf4, 0x1e, 0xff, 0xff, 0xe1,
    0x3, 0xbe, 0xeb, 0x30,

    /* U+00DD "Ý" */
    0x0, 0x2, 0xfe, 0x10, 0x0, 0xb, 0xf3, 0x0,
    0x0, 0x2c, 0x60, 0x0, 0x0, 0x0, 0x0, 0x0,
    0x9f, 0xc0, 0xb, 0xf9, 0x2f, 0xf2, 0x1f, 0xf3,
    0xc, 0xf8, 0x6f, 0xc0, 0x5, 0xfd, 0xcf, 0x50,
    0x0, 0xef, 0xfe, 0x0, 0x0, 0x7f, 0xf7, 0x0,
    0x0, 0x1f, 0xf1, 0x0, 0x0, 0xf, 0xf0, 0x0,
    0x0, 0xf, 0xf0, 0x0, 0x0, 0xf, 0xf0, 0x0,
    0x0, 0xf, 0xf0, 0x0,

    /* U+00DE "Þ" */
    0x3f, 0xd0, 0x0, 0x0, 0x3f, 0xfe, 0xc8, 0x0,
    0x3f, 0xff, 0xff, 0xc0, 0x3f, 0xd0, 0x2e, 0xf4,
    0x3f, 0xd0, 0xa, 0xf6, 0x3f, 0xd0, 0xa, 0xf7,
    0x3f, 0xd0, 0x3e, 0xf4, 0x3f, 0xfe, 0xff, 0xd0,
    0x3f, 0xff, 0xea, 0x10, 0x3f, 0xd0, 0x0, 0x0,
    0x3f, 0xd0, 0x0, 0x0,

    /* U+00DF "ß" */
    0x2, 0xbe, 0xeb, 0x20, 0xd, 0xfe, 0xdf, 0xd0,
    0x2f, 0xe0, 0xd, 0xf1, 0x3f, 0xc0, 0x4f, 0xe0,
    0x3f, 0xb4, 0xff, 0x40, 0x3f, 0xb1, 0x7f, 0xe1,
    0x3f, 0xb0, 0x9, 0xf6, 0x3f, 0xb0, 0x7, 0xf7,
    0x3f, 0xb0, 0x1c, 0xf5, 0x3f, 0xb6, 0xff, 0xe0,
    0x3f, 0xb7, 0xeb, 0x20,

    /* U+00E0 "à" */
    0x1, 0xef, 0x20, 0x0, 0x0, 0x4f, 0xa0, 0x0,
    0x0, 0x9, 0xf2, 0x0, 0x0, 0x0, 0x0, 0x0,
    0x1, 0x9d, 0xfc, 0x30, 0xb, 0xfd, 0xdf, 0xe0,
    0x0, 0x20, 0xc, 0xf3, 0x6, 0xef, 0xfe, 0xf4,
    0x3f, 0xd5, 0x5d, 0xf4, 0x6f, 0x90, 0xc, 0xf4,
    0x3f, 0xfa, 0xef, 0xf4, 0x6, 0xdf, 0xc9, 0xf4,

    /* U+00E1 "á" */
    0x0, 0x1, 0xff, 0x20, 0x0, 0x9, 0xf6, 0x0,
    0x0, 0x1f, 0xb0, 0x0, 0x0, 0x0, 0x0, 0x0,
    0x1, 0x9d, 0xfc, 0x30, 0xb, 0xfd, 0xdf, 0xe0,
    0x0, 0x20, 0xc, 0xf3, 0x6, 0xef, 0xfe, 0xf4,
    0x3f, 0xd5, 0x5d, 0xf4, 0x6f, 0x90, 0xc, 0xf4,
    0x3f, 0xfa, 0xef, 0xf4, 0x6, 0xdf, 0xc9, 0xf4,

    /* U+00E2 "â" */
    0x0, 0x8f, 0xfa, 0x0, 0x2, 0xfb, 0xaf, 0x30,
    0xb, 0xe1, 0xd, 0xd0, 0x0, 0x0, 0x0, 0x0,
    0x1, 0x9d, 0xfc, 0x30, 0xb, 0xfd, 0xdf, 0xe0,
    0x0, 0x20, 0xc, 0xf3, 0x6, 0xef, 0xfe, 0xf4,
    0x3f, 0xd5, 0x5d, 0xf4, 0x6f, 0x90, 0xc, 0xf4,
    0x3f, 0xfa, 0xef, 0xf4, 0x6, 0xdf, 0xc9, 0xf4,

    /* U+00E3 "ã" */
    0x4c, 0xfd, 0xb9, 0xb7, 0x5c, 0x9b, 0xdf, 0xd5,
    0x0, 0x0, 0x0, 0x0, 0x1, 0x9d, 0xfc, 0x30,
    0xb, 0xfd, 0xdf, 0xe0, 0x0, 0x20, 0xc, 0xf3,
    0x6, 0xef, 0xfe, 0xf4, 0x3f, 0xd5, 0x5d, 0xf4,
    0x6f, 0x90, 0xc, 0xf4, 0x3f, 0xfa, 0xef, 0xf4,
    0x6, 0xdf, 0xc9, 0xf4,

    /* U+00E4 "ä" */
    0xa, 0xd1, 0xc, 0xc0, 0xe, 0xf3, 0x1f, 0xf0,
    0x2, 0x40, 0x3, 0x30, 0x1, 0x9d, 0xfc, 0x30,
    0xb, 0xfd, 0xdf, 0xe0, 0x0, 0x20, 0xc, 0xf3,
    0x6, 0xef, 0xfe, 0xf4, 0x3f, 0xd5, 0x5d, 0xf4,
    0x6f, 0x90, 0xc, 0xf4, 0x3f, 0xfa, 0xef, 0xf4,
    0x6, 0xdf, 0xc9, 0xf4,

    /* U+00E5 "å" */
    0x0, 0x9e, 0xfb, 0x0, 0x2, 0xf3, 0x1f, 0x40,
    0x0, 0x9e, 0xea, 0x0, 0x1, 0x9d, 0xfc, 0x30,
    0xb, 0xfd, 0xdf, 0xe0, 0x0, 0x20, 0xc, 0xf3,
    0x6, 0xef, 0xfe, 0xf4, 0x3f, 0xd5, 0x5d, 0xf4,
    0x6f, 0x90, 0xc, 0xf4, 0x3f, 0xfa, 0xef, 0xf4,
    0x6, 0xdf, 0xc9, 0xf4,

    /* U+00E6 "æ" */
    0xa, 0xe9, 0xaf, 0xb1, 0x6f, 0xbf, 0xfc, 0xf8,
    0x3, 0x1e, 0xc0, 0xac, 0x5f, 0xff, 0xfe, 0xfd,
    0xbd, 0x3e, 0xc1, 0x11, 0xdb, 0xe, 0xd0, 0x51,
    0xbf, 0xbf, 0xfb, 0xf6, 0x3e, 0xe5, 0x8e, 0xa0,

    /* U+00E7 "ç" */
    0x0, 0x8d, 0xeb, 0x40, 0xa, 0xfe, 0xcf, 0xf2,
    0x2f, 0xe0, 0x3, 0x30, 0x5f, 0xa0, 0x0, 0x0,
    0x5f, 0xa0, 0x0, 0x0, 0x2f, 0xe0, 0x3, 0x30,
    0xa, 0xfe, 0xcf, 0xf2, 0x0, 0x8d, 0xeb, 0x40,
    0x0, 0x8, 0xa0, 0x0, 0x0, 0xc, 0xd0, 0x0,
    0x0, 0xf, 0x80, 0x0, 0x0, 0x7, 0x30, 0x0,

    /* U+00E8 "è" */
    0x1, 0xef, 0x20, 0x0, 0x0, 0x4f, 0xa0, 0x0,
    0x0, 0x9, 0xf2, 0x0, 0x0, 0x0, 0x0, 0x0,
    0x0, 0x9e, 0xeb, 0x20, 0xb, 0xfd, 0xdf, 0xe0,
    0x3f, 0xb0, 0x9, 0xf5, 0x5f, 0xfe, 0xef, 0xf7,
    0x5f, 0x91, 0x11, 0x10, 0x3f, 0xd0, 0x5, 0x50,
    0xb, 0xfe, 0xdf, 0xf2, 0x0, 0x9d, 0xeb, 0x40,

    /* U+00E9 "é" */
    0x0, 0x1, 0xff, 0x20, 0x0, 0x9, 0xf6, 0x0,
    0x0, 0x1f, 0xb0, 0x0, 0x0, 0x0, 0x0, 0x0,
    0x0, 0x9e, 0xeb, 0x20, 0xb, 0xfd, 0xdf, 0xe0,
    0x3f, 0xb0, 0x9, 0xf5, 0x5f, 0xfe, 0xef, 0xf7,
    0x5f, 0x91, 0x11, 0x10, 0x3f, 0xd0, 0x5, 0x50,
    0xb, 0xfe, 0xdf, 0xf2, 0x0, 0x9d, 0xeb, 0x40,

    /* U+00EA "ê" */
    0x0, 0x8f, 0xfa, 0x0, 0x2, 0xfb, 0xaf, 0x30,
    0xb, 0xe1, 0xd, 0xd0, 0x0, 0x0, 0x0, 0x0,
    0x0, 0x9e, 0xeb, 0x20, 0xb, 0xfd, 0xdf, 0xe0,
    0x3f, 0xb0, 0x9, 0xf5, 0x5f, 0xfe, 0xef, 0xf7,
    0x5f, 0x91, 0x11, 0x10, 0x3f, 0xd0, 0x5, 0x50,
    0xb, 0xfe, 0xdf, 0xf2, 0x0, 0x9d, 0xeb, 0x40,

    /* U+00EB "ë" */
    0xa, 0xd1, 0xc, 0xc0, 0xe, 0xf3, 0x1f, 0xf0,
    0x2, 0x40, 0x3, 0x30, 0x0, 0x9e, 0xeb, 0x20,
    0xb, 0xfd, 0xdf, 0xe0, 0x3f, 0xb0, 0x9, 0xf5,
    0x5f, 0xfe, 0xef, 0xf7, 0x5f, 0x91, 0x11, 0x10,
    0x3f, 0xd0, 0x5, 0x50, 0xb, 0xfe, 0xdf, 0xf2,
    0x0, 0x9d, 0xeb, 0x40,

    /* U+00EC "ì" */
    0x7f, 0xa0, 0x0, 0xc, 0xf2, 0x0, 0x2, 0xfa,
    0x0, 0x0, 0x0, 0x0, 0x8f, 0xff, 0x0, 0x7c,
    0xff, 0x0, 0x0, 0xef, 0x0, 0x0, 0xef, 0x0,
    0x0, 0xef, 0x0, 0x0, 0xef, 0x0, 0x7c, 0xff,
    0xd7, 0x8f, 0xff, 0xf8,

    /* U+00ED "í" */
    0x0, 0x2f, 0xe1, 0x0, 0xaf, 0x50, 0x2, 0xfa,
    0x0, 0x0, 0x0, 0x0, 0x8f, 0xff, 0x0, 0x7c,
    0xff, 0x0, 0x0, 0xef, 0x0, 0x0, 0xef, 0x0,
    0x0, 0xef, 0x0, 0x0, 0xef, 0x0, 0x7c, 0xff,
    0xd7, 0x8f, 0xff, 0xf8,

    /* U+00EE "î" */
    0x0, 0xcf, 0xf6, 0x0, 0x6f, 0x8d, 0xe1, 0xe,
    0xc0, 0x3f, 0x90, 0x0, 0x0, 0x0, 0x8, 0xff,
    0xf0, 0x0, 0x7c, 0xff, 0x0, 0x0, 0xe, 0xf0,
    0x0, 0x0, 0xef, 0x0, 0x0, 0xe, 0xf0, 0x0,
    0x0, 0xef, 0x0, 0x7, 0xcf, 0xfd, 0x70, 0x8f,
    0xff, 0xf8,

    /* U+00EF "ï" */
    0xd, 0xb0, 0x2d, 0x82, 0xff, 0x4, 0xfc, 0x3,
    0x20, 0x4, 0x20, 0x8f, 0xff, 0x0, 0x7, 0xcf,
    0xf0, 0x0, 0x0, 0xef, 0x0, 0x0, 0xe, 0xf0,
    0x0, 0x0, 0xef, 0x0, 0x0, 0xe, 0xf0, 0x0,
    0x7c, 0xff, 0xd7, 0x8, 0xff, 0xff, 0x80,

    /* U+00F0 "ð" */
    0x0, 0x0, 0x0, 0x0, 0x1, 0xe8, 0x6b, 0x0,
    0x1, 0x9f, 0xf4, 0x0, 0x0, 0x9b, 0xee, 0x10,
    0x0, 0x30, 0x4f, 0x80, 0x1, 0xaf, 0xcf, 0xe0,
    0xb, 0xfd, 0xdf, 0xf3, 0x3f, 0xe0, 0xe, 0xf5,
    0x6f, 0xb0, 0xb, 0xf6, 0x5f, 0xb0, 0xb, 0xf4,
    0x2f, 0xe0, 0xe, 0xf2, 0xb, 0xfe, 0xef, 0xa0,
    0x0, 0x9e, 0xe9, 0x0,

    /* U+00F1 "ñ" */
    0x4d, 0xfd, 0xb9, 0xb6, 0x6b, 0x9b, 0xdf, 0xd4,
    0x0, 0x0, 0x0, 0x0, 0x3f, 0xcb, 0xfe, 0x70,
    0x3f, 0xfd, 0xaf, 0xf2, 0x3f, 0xd0, 0xb, 0xf5,
    0x3f, 0xb0, 0x8, 0xf6, 0x3f, 0xb0, 0x8, 0xf6,
    0x3f, 0xb0, 0x8, 0xf6, 0x3f, 0xb0, 0x8, 0xf6,
    0x3f, 0xb0, 0x8, 0xf6,

    /* U+00F2 "ò" */
    0x1, 0xef, 0x20, 0x0, 0x0, 0x5f, 0x90, 0x0,
    0x0, 0xa, 0xf2, 0x0, 0x0, 0x0, 0x0, 0x0,
    0x0, 0x9e, 0xe9, 0x0, 0xa, 0xfe, 0xef, 0xa0,
    0x2f, 0xd0, 0xd, 0xf2, 0x5f, 0x90, 0x9, 0xf5,
    0x5f, 0x90, 0x9, 0xf5, 0x2f, 0xd0, 0xd, 0xf2,
    0xb, 0xfd, 0xdf, 0xa0, 0x0, 0x9e, 0xe9, 0x0,

    /* U+00F3 "ó" */
    0x0, 0x2, 0xfe, 0x10, 0x0, 0xa, 0xf5, 0x0,
    0x0, 0x2f, 0xa0, 0x0, 0x0, 0x0, 0x0, 0x0,
    0x0, 0x9e, 0xe9, 0x0, 0xa, 0xfe, 0xef, 0xa0,
    0x2f, 0xd0, 0xd, 0xf2, 0x5f, 0x90, 0x9, 0xf5,
    0x5f, 0x90, 0x9, 0xf5, 0x2f, 0xd0, 0xd, 0xf2,
    0xb, 0xfd, 0xdf, 0xa0, 0x0, 0x9e, 0xe9, 0x0,

    /* U+00F4 "ô" */
    0x0, 0x9f, 0xf9, 0x0, 0x3, 0xfa, 0xbf, 0x30,
    0xc, 0xe1, 0x1e, 0xc0, 0x0, 0x0, 0x0, 0x0,
    0x0, 0x9e, 0xe9, 0x0, 0xa, 0xfe, 0xef, 0xa0,
    0x2f, 0xd0, 0xd, 0xf2, 0x5f, 0x90, 0x9, 0xf5,
    0x5f, 0x90, 0x9, 0xf5, 0x2f, 0xd0, 0xd, 0xf2,
    0xb, 0xfd, 0xdf, 0xa0, 0x0, 0x9e, 0xe9, 0x0,

    /* U+00F5 "õ" */
    0x4d, 0xfd, 0xb9, 0xb6, 0x6b, 0x9b, 0xdf, 0xd4,
    0x0, 0x0, 0x0, 0x0, 0x0, 0x9e, 0xe9, 0x0,
    0xa, 0xfe, 0xef, 0xa0, 0x2f, 0xd0, 0xd, 0xf2,
    0x5f, 0x90, 0x9, 0xf5, 0x5f, 0x90, 0x9, 0xf5,
    0x2f, 0xd0, 0xd, 0xf2, 0xb, 0xfd, 0xdf, 0xa0,
    0x0, 0x9e, 0xe9, 0x0,

    /* U+00F6 "ö" */
    0xb, 0xd0, 0xd, 0xb0, 0xf, 0xf2, 0x2f, 0xf0,
    0x3, 0x30, 0x3, 0x20, 0x0, 0x9e, 0xe9, 0x0,
    0xa, 0xfe, 0xef, 0xa0, 0x2f, 0xd0, 0xd, 0xf2,
    0x5f, 0x90, 0x9, 0xf5, 0x5f, 0x90, 0x9, 0xf5,
    0x2f, 0xd0, 0xd, 0xf2, 0xb, 0xfd, 0xdf, 0xa0,
    0x0, 0x9e, 0xe9, 0x0,

    /* U+00F7 "÷" */
    0x0, 0x4, 0x40, 0x0, 0x0, 0x1f, 0xf1, 0x0,
    0x0, 0xc, 0xc0, 0x0, 0x0, 0x0, 0x0, 0x0,
    0x0, 0x0, 0x0, 0x0, 0x8f, 0xff, 0xff, 0xf8,
    0x13, 0x33, 0x33, 0x31, 0x0, 0x4, 0x40, 0x0,
    0x0, 0x1f, 0xf1, 0x0, 0x0, 0xc, 0xc0, 0x0,

    /* U+00F8 "ø" */
    0x0, 0x0, 0x0, 0xa2, 0x0, 0x9e, 0xec, 0xd0,
    0xb, 0xfc, 0xdf, 0xb0, 0x2f, 0xb0, 0xcf, 0xf2,
    0x5f, 0x66, 0xe6, 0xf5, 0x5f, 0x7f, 0x56, 0xf5,
    0x2f, 0xfb, 0xb, 0xf2, 0xb, 0xfd, 0xcf, 0xb0,
    0xe, 0xce, 0xe9, 0x0, 0x19, 0x0, 0x0, 0x0,

    /* U+00F9 "ù" */
    0x1, 0xef, 0x20, 0x0, 0x0, 0x5f, 0x90, 0x0,
    0x0, 0xa, 0xf2, 0x0, 0x0, 0x0, 0x0, 0x0,
    0x5f, 0x90, 0x8, 0xf5, 0x5f, 0x90, 0x8, 0xf5,
    0x5f, 0x90, 0x8, 0xf5, 0x5f, 0x90, 0x8, 0xf5,
    0x5f, 0x90, 0x8, 0xf5, 0x4f, 0xd0, 0xd, 0xf4,
    0xd, 0xfe, 0xef, 0xd0, 0x2, 0xae, 0xeb, 0x20,

    /* U+00FA "ú" */
    0x0, 0x2, 0xfe, 0x10, 0x0, 0xa, 0xf5, 0x0,
    0x0, 0x2f, 0xa0, 0x0, 0x0, 0x0, 0x0, 0x0,
    0x5f, 0x90, 0x8, 0xf5, 0x5f, 0x90, 0x8, 0xf5,
    0x5f, 0x90, 0x8, 0xf5, 0x5f, 0x90, 0x8, 0xf5,
    0x5f, 0x90, 0x8, 0xf5, 0x4f, 0xd0, 0xd, 0xf4,
    0xd, 0xfe, 0xef, 0xd0, 0x2, 0xae, 0xeb, 0x20,

    /* U+00FB "û" */
    0x0, 0x9f, 0xf9, 0x0, 0x3, 0xfa, 0xbf, 0x30,
    0xc, 0xe1, 0x1e, 0xc0, 0x0, 0x0, 0x0, 0x0,
    0x5f, 0x90, 0x8, 0xf5, 0x5f, 0x90, 0x8, 0xf5,
    0x5f, 0x90, 0x8, 0xf5, 0x5f, 0x90, 0x8, 0xf5,
    0x5f, 0x90, 0x8, 0xf5, 0x4f, 0xd0, 0xd, 0xf4,
    0xd, 0xfe, 0xef, 0xd0, 0x2, 0xae, 0xeb, 0x20,

    /* U+00FC "ü" */
    0xb, 0xd0, 0xd, 0xb0, 0xf, 0xf2, 0x2f, 0xf0,
    0x3, 0x30, 0x3, 0x20, 0x5f, 0x90, 0x8, 0xf5,
    0x5f, 0x90, 0x8, 0xf5, 0x5f, 0x90, 0x8, 0xf5,
    0x5f, 0x90, 0x8, 0xf5, 0x5f, 0x90, 0x8, 0xf5,
    0x4f, 0xd0, 0xd, 0xf4, 0xd, 0xfe, 0xef, 0xd0,
    0x2, 0xae, 0xeb, 0x20,

    /* U+00FD "ý" */
    0x0, 0x2, 0xfe, 0x10, 0x0, 0xa, 0xf5, 0x0,
    0x0, 0x2f, 0xa0, 0x0, 0x0, 0x0, 0x0, 0x0,
    0x6f, 0xa0, 0x7, 0xf7, 0x1f, 0xe0, 0xc, 0xf2,
    0xc, 0xf3, 0xf, 0xd0, 0x7, 0xf8, 0x5f, 0x80,
    0x2, 0xfc, 0xaf, 0x30, 0x0, 0xdf, 0xfe, 0x0,
    0x0, 0x8f, 0xf9, 0x0, 0x0, 0x2f, 0xf4, 0x0,
    0x0, 0xf, 0xf0, 0x0, 0x0, 0x5f, 0xb0, 0x0,
    0x0, 0xaf, 0x60, 0x0,

    /* U+00FE "þ" */
    0x3f, 0xb0, 0x0, 0x0, 0x3f, 0xb0, 0x0, 0x0,
    0x3f, 0xb0, 0x0, 0x0, 0x3f, 0xdb, 0xfd, 0x40,
    0x3f, 0xfd, 0xaf, 0xf0, 0x3f, 0xd0, 0xb, 0xf5,
    0x3f, 0xb0, 0x8, 0xf6, 0x3f, 0xb0, 0x8, 0xf6,
    0x3f, 0xd0, 0xb, 0xf5, 0x3f, 0xfd, 0xaf, 0xf0,
    0x3f, 0xdb, 0xfd, 0x40, 0x3f, 0xb0, 0x0, 0x0,
    0x3f, 0xb0, 0x0, 0x0, 0x3f, 0xb0, 0x0, 0x0,

    /* U+00FF "ÿ" */
    0xb, 0xd0, 0xd, 0xb0, 0xf, 0xf2, 0x2f, 0xf0,
    0x3, 0x30, 0x3, 0x20, 0x6f, 0xa0, 0x7, 0xf7,
    0x1f, 0xe0, 0xc, 0xf2, 0xc, 0xf3, 0xf, 0xd0,
    0x7, 0xf8, 0x5f, 0x80, 0x2, 0xfc, 0xaf, 0x30,
    0x0, 0xdf, 0xfe, 0x0, 0x0, 0x8f, 0xf9, 0x0,
    0x0, 0x2f, 0xf4, 0x0, 0x0, 0xf, 0xf0, 0x0,
    0x0, 0x5f, 0xb0, 0x0, 0x0, 0xaf, 0x60, 0x0,

    /* U+0100 "Ā" */
    0x29, 0x99, 0x99, 0x92, 0x3f, 0xff, 0xff, 0xf3,
    0x0, 0x0, 0x0, 0x0, 0x0, 0x0, 0x0, 0x0,
    0x0, 0x2f, 0xf2, 0x0, 0x0, 0x6f, 0xf6, 0x0,
    0x0, 0xaf, 0xfa, 0x0, 0x0, 0xed, 0xfe, 0x0,
    0x2, 0xfa, 0xcf, 0x20, 0x6, 0xf6, 0x8f, 0x50,
    0xa, 0xf3, 0x5f, 0x90, 0xd, 0xfe, 0xef, 0xd0,
    0x1f, 0xff, 0xff, 0xf1, 0x5f, 0x90, 0xb, 0xf5,
    0x9f, 0x60, 0x8, 0xf9,

    /* U+0101 "ā" */
    0x2f, 0xff, 0xff, 0xf4, 0x18, 0x88, 0x88, 0x82,
    0x0, 0x0, 0x0, 0x0, 0x1, 0x9d, 0xfc, 0x30,
    0xb, 0xfd, 0xdf, 0xe0, 0x0, 0x20, 0xc, 0xf3,
    0x6, 0xef, 0xfe, 0xf4, 0x3f, 0xd5, 0x5d, 0xf4,
    0x6f, 0x90, 0xc, 0xf4, 0x3f, 0xfa, 0xef, 0xf4,
    0x6, 0xdf, 0xc9, 0xf4,

    /* U+0102 "Ă" */
    0x1f, 0xb0, 0xb, 0xf0, 0xe, 0xe1, 0x1e, 0xe0,
    0x4, 0xdf, 0xfd, 0x40, 0x0, 0x0, 0x0, 0x0,
    0x0, 0x2f, 0xf2, 0x0, 0x0, 0x6f, 0xf6, 0x0,
    0x0, 0xaf, 0xfa, 0x0, 0x0, 0xed, 0xfe, 0x0,
    0x2, 0xfa, 0xcf, 0x20, 0x6, 0xf6, 0x8f, 0x50,
    0xa, 0xf3, 0x5f, 0x90, 0xd, 0xfe, 0xef, 0xd0,
    0x1f, 0xff, 0xff, 0xf1, 0x5f, 0x90, 0xb, 0xf5,
    0x9f, 0x60, 0x8, 0xf9,

    /* U+0103 "ă" */
    0xf, 0xc0, 0xa, 0xf1, 0xc, 0xf2, 0x1e, 0xe0,
    0x3, 0xdf, 0xfe, 0x40, 0x0, 0x1, 0x10, 0x0,
    0x1, 0x9d, 0xfc, 0x30, 0xb, 0xfd, 0xdf, 0xe0,
    0x0, 0x20, 0xc, 0xf3, 0x6, 0xef, 0xfe, 0xf4,
    0x3f, 0xd5, 0x5d, 0xf4, 0x6f, 0x90, 0xc, 0xf4,
    0x3f, 0xfa, 0xef, 0xf4, 0x6, 0xdf, 0xc9, 0xf4,

    /* U+0104 "Ą" */
    0x0, 0x2f, 0xf2, 0x0, 0x0, 0x6f, 0xf6, 0x0,
    0x0, 0xaf, 0xfa, 0x0, 0x0, 0xed, 0xfe, 0x0,
    0x2, 0xfa, 0xcf, 0x20, 0x6, 0xf6, 0x8f, 0x50,
    0xa, 0xf3, 0x5f, 0x90, 0xd, 0xfe, 0xef, 0xd0,
    0x1f, 0xff, 0xff, 0xf1, 0x5f, 0x90, 0xb, 0xf5,
    0x9f, 0x60, 0x8, 0xf9, 0x0, 0x0, 0x4d, 0xa2,
    0x0, 0x7, 0xf5, 0x0, 0x0, 0xb, 0xff, 0xfb,
    0x0, 0x3, 0xbd, 0xd9,

    /* U+0105 "ą" */
    0x1, 0x9d, 0xfc, 0x30, 0xb, 0xfd, 0xdf, 0xe0,
    0x0, 0x20, 0xc, 0xf3, 0x6, 0xef, 0xfe, 0xf4,
    0x3f, 0xd5, 0x5d, 0xf4, 0x6f, 0x90, 0xc, 0xf4,
    0x3f, 0xfa, 0xef, 0xf4, 0x6, 0xdf, 0xca, 0xf4,
    0x0, 0x1, 0xad, 0x50, 0x0, 0xe, 0xd0, 0x0,
    0x0, 0x2f, 0xff, 0xf4, 0x0, 0x7, 0xdd, 0xd4,

    /* U+0106 "Ć" */
    0x0, 0x2, 0xfe, 0x10, 0x0, 0xb, 0xf3, 0x0,
    0x0, 0x2c, 0x60, 0x0, 0x0, 0x0, 0x0, 0x0,
    0x2, 0xae, 0xeb, 0x20, 0xd, 0xfe, 0xef, 0xd0,
    0x3f, 0xd0, 0xc, 0xe2, 0x5f, 0xb0, 0x0, 0x0,
    0x5f, 0xa0, 0x0, 0x0, 0x5f, 0xa0, 0x0, 0x0,
    0x5f, 0xa0, 0x0, 0x0, 0x5f, 0xb0, 0x0, 0x0,
    0x3f, 0xd0, 0xc, 0xe2, 0xd, 0xfe, 0xef, 0xd0,
    0x2, 0xbe, 0xeb, 0x20,

    /* U+0107 "ć" */
    0x0, 0x0, 0xef, 0x30, 0x0, 0x7, 0xf7, 0x0,
    0x0, 0xe, 0xc0, 0x0, 0x0, 0x0, 0x0, 0x0,
    0x0, 0x8d, 0xeb, 0x40, 0xa, 0xfe, 0xcf, 0xf2,
    0x2f, 0xe0, 0x3, 0x30, 0x5f, 0xa0, 0x0, 0x0,
    0x5f, 0xa0, 0x0, 0x0, 0x2f, 0xe0, 0x3, 0x30,
    0xa, 0xfe, 0xcf, 0xf2, 0x0, 0x8d, 0xeb, 0x40,

    /* U+010A "Ċ" */
    0x0, 0xc, 0xc0, 0x0, 0x0, 0x1f, 0xf1, 0x0,
    0x0, 0x3, 0x30, 0x0, 0x0, 0x0, 0x0, 0x0,
    0x2, 0xae, 0xeb, 0x20, 0xd, 0xfe, 0xef, 0xd0,
    0x3f, 0xd0, 0xc, 0xe2, 0x5f, 0xb0, 0x0, 0x0,
    0x5f, 0xa0, 0x0, 0x0, 0x5f, 0xa0, 0x0, 0x0,
    0x5f, 0xa0, 0x0, 0x0, 0x5f, 0xb0, 0x0, 0x0,
    0x3f, 0xd0, 0xc, 0xe2, 0xd, 0xfe, 0xef, 0xd0,
    0x2, 0xbe, 0xeb, 0x20,

    /* U+010B "ċ" */
    0x0, 0xa, 0xd1, 0x0, 0x0, 0xe, 0xf3, 0x0,
    0x0, 0x2, 0x40, 0x0, 0x0, 0x8d, 0xeb, 0x40,
    0xa, 0xfe, 0xcf, 0xf2, 0x2f, 0xe0, 0x3, 0x30,
    0x5f, 0xa0, 0x0, 0x0, 0x5f, 0xa0, 0x0, 0x0,
    0x2f, 0xe0, 0x3, 0x30, 0xa, 0xfe, 0xcf, 0xf2,
    0x0, 0x8d, 0xeb, 0x40,

    /* U+010C "Č" */
    0x7, 0x60, 0x6, 0x70, 0x7, 0xf5, 0x5f, 0x70,
    0x0, 0xdf, 0xfd, 0x0, 0x0, 0x37, 0x73, 0x0,
    0x0, 0x0, 0x0, 0x0, 0x2, 0xae, 0xeb, 0x20,
    0xd, 0xfe, 0xef, 0xd0, 0x3f, 0xd0, 0xc, 0xe2,
    0x5f, 0xb0, 0x0, 0x0, 0x5f, 0xa0, 0x0, 0x0,
    0x5f, 0xa0, 0x0, 0x0, 0x5f, 0xa0, 0x0, 0x0,
    0x5f, 0xb0, 0x0, 0x0, 0x3f, 0xd0, 0xc, 0xe2,
    0xd, 0xfe, 0xef, 0xd0, 0x2, 0xbe, 0xeb, 0x20,

    /* U+010D "č" */
    0x9, 0xf2, 0xc, 0xe0, 0x1, 0xfd, 0x9f, 0x50,
    0x0, 0x7f, 0xfb, 0x0, 0x0, 0x0, 0x0, 0x0,
    0x0, 0x8d, 0xeb, 0x40, 0xa, 0xfe, 0xcf, 0xf2,
    0x2f, 0xe0, 0x3, 0x30, 0x5f, 0xa0, 0x0, 0x0,
    0x5f, 0xa0, 0x0, 0x0, 0x2f, 0xe0, 0x3, 0x30,
    0xa, 0xfe, 0xcf, 0xf2, 0x0, 0x8d, 0xeb, 0x40,

    /* U+010E "Ď" */
    0xd, 0xd1, 0x3f, 0x80, 0x3, 0xfc, 0xed, 0x0,
    0x0, 0x57, 0x72, 0x0, 0x0, 0x0, 0x0, 0x0,
    0x3f, 0xff, 0xfb, 0x20, 0x3f, 0xfe, 0xff, 0xd0,
    0x3f, 0xd0, 0x2f, 0xf2, 0x3f, 0xd0, 0xc, 0xf4,
    0x3f, 0xd0, 0xb, 0xf4, 0x3f, 0xd0, 0xb, 0xf4,
    0x3f, 0xd0, 0xb, 0xf4, 0x3f, 0xd0, 0xc, 0xf4,
    0x3f, 0xd0, 0x2f, 0xf2, 0x3f, 0xfe, 0xff, 0xd0,
    0x3f, 0xff, 0xfb, 0x20,

    /* U+010F "ď" */
    0x0, 0x0, 0x0, 0x1, 0x0, 0x0, 0x0, 0x4f,
    0xae, 0xe0, 0x0, 0x0, 0x4f, 0xbf, 0xb0, 0x0,
    0x0, 0x4f, 0xdf, 0x60, 0xa, 0xed, 0xaf, 0xee,
    0x10, 0x8f, 0xdb, 0xff, 0xa0, 0x0, 0xdf, 0x20,
    0x6f, 0xa0, 0x0, 0xff, 0x0, 0x4f, 0xa0, 0x0,
    0xff, 0x0, 0x4f, 0xa0, 0x0, 0xdf, 0x20, 0x6f,
    0xa0, 0x0, 0x8f, 0xdb, 0xff, 0xa0, 0x0, 0xa,
    0xed, 0x9f, 0xa0, 0x0,

    /* U+0110 "Đ" */
    0x3f, 0xff, 0xfb, 0x20, 0x3f, 0xfe, 0xff, 0xd0,
    0x3f, 0xd0, 0x2f, 0xf2, 0x3f, 0xd0, 0xc, 0xf4,
    0xbf, 0xfd, 0x7b, 0xf4, 0xdf, 0xff, 0x8b, 0xf4,
    0x3f, 0xd0, 0xb, 0xf4, 0x3f, 0xd0, 0xc, 0xf4,
    0x3f, 0xd0, 0x2f, 0xf2, 0x3f, 0xfe, 0xff, 0xd0,
    0x3f, 0xff, 0xfb, 0x20,

    /* U+0111 "đ" */
    0x4, 0x88, 0x8e, 0xfa, 0x7, 0xff, 0xff, 0xff,
    0x0, 0x0, 0xb, 0xf3, 0x4, 0xdf, 0xbd, 0xf3,
    0xf, 0xfa, 0xdf, 0xf3, 0x5f, 0xb0, 0xd, 0xf3,
    0x6f, 0x80, 0xb, 0xf3, 0x6f, 0x80, 0xb, 0xf3,
    0x5f, 0xa0, 0xd, 0xf3, 0xf, 0xfa, 0xdf, 0xf3,
    0x4, 0xdf, 0xbc, 0xf3,

    /* U+0112 "Ē" */
    0x29, 0x99, 0x99, 0x92, 0x3f, 0xff, 0xff, 0xf3,
    0x0, 0x0, 0x0, 0x0, 0x0, 0x0, 0x0, 0x0,
    0xe, 0xff, 0xff, 0xf0, 0xe, 0xfe, 0xee, 0xe0,
    0xe, 0xf1, 0x0, 0x0, 0xe, 0xf1, 0x0, 0x0,
    0xe, 0xfd, 0xdd, 0x80, 0xe, 0xff, 0xff, 0xa0,
    0xe, 0xf1, 0x0, 0x0, 0xe, 0xf1, 0x0, 0x0,
    0xe, 0xf1, 0x0, 0x0, 0xe, 0xfe, 0xee, 0xe0,
    0xe, 0xff, 0xff, 0xf0,

    /* U+0113 "ē" */
    0x2f, 0xff, 0xff, 0xf4, 0x18, 0x88, 0x88, 0x82,
    0x0, 0x0, 0x0, 0x0, 0x0, 0x9e, 0xeb, 0x20,
    0xb, 0xfd, 0xdf, 0xe0, 0x3f, 0xb0, 0x9, 0xf5,
    0x5f, 0xfe, 0xef, 0xf7, 0x5f, 0x91, 0x11, 0x10,
    0x3f, 0xd0, 0x5, 0x50, 0xb, 0xfe, 0xdf, 0xf2,
    0x0, 0x9d, 0xeb, 0x40,

    /* U+0116 "Ė" */
    0x0, 0xcc, 0x0, 0x1, 0xff, 0x10, 0x0, 0x33,
    0x0, 0x0, 0x0, 0x0, 0xef, 0xff, 0xff, 0xef,
    0xee, 0xee, 0xef, 0x10, 0x0, 0xef, 0x10, 0x0,
    0xef, 0xdd, 0xd8, 0xef, 0xff, 0xfa, 0xef, 0x10,
    0x0, 0xef, 0x10, 0x0, 0xef, 0x10, 0x0, 0xef,
    0xee, 0xee, 0xef, 0xff, 0xff,

    /* U+0117 "ė" */
    0x0, 0xb, 0xc0, 0x0, 0x0, 0xf, 0xf1, 0x0,
    0x0, 0x3, 0x30, 0x0, 0x0, 0x9e, 0xeb, 0x20,
    0xb, 0xfd, 0xdf, 0xe0, 0x3f, 0xb0, 0x9, 0xf5,
    0x5f, 0xfe, 0xef, 0xf7, 0x5f, 0x91, 0x11, 0x10,
    0x3f, 0xd0, 0x5, 0x50, 0xb, 0xfe, 0xdf, 0xf2,
    0x0, 0x9d, 0xeb, 0x40,

    /* U+0118 "Ę" */
    0xef, 0xff, 0xff, 0xef, 0xee, 0xee, 0xef, 0x10,
    0x0, 0xef, 0x10, 0x0, 0xef, 0xdd, 0xd8, 0xef,
    0xff, 0xfa, 0xef, 0x10, 0x0, 0xef, 0x10, 0x0,
    0xef, 0x10, 0x0, 0xef, 0xee, 0xee, 0xef, 0xff,
    0xff, 0x0, 0x2a, 0xc3, 0x3, 0xf9, 0x0, 0x7,
    0xff, 0xff, 0x1, 0xad, 0xdd,

    /* U+0119 "ę" */
    0x0, 0x9e, 0xeb, 0x20, 0xb, 0xfd, 0xdf, 0xe0,
    0x2f, 0xb0, 0x9, 0xf5, 0x5f, 0xfe, 0xef, 0xf7,
    0x6f, 0x91, 0x11, 0x10, 0x3f, 0xd1, 0x6, 0x60,
    0xc, 0xff, 0xef, 0xf1, 0x1, 0xaf, 0xfe, 0x40,
    0x0, 0x4e, 0x91, 0x0, 0x5, 0xf7, 0x0, 0x0,
    0x9, 0xff, 0xfd, 0x0, 0x2, 0xad, 0xdb, 0x0,

    /* U+011A "Ě" */
    0xb, 0xe2, 0x2e, 0xb0, 0x1, 0xee, 0xde, 0x10,
    0x0, 0x37, 0x73, 0x0, 0x0, 0x0, 0x0, 0x0,
    0xe, 0xff, 0xff, 0xf0, 0xe, 0xfe, 0xee, 0xe0,
    0xe, 0xf1, 0x0, 0x0, 0xe, 0xf1, 0x0, 0x0,
    0xe, 0xfd, 0xdd, 0x80, 0xe, 0xff, 0xff, 0xa0,
    0xe, 0xf1, 0x0, 0x0, 0xe, 0xf1, 0x0, 0x0,
    0xe, 0xf1, 0x0, 0x0, 0xe, 0xfe, 0xee, 0xe0,
    0xe, 0xff, 0xff, 0xf0,

    /* U+011B "ě" */
    0xb, 0xe1, 0xd, 0xd0, 0x2, 0xfc, 0xaf, 0x30,
    0x0, 0x8f, 0xfa, 0x0, 0x0, 0x0, 0x0, 0x0,
    0x0, 0x9e, 0xeb, 0x20, 0xb, 0xfd, 0xdf, 0xe0,
    0x3f, 0xb0, 0x9, 0xf5, 0x5f, 0xfe, 0xef, 0xf7,
    0x5f, 0x91, 0x11, 0x10, 0x3f, 0xd0, 0x5, 0x50,
    0xb, 0xfe, 0xdf, 0xf2, 0x0, 0x9d, 0xeb, 0x40,

    /* U+011E "Ğ" */
    0x7, 0x50, 0x5, 0x70, 0xf, 0xb0, 0xb, 0xf0,
    0xc, 0xf1, 0x1f, 0xc0, 0x3, 0xdf, 0xfd, 0x30,
    0x0, 0x0, 0x0, 0x0, 0x2, 0xae, 0xeb, 0x20,
    0xd, 0xfe, 0xef, 0xd0, 0x3f, 0xd0, 0xa, 0xb2,
    0x5f, 0xb0, 0x0, 0x0, 0x5f, 0xa0, 0x9a, 0xa0,
    0x5f, 0xa0, 0xef, 0xf1, 0x5f, 0xa0, 0xf, 0xf1,
    0x5f, 0xb0, 0xf, 0xf1, 0x3f, 0xd0, 0x2f, 0xf1,
    0xe, 0xfe, 0xff, 0xf1, 0x2, 0xcf, 0xcc, 0xf1,

    /* U+011F "ğ" */
    0xf, 0xb0, 0xb, 0xf0, 0xd, 0xf1, 0x1f, 0xd0,
    0x3, 0xef, 0xfe, 0x30, 0x0, 0x1, 0x10, 0x0,
    0x4, 0xdf, 0xbc, 0xf3, 0xf, 0xfa, 0xdf, 0xf3,
    0x5f, 0xa0, 0xd, 0xf3, 0x6f, 0x80, 0xb, 0xf3,
    0x6f, 0x80, 0xb, 0xf3, 0x5f, 0xa0, 0x1e, 0xf3,
    0xf, 0xfa, 0xdf, 0xf3, 0x4, 0xdf, 0xad, 0xf3,
    0x4, 0x0, 0xe, 0xf1, 0x3f, 0xeb, 0xef, 0xa0,
    0x7, 0xcf, 0xd9, 0x0,

    /* U+0120 "Ġ" */
    0x0, 0xc, 0xc0, 0x0, 0x0, 0x1f, 0xf1, 0x0,
    0x0, 0x3, 0x30, 0x0, 0x0, 0x0, 0x0, 0x0,
    0x2, 0xae, 0xeb, 0x20, 0xd, 0xfe, 0xef, 0xd0,
    0x3f, 0xd0, 0xa, 0xb2, 0x5f, 0xb0, 0x0, 0x0,
    0x5f, 0xa0, 0x9a, 0xa0, 0x5f, 0xa0, 0xef, 0xf1,
    0x5f, 0xa0, 0xf, 0xf1, 0x5f, 0xb0, 0xf, 0xf1,
    0x3f, 0xd0, 0x2f, 0xf1, 0xe, 0xfe, 0xff, 0xf1,
    0x2, 0xcf, 0xcc, 0xf1,

    /* U+0121 "ġ" */
    0x0, 0xc, 0xc0, 0x0, 0x0, 0x1f, 0xf1, 0x0,
    0x0, 0x3, 0x30, 0x0, 0x4, 0xdf, 0xbc, 0xf3,
    0xf, 0xfa, 0xdf, 0xf3, 0x5f, 0xa0, 0xd, 0xf3,
    0x6f, 0x80, 0xb, 0xf3, 0x6f, 0x80, 0xb, 0xf3,
    0x5f, 0xa0, 0x1e, 0xf3, 0xf, 0xfa, 0xdf, 0xf3,
    0x4, 0xdf, 0xad, 0xf3, 0x4, 0x0, 0xe, 0xf1,
    0x3f, 0xeb, 0xef, 0xa0, 0x7, 0xcf, 0xd9, 0x0,

    /* U+0122 "Ģ" */
    0x2, 0xae, 0xeb, 0x20, 0xd, 0xfe, 0xef, 0xd0,
    0x3f, 0xd0, 0xa, 0xb2, 0x5f, 0xb0, 0x0, 0x0,
    0x5f, 0xa0, 0x9a, 0xa0, 0x5f, 0xa0, 0xef, 0xf1,
    0x5f, 0xa0, 0xf, 0xf1, 0x5f, 0xb0, 0xf, 0xf1,
    0x3f, 0xd0, 0x2f, 0xf1, 0xe, 0xfe, 0xff, 0xf1,
    0x2, 0xcf, 0xcc, 0xf1, 0x0, 0x8, 0xa0, 0x0,
    0x0, 0xc, 0xd0, 0x0, 0x0, 0xf, 0x80, 0x0,
    0x0, 0x7, 0x30, 0x0,

    /* U+0123 "ģ" */
    0x0, 0x1, 0x0, 0x0, 0x0, 0x9, 0xf3, 0x0,
    0x0, 0xb, 0xf0, 0x0, 0x0, 0xd, 0xb0, 0x0,
    0x0, 0xf, 0x70, 0x0, 0x0, 0x3, 0x10, 0x0,
    0x4, 0xdf, 0xbc, 0xf3, 0xf, 0xfa, 0xdf, 0xf3,
    0x5f, 0xa0, 0xd, 0xf3, 0x6f, 0x80, 0xb, 0xf3,
    0x6f, 0x80, 0xb, 0xf3, 0x5f, 0xa0, 0x1e, 0xf3,
    0xf, 0xfa, 0xdf, 0xf3, 0x4, 0xdf, 0xad, 0xf3,
    0x4, 0x0, 0xe, 0xf1, 0x3f, 0xeb, 0xef, 0xa0,
    0x7, 0xcf, 0xd9, 0x0,

    /* U+0126 "Ħ" */
    0x2f, 0xd0, 0xd, 0xf2, 0xff, 0xff, 0xff, 0xff,
    0xaf, 0xf9, 0x9f, 0xfa, 0x2f, 0xd0, 0xd, 0xf2,
    0x2f, 0xfe, 0xef, 0xf2, 0x2f, 0xff, 0xff, 0xf2,
    0x2f, 0xd0, 0xd, 0xf2, 0x2f, 0xd0, 0xd, 0xf2,
    0x2f, 0xd0, 0xd, 0xf2, 0x2f, 0xd0, 0xd, 0xf2,
    0x2f, 0xd0, 0xd, 0xf2,

    /* U+0127 "ħ" */
    0xaf, 0xe8, 0x88, 0x40, 0xff, 0xff, 0xff, 0x70,
    0x3f, 0xb0, 0x0, 0x0, 0x3f, 0xdb, 0xfe, 0x70,
    0x3f, 0xfd, 0xaf, 0xf2, 0x3f, 0xd0, 0xb, 0xf5,
    0x3f, 0xb0, 0x8, 0xf6, 0x3f, 0xb0, 0x8, 0xf6,
    0x3f, 0xb0, 0x8, 0xf6, 0x3f, 0xb0, 0x8, 0xf6,
    0x3f, 0xb0, 0x8, 0xf6,

    /* U+0128 "Ĩ" */
    0x2c, 0xea, 0x51, 0x34, 0x7c, 0xae, 0xff, 0xf6,
    0x10, 0x0, 0x37, 0x50, 0x0, 0x0, 0x0, 0x0,
    0xb, 0xff, 0xff, 0xb0, 0xa, 0xef, 0xfe, 0xa0,
    0x0, 0xf, 0xf0, 0x0, 0x0, 0xf, 0xf0, 0x0,
    0x0, 0xf, 0xf0, 0x0, 0x0, 0xf, 0xf0, 0x0,
    0x0, 0xf, 0xf0, 0x0, 0x0, 0xf, 0xf0, 0x0,
    0x0, 0xf, 0xf0, 0x0, 0xa, 0xef, 0xfe, 0xa0,
    0xb, 0xff, 0xff, 0xb0,

    /* U+0129 "ĩ" */
    0x4d, 0xfd, 0xb9, 0xb6, 0x6b, 0x9b, 0xdf, 0xd4,
    0x0, 0x0, 0x0, 0x0, 0x8, 0xff, 0xf0, 0x0,
    0x7, 0xcf, 0xf0, 0x0, 0x0, 0xe, 0xf0, 0x0,
    0x0, 0xe, 0xf0, 0x0, 0x0, 0xe, 0xf0, 0x0,
    0x0, 0xe, 0xf0, 0x0, 0x7, 0xcf, 0xfd, 0x70,
    0x8, 0xff, 0xff, 0x80,

    /* U+012A "Ī" */
    0x29, 0x99, 0x99, 0x92, 0x3f, 0xff, 0xff, 0xf3,
    0x0, 0x0, 0x0, 0x0, 0x0, 0x0, 0x0, 0x0,
    0xb, 0xff, 0xff, 0xb0, 0xa, 0xef, 0xfe, 0xa0,
    0x0, 0xf, 0xf0, 0x0, 0x0, 0xf, 0xf0, 0x0,
    0x0, 0xf, 0xf0, 0x0, 0x0, 0xf, 0xf0, 0x0,
    0x0, 0xf, 0xf0, 0x0, 0x0, 0xf, 0xf0, 0x0,
    0x0, 0xf, 0xf0, 0x0, 0xa, 0xef, 0xfe, 0xa0,
    0xb, 0xff, 0xff, 0xb0,

    /* U+012B "ī" */
    0x3f, 0xff, 0xff, 0xf3, 0x28, 0x88, 0x88, 0x82,
    0x0, 0x0, 0x0, 0x0, 0x8, 0xff, 0xf0, 0x0,
    0x7, 0xcf, 0xf0, 0x0, 0x0, 0xe, 0xf0, 0x0,
    0x0, 0xe, 0xf0, 0x0, 0x0, 0xe, 0xf0, 0x0,
    0x0, 0xe, 0xf0, 0x0, 0x7, 0xcf, 0xfd, 0x70,
    0x8, 0xff, 0xff, 0x80,

    /* U+012C "Ĭ" */
    0x1f, 0xb0, 0xb, 0xf0, 0xe, 0xe1, 0x1e, 0xe0,
    0x4, 0xdf, 0xfd, 0x40, 0x0, 0x0, 0x0, 0x0,
    0xb, 0xff, 0xff, 0xb0, 0xa, 0xef, 0xfe, 0xa0,
    0x0, 0xf, 0xf0, 0x0, 0x0, 0xf, 0xf0, 0x0,
    0x0, 0xf, 0xf0, 0x0, 0x0, 0xf, 0xf0, 0x0,
    0x0, 0xf, 0xf0, 0x0, 0x0, 0xf, 0xf0, 0x0,
    0x0, 0xf, 0xf0, 0x0, 0xa, 0xef, 0xfe, 0xa0,
    0xb, 0xff, 0xff, 0xb0,

    /* U+012D "ĭ" */
    0xf, 0xb0, 0xb, 0xf0, 0xd, 0xf1, 0x1f, 0xd0,
    0x3, 0xef, 0xfe, 0x30, 0x0, 0x1, 0x10, 0x0,
    0x8, 0xff, 0xf0, 0x0, 0x7, 0xcf, 0xf0, 0x0,
    0x0, 0xe, 0xf0, 0x0, 0x0, 0xe, 0xf0, 0x0,
    0x0, 0xe, 0xf0, 0x0, 0x0, 0xe, 0xf0, 0x0,
    0x7, 0xcf, 0xfd, 0x70, 0x8, 0xff, 0xff, 0x80,

    /* U+012E "Į" */
    0xbf, 0xff, 0xfb, 0xae, 0xff, 0xea, 0x0, 0xff,
    0x0, 0x0, 0xff, 0x0, 0x0, 0xff, 0x0, 0x0,
    0xff, 0x0, 0x0, 0xff, 0x0, 0x0, 0xff, 0x0,
    0x0, 0xff, 0x0, 0xae, 0xff, 0xea, 0xbf, 0xff,
    0xfb, 0x0, 0x8d, 0x60, 0xd, 0xd0, 0x0, 0x2f,
    0xff, 0xf4, 0x8, 0xdd, 0xd3,

    /* U+012F "į" */
    0x0, 0xcc, 0x0, 0x1, 0xff, 0x10, 0x0, 0x33,
    0x0, 0x8f, 0xff, 0x0, 0x7c, 0xff, 0x0, 0x0,
    0xef, 0x0, 0x0, 0xef, 0x0, 0x0, 0xef, 0x0,
    0x0, 0xef, 0x0, 0x7c, 0xff, 0xd7, 0x8f, 0xff,
    0xf8, 0x0, 0x8d, 0x60, 0xd, 0xd0, 0x0, 0x2f,
    0xff, 0xf4, 0x8, 0xdd, 0xd3,

    /* U+0130 "İ" */
    0x0, 0xcc, 0x0, 0x1, 0xff, 0x10, 0x0, 0x33,
    0x0, 0x0, 0x0, 0x0, 0xbf, 0xff, 0xfb, 0xae,
    0xff, 0xea, 0x0, 0xff, 0x0, 0x0, 0xff, 0x0,
    0x0, 0xff, 0x0, 0x0, 0xff, 0x0, 0x0, 0xff,
    0x0, 0x0, 0xff, 0x0, 0x0, 0xff, 0x0, 0xae,
    0xff, 0xea, 0xbf, 0xff, 0xfb,

    /* U+0131 "ı" */
    0x8f, 0xff, 0x0, 0x7c, 0xff, 0x0, 0x0, 0xef,
    0x0, 0x0, 0xef, 0x0, 0x0, 0xef, 0x0, 0x0,
    0xef, 0x0, 0x7c, 0xff, 0xd7, 0x8f, 0xff, 0xf8,

    /* U+0132 "Ĳ" */
    0xaf, 0x50, 0x9f, 0xfa, 0xaf, 0x50, 0x7e, 0xfa,
    0xaf, 0x50, 0x6, 0xfa, 0xaf, 0x50, 0x6, 0xfa,
    0xaf, 0x50, 0x6, 0xfa, 0xaf, 0x50, 0x6, 0xfa,
    0xaf, 0x50, 0x6, 0xfa, 0xaf, 0x50, 0x7, 0xf9,
    0xaf, 0x50, 0x1c, 0xf7, 0xaf, 0x6e, 0xff, 0xf1,
    0xaf, 0x6f, 0xfc, 0x30,

    /* U+0133 "ĳ" */
    0x5e, 0x50, 0x5, 0xe5, 0x9f, 0x80, 0x8, 0xf9,
    0x5, 0x0, 0x0, 0x50, 0x6f, 0x80, 0x9f, 0xf7,
    0x6f, 0x80, 0x8e, 0xf7, 0x6f, 0x80, 0x7, 0xf7,
    0x6f, 0x80, 0x7, 0xf7, 0x6f, 0x80, 0x7, 0xf7,
    0x6f, 0x80, 0x7, 0xf7, 0x6f, 0x80, 0x7, 0xf7,
    0x6f, 0x80, 0x7, 0xf7, 0x0, 0x0, 0xa, 0xf6,
    0x0, 0x4e, 0xef, 0xf3, 0x0, 0x4f, 0xfe, 0x80,

    /* U+0136 "Ķ" */
    0x3f, 0xd0, 0xe, 0xf2, 0x3f, 0xd0, 0x6f, 0x90,
    0x3f, 0xd0, 0xef, 0x10, 0x3f, 0xd7, 0xf7, 0x0,
    0x3f, 0xee, 0xe0, 0x0, 0x3f, 0xff, 0xc0, 0x0,
    0x3f, 0xdd, 0xf4, 0x0, 0x3f, 0xd5, 0xfd, 0x0,
    0x3f, 0xd0, 0xdf, 0x50, 0x3f, 0xd0, 0x5f, 0xd0,
    0x3f, 0xd0, 0xd, 0xf5, 0x0, 0x8, 0x60, 0x0,
    0x0, 0xf, 0xb0, 0x0, 0x0, 0x2f, 0x60, 0x0,
    0x0, 0x2a, 0x10, 0x0,

    /* U+0137 "ķ" */
    0x3f, 0xb0, 0x0, 0x0, 0x3f, 0xb0, 0x0, 0x0,
    0x3f, 0xb0, 0x0, 0x0, 0x3f, 0xb0, 0x6f, 0xa0,
    0x3f, 0xb1, 0xee, 0x10, 0x3f, 0xca, 0xf4, 0x0,
    0x3f, 0xff, 0xc0, 0x0, 0x3f, 0xdf, 0xf3, 0x0,
    0x3f, 0xb7, 0xfc, 0x0, 0x3f, 0xb0, 0xdf, 0x60,
    0x3f, 0xb0, 0x4f, 0xe1, 0x0, 0x9, 0x50, 0x0,
    0x0, 0xf, 0x90, 0x0, 0x0, 0x3f, 0x40, 0x0,
    0x0, 0x3a, 0x0, 0x0,

    /* U+0139 "Ĺ" */
    0x0, 0xbf, 0x50, 0x0, 0x4, 0xf9, 0x0, 0x0,
    0x9, 0xb0, 0x0, 0x0, 0x0, 0x0, 0x0, 0x0,
    0x3f, 0xd0, 0x0, 0x0, 0x3f, 0xd0, 0x0, 0x0,
    0x3f, 0xd0, 0x0, 0x0, 0x3f, 0xd0, 0x0, 0x0,
    0x3f, 0xd0, 0x0, 0x0, 0x3f, 0xd0, 0x0, 0x0,
    0x3f, 0xd0, 0x0, 0x0, 0x3f, 0xd0, 0x0, 0x0,
    0x3f, 0xd0, 0x0, 0x0, 0x3f, 0xfe, 0xee, 0xe3,
    0x3f, 0xff, 0xff, 0xf3,

    /* U+013A "ĺ" */
    0x0, 0xd, 0xf4, 0x0, 0x6f, 0x80, 0x0, 0xaa,
    0x0, 0x0, 0x0, 0x0, 0x4f, 0xff, 0x60, 0x3c,
    0xef, 0x60, 0x0, 0x8f, 0x60, 0x0, 0x8f, 0x60,
    0x0, 0x8f, 0x60, 0x0, 0x8f, 0x60, 0x0, 0x8f,
    0x60, 0x0, 0x8f, 0x60, 0x0, 0x8f, 0x60, 0x0,
    0x8f, 0x60, 0x0, 0x8f, 0x60,

    /* U+013B "Ļ" */
    0x3f, 0xd0, 0x0, 0x0, 0x3f, 0xd0, 0x0, 0x0,
    0x3f, 0xd0, 0x0, 0x0, 0x3f, 0xd0, 0x0, 0x0,
    0x3f, 0xd0, 0x0, 0x0, 0x3f, 0xd0, 0x0, 0x0,
    0x3f, 0xd0, 0x0, 0x0, 0x3f, 0xd0, 0x0, 0x0,
    0x3f, 0xd0, 0x0, 0x0, 0x3f, 0xfe, 0xee, 0xe3,
    0x3f, 0xff, 0xff, 0xf3, 0x0, 0x6, 0x70, 0x0,
    0x0, 0xc, 0xe0, 0x0, 0x0, 0xf, 0x90, 0x0,
    0x0, 0x9, 0x40, 0x0,

    /* U+013C "ļ" */
    0x4f, 0xff, 0x63, 0xce, 0xf6, 0x0, 0x8f, 0x60,
    0x8, 0xf6, 0x0, 0x8f, 0x60, 0x8, 0xf6, 0x0,
    0x8f, 0x60, 0x8, 0xf6, 0x0, 0x8f, 0x60, 0x8,
    0xf6, 0x0, 0x8f, 0x60, 0x5, 0x70, 0x0, 0xbf,
    0x0, 0xe, 0xa0, 0x0, 0x94, 0x0,

    /* U+013D "Ľ" */
    0x0, 0x0, 0x1, 0x0, 0x3f, 0xd0, 0xa, 0xe2,
    0x3f, 0xd0, 0xc, 0xe0, 0x3f, 0xd0, 0xf, 0x90,
    0x3f, 0xd0, 0x1f, 0x50, 0x3f, 0xd0, 0x1, 0x0,
    0x3f, 0xd0, 0x0, 0x0, 0x3f, 0xd0, 0x0, 0x0,
    0x3f, 0xd0, 0x0, 0x0, 0x3f, 0xd0, 0x0, 0x0,
    0x3f, 0xfe, 0xee, 0xe3, 0x3f, 0xff, 0xff, 0xf3,

    /* U+013E "ľ" */
    0x0, 0x0, 0x0, 0xb, 0xff, 0xe6, 0xf6, 0x9d,
    0xfe, 0x8f, 0x30, 0xf, 0xea, 0xe0, 0x0, 0xfe,
    0xca, 0x0, 0xf, 0xe1, 0x10, 0x0, 0xfe, 0x0,
    0x0, 0xf, 0xe0, 0x0, 0x0, 0xfe, 0x0, 0x0,
    0xf, 0xe0, 0x0, 0x0, 0xfe, 0x0, 0x0, 0xf,
    0xe0, 0x0,

    /* U+0141 "Ł" */
    0x3f, 0xd0, 0x0, 0x0, 0x3f, 0xd0, 0x0, 0x0,
    0x3f, 0xd0, 0x2, 0x0, 0x3f, 0xd2, 0xc8, 0x0,
    0x3f, 0xff, 0xe4, 0x0, 0x5f, 0xf9, 0x10, 0x0,
    0xff, 0xd0, 0x0, 0x0, 0xaf, 0xd0, 0x0, 0x0,
    0x3f, 0xd0, 0x0, 0x0, 0x3f, 0xfe, 0xee, 0xe3,
    0x3f, 0xff, 0xff, 0xf3,

    /* U+0142 "ł" */
    0x4f, 0xff, 0x60, 0x3, 0xce, 0xf6, 0x0, 0x0,
    0x8f, 0x60, 0x0, 0x8, 0xf8, 0xc0, 0x0, 0x8f,
    0xfe, 0x0, 0x4d, 0xfb, 0x10, 0x6f, 0xff, 0x60,
    0x7, 0x79, 0xf6, 0x0, 0x0, 0x8f, 0x60, 0x0,
    0x8, 0xf6, 0x0, 0x0, 0x8f, 0x60, 0x0,

    /* U+0143 "Ń" */
    0x0, 0x2, 0xfe, 0x10, 0x0, 0xb, 0xf3, 0x0,
    0x0, 0x2c, 0x60, 0x0, 0x0, 0x0, 0x0, 0x0,
    0x3f, 0xf5, 0xa, 0xf3, 0x3f, 0xfb, 0xa, 0xf3,
    0x3f, 0xff, 0x1a, 0xf3, 0x3f, 0xff, 0x7a, 0xf3,
    0x3f, 0xff, 0xca, 0xf3, 0x3f, 0xaf, 0xfc, 0xf3,
    0x3f, 0xa9, 0xff, 0xf3, 0x3f, 0xa2, 0xff, 0xf3,
    0x3f, 0xa0, 0xcf, 0xf3, 0x3f, 0xa0, 0x5f, 0xf3,
    0x3f, 0xa0, 0xe, 0xf3,

    /* U+0144 "ń" */
    0x0, 0x2, 0xfe, 0x10, 0x0, 0xa, 0xf5, 0x0,
    0x0, 0x2f, 0xa0, 0x0, 0x0, 0x0, 0x0, 0x0,
    0x3f, 0xcb, 0xfe, 0x70, 0x3f, 0xfd, 0xaf, 0xf2,
    0x3f, 0xd0, 0xb, 0xf5, 0x3f, 0xb0, 0x8, 0xf6,
    0x3f, 0xb0, 0x8, 0xf6, 0x3f, 0xb0, 0x8, 0xf6,
    0x3f, 0xb0, 0x8, 0xf6, 0x3f, 0xb0, 0x8, 0xf6,

    /* U+0145 "Ņ" */
    0x3f, 0xf5, 0xa, 0xf3, 0x3f, 0xfb, 0xa, 0xf3,
    0x3f, 0xff, 0x1a, 0xf3, 0x3f, 0xff, 0x7a, 0xf3,
    0x3f, 0xff, 0xca, 0xf3, 0x3f, 0xaf, 0xfc, 0xf3,
    0x3f, 0xa9, 0xff, 0xf3, 0x3f, 0xa2, 0xff, 0xf3,
    0x3f, 0xa0, 0xcf, 0xf3, 0x3f, 0xa0, 0x5f, 0xf3,
    0x3f, 0xa0, 0xe, 0xf3, 0x0, 0x7, 0x70, 0x0,
    0x0, 0xd, 0xc0, 0x0, 0x0, 0xf, 0x80, 0x0,
    0x0, 0x19, 0x20, 0x0,

    /* U+0146 "ņ" */
    0x3f, 0xcb, 0xfe, 0x70, 0x3f, 0xfd, 0xaf, 0xf2,
    0x3f, 0xd0, 0xb, 0xf5, 0x3f, 0xb0, 0x8, 0xf6,
    0x3f, 0xb0, 0x8, 0xf6, 0x3f, 0xb0, 0x8, 0xf6,
    0x3f, 0xb0, 0x8, 0xf6, 0x3f, 0xb0, 0x8, 0xf6,
    0x0, 0x8, 0x60, 0x0, 0x0, 0xf, 0xb0, 0x0,
    0x0, 0x2f, 0x60, 0x0, 0x0, 0x2a, 0x10, 0x0,

    /* U+0147 "Ň" */
    0xb, 0xe2, 0x2e, 0xb0, 0x1, 0xee, 0xde, 0x10,
    0x0, 0x37, 0x73, 0x0, 0x0, 0x0, 0x0, 0x0,
    0x3f, 0xf5, 0xa, 0xf3, 0x3f, 0xfb, 0xa, 0xf3,
    0x3f, 0xff, 0x1a, 0xf3, 0x3f, 0xff, 0x7a, 0xf3,
    0x3f, 0xff, 0xca, 0xf3, 0x3f, 0xaf, 0xfc, 0xf3,
    0x3f, 0xa9, 0xff, 0xf3, 0x3f, 0xa2, 0xff, 0xf3,
    0x3f, 0xa0, 0xcf, 0xf3, 0x3f, 0xa0, 0x5f, 0xf3,
    0x3f, 0xa0, 0xe, 0xf3,

    /* U+0148 "ň" */
    0xc, 0xe1, 0x1e, 0xc0, 0x3, 0xfb, 0xbf, 0x30,
    0x0, 0x9f, 0xf9, 0x0, 0x0, 0x0, 0x0, 0x0,
    0x3f, 0xcb, 0xfe, 0x70, 0x3f, 0xfd, 0xaf, 0xf2,
    0x3f, 0xd0, 0xb, 0xf5, 0x3f, 0xb0, 0x8, 0xf6,
    0x3f, 0xb0, 0x8, 0xf6, 0x3f, 0xb0, 0x8, 0xf6,
    0x3f, 0xb0, 0x8, 0xf6, 0x3f, 0xb0, 0x8, 0xf6,

    /* U+014A "Ŋ" */
    0x2f, 0xd9, 0xee, 0x50, 0x2f, 0xff, 0xcf, 0xf0,
    0x2f, 0xf2, 0xe, 0xf2, 0x2f, 0xd0, 0xe, 0xf2,
    0x2f, 0xd0, 0xe, 0xf2, 0x2f, 0xd0, 0xe, 0xf2,
    0x2f, 0xd0, 0xe, 0xf2, 0x2f, 0xd0, 0xe, 0xf2,
    0x2f, 0xd0, 0xe, 0xf2, 0x2f, 0xd0, 0xe, 0xf2,
    0x2f, 0xd0, 0xe, 0xf2, 0x0, 0x0, 0xf, 0xf2,
    0x0, 0x8, 0xff, 0xe0, 0x0, 0x9, 0xfd, 0x40,

    /* U+014B "ŋ" */
    0x3f, 0xcb, 0xfe, 0x70, 0x3f, 0xfd, 0xaf, 0xf2,
    0x3f, 0xd0, 0xb, 0xf5, 0x3f, 0xb0, 0x8, 0xf6,
    0x3f, 0xb0, 0x8, 0xf6, 0x3f, 0xb0, 0x8, 0xf6,
    0x3f, 0xb0, 0x8, 0xf6, 0x3f, 0xb0, 0x8, 0xf6,
    0x0, 0x0, 0xb, 0xf5, 0x0, 0x5e, 0xef, 0xf2,
    0x0, 0x5f, 0xfe, 0x70,

    /* U+014C "Ō" */
    0x3f, 0xff, 0xff, 0xf3, 0x29, 0x99, 0x99, 0x92,
    0x0, 0x0, 0x0, 0x0, 0x0, 0x0, 0x0, 0x0,
    0x1, 0xae, 0xea, 0x10, 0xd, 0xfe, 0xef, 0xd0,
    0x3f, 0xd0, 0xe, 0xf3, 0x5f, 0xb0, 0xb, 0xf5,
    0x5f, 0xa0, 0xa, 0xf5, 0x5f, 0xa0, 0xa, 0xf5,
    0x5f, 0xa0, 0xa, 0xf5, 0x5f, 0xb0, 0xb, 0xf5,
    0x3f, 0xd0, 0xd, 0xf3, 0xd, 0xfe, 0xef, 0xd0,
    0x1, 0xae, 0xea, 0x10,

    /* U+014D "ō" */
    0x3f, 0xff, 0xff, 0xf3, 0x28, 0x88, 0x88, 0x82,
    0x0, 0x0, 0x0, 0x0, 0x0, 0x9e, 0xe9, 0x0,
    0xa, 0xfe, 0xef, 0xa0, 0x2f, 0xd0, 0xd, 0xf2,
    0x5f, 0x90, 0x9, 0xf5, 0x5f, 0x90, 0x9, 0xf5,
    0x2f, 0xd0, 0xd, 0xf2, 0xb, 0xfd, 0xdf, 0xa0,
    0x0, 0x9e, 0xe9, 0x0,

    /* U+0150 "Ő" */
    0x0, 0xef, 0x36, 0xfb, 0x0, 0x7f, 0x70, 0xee,
    0x10, 0xb, 0x90, 0x5c, 0x30, 0x0, 0x0, 0x0,
    0x0, 0x0, 0x1, 0xae, 0xea, 0x10, 0x0, 0xdf,
    0xee, 0xfd, 0x0, 0x3f, 0xd0, 0xe, 0xf3, 0x5,
    0xfb, 0x0, 0xbf, 0x50, 0x5f, 0xa0, 0xa, 0xf5,
    0x5, 0xfa, 0x0, 0xaf, 0x50, 0x5f, 0xa0, 0xa,
    0xf5, 0x5, 0xfb, 0x0, 0xbf, 0x50, 0x3f, 0xd0,
    0xd, 0xf3, 0x0, 0xdf, 0xee, 0xfd, 0x0, 0x1,
    0xae, 0xea, 0x10, 0x0,

    /* U+0151 "ő" */
    0x0, 0xdf, 0x45, 0xfc, 0x0, 0x6f, 0x80, 0xdf,
    0x20, 0xe, 0xd0, 0x5f, 0x60, 0x0, 0x0, 0x0,
    0x0, 0x0, 0x0, 0x9e, 0xe9, 0x0, 0x0, 0xaf,
    0xee, 0xfa, 0x0, 0x2f, 0xd0, 0xd, 0xf2, 0x5,
    0xf9, 0x0, 0x9f, 0x50, 0x5f, 0x90, 0x9, 0xf5,
    0x2, 0xfd, 0x0, 0xdf, 0x20, 0xb, 0xfd, 0xdf,
    0xa0, 0x0, 0x9, 0xee, 0x90, 0x0,

    /* U+0152 "Œ" */
    0x7, 0xdf, 0xff, 0xfd, 0x5f, 0xff, 0xff, 0xec,
    0xaf, 0xa2, 0xfe, 0x0, 0xcf, 0x52, 0xfe, 0x0,
    0xcf, 0x42, 0xff, 0xd7, 0xcf, 0x42, 0xff, 0xf8,
    0xcf, 0x42, 0xfe, 0x0, 0xcf, 0x52, 0xfe, 0x0,
    0xaf, 0xa2, 0xfe, 0x0, 0x5f, 0xff, 0xff, 0xec,
    0x7, 0xdf, 0xff, 0xfd,

    /* U+0153 "œ" */
    0xa, 0xe6, 0x8f, 0xb1, 0x4f, 0x9f, 0xf9, 0xf8,
    0x9d, 0xb, 0xc0, 0x9c, 0xac, 0x9, 0xfe, 0xfd,
    0xac, 0x9, 0xc1, 0x11, 0x9e, 0xb, 0xd0, 0x51,
    0x5f, 0xbf, 0xfb, 0xf6, 0xb, 0xe6, 0x8e, 0xa0,

    /* U+0154 "Ŕ" */
    0x0, 0x2, 0xfe, 0x10, 0x0, 0xb, 0xf3, 0x0,
    0x0, 0x2c, 0x60, 0x0, 0x0, 0x0, 0x0, 0x0,
    0x3f, 0xff, 0xeb, 0x20, 0x3f, 0xff, 0xff, 0xe0,
    0x3f, 0xd0, 0x2e, 0xf4, 0x3f, 0xd0, 0xb, 0xf6,
    0x3f, 0xd0, 0xe, 0xf4, 0x3f, 0xf8, 0xdf, 0xc0,
    0x3f, 0xff, 0xfa, 0x10, 0x3f, 0xda, 0xfb, 0x0,
    0x3f, 0xd1, 0xff, 0x40, 0x3f, 0xd0, 0x8f, 0xd0,
    0x3f, 0xd0, 0xe, 0xf6,

    /* U+0155 "ŕ" */
    0x0, 0x0, 0xef, 0x30, 0x0, 0x7, 0xf7, 0x0,
    0x0, 0xe, 0xc0, 0x0, 0x0, 0x0, 0x0, 0x0,
    0xf, 0xb6, 0xde, 0x70, 0xf, 0xfe, 0xbf, 0xf1,
    0xf, 0xf1, 0x5, 0x20, 0xf, 0xc0, 0x0, 0x0,
    0xf, 0xc0, 0x0, 0x0, 0xf, 0xc0, 0x0, 0x0,
    0xf, 0xc0, 0x0, 0x0, 0xf, 0xc0, 0x0, 0x0,

    /* U+0156 "Ŗ" */
    0x3f, 0xff, 0xeb, 0x20, 0x3f, 0xff, 0xff, 0xe0,
    0x3f, 0xd0, 0x2e, 0xf4, 0x3f, 0xd0, 0xb, 0xf6,
    0x3f, 0xd0, 0xe, 0xf4, 0x3f, 0xf8, 0xdf, 0xc0,
    0x3f, 0xff, 0xfa, 0x10, 0x3f, 0xda, 0xfb, 0x0,
    0x3f, 0xd1, 0xff, 0x40, 0x3f, 0xd0, 0x8f, 0xd0,
    0x3f, 0xd0, 0xe, 0xf6, 0x0, 0x7, 0x60, 0x0,
    0x0, 0xe, 0xb0, 0x0, 0x0, 0x1f, 0x60, 0x0,
    0x0, 0x1a, 0x20, 0x0,

    /* U+0157 "ŗ" */
    0xf, 0xb6, 0xde, 0x70, 0xf, 0xfe, 0xbf, 0xf1,
    0xf, 0xf1, 0x5, 0x20, 0xf, 0xc0, 0x0, 0x0,
    0xf, 0xc0, 0x0, 0x0, 0xf, 0xc0, 0x0, 0x0,
    0xf, 0xc0, 0x0, 0x0, 0xf, 0xc0, 0x0, 0x0,
    0x9, 0x40, 0x0, 0x0, 0x3f, 0x60, 0x0, 0x0,
    0x6f, 0x20, 0x0, 0x0, 0x49, 0x0, 0x0, 0x0,

    /* U+0158 "Ř" */
    0xd, 0xd1, 0x3f, 0x80, 0x3, 0xfc, 0xed, 0x0,
    0x0, 0x57, 0x72, 0x0, 0x0, 0x0, 0x0, 0x0,
    0x3f, 0xff, 0xeb, 0x20, 0x3f, 0xff, 0xff, 0xe0,
    0x3f, 0xd0, 0x2e, 0xf4, 0x3f, 0xd0, 0xb, 0xf6,
    0x3f, 0xd0, 0xe, 0xf4, 0x3f, 0xf8, 0xdf, 0xc0,
    0x3f, 0xff, 0xfa, 0x10, 0x3f, 0xda, 0xfb, 0x0,
    0x3f, 0xd1, 0xff, 0x40, 0x3f, 0xd0, 0x8f, 0xd0,
    0x3f, 0xd0, 0xe, 0xf6,

    /* U+0159 "ř" */
    0x9, 0xf2, 0xc, 0xe0, 0x1, 0xfd, 0x9f, 0x50,
    0x0, 0x7f, 0xfb, 0x0, 0x0, 0x0, 0x0, 0x0,
    0xf, 0xb6, 0xde, 0x70, 0xf, 0xfe, 0xbf, 0xf1,
    0xf, 0xf1, 0x5, 0x20, 0xf, 0xc0, 0x0, 0x0,
    0xf, 0xc0, 0x0, 0x0, 0xf, 0xc0, 0x0, 0x0,
    0xf, 0xc0, 0x0, 0x0, 0xf, 0xc0, 0x0, 0x0,

    /* U+015A "Ś" */
    0x0, 0x2, 0xfe, 0x10, 0x0, 0xb, 0xf3, 0x0,
    0x0, 0x2c, 0x60, 0x0, 0x0, 0x0, 0x0, 0x0,
    0x2, 0xbe, 0xeb, 0x10, 0xe, 0xfd, 0xef, 0xc0,
    0x3f, 0xd0, 0xd, 0xe0, 0x2f, 0xe1, 0x0, 0x0,
    0xc, 0xfe, 0x50, 0x0, 0x1, 0xaf, 0xfc, 0x20,
    0x0, 0x3, 0xcf, 0xd0, 0x0, 0x0, 0xe, 0xf3,
    0x3f, 0xd0, 0xe, 0xf3, 0xd, 0xfe, 0xef, 0xd0,
    0x2, 0xbf, 0xea, 0x20,

    /* U+015B "ś" */
    0x0, 0x2f, 0xe1, 0x0, 0xa, 0xf5, 0x0, 0x2,
    0xfa, 0x0, 0x0, 0x0, 0x0, 0x0, 0x2b, 0xfe,
    0xa1, 0xb, 0xf8, 0xaf, 0x90, 0xcf, 0x40, 0x11,
    0x5, 0xff, 0xc5, 0x0, 0x1, 0x9f, 0xf8, 0x4,
    0x50, 0x2f, 0xe0, 0xbf, 0xa9, 0xfd, 0x1, 0xbe,
    0xfb, 0x20,

    /* U+015E "Ş" */
    0x2, 0xbe, 0xeb, 0x10, 0xe, 0xfd, 0xef, 0xc0,
    0x3f, 0xd0, 0xd, 0xe0, 0x2f, 0xe1, 0x0, 0x0,
    0xc, 0xfe, 0x50, 0x0, 0x1, 0xaf, 0xfc, 0x20,
    0x0, 0x3, 0xcf, 0xd0, 0x0, 0x0, 0xe, 0xf3,
    0x3f, 0xd0, 0xe, 0xf3, 0xd, 0xfe, 0xef, 0xd0,
    0x2, 0xbf, 0xea, 0x20, 0x0, 0xa, 0x80, 0x0,
    0x0, 0xf, 0xa0, 0x0, 0x0, 0x2f, 0x50, 0x0,
    0x0, 0x17, 0x10, 0x0,

    /* U+015F "ş" */
    0x2b, 0xfe, 0xa1, 0xb, 0xf8, 0xaf, 0x90, 0xcf,
    0x40, 0x11, 0x5, 0xff, 0xc5, 0x0, 0x1, 0x9f,
    0xf8, 0x4, 0x50, 0x2f, 0xe0, 0xbf, 0xa9, 0xfd,
    0x1, 0xbe, 0xfb, 0x20, 0x0, 0xa8, 0x0, 0x0,
    0xf, 0xa0, 0x0, 0x2, 0xf5, 0x0, 0x0, 0x17,
    0x10, 0x0,

    /* U+0160 "Š" */
    0x7, 0x60, 0x6, 0x70, 0x7, 0xf5, 0x5f, 0x70,
    0x0, 0xdf, 0xfd, 0x0, 0x0, 0x37, 0x73, 0x0,
    0x0, 0x0, 0x0, 0x0, 0x2, 0xbe, 0xeb, 0x10,
    0xe, 0xfd, 0xef, 0xc0, 0x3f, 0xd0, 0xd, 0xe0,
    0x2f, 0xe1, 0x0, 0x0, 0xc, 0xfe, 0x50, 0x0,
    0x1, 0xaf, 0xfc, 0x20, 0x0, 0x3, 0xcf, 0xd0,
    0x0, 0x0, 0xe, 0xf3, 0x3f, 0xd0, 0xe, 0xf3,
    0xd, 0xfe, 0xef, 0xd0, 0x2, 0xbf, 0xea, 0x20,

    /* U+0161 "š" */
    0xc, 0xe1, 0x1e, 0xc0, 0x3, 0xfb, 0xbf, 0x30,
    0x0, 0x9f, 0xf9, 0x0, 0x0, 0x0, 0x0, 0x0,
    0x2, 0xbf, 0xea, 0x10, 0xb, 0xf8, 0xaf, 0x90,
    0xc, 0xf4, 0x1, 0x10, 0x5, 0xff, 0xc5, 0x0,
    0x0, 0x19, 0xff, 0x80, 0x4, 0x50, 0x2f, 0xe0,
    0xb, 0xfa, 0x9f, 0xd0, 0x1, 0xbe, 0xfb, 0x20,

    /* U+0162 "Ţ" */
    0x8f, 0xff, 0xff, 0xf8, 0x8e, 0xef, 0xfe, 0xe8,
    0x0, 0xf, 0xf0, 0x0, 0x0, 0xf, 0xf0, 0x0,
    0x0, 0xf, 0xf0, 0x0, 0x0, 0xf, 0xf0, 0x0,
    0x0, 0xf, 0xf0, 0x0, 0x0, 0xf, 0xf0, 0x0,
    0x0, 0xf, 0xf0, 0x0, 0x0, 0xf, 0xf0, 0x0,
    0x0, 0xf, 0xf0, 0x0, 0x0, 0x9, 0x40, 0x0,
    0x0, 0x2f, 0x80, 0x0, 0x0, 0x5f, 0x30, 0x0,
    0x0, 0x3a, 0x0, 0x0,

    /* U+0163 "ţ" */
    0x0, 0x7f, 0x70, 0x0, 0x7, 0xf7, 0x0, 0x2f,
    0xff, 0xff, 0x32, 0xad, 0xfd, 0xa2, 0x0, 0x7f,
    0x70, 0x0, 0x7, 0xf7, 0x0, 0x0, 0x7f, 0x70,
    0x0, 0x7, 0xf8, 0x0, 0x0, 0x5f, 0xfd, 0xc0,
    0x0, 0xbf, 0xfe, 0x0, 0x3, 0x82, 0x0, 0x0,
    0x7f, 0x30, 0x0, 0xa, 0xe0, 0x0, 0x0, 0x67,
    0x0,

    /* U+0164 "Ť" */
    0xb, 0xe2, 0x2e, 0xb0, 0x1, 0xee, 0xde, 0x10,
    0x0, 0x37, 0x73, 0x0, 0x0, 0x0, 0x0, 0x0,
    0x8f, 0xff, 0xff, 0xf8, 0x8e, 0xef, 0xfe, 0xe8,
    0x0, 0xf, 0xf0, 0x0, 0x0, 0xf, 0xf0, 0x0,
    0x0, 0xf, 0xf0, 0x0, 0x0, 0xf, 0xf0, 0x0,
    0x0, 0xf, 0xf0, 0x0, 0x0, 0xf, 0xf0, 0x0,
    0x0, 0xf, 0xf0, 0x0, 0x0, 0xf, 0xf0, 0x0,
    0x0, 0xf, 0xf0, 0x0,

    /* U+0165 "ť" */
    0x0, 0x0, 0x0, 0x74, 0x0, 0x0, 0x0, 0xfc,
    0x4, 0xfa, 0x2, 0xf8, 0x4, 0xfa, 0x4, 0xf3,
    0xff, 0xff, 0xfa, 0xb0, 0xac, 0xfe, 0xa4, 0x0,
    0x4, 0xfa, 0x0, 0x0, 0x4, 0xfa, 0x0, 0x0,
    0x4, 0xfa, 0x0, 0x0, 0x4, 0xfb, 0x0, 0x0,
    0x2, 0xff, 0xdd, 0x10, 0x0, 0x9f, 0xff, 0x10,

    /* U+0166 "Ŧ" */
    0x8f, 0xff, 0xff, 0xf8, 0x8e, 0xef, 0xfe, 0xe8,
    0x0, 0xf, 0xf0, 0x0, 0x0, 0xf, 0xf0, 0x0,
    0x0, 0xf, 0xf0, 0x0, 0x3f, 0xff, 0xff, 0xf3,
    0x28, 0x9f, 0xf9, 0x82, 0x0, 0xf, 0xf0, 0x0,
    0x0, 0xf, 0xf0, 0x0, 0x0, 0xf, 0xf0, 0x0,
    0x0, 0xf, 0xf0, 0x0,

    /* U+0167 "ŧ" */
    0x0, 0x7f, 0x70, 0x0, 0x7, 0xf7, 0x0, 0x2f,
    0xff, 0xff, 0x32, 0xad, 0xfd, 0xa2, 0x0, 0x7f,
    0x70, 0x8, 0xff, 0xff, 0xfe, 0x59, 0xcf, 0xc9,
    0x80, 0x7, 0xf8, 0x0, 0x0, 0x5f, 0xfd, 0xc0,
    0x0, 0xbf, 0xfe,

    /* U+0168 "Ũ" */
    0x2c, 0xea, 0x51, 0x34, 0x7c, 0xae, 0xff, 0xf6,
    0x10, 0x0, 0x37, 0x50, 0x0, 0x0, 0x0, 0x0,
    0x6f, 0x90, 0x8, 0xf6, 0x6f, 0x90, 0x8, 0xf6,
    0x6f, 0x90, 0x8, 0xf6, 0x6f, 0x90, 0x8, 0xf6,
    0x6f, 0x90, 0x8, 0xf6, 0x6f, 0x90, 0x8, 0xf6,
    0x6f, 0x90, 0x8, 0xf6, 0x6f, 0x90, 0x8, 0xf6,
    0x5f, 0xd0, 0xc, 0xf4, 0x1e, 0xff, 0xff, 0xe1,
    0x3, 0xbe, 0xeb, 0x30,

    /* U+0169 "ũ" */
    0x4d, 0xfd, 0xb9, 0xb6, 0x6b, 0x9b, 0xdf, 0xd4,
    0x0, 0x0, 0x0, 0x0, 0x5f, 0x90, 0x8, 0xf5,
    0x5f, 0x90, 0x8, 0xf5, 0x5f, 0x90, 0x8, 0xf5,
    0x5f, 0x90, 0x8, 0xf5, 0x5f, 0x90, 0x8, 0xf5,
    0x4f, 0xd0, 0xd, 0xf4, 0xd, 0xfe, 0xef, 0xd0,
    0x2, 0xae, 0xeb, 0x20,

    /* U+016A "Ū" */
    0x3f, 0xff, 0xff, 0xf3, 0x29, 0x99, 0x99, 0x92,
    0x0, 0x0, 0x0, 0x0, 0x0, 0x0, 0x0, 0x0,
    0x6f, 0x90, 0x8, 0xf6, 0x6f, 0x90, 0x8, 0xf6,
    0x6f, 0x90, 0x8, 0xf6, 0x6f, 0x90, 0x8, 0xf6,
    0x6f, 0x90, 0x8, 0xf6, 0x6f, 0x90, 0x8, 0xf6,
    0x6f, 0x90, 0x8, 0xf6, 0x6f, 0x90, 0x8, 0xf6,
    0x5f, 0xd0, 0xc, 0xf4, 0x1e, 0xff, 0xff, 0xe1,
    0x3, 0xbe, 0xeb, 0x30,

    /* U+016B "ū" */
    0x3f, 0xff, 0xff, 0xf3, 0x28, 0x88, 0x88, 0x82,
    0x0, 0x0, 0x0, 0x0, 0x5f, 0x90, 0x8, 0xf5,
    0x5f, 0x90, 0x8, 0xf5, 0x5f, 0x90, 0x8, 0xf5,
    0x5f, 0x90, 0x8, 0xf5, 0x5f, 0x90, 0x8, 0xf5,
    0x4f, 0xd0, 0xd, 0xf4, 0xd, 0xfe, 0xef, 0xd0,
    0x2, 0xae, 0xeb, 0x20,

    /* U+016E "Ů" */
    0x0, 0x9e, 0xe9, 0x0, 0x3, 0xf2, 0x2f, 0x30,
    0x0, 0x9e, 0xe9, 0x0, 0x0, 0x0, 0x0, 0x0,
    0x6f, 0x90, 0x8, 0xf6, 0x6f, 0x90, 0x8, 0xf6,
    0x6f, 0x90, 0x8, 0xf6, 0x6f, 0x90, 0x8, 0xf6,
    0x6f, 0x90, 0x8, 0xf6, 0x6f, 0x90, 0x8, 0xf6,
    0x6f, 0x90, 0x8, 0xf6, 0x6f, 0x90, 0x8, 0xf6,
    0x5f, 0xd0, 0xc, 0xf4, 0x1e, 0xff, 0xff, 0xe1,
    0x3, 0xbe, 0xeb, 0x30,

    /* U+016F "ů" */
    0x0, 0xaf, 0xfa, 0x0, 0x3, 0xf2, 0x2f, 0x30,
    0x0, 0xae, 0xea, 0x0, 0x5f, 0x90, 0x8, 0xf5,
    0x5f, 0x90, 0x8, 0xf5, 0x5f, 0x90, 0x8, 0xf5,
    0x5f, 0x90, 0x8, 0xf5, 0x5f, 0x90, 0x8, 0xf5,
    0x4f, 0xd0, 0xd, 0xf4, 0xd, 0xfe, 0xef, 0xd0,
    0x2, 0xae, 0xeb, 0x20,

    /* U+0170 "Ű" */
    0x0, 0xef, 0x36, 0xfb, 0x0, 0x7f, 0x70, 0xee,
    0x10, 0xb, 0x90, 0x5c, 0x30, 0x0, 0x0, 0x0,
    0x0, 0x0, 0x6f, 0x90, 0x8, 0xf6, 0x6, 0xf9,
    0x0, 0x8f, 0x60, 0x6f, 0x90, 0x8, 0xf6, 0x6,
    0xf9, 0x0, 0x8f, 0x60, 0x6f, 0x90, 0x8, 0xf6,
    0x6, 0xf9, 0x0, 0x8f, 0x60, 0x6f, 0x90, 0x8,
    0xf6, 0x6, 0xf9, 0x0, 0x8f, 0x60, 0x5f, 0xd0,
    0xc, 0xf4, 0x1, 0xef, 0xff, 0xfe, 0x10, 0x3,
    0xbe, 0xeb, 0x30, 0x0,

    /* U+0171 "ű" */
    0x0, 0xdf, 0x45, 0xfc, 0x0, 0x6f, 0x80, 0xdf,
    0x20, 0xe, 0xd0, 0x5f, 0x60, 0x0, 0x0, 0x0,
    0x0, 0x0, 0x5f, 0x90, 0x8, 0xf5, 0x5, 0xf9,
    0x0, 0x8f, 0x50, 0x5f, 0x90, 0x8, 0xf5, 0x5,
    0xf9, 0x0, 0x8f, 0x50, 0x5f, 0x90, 0x8, 0xf5,
    0x4, 0xfd, 0x0, 0xdf, 0x40, 0xd, 0xfe, 0xef,
    0xd0, 0x0, 0x2a, 0xee, 0xb2, 0x0,

    /* U+0172 "Ų" */
    0x6f, 0x90, 0x8, 0xf6, 0x6f, 0x90, 0x8, 0xf6,
    0x6f, 0x90, 0x8, 0xf6, 0x6f, 0x90, 0x8, 0xf6,
    0x6f, 0x90, 0x8, 0xf6, 0x6f, 0x90, 0x8, 0xf6,
    0x6f, 0x90, 0x8, 0xf6, 0x6f, 0x90, 0x8, 0xf6,
    0x5f, 0xb0, 0xa, 0xf5, 0x2f, 0xf9, 0x9f, 0xf2,
    0x7, 0xff, 0xff, 0x70, 0x0, 0x3e, 0xd4, 0x0,
    0x2, 0xe9, 0x0, 0x0, 0x8, 0xff, 0xdc, 0x0,
    0x3, 0xcf, 0xfe, 0x0,

    /* U+0173 "ų" */
    0x5f, 0x90, 0x8, 0xf5, 0x5f, 0x90, 0x8, 0xf5,
    0x5f, 0x90, 0x8, 0xf5, 0x5f, 0x90, 0x8, 0xf5,
    0x5f, 0x90, 0x8, 0xf5, 0x4f, 0xd0, 0xc, 0xf4,
    0x1e, 0xfc, 0xcf, 0xe0, 0x4, 0xdf, 0xfe, 0x30,
    0x0, 0x3e, 0xa1, 0x0, 0x4, 0xf8, 0x0, 0x0,
    0x8, 0xff, 0xfe, 0x0, 0x2, 0xad, 0xdc, 0x0,

    /* U+0174 "Ŵ" */
    0x0, 0xaf, 0xfa, 0x0, 0x5, 0xf7, 0x8f, 0x50,
    0x7, 0x60, 0x6, 0x70, 0x0, 0x0, 0x0, 0x0,
    0xdf, 0x30, 0x3, 0xfd, 0xbf, 0x50, 0x5, 0xfb,
    0x9f, 0x63, 0x36, 0xf9, 0x7f, 0x87, 0x88, 0xf7,
    0x6f, 0xac, 0xc9, 0xf5, 0x4f, 0xcf, 0xfc, 0xf3,
    0x2f, 0xff, 0xff, 0xf2, 0xf, 0xfc, 0xcf, 0xf0,
    0xe, 0xf8, 0x8f, 0xe0, 0xd, 0xf4, 0x4f, 0xc0,
    0xb, 0xf1, 0x1f, 0xa0,

    /* U+0175 "ŵ" */
    0x0, 0x9f, 0xf9, 0x0, 0x3, 0xfa, 0xbf, 0x30,
    0xc, 0xe1, 0x1e, 0xc0, 0x0, 0x0, 0x0, 0x0,
    0xbf, 0x40, 0x22, 0xfc, 0x8f, 0x74, 0x65, 0xf8,
    0x5f, 0xa8, 0xa9, 0xf5, 0x2f, 0xeb, 0xdc, 0xf2,
    0xf, 0xff, 0xff, 0xf0, 0xc, 0xfd, 0xdf, 0xc0,
    0x9, 0xf9, 0x9f, 0x80, 0x5, 0xf5, 0x5f, 0x50,

    /* U+0176 "Ŷ" */
    0x0, 0x1, 0x10, 0x0, 0x0, 0xaf, 0xfa, 0x0,
    0x3, 0xfa, 0xbf, 0x30, 0xc, 0xd1, 0x1e, 0xc0,
    0x0, 0x0, 0x0, 0x0, 0x9f, 0xc0, 0xb, 0xf9,
    0x2f, 0xf2, 0x1f, 0xf3, 0xc, 0xf8, 0x6f, 0xc0,
    0x5, 0xfd, 0xcf, 0x50, 0x0, 0xef, 0xfe, 0x0,
    0x0, 0x7f, 0xf7, 0x0, 0x0, 0x1f, 0xf1, 0x0,
    0x0, 0xf, 0xf0, 0x0, 0x0, 0xf, 0xf0, 0x0,
    0x0, 0xf, 0xf0, 0x0, 0x0, 0xf, 0xf0, 0x0,

    /* U+0177 "ŷ" */
    0x0, 0x9f, 0xf9, 0x0, 0x3, 0xfa, 0xbf, 0x30,
    0xc, 0xe1, 0x1e, 0xc0, 0x0, 0x0, 0x0, 0x0,
    0x6f, 0xa0, 0x7, 0xf7, 0x1f, 0xe0, 0xc, 0xf2,
    0xc, 0xf3, 0xf, 0xd0, 0x7, 0xf8, 0x5f, 0x80,
    0x2, 0xfc, 0xaf, 0x30, 0x0, 0xdf, 0xfe, 0x0,
    0x0, 0x8f, 0xf9, 0x0, 0x0, 0x2f, 0xf4, 0x0,
    0x0, 0xf, 0xf0, 0x0, 0x0, 0x5f, 0xb0, 0x0,
    0x0, 0xaf, 0x60, 0x0,

    /* U+0178 "Ÿ" */
    0xb, 0xd0, 0xd, 0xb0, 0xf, 0xf2, 0x2f, 0xf0,
    0x3, 0x30, 0x3, 0x20, 0x0, 0x0, 0x0, 0x0,
    0x9f, 0xc0, 0xb, 0xf9, 0x2f, 0xf2, 0x1f, 0xf3,
    0xc, 0xf8, 0x6f, 0xc0, 0x5, 0xfd, 0xcf, 0x50,
    0x0, 0xef, 0xfe, 0x0, 0x0, 0x7f, 0xf7, 0x0,
    0x0, 0x1f, 0xf1, 0x0, 0x0, 0xf, 0xf0, 0x0,
    0x0, 0xf, 0xf0, 0x0, 0x0, 0xf, 0xf0, 0x0,
    0x0, 0xf, 0xf0, 0x0,

    /* U+0179 "Ź" */
    0x0, 0x2, 0xfe, 0x10, 0x0, 0xb, 0xf3, 0x0,
    0x0, 0x2c, 0x60, 0x0, 0x0, 0x0, 0x0, 0x0,
    0x5f, 0xff, 0xff, 0xf4, 0x5e, 0xee, 0xff, 0xd0,
    0x0, 0x0, 0xcf, 0x60, 0x0, 0x3, 0xfe, 0x0,
    0x0, 0xa, 0xf8, 0x0, 0x0, 0x2f, 0xf1, 0x0,
    0x0, 0x9f, 0xa0, 0x0, 0x1, 0xff, 0x30, 0x0,
    0x8, 0xfb, 0x0, 0x0, 0xe, 0xff, 0xee, 0xe5,
    0x6f, 0xff, 0xff, 0xf5,

    /* U+017A "ź" */
    0x0, 0x2, 0xfe, 0x10, 0x0, 0xa, 0xf5, 0x0,
    0x0, 0x2f, 0xa0, 0x0, 0x0, 0x0, 0x0, 0x0,
    0xf, 0xff, 0xff, 0xe0, 0xc, 0xcc, 0xff, 0x60,
    0x0, 0x4, 0xfd, 0x0, 0x0, 0xd, 0xf4, 0x0,
    0x0, 0x6f, 0xb0, 0x0, 0x0, 0xef, 0x20, 0x0,
    0x8, 0xff, 0xcc, 0xc1, 0x1f, 0xff, 0xff, 0xf1,

    /* U+017B "Ż" */
    0x0, 0xc, 0xc0, 0x0, 0x0, 0x1f, 0xf1, 0x0,
    0x0, 0x3, 0x30, 0x0, 0x0, 0x0, 0x0, 0x0,
    0x5f, 0xff, 0xff, 0xf4, 0x5e, 0xee, 0xff, 0xd0,
    0x0, 0x0, 0xcf, 0x60, 0x0, 0x3, 0xfe, 0x0,
    0x0, 0xa, 0xf8, 0x0, 0x0, 0x2f, 0xf1, 0x0,
    0x0, 0x9f, 0xa0, 0x0, 0x1, 0xff, 0x30, 0x0,
    0x8, 0xfb, 0x0, 0x0, 0xe, 0xff, 0xee, 0xe5,
    0x6f, 0xff, 0xff, 0xf5,

    /* U+017C "ż" */
    0x0, 0xc, 0xc0, 0x0, 0x0, 0x1f, 0xf1, 0x0,
    0x0, 0x3, 0x30, 0x0, 0xf, 0xff, 0xff, 0xe0,
    0xc, 0xcc, 0xff, 0x60, 0x0, 0x4, 0xfd, 0x0,
    0x0, 0xd, 0xf4, 0x0, 0x0, 0x6f, 0xb0, 0x0,
    0x0, 0xef, 0x20, 0x0, 0x8, 0xff, 0xcc, 0xc1,
    0x1f, 0xff, 0xff, 0xf1,

    /* U+017D "Ž" */
    0xb, 0xe2, 0x2e, 0xb0, 0x1, 0xee, 0xde, 0x10,
    0x0, 0x37, 0x73, 0x0, 0x0, 0x0, 0x0, 0x0,
    0x5f, 0xff, 0xff, 0xf4, 0x5e, 0xee, 0xff, 0xd0,
    0x0, 0x0, 0xcf, 0x60, 0x0, 0x3, 0xfe, 0x0,
    0x0, 0xa, 0xf8, 0x0, 0x0, 0x2f, 0xf1, 0x0,
    0x0, 0x9f, 0xa0, 0x0, 0x1, 0xff, 0x30, 0x0,
    0x8, 0xfb, 0x0, 0x0, 0xe, 0xff, 0xee, 0xe5,
    0x6f, 0xff, 0xff, 0xf5,

    /* U+017E "ž" */
    0xc, 0xe1, 0x1e, 0xc0, 0x3, 0xfb, 0xbf, 0x30,
    0x0, 0x9f, 0xf9, 0x0, 0x0, 0x0, 0x0, 0x0,
    0xf, 0xff, 0xff, 0xe0, 0xc, 0xcc, 0xff, 0x60,
    0x0, 0x4, 0xfd, 0x0, 0x0, 0xd, 0xf4, 0x0,
    0x0, 0x6f, 0xb0, 0x0, 0x0, 0xef, 0x20, 0x0,
    0x8, 0xff, 0xcc, 0xc1, 0x1f, 0xff, 0xff, 0xf1,

    /* U+0186 "Ɔ" */
    0x2, 0xbf, 0xea, 0x10, 0xd, 0xfe, 0xef, 0xc0,
    0x3e, 0xc0, 0xe, 0xf2, 0x0, 0x0, 0xb, 0xf4,
    0x0, 0x0, 0xb, 0xf4, 0x0, 0x0, 0xb, 0xf4,
    0x0, 0x0, 0xb, 0xf4, 0x0, 0x0, 0xb, 0xf4,
    0x3e, 0xb0, 0xe, 0xf2, 0xd, 0xfe, 0xef, 0xc0,
    0x2, 0xbf, 0xea, 0x10,

    /* U+018E "Ǝ" */
    0xaf, 0xff, 0xff, 0x3a, 0xee, 0xef, 0xf3, 0x0,
    0x0, 0xdf, 0x30, 0x0, 0xd, 0xf3, 0x5d, 0xdd,
    0xff, 0x35, 0xff, 0xff, 0xf3, 0x0, 0x0, 0xdf,
    0x30, 0x0, 0xd, 0xf3, 0x0, 0x0, 0xdf, 0x3a,
    0xee, 0xef, 0xf3, 0xaf, 0xff, 0xff, 0x30,

    /* U+018F "Ə" */
    0x2, 0xbf, 0xea, 0x20, 0xe, 0xfd, 0xef, 0xd0,
    0x1a, 0x90, 0xe, 0xf3, 0x0, 0x0, 0xb, 0xf5,
    0x3a, 0xaa, 0xae, 0xf5, 0x5f, 0xff, 0xff, 0xf5,
    0x5f, 0xa0, 0xa, 0xf5, 0x5f, 0xb0, 0xb, 0xf5,
    0x2f, 0xe0, 0xe, 0xf3, 0xc, 0xfd, 0xdf, 0xd0,
    0x1, 0xae, 0xea, 0x10,

    /* U+0190 "Ɛ" */
    0x1, 0xae, 0xfc, 0x30, 0xd, 0xfe, 0xdf, 0xf1,
    0x1f, 0xe0, 0x6, 0x93, 0xe, 0xf5, 0x20, 0x0,
    0x3, 0xff, 0xf1, 0x0, 0xd, 0xf9, 0x50, 0x0,
    0x3f, 0xc0, 0x0, 0x0, 0x4f, 0xc0, 0x1, 0x20,
    0x2f, 0xf0, 0xc, 0xf4, 0xb, 0xfe, 0xef, 0xd0,
    0x0, 0x9e, 0xfb, 0x20,

    /* U+0192 "ƒ" */
    0x0, 0xb, 0xff, 0xf6, 0x0, 0x7f, 0xfd, 0xc5,
    0x0, 0x9f, 0x60, 0x0, 0x4f, 0xff, 0xff, 0x20,
    0x3c, 0xef, 0xec, 0x20, 0x0, 0x9f, 0x50, 0x0,
    0x0, 0x9f, 0x50, 0x0, 0x0, 0x9f, 0x50, 0x0,
    0x0, 0x9f, 0x50, 0x0, 0x0, 0x9f, 0x50, 0x0,
    0x0, 0x9f, 0x50, 0x0, 0x0, 0xbf, 0x40, 0x0,
    0xae, 0xff, 0x10, 0x0, 0xbf, 0xe6, 0x0, 0x0,

    /* U+0194 "Ɣ" */
    0x9f, 0x90, 0x7, 0xf9, 0x5f, 0xc0, 0xa, 0xf5,
    0x2f, 0xf0, 0xd, 0xf1, 0xe, 0xf3, 0x1f, 0xe0,
    0xa, 0xf6, 0x4f, 0xa0, 0x6, 0xf9, 0x8f, 0x60,
    0x2, 0xfc, 0xbf, 0x20, 0x0, 0xef, 0xee, 0x0,
    0x0, 0xbf, 0xfb, 0x0, 0x0, 0x7f, 0xf7, 0x0,
    0x5, 0xff, 0xff, 0x40, 0xc, 0xd1, 0x1d, 0xc0,
    0xb, 0xf7, 0x7f, 0xb0, 0x2, 0xbf, 0xfb, 0x20,

    /* U+019D "Ɲ" */
    0x3, 0xff, 0x50, 0xaf, 0x30, 0x3f, 0xfb, 0xa,
    0xf3, 0x3, 0xff, 0xf1, 0xaf, 0x30, 0x3f, 0xff,
    0x7a, 0xf3, 0x3, 0xff, 0xfc, 0xaf, 0x30, 0x3f,
    0xaf, 0xfc, 0xf3, 0x3, 0xfa, 0x9f, 0xff, 0x30,
    0x3f, 0xa2, 0xff, 0xf3, 0x3, 0xfa, 0xc, 0xff,
    0x30, 0x3f, 0xa0, 0x5f, 0xf3, 0x3, 0xfa, 0x0,
    0xef, 0x30, 0x5f, 0x90, 0x0, 0x0, 0x4f, 0xf6,
    0x0, 0x0, 0x4, 0xfb, 0x0, 0x0, 0x0,

    /* U+01A0 "Ơ" */
    0x0, 0x0, 0x0, 0x4f, 0xa0, 0x0, 0x0, 0x1,
    0xfd, 0x0, 0x0, 0x0, 0x5f, 0xa0, 0x1a, 0xef,
    0xfd, 0x91, 0xd, 0xfc, 0xcf, 0xd0, 0x3, 0xfd,
    0x0, 0xdf, 0x30, 0x5f, 0xb0, 0xb, 0xf5, 0x5,
    0xfa, 0x0, 0xaf, 0x50, 0x5f, 0xa0, 0xa, 0xf5,
    0x5, 0xfa, 0x0, 0xaf, 0x50, 0x5f, 0xb0, 0xb,
    0xf5, 0x3, 0xfe, 0x0, 0xef, 0x30, 0xd, 0xfe,
    0xef, 0xd0, 0x0, 0x1a, 0xee, 0xa1, 0x0,

    /* U+01A1 "ơ" */
    0x0, 0x0, 0x0, 0xef, 0x0, 0x0, 0x0, 0xb,
    0xf3, 0x0, 0x0, 0x1, 0xdf, 0x20, 0x2b, 0xff,
    0xff, 0x80, 0x1e, 0xfc, 0xff, 0x60, 0x8, 0xf9,
    0x3, 0xfd, 0x0, 0xbf, 0x40, 0xe, 0xf0, 0xb,
    0xf4, 0x0, 0xef, 0x0, 0x8f, 0x90, 0x3f, 0xd0,
    0x1, 0xef, 0xcf, 0xf6, 0x0, 0x2, 0xbf, 0xd6,
    0x0, 0x0,

    /* U+01AF "Ư" */
    0x0, 0x0, 0x0, 0x4f, 0xb0, 0x0, 0x0, 0x0,
    0xfd, 0x0, 0x0, 0x0, 0x4f, 0xa6, 0xf9, 0x0,
    0x8f, 0xb0, 0x6f, 0x90, 0x8, 0xf6, 0x6, 0xf9,
    0x0, 0x8f, 0x60, 0x6f, 0x90, 0x8, 0xf6, 0x6,
    0xf9, 0x0, 0x8f, 0x60, 0x6f, 0x90, 0x8, 0xf6,
    0x6, 0xf9, 0x0, 0x8f, 0x60, 0x6f, 0x90, 0x8,
    0xf6, 0x5, 0xfd, 0x0, 0xcf, 0x40, 0x1e, 0xff,
    0xff, 0xe1, 0x0, 0x3b, 0xee, 0xb3, 0x0,

    /* U+01B0 "ư" */
    0x0, 0x0, 0x0, 0xef, 0x0, 0x0, 0x0, 0xb,
    0xf3, 0x0, 0x0, 0x0, 0xdf, 0x18, 0xf6, 0x0,
    0xaf, 0x70, 0x8f, 0x60, 0xa, 0xf3, 0x8, 0xf6,
    0x0, 0xaf, 0x30, 0x8f, 0x60, 0xa, 0xf3, 0x8,
    0xf7, 0x0, 0xbf, 0x30, 0x6f, 0xb0, 0xe, 0xf1,
    0x1, 0xff, 0xef, 0xfc, 0x0, 0x3, 0xbf, 0xea,
    0x10, 0x0,

    /* U+01B7 "Ʒ" */
    0x5f, 0xff, 0xff, 0xf4, 0x5e, 0xee, 0xff, 0xd0,
    0x0, 0x0, 0xcf, 0x60, 0x0, 0x3, 0xfe, 0x0,
    0x0, 0xb, 0xfa, 0x0, 0x0, 0x1d, 0xff, 0xa0,
    0x0, 0x0, 0x1c, 0xf5, 0x0, 0x0, 0x8, 0xf7,
    0x3e, 0xb0, 0xd, 0xf5, 0xd, 0xfe, 0xef, 0xe0,
    0x2, 0xbf, 0xea, 0x20,

    /* U+01DD "ǝ" */
    0x4, 0xbe, 0xd9, 0x0, 0x2f, 0xfc, 0xef, 0xb0,
    0x1, 0x10, 0xc, 0xf3, 0x7e, 0xee, 0xef, 0xf5,
    0x6f, 0x81, 0x19, 0xf5, 0x3f, 0xc0, 0xd, 0xf2,
    0xc, 0xfd, 0xdf, 0xb0, 0x1, 0xae, 0xe9, 0x0,

    /* U+01E6 "Ǧ" */
    0x7, 0x60, 0x6, 0x70, 0x7, 0xf5, 0x5f, 0x70,
    0x0, 0xdf, 0xfd, 0x0, 0x0, 0x37, 0x73, 0x0,
    0x0, 0x0, 0x0, 0x0, 0x2, 0xae, 0xeb, 0x20,
    0xd, 0xfe, 0xef, 0xd0, 0x3f, 0xd0, 0xa, 0xb2,
    0x5f, 0xb0, 0x0, 0x0, 0x5f, 0xa0, 0x9a, 0xa0,
    0x5f, 0xa0, 0xef, 0xf1, 0x5f, 0xa0, 0xf, 0xf1,
    0x5f, 0xb0, 0xf, 0xf1, 0x3f, 0xd0, 0x2f, 0xf1,
    0xe, 0xfe, 0xff, 0xf1, 0x2, 0xcf, 0xcc, 0xf1,

    /* U+01E7 "ǧ" */
    0xc, 0xe1, 0x1e, 0xc0, 0x3, 0xfb, 0xbf, 0x30,
    0x0, 0x9f, 0xf9, 0x0, 0x0, 0x0, 0x0, 0x0,
    0x4, 0xdf, 0xbc, 0xf3, 0xf, 0xfa, 0xdf, 0xf3,
    0x5f, 0xa0, 0xd, 0xf3, 0x6f, 0x80, 0xb, 0xf3,
    0x6f, 0x80, 0xb, 0xf3, 0x5f, 0xa0, 0x1e, 0xf3,
    0xf, 0xfa, 0xdf, 0xf3, 0x4, 0xdf, 0xad, 0xf3,
    0x4, 0x0, 0xe, 0xf1, 0x3f, 0xeb, 0xef, 0xa0,
    0x7, 0xcf, 0xd9, 0x0,

    /* U+01EE "Ǯ" */
    0x6, 0x70, 0x5, 0x70, 0x5, 0xf8, 0x3f, 0xa0,
    0x0, 0xbf, 0xef, 0x10, 0x0, 0x27, 0x74, 0x0,
    0x0, 0x0, 0x0, 0x0, 0x5f, 0xff, 0xff, 0xf4,
    0x5e, 0xee, 0xff, 0xd0, 0x0, 0x0, 0xcf, 0x60,
    0x0, 0x3, 0xfe, 0x0, 0x0, 0xb, 0xfa, 0x0,
    0x0, 0x1d, 0xff, 0xa0, 0x0, 0x0, 0x1c, 0xf5,
    0x0, 0x0, 0x8, 0xf7, 0x3e, 0xb0, 0xd, 0xf5,
    0xd, 0xfe, 0xef, 0xe0, 0x2, 0xbf, 0xea, 0x20,

    /* U+01EF "ǯ" */
    0x9, 0xf2, 0xc, 0xe0, 0x1, 0xfd, 0x9f, 0x50,
    0x0, 0x7f, 0xfb, 0x0, 0x0, 0x0, 0x0, 0x0,
    0x5f, 0xff, 0xff, 0xf4, 0x4c, 0xcc, 0xef, 0xd0,
    0x0, 0x0, 0xbf, 0x50, 0x0, 0x2, 0xfd, 0x0,
    0x0, 0xa, 0xfa, 0x0, 0x0, 0xb, 0xef, 0xd0,
    0x0, 0x0, 0xb, 0xf5, 0x0, 0x0, 0x7, 0xf7,
    0x3d, 0xa0, 0xb, 0xf5, 0xe, 0xfc, 0xdf, 0xe0,
    0x2, 0xbf, 0xea, 0x20,

    /* U+01F4 "Ǵ" */
    0x0, 0x2, 0xfe, 0x10, 0x0, 0xb, 0xf3, 0x0,
    0x0, 0x2c, 0x60, 0x0, 0x0, 0x0, 0x0, 0x0,
    0x2, 0xae, 0xeb, 0x20, 0xd, 0xfe, 0xef, 0xd0,
    0x3f, 0xd0, 0xa, 0xb2, 0x5f, 0xb0, 0x0, 0x0,
    0x5f, 0xa0, 0x9a, 0xa0, 0x5f, 0xa0, 0xef, 0xf1,
    0x5f, 0xa0, 0xf, 0xf1, 0x5f, 0xb0, 0xf, 0xf1,
    0x3f, 0xd0, 0x2f, 0xf1, 0xe, 0xfe, 0xff, 0xf1,
    0x2, 0xcf, 0xcc, 0xf1,

    /* U+01F5 "ǵ" */
    0x0, 0x0, 0x0, 0x0, 0x0, 0x2, 0xfe, 0x10,
    0x0, 0xa, 0xf4, 0x0, 0x0, 0x2f, 0x90, 0x0,
    0x0, 0x0, 0x0, 0x0, 0x4, 0xdf, 0xbc, 0xf3,
    0xf, 0xfa, 0xdf, 0xf3, 0x5f, 0xa0, 0xd, 0xf3,
    0x6f, 0x80, 0xb, 0xf3, 0x6f, 0x80, 0xb, 0xf3,
    0x5f, 0xa0, 0x1e, 0xf3, 0xf, 0xfa, 0xdf, 0xf3,
    0x4, 0xdf, 0xad, 0xf3, 0x4, 0x0, 0xe, 0xf1,
    0x3f, 0xeb, 0xef, 0xa0, 0x7, 0xcf, 0xd9, 0x0,

    /* U+01F8 "Ǹ" */
    0x1, 0xef, 0x20, 0x0, 0x0, 0x4f, 0xa0, 0x0,
    0x0, 0x7, 0xc2, 0x0, 0x0, 0x0, 0x0, 0x0,
    0x3f, 0xf5, 0xa, 0xf3, 0x3f, 0xfb, 0xa, 0xf3,
    0x3f, 0xff, 0x1a, 0xf3, 0x3f, 0xff, 0x7a, 0xf3,
    0x3f, 0xff, 0xca, 0xf3, 0x3f, 0xaf, 0xfc, 0xf3,
    0x3f, 0xa9, 0xff, 0xf3, 0x3f, 0xa2, 0xff, 0xf3,
    0x3f, 0xa0, 0xcf, 0xf3, 0x3f, 0xa0, 0x5f, 0xf3,
    0x3f, 0xa0, 0xe, 0xf3,

    /* U+01F9 "ǹ" */
    0x0, 0xdf, 0x40, 0x0, 0x0, 0x3f, 0xc0, 0x0,
    0x0, 0x7, 0xf4, 0x0, 0x0, 0x0, 0x0, 0x0,
    0x3f, 0xcb, 0xfe, 0x70, 0x3f, 0xfd, 0xaf, 0xf2,
    0x3f, 0xd0, 0xb, 0xf5, 0x3f, 0xb0, 0x8, 0xf6,
    0x3f, 0xb0, 0x8, 0xf6, 0x3f, 0xb0, 0x8, 0xf6,
    0x3f, 0xb0, 0x8, 0xf6, 0x3f, 0xb0, 0x8, 0xf6,

    /* U+0216 "Ȗ" */
    0x1, 0xae, 0xea, 0x10, 0xd, 0xfe, 0xef, 0xd0,
    0x3f, 0xd0, 0xd, 0xf3, 0x5f, 0xa0, 0xb, 0xf5,
    0x5f, 0xa0, 0xa, 0xf5, 0x4f, 0xa0, 0xa, 0xf4,
    0xf, 0xd0, 0xd, 0xf0, 0x8, 0xf7, 0x8f, 0x80,
    0x0, 0xb9, 0x9b, 0x0, 0x8f, 0xf9, 0x9f, 0xf8,
    0x8f, 0xf9, 0x9f, 0xf8,

    /* U+0241 "Ɂ" */
    0x9, 0xef, 0xb3, 0x8, 0xfe, 0xdf, 0xe0, 0xdf,
    0x10, 0xef, 0x33, 0x30, 0x1f, 0xf1, 0x0, 0x1d,
    0xf8, 0x0, 0xd, 0xf8, 0x0, 0x3, 0xfc, 0x0,
    0x0, 0x5f, 0xb0, 0x0, 0x5, 0xfb, 0x0, 0x0,
    0x5f, 0xb0, 0x0, 0x5, 0xfb, 0x0, 0x0,

    /* U+0242 "ɂ" */
    0x8, 0xef, 0xb2, 0x8, 0xfe, 0xdf, 0xe0, 0xdf,
    0x10, 0xdf, 0x34, 0x30, 0xe, 0xf1, 0x0, 0xb,
    0xfa, 0x0, 0xb, 0xfc, 0x0, 0x2, 0xfe, 0x10,
    0x0, 0x4f, 0xb0, 0x0,

    /* U+024C "Ɍ" */
    0xd, 0xff, 0xfd, 0x50, 0xd, 0xff, 0xff, 0xf4,
    0xd, 0xf3, 0x1a, 0xfa, 0xd, 0xf3, 0x6, 0xfb,
    0xd, 0xf3, 0x2c, 0xf7, 0xff, 0xff, 0xff, 0xc0,
    0x8f, 0xfd, 0xfc, 0x0, 0xd, 0xf5, 0xff, 0x30,
    0xd, 0xf3, 0xaf, 0xb0, 0xd, 0xf3, 0x2f, 0xf3,
    0xd, 0xf3, 0xa, 0xfb,

    /* U+024D "ɍ" */
    0xc, 0xf4, 0xdf, 0xa0, 0xc, 0xff, 0xbe, 0xf5,
    0xc, 0xf5, 0x4, 0x50, 0xc, 0xf1, 0x0, 0x0,
    0xff, 0xff, 0xff, 0x70, 0x9e, 0xf9, 0x99, 0x40,
    0xc, 0xf0, 0x0, 0x0, 0xc, 0xf0, 0x0, 0x0,

    /* U+0254 "ɔ" */
    0x4, 0xbf, 0xd7, 0x0, 0x3f, 0xfc, 0xef, 0x90,
    0x3, 0x30, 0x1f, 0xf1, 0x0, 0x0, 0xb, 0xf4,
    0x0, 0x0, 0xb, 0xf4, 0x4, 0x30, 0x1f, 0xf1,
    0x3f, 0xfc, 0xef, 0x90, 0x4, 0xbf, 0xd7, 0x0,

    /* U+025B "ɛ" */
    0x3, 0xbe, 0xfd, 0x40, 0xe, 0xfb, 0xaf, 0xf2,
    0x1f, 0xe1, 0x1, 0x10, 0x8, 0xff, 0xf2, 0x0,
    0x1e, 0xfb, 0xa1, 0x0, 0x4f, 0xd0, 0x2, 0x20,
    0x1f, 0xfb, 0xbf, 0xf2, 0x3, 0xbf, 0xfc, 0x50,

    /* U+0263 "ɣ" */
    0x7f, 0xa0, 0x7, 0xf7, 0x2f, 0xe0, 0xb, 0xf2,
    0xd, 0xf3, 0xf, 0xd0, 0x8, 0xf8, 0x5f, 0x80,
    0x3, 0xfd, 0x9f, 0x30, 0x0, 0xef, 0xfe, 0x0,
    0x0, 0x9f, 0xf9, 0x0, 0x3, 0xef, 0xfe, 0x30,
    0xb, 0xe1, 0x1e, 0xa0, 0xa, 0xf6, 0x6f, 0xa0,
    0x1, 0xbf, 0xfb, 0x10,

    /* U+0272 "ɲ" */
    0x0, 0x3f, 0xcb, 0xfe, 0x70, 0x0, 0x3f, 0xfd,
    0xaf, 0xf2, 0x0, 0x3f, 0xd0, 0xb, 0xf5, 0x0,
    0x3f, 0xb0, 0x8, 0xf6, 0x0, 0x3f, 0xb0, 0x8,
    0xf6, 0x0, 0x3f, 0xb0, 0x8, 0xf6, 0x0, 0x3f,
    0xb0, 0x8, 0xf6, 0x0, 0x3f, 0xb0, 0x8, 0xf6,
    0x0, 0x5f, 0xb0, 0x0, 0x0, 0xe, 0xff, 0x70,
    0x0, 0x0, 0xf, 0xfb, 0x10, 0x0, 0x0,

    /* U+0292 "ʒ" */
    0x5f, 0xff, 0xff, 0xf4, 0x4c, 0xcc, 0xef, 0xd0,
    0x0, 0x0, 0xbf, 0x50, 0x0, 0x2, 0xfd, 0x0,
    0x0, 0xa, 0xfa, 0x0, 0x0, 0xb, 0xef, 0xd0,
    0x0, 0x0, 0xb, 0xf5, 0x0, 0x0, 0x7, 0xf7,
    0x3d, 0xa0, 0xb, 0xf5, 0xe, 0xfc, 0xdf, 0xe0,
    0x2, 0xbf, 0xea, 0x20,

    /* U+02C6 "ˆ" */
    0x0, 0x9f, 0xf9, 0x0, 0x3, 0xfa, 0xbf, 0x30,
    0xc, 0xe1, 0x1e, 0xc0,

    /* U+02C7 "ˇ" */
    0xc, 0xe1, 0x1e, 0xc0, 0x3, 0xfb, 0xbf, 0x30,
    0x0, 0x9f, 0xf9, 0x0,

    /* U+02D8 "˘" */
    0xd, 0xa0, 0xa, 0xd0, 0xd, 0xe2, 0x2e, 0xd0,
    0x4, 0xef, 0xfe, 0x40, 0x0, 0x1, 0x10, 0x0,

    /* U+02D9 "˙" */
    0x3, 0x30, 0x1f, 0xf1, 0xc, 0xc0,

    /* U+02DA "˚" */
    0x8, 0xee, 0x80, 0x2f, 0x33, 0xf2, 0x2f, 0x33,
    0xf2, 0x8, 0xee, 0x80,

    /* U+02DB "˛" */
    0x1, 0x8e, 0x60, 0x1e, 0xc1, 0x0, 0x4f, 0xfd,
    0xd2, 0xb, 0xff, 0xf2,

    /* U+02DC "˜" */
    0x5, 0x84, 0x0, 0x1, 0x6f, 0xff, 0xd9, 0xc6,
    0x53, 0x15, 0xae, 0xc2,

    /* U+02DD "˝" */
    0x0, 0x0, 0x0, 0x0, 0x6, 0xfb, 0xd, 0xf4,
    0xd, 0xf1, 0x5f, 0x90, 0x6f, 0x50, 0xdd, 0x0,

    /* U+0300 "̀" */
    0x0, 0x0, 0x8f, 0x90, 0xd, 0xf2, 0x2, 0xf9,

    /* U+0301 "́" */
    0x0, 0x0, 0xa, 0xf8, 0x2f, 0xc0, 0xaf, 0x20,

    /* U+0302 "̂" */
    0x0, 0x9f, 0xf9, 0x0, 0x3, 0xfa, 0xbf, 0x30,
    0xc, 0xe1, 0x1e, 0xc0,

    /* U+0303 "̃" */
    0x5, 0x84, 0x0, 0x1, 0x6f, 0xff, 0xd9, 0xc6,
    0x53, 0x15, 0xae, 0xc2,

    /* U+0304 "̄" */
    0x28, 0x88, 0x88, 0x82, 0x3f, 0xff, 0xff, 0xf3,

    /* U+0306 "̆" */
    0xd, 0xa0, 0xa, 0xd0, 0xd, 0xe2, 0x2e, 0xd0,
    0x4, 0xef, 0xfe, 0x40, 0x0, 0x1, 0x10, 0x0,

    /* U+0307 "̇" */
    0x3, 0x30, 0x1f, 0xf1, 0xc, 0xc0,

    /* U+0308 "̈" */
    0x2, 0x30, 0x3, 0x20, 0xf, 0xf2, 0x2f, 0xf0,
    0xb, 0xd0, 0xd, 0xb0,

    /* U+0309 "̉" */
    0x0, 0x0, 0x0, 0x7, 0xee, 0x90, 0xc, 0x6c,
    0xf0, 0x0, 0x6d, 0x30,

    /* U+030A "̊" */
    0x8, 0xee, 0x80, 0x2f, 0x33, 0xf2, 0x2f, 0x33,
    0xf2, 0x8, 0xee, 0x80,

    /* U+030B "̋" */
    0x0, 0x0, 0x0, 0x0, 0x6, 0xfb, 0xd, 0xf4,
    0xd, 0xf1, 0x5f, 0x90, 0x6f, 0x50, 0xdd, 0x0,

    /* U+030C "̌" */
    0xc, 0xe1, 0x1e, 0xc0, 0x3, 0xfb, 0xbf, 0x30,
    0x0, 0x9f, 0xf9, 0x0,

    /* U+0313 "̓" */
    0x1, 0x0, 0xa, 0xf2, 0xc, 0xf0, 0xe, 0xa0,
    0xf, 0x60, 0x3, 0x10,

    /* U+031B "̛" */
    0x0, 0x0, 0x1f, 0xd0, 0xd, 0xf1, 0x1f, 0xe0,
    0xfd, 0x40,

    /* U+0323 "̣" */
    0x3, 0x30, 0x1f, 0xf1, 0xc, 0xc0,

    /* U+0326 "̦" */
    0x7, 0x70, 0xe, 0xc0, 0x1f, 0x70, 0x1a, 0x20,

    /* U+0327 "̧" */
    0x7, 0x70, 0xe, 0xc0, 0x1f, 0x70, 0x1a, 0x20,

    /* U+0328 "̨" */
    0x1, 0x8e, 0x60, 0x1e, 0xc1, 0x0, 0x4f, 0xfd,
    0xd2, 0xb, 0xff, 0xf2,

    /* U+032D "̭" */
    0x0, 0x9f, 0xf9, 0x0, 0x3, 0xfa, 0xbf, 0x30,
    0xc, 0xe1, 0x1e, 0xc0,

    /* U+0384 "΄" */
    0x0, 0x0, 0xf, 0xd0, 0xc, 0xf0, 0x8, 0xf1,

    /* U+0385 "΅" */
    0x0, 0x0, 0x0, 0x0, 0x24, 0xf, 0xd0, 0x42,
    0xef, 0x3c, 0xf3, 0xfe, 0xad, 0x18, 0xf2, 0xda,

    /* U+0386 "Ά" */
    0xef, 0x0, 0x0, 0x0, 0xaf, 0x2d, 0xf6, 0x0,
    0x6f, 0x5f, 0xfa, 0x0, 0x0, 0x5f, 0xfe, 0x0,
    0x0, 0x9f, 0xdf, 0x20, 0x0, 0xde, 0x7f, 0x60,
    0x1, 0xfb, 0x4f, 0xa0, 0x5, 0xf8, 0xf, 0xe0,
    0x9, 0xfe, 0xef, 0xf2, 0xd, 0xff, 0xff, 0xf6,
    0x1f, 0xe0, 0x7, 0xfa, 0x4f, 0xb0, 0x4, 0xfe,

    /* U+0387 "·" */
    0xc, 0xc0, 0x1f, 0xf1, 0x4, 0x40,

    /* U+0388 "Έ" */
    0x3f, 0xb0, 0x0, 0x0, 0x0, 0xfc, 0xef, 0xff,
    0xff, 0xb, 0xee, 0xfe, 0xee, 0xe0, 0x0, 0xef,
    0x20, 0x0, 0x0, 0xe, 0xf2, 0x0, 0x0, 0x0,
    0xef, 0xdd, 0xd9, 0x0, 0xe, 0xff, 0xff, 0xa0,
    0x0, 0xef, 0x20, 0x0, 0x0, 0xe, 0xf2, 0x0,
    0x0, 0x0, 0xef, 0x20, 0x0, 0x0, 0xe, 0xfe,
    0xee, 0xe0, 0x0, 0xef, 0xff, 0xff,

    /* U+0389 "Ή" */
    0xaf, 0x30, 0x0, 0x0, 0x6, 0xfb, 0xfb, 0x0,
    0xff, 0x2f, 0xcf, 0xb0, 0xf, 0xf0, 0x5, 0xfb,
    0x0, 0xff, 0x0, 0x5f, 0xb0, 0xf, 0xf0, 0x5,
    0xff, 0xee, 0xff, 0x0, 0x5f, 0xff, 0xff, 0xf0,
    0x5, 0xfb, 0x0, 0xff, 0x0, 0x5f, 0xb0, 0xf,
    0xf0, 0x5, 0xfb, 0x0, 0xff, 0x0, 0x5f, 0xb0,
    0xf, 0xf0, 0x5, 0xfb, 0x0, 0xff,

    /* U+038A "Ί" */
    0xef, 0x0, 0x0, 0x0, 0xaf, 0xaf, 0xff, 0xfe,
    0x6f, 0xbe, 0xff, 0xed, 0x0, 0x0, 0xdf, 0x20,
    0x0, 0x0, 0xdf, 0x20, 0x0, 0x0, 0xdf, 0x20,
    0x0, 0x0, 0xdf, 0x20, 0x0, 0x0, 0xdf, 0x20,
    0x0, 0x0, 0xdf, 0x20, 0x0, 0x0, 0xdf, 0x20,
    0x0, 0x8e, 0xff, 0xed, 0x0, 0x8f, 0xff, 0xfe,

    /* U+038C "Ό" */
    0xf, 0xe0, 0x4c, 0xfd, 0x70, 0xb, 0xf3, 0xff,
    0xff, 0xf7, 0x8, 0xfb, 0xfa, 0x17, 0xfd, 0x0,
    0xb, 0xf5, 0x1, 0xff, 0x0, 0xb, 0xf5, 0x0,
    0xff, 0x0, 0xb, 0xf5, 0x0, 0xff, 0x0, 0xb,
    0xf5, 0x0, 0xff, 0x0, 0xb, 0xf5, 0x0, 0xff,
    0x0, 0x9, 0xf8, 0x4, 0xfd, 0x0, 0x3, 0xff,
    0xdf, 0xf7, 0x0, 0x0, 0x4c, 0xfd, 0x70,

    /* U+038E "Ύ" */
    0xbf, 0x30, 0x0, 0x0, 0x0, 0x7f, 0xbf, 0xf0,
    0x8, 0xfc, 0x3f, 0x7e, 0xf6, 0xe, 0xf5, 0x0,
    0x8, 0xfc, 0x5f, 0xe0, 0x0, 0x1, 0xff, 0xef,
    0x70, 0x0, 0x0, 0xaf, 0xff, 0x10, 0x0, 0x0,
    0x3f, 0xf9, 0x0, 0x0, 0x0, 0xd, 0xf3, 0x0,
    0x0, 0x0, 0xd, 0xf3, 0x0, 0x0, 0x0, 0xd,
    0xf3, 0x0, 0x0, 0x0, 0xd, 0xf3, 0x0, 0x0,
    0x0, 0xd, 0xf3, 0x0,

    /* U+038F "Ώ" */
    0x3f, 0xb0, 0x7d, 0xfd, 0x50, 0xf, 0xc6, 0xff,
    0xff, 0xf4, 0xb, 0xec, 0xf8, 0x19, 0xfa, 0x0,
    0xe, 0xf2, 0x4, 0xfc, 0x0, 0xe, 0xf1, 0x3,
    0xfc, 0x0, 0xd, 0xf1, 0x3, 0xfb, 0x0, 0x9,
    0xf4, 0x6, 0xf7, 0x0, 0x3, 0xfe, 0x1e, 0xe2,
    0x0, 0x0, 0x4f, 0x3f, 0x20, 0x0, 0x2f, 0xff,
    0x3f, 0xff, 0x0, 0x2f, 0xff, 0x3f, 0xff,

    /* U+0390 "ΐ" */
    0x0, 0xf, 0xd0, 0x0, 0x9d, 0x1c, 0xf1, 0xd9,
    0xef, 0x39, 0xf4, 0xfe, 0x24, 0x0, 0x0, 0x42,
    0x9, 0xff, 0xf1, 0x0, 0x6, 0xaf, 0xf1, 0x0,
    0x0, 0xd, 0xf1, 0x0, 0x0, 0xd, 0xf1, 0x0,
    0x0, 0xd, 0xf1, 0x0, 0x0, 0xd, 0xf2, 0x0,
    0x0, 0xb, 0xfe, 0xc0, 0x0, 0x4, 0xef, 0xe0,

    /* U+0391 "Α" */
    0x0, 0x2f, 0xf2, 0x0, 0x0, 0x6f, 0xf6, 0x0,
    0x0, 0xaf, 0xfa, 0x0, 0x0, 0xed, 0xfe, 0x0,
    0x2, 0xfa, 0xcf, 0x20, 0x6, 0xf6, 0x8f, 0x50,
    0xa, 0xf3, 0x5f, 0x90, 0xd, 0xfe, 0xef, 0xd0,
    0x1f, 0xff, 0xff, 0xf1, 0x5f, 0x90, 0xb, 0xf5,
    0x9f, 0x60, 0x8, 0xf9,

    /* U+0392 "Β" */
    0x3f, 0xff, 0xfb, 0x20, 0x3f, 0xfa, 0xdf, 0xd0,
    0x3f, 0xd0, 0xe, 0xf1, 0x3f, 0xd0, 0xd, 0xf1,
    0x3f, 0xd1, 0x5f, 0xd0, 0x3f, 0xff, 0xff, 0x40,
    0x3f, 0xe4, 0x7f, 0xe1, 0x3f, 0xd0, 0xb, 0xf4,
    0x3f, 0xd0, 0xe, 0xf5, 0x3f, 0xfc, 0xff, 0xf1,
    0x3f, 0xff, 0xfc, 0x40,

    /* U+0393 "Γ" */
    0x3f, 0xff, 0xff, 0xf3, 0x3f, 0xfe, 0xee, 0xe3,
    0x3f, 0xd0, 0x0, 0x0, 0x3f, 0xd0, 0x0, 0x0,
    0x3f, 0xd0, 0x0, 0x0, 0x3f, 0xd0, 0x0, 0x0,
    0x3f, 0xd0, 0x0, 0x0, 0x3f, 0xd0, 0x0, 0x0,
    0x3f, 0xd0, 0x0, 0x0, 0x3f, 0xd0, 0x0, 0x0,
    0x3f, 0xd0, 0x0, 0x0,

    /* U+0394 "Δ" */
    0x0, 0x2f, 0xf2, 0x0, 0x0, 0x6f, 0xf6, 0x0,
    0x0, 0xaf, 0xfa, 0x0, 0x0, 0xeb, 0xfe, 0x0,
    0x2, 0xf8, 0xcf, 0x20, 0x6, 0xf4, 0x9f, 0x50,
    0xa, 0xf1, 0x6f, 0x90, 0xd, 0xe0, 0x2f, 0xd0,
    0x1f, 0xa0, 0xf, 0xf1, 0x5f, 0xfe, 0xef, 0xf5,
    0x9f, 0xff, 0xff, 0xf9,

    /* U+0395 "Ε" */
    0xef, 0xff, 0xff, 0xef, 0xee, 0xee, 0xef, 0x10,
    0x0, 0xef, 0x10, 0x0, 0xef, 0xdd, 0xd8, 0xef,
    0xff, 0xfa, 0xef, 0x10, 0x0, 0xef, 0x10, 0x0,
    0xef, 0x10, 0x0, 0xef, 0xee, 0xee, 0xef, 0xff,
    0xff,

    /* U+0396 "Ζ" */
    0x5f, 0xff, 0xff, 0xf4, 0x5e, 0xee, 0xff, 0xd0,
    0x0, 0x0, 0xcf, 0x60, 0x0, 0x3, 0xfe, 0x0,
    0x0, 0xa, 0xf8, 0x0, 0x0, 0x2f, 0xf1, 0x0,
    0x0, 0x9f, 0xa0, 0x0, 0x1, 0xff, 0x30, 0x0,
    0x8, 0xfb, 0x0, 0x0, 0xe, 0xff, 0xee, 0xe5,
    0x6f, 0xff, 0xff, 0xf5,

    /* U+0397 "Η" */
    0x2f, 0xd0, 0xd, 0xf2, 0x2f, 0xd0, 0xd, 0xf2,
    0x2f, 0xd0, 0xd, 0xf2, 0x2f, 0xd0, 0xd, 0xf2,
    0x2f, 0xfe, 0xef, 0xf2, 0x2f, 0xff, 0xff, 0xf2,
    0x2f, 0xd0, 0xd, 0xf2, 0x2f, 0xd0, 0xd, 0xf2,
    0x2f, 0xd0, 0xd, 0xf2, 0x2f, 0xd0, 0xd, 0xf2,
    0x2f, 0xd0, 0xd, 0xf2,

    /* U+0398 "Θ" */
    0x1, 0xae, 0xea, 0x10, 0xd, 0xfe, 0xef, 0xd0,
    0x3f, 0xb0, 0xb, 0xf3, 0x5f, 0x80, 0x8, 0xf5,
    0x5f, 0x7c, 0xc7, 0xf5, 0x5f, 0x7f, 0xf7, 0xf5,
    0x5f, 0x70, 0x7, 0xf5, 0x5f, 0x80, 0x8, 0xf5,
    0x3f, 0xb0, 0xb, 0xf3, 0xd, 0xfe, 0xef, 0xd0,
    0x1, 0xae, 0xea, 0x10,

    /* U+0399 "Ι" */
    0xbf, 0xff, 0xfb, 0xae, 0xff, 0xea, 0x0, 0xff,
    0x0, 0x0, 0xff, 0x0, 0x0, 0xff, 0x0, 0x0,
    0xff, 0x0, 0x0, 0xff, 0x0, 0x0, 0xff, 0x0,
    0x0, 0xff, 0x0, 0xae, 0xff, 0xea, 0xbf, 0xff,
    0xfb,

    /* U+039A "Κ" */
    0x3f, 0xd0, 0xe, 0xf2, 0x3f, 0xd0, 0x6f, 0x90,
    0x3f, 0xd0, 0xef, 0x10, 0x3f, 0xd7, 0xf7, 0x0,
    0x3f, 0xee, 0xe0, 0x0, 0x3f, 0xff, 0xc0, 0x0,
    0x3f, 0xdd, 0xf4, 0x0, 0x3f, 0xd5, 0xfd, 0x0,
    0x3f, 0xd0, 0xdf, 0x50, 0x3f, 0xd0, 0x5f, 0xd0,
    0x3f, 0xd0, 0xd, 0xf5,

    /* U+039B "Λ" */
    0x0, 0x2f, 0xf2, 0x0, 0x0, 0x6f, 0xf6, 0x0,
    0x0, 0xaf, 0xfa, 0x0, 0x0, 0xee, 0xfe, 0x0,
    0x2, 0xfb, 0xdf, 0x20, 0x6, 0xf7, 0x9f, 0x50,
    0xa, 0xf4, 0x6f, 0x90, 0xd, 0xf1, 0x3f, 0xd0,
    0x1f, 0xd0, 0xf, 0xf1, 0x5f, 0xa0, 0xc, 0xf5,
    0x9f, 0x70, 0x9, 0xf9,

    /* U+039C "Μ" */
    0x6f, 0xd0, 0xb, 0xf6, 0x6f, 0xf2, 0x1f, 0xf6,
    0x6f, 0xf7, 0x6f, 0xf6, 0x6f, 0xfc, 0xbf, 0xf6,
    0x6f, 0xef, 0xfe, 0xf6, 0x6f, 0x8f, 0xf8, 0xf6,
    0x6f, 0x4e, 0xe4, 0xf6, 0x6f, 0x48, 0x94, 0xf6,
    0x6f, 0x43, 0x34, 0xf6, 0x6f, 0x40, 0x4, 0xf6,
    0x6f, 0x40, 0x4, 0xf6,

    /* U+039D "Ν" */
    0x3f, 0xf5, 0xa, 0xf3, 0x3f, 0xfb, 0xa, 0xf3,
    0x3f, 0xff, 0x1a, 0xf3, 0x3f, 0xff, 0x7a, 0xf3,
    0x3f, 0xff, 0xca, 0xf3, 0x3f, 0xaf, 0xfc, 0xf3,
    0x3f, 0xa9, 0xff, 0xf3, 0x3f, 0xa2, 0xff, 0xf3,
    0x3f, 0xa0, 0xcf, 0xf3, 0x3f, 0xa0, 0x5f, 0xf3,
    0x3f, 0xa0, 0xe, 0xf3,

    /* U+039E "Ξ" */
    0xff, 0xff, 0xff, 0xee, 0xee, 0xee, 0x0, 0x0,
    0x0, 0x0, 0x0, 0x0, 0x8d, 0xdd, 0xd8, 0xaf,
    0xff, 0xfa, 0x0, 0x0, 0x0, 0x0, 0x0, 0x0,
    0x0, 0x0, 0x0, 0xee, 0xee, 0xee, 0xff, 0xff,
    0xff,

    /* U+039F "Ο" */
    0x1, 0xae, 0xea, 0x10, 0xd, 0xfe, 0xef, 0xd0,
    0x3f, 0xd0, 0xe, 0xf3, 0x5f, 0xb0, 0xb, 0xf5,
    0x5f, 0xa0, 0xa, 0xf5, 0x5f, 0xa0, 0xa, 0xf5,
    0x5f, 0xa0, 0xa, 0xf5, 0x5f, 0xb0, 0xb, 0xf5,
    0x3f, 0xd0, 0xd, 0xf3, 0xd, 0xfe, 0xef, 0xd0,
    0x1, 0xae, 0xea, 0x10,

    /* U+03A0 "Π" */
    0x2f, 0xff, 0xff, 0xf2, 0x2f, 0xfe, 0xef, 0xf2,
    0x2f, 0xd0, 0xd, 0xf2, 0x2f, 0xd0, 0xd, 0xf2,
    0x2f, 0xd0, 0xd, 0xf2, 0x2f, 0xd0, 0xd, 0xf2,
    0x2f, 0xd0, 0xd, 0xf2, 0x2f, 0xd0, 0xd, 0xf2,
    0x2f, 0xd0, 0xd, 0xf2, 0x2f, 0xd0, 0xd, 0xf2,
    0x2f, 0xd0, 0xd, 0xf2,

    /* U+03A1 "Ρ" */
    0x3f, 0xff, 0xea, 0x20, 0x3f, 0xfe, 0xff, 0xd0,
    0x3f, 0xd0, 0x2e, 0xf5, 0x3f, 0xd0, 0xa, 0xf7,
    0x3f, 0xd0, 0x2e, 0xf5, 0x3f, 0xfe, 0xff, 0xe1,
    0x3f, 0xff, 0xeb, 0x20, 0x3f, 0xd0, 0x0, 0x0,
    0x3f, 0xd0, 0x0, 0x0, 0x3f, 0xd0, 0x0, 0x0,
    0x3f, 0xd0, 0x0, 0x0,

    /* U+03A3 "Σ" */
    0x5f, 0xff, 0xff, 0xe0, 0xef, 0xfe, 0xed, 0x7,
    0xfb, 0x0, 0x0, 0x1f, 0xf3, 0x0, 0x0, 0x9f,
    0xa0, 0x0, 0x3, 0xff, 0x0, 0x0, 0x8f, 0x90,
    0x0, 0xe, 0xf2, 0x0, 0x7, 0xfa, 0x0, 0x0,
    0xef, 0xfe, 0xed, 0x5f, 0xff, 0xff, 0xe0,

    /* U+03A4 "Τ" */
    0x8f, 0xff, 0xff, 0xf8, 0x8e, 0xef, 0xfe, 0xe8,
    0x0, 0xf, 0xf0, 0x0, 0x0, 0xf, 0xf0, 0x0,
    0x0, 0xf, 0xf0, 0x0, 0x0, 0xf, 0xf0, 0x0,
    0x0, 0xf, 0xf0, 0x0, 0x0, 0xf, 0xf0, 0x0,
    0x0, 0xf, 0xf0, 0x0, 0x0, 0xf, 0xf0, 0x0,
    0x0, 0xf, 0xf0, 0x0,

    /* U+03A5 "Υ" */
    0x9f, 0xc0, 0xb, 0xf9, 0x2f, 0xf2, 0x1f, 0xf3,
    0xc, 0xf8, 0x6f, 0xc0, 0x5, 0xfd, 0xcf, 0x50,
    0x0, 0xef, 0xfe, 0x0, 0x0, 0x7f, 0xf7, 0x0,
    0x0, 0x1f, 0xf1, 0x0, 0x0, 0xf, 0xf0, 0x0,
    0x0, 0xf, 0xf0, 0x0, 0x0, 0xf, 0xf0, 0x0,
    0x0, 0xf, 0xf0, 0x0,

    /* U+03A6 "Φ" */
    0x0, 0xf, 0xf0, 0x0, 0x1, 0x5f, 0xf5, 0x10,
    0x2e, 0xff, 0xff, 0xe2, 0x9f, 0xaf, 0xfa, 0xf9,
    0xcf, 0x2e, 0xe3, 0xfc, 0xdf, 0x1e, 0xe1, 0xfd,
    0xcf, 0x2e, 0xe2, 0xfc, 0xaf, 0x9e, 0xea, 0xfa,
    0x2e, 0xff, 0xff, 0xe2, 0x1, 0x6f, 0xf6, 0x10,
    0x0, 0xf, 0xf0, 0x0,

    /* U+03A7 "Χ" */
    0x5f, 0xe0, 0xd, 0xf5, 0xe, 0xf5, 0x3f, 0xe0,
    0x8, 0xfb, 0x9f, 0x80, 0x1, 0xff, 0xff, 0x10,
    0x0, 0xbf, 0xfb, 0x0, 0x0, 0x6f, 0xf6, 0x0,
    0x0, 0xbf, 0xfc, 0x0, 0x2, 0xff, 0xff, 0x20,
    0x8, 0xfa, 0xaf, 0x80, 0xe, 0xf4, 0x5f, 0xe0,
    0x5f, 0xe0, 0xf, 0xf5,

    /* U+03A8 "Ψ" */
    0x0, 0xe, 0xe0, 0x0, 0x89, 0x1e, 0xe1, 0x98,
    0xdf, 0x1e, 0xe1, 0xfd, 0xdf, 0x1e, 0xe1, 0xfd,
    0xdf, 0x1e, 0xe2, 0xfd, 0xbf, 0x4e, 0xe4, 0xfb,
    0x6f, 0xff, 0xff, 0xf6, 0x8, 0xef, 0xfe, 0x80,
    0x0, 0xf, 0xf0, 0x0, 0x0, 0xf, 0xf0, 0x0,
    0x0, 0xf, 0xf0, 0x0,

    /* U+03A9 "Ω" */
    0x1, 0xae, 0xea, 0x10, 0xd, 0xfe, 0xef, 0xd0,
    0x3f, 0xd0, 0xd, 0xf3, 0x5f, 0xa0, 0xb, 0xf5,
    0x5f, 0xa0, 0xa, 0xf5, 0x4f, 0xa0, 0xa, 0xf4,
    0xf, 0xd0, 0xd, 0xf0, 0x8, 0xf7, 0x8f, 0x80,
    0x0, 0xb9, 0x9b, 0x0, 0x8f, 0xf9, 0x9f, 0xf8,
    0x8f, 0xf9, 0x9f, 0xf8,

    /* U+03AA "Ϊ" */
    0xb, 0xd0, 0xd, 0xb0, 0xf, 0xf2, 0x2f, 0xf0,
    0x3, 0x30, 0x3, 0x20, 0x0, 0x0, 0x0, 0x0,
    0xb, 0xff, 0xff, 0xb0, 0xa, 0xef, 0xfe, 0xa0,
    0x0, 0xf, 0xf0, 0x0, 0x0, 0xf, 0xf0, 0x0,
    0x0, 0xf, 0xf0, 0x0, 0x0, 0xf, 0xf0, 0x0,
    0x0, 0xf, 0xf0, 0x0, 0x0, 0xf, 0xf0, 0x0,
    0x0, 0xf, 0xf0, 0x0, 0xa, 0xef, 0xfe, 0xa0,
    0xb, 0xff, 0xff, 0xb0,

    /* U+03AB "Ϋ" */
    0xb, 0xd0, 0xd, 0xb0, 0xf, 0xf2, 0x2f, 0xf0,
    0x3, 0x30, 0x3, 0x20, 0x0, 0x0, 0x0, 0x0,
    0x9f, 0xc0, 0xb, 0xf9, 0x2f, 0xf2, 0x1f, 0xf3,
    0xc, 0xf8, 0x6f, 0xc0, 0x5, 0xfd, 0xcf, 0x50,
    0x0, 0xef, 0xfe, 0x0, 0x0, 0x7f, 0xf7, 0x0,
    0x0, 0x1f, 0xf1, 0x0, 0x0, 0xf, 0xf0, 0x0,
    0x0, 0xf, 0xf0, 0x0, 0x0, 0xf, 0xf0, 0x0,
    0x0, 0xf, 0xf0, 0x0,

    /* U+03AC "ά" */
    0x0, 0x4f, 0xa0, 0x0, 0x0, 0xf, 0xc0, 0x0,
    0x0, 0xc, 0xd0, 0x0, 0x0, 0x0, 0x0, 0x0,
    0x6, 0xde, 0xae, 0xf0, 0x2f, 0xfa, 0xef, 0xf0,
    0x7f, 0x80, 0x1f, 0xf0, 0x9f, 0x50, 0xe, 0xf0,
    0x9f, 0x50, 0xe, 0xf0, 0x7f, 0x80, 0x1f, 0xf1,
    0x2f, 0xfa, 0xef, 0xfd, 0x6, 0xde, 0x93, 0xdd,

    /* U+03AD "έ" */
    0x0, 0x2f, 0xc0, 0x0, 0x0, 0xe, 0xd0, 0x0,
    0x0, 0xa, 0xf0, 0x0, 0x0, 0x0, 0x0, 0x0,
    0x3, 0xbe, 0xfc, 0x30, 0xf, 0xfb, 0xbf, 0xe0,
    0x1f, 0xe1, 0x2, 0x10, 0x9, 0xff, 0x80, 0x0,
    0x1f, 0xfb, 0x50, 0x0, 0x5f, 0xc0, 0x2, 0x20,
    0x1f, 0xfb, 0xbf, 0xf3, 0x4, 0xce, 0xfc, 0x50,

    /* U+03AE "ή" */
    0x0, 0x1f, 0xd0, 0x0, 0x0, 0xd, 0xe0, 0x0,
    0x0, 0x9, 0xf0, 0x0, 0x0, 0x0, 0x0, 0x0,
    0x3f, 0xcb, 0xfe, 0x70, 0x3f, 0xfd, 0xaf, 0xf2,
    0x3f, 0xd0, 0xb, 0xf5, 0x3f, 0xb0, 0x8, 0xf6,
    0x3f, 0xb0, 0x8, 0xf6, 0x3f, 0xb0, 0x8, 0xf6,
    0x3f, 0xb0, 0x8, 0xf6, 0x3f, 0xb0, 0x8, 0xf6,
    0x0, 0x0, 0x8, 0xf6, 0x0, 0x0, 0x8, 0xf6,
    0x0, 0x0, 0x8, 0xf6,

    /* U+03AF "ί" */
    0x1, 0xfd, 0x0, 0x0, 0xde, 0x0, 0x0, 0x9f,
    0x0, 0x0, 0x0, 0x0, 0xcf, 0xff, 0x0, 0x8a,
    0xff, 0x0, 0x0, 0xff, 0x0, 0x0, 0xff, 0x0,
    0x0, 0xff, 0x0, 0x0, 0xff, 0x0, 0x0, 0xef,
    0xea, 0x0, 0x5e, 0xfb,

    /* U+03B0 "ΰ" */
    0x0, 0xf, 0xd0, 0x0, 0x9d, 0x1c, 0xf1, 0xd9,
    0xef, 0x39, 0xf4, 0xfe, 0x24, 0x0, 0x0, 0x42,
    0xee, 0x50, 0x4, 0xf8, 0xcf, 0xc0, 0x4, 0xf8,
    0x2f, 0xc0, 0x4, 0xf8, 0x2f, 0xc0, 0x4, 0xf8,
    0x2f, 0xc0, 0x5, 0xf8, 0xf, 0xf1, 0x9, 0xf7,
    0xb, 0xff, 0xdf, 0xf2, 0x1, 0x9e, 0xfc, 0x40,

    /* U+03B1 "α" */
    0x6, 0xde, 0xae, 0xf0, 0x2f, 0xfa, 0xef, 0xf0,
    0x7f, 0x80, 0x1f, 0xf0, 0x9f, 0x50, 0xe, 0xf0,
    0x9f, 0x50, 0xe, 0xf0, 0x7f, 0x80, 0x1f, 0xf1,
    0x2f, 0xfa, 0xef, 0xfd, 0x6, 0xde, 0x93, 0xdd,

    /* U+03B2 "β" */
    0x2, 0xbe, 0xeb, 0x20, 0xd, 0xfe, 0xdf, 0xd0,
    0x2f, 0xe0, 0xd, 0xf1, 0x3f, 0xc0, 0x4f, 0xe0,
    0x3f, 0xb4, 0xff, 0x40, 0x3f, 0xb1, 0x7f, 0xe1,
    0x3f, 0xb0, 0x9, 0xf6, 0x3f, 0xb0, 0x7, 0xf7,
    0x3f, 0xb0, 0x1c, 0xf5, 0x3f, 0xfd, 0xff, 0xe0,
    0x3f, 0xff, 0xeb, 0x20, 0x3f, 0xb0, 0x0, 0x0,
    0x3f, 0xb0, 0x0, 0x0, 0x3f, 0xb0, 0x0, 0x0,

    /* U+03B3 "γ" */
    0x7f, 0xa0, 0x7, 0xf7, 0x1f, 0xf0, 0xc, 0xf1,
    0xc, 0xf4, 0x1f, 0xc0, 0x7, 0xf9, 0x5f, 0x70,
    0x2, 0xfd, 0xaf, 0x20, 0x0, 0xcf, 0xfc, 0x0,
    0x0, 0x7f, 0xf7, 0x0, 0x0, 0x2f, 0xf2, 0x0,
    0x0, 0xf, 0xf0, 0x0, 0x0, 0xf, 0xf0, 0x0,
    0x0, 0xf, 0xf0, 0x0,

    /* U+03B4 "δ" */
    0x3, 0xcf, 0xea, 0x10, 0xe, 0xf7, 0x9f, 0xa0,
    0xe, 0xe2, 0x2, 0x20, 0x5, 0xef, 0x81, 0x0,
    0x4, 0xef, 0xff, 0x30, 0x1f, 0xf4, 0x4f, 0xe0,
    0x5f, 0xa0, 0xa, 0xf4, 0x6f, 0x80, 0x8, 0xf6,
    0x3f, 0xd0, 0xd, 0xf3, 0xc, 0xfd, 0xdf, 0xc0,
    0x1, 0x9e, 0xe9, 0x10,

    /* U+03B5 "ε" */
    0x3, 0xbe, 0xfc, 0x30, 0xf, 0xfb, 0xbf, 0xe0,
    0x1f, 0xe1, 0x2, 0x10, 0x9, 0xff, 0x80, 0x0,
    0x1f, 0xfb, 0x50, 0x0, 0x5f, 0xc0, 0x2, 0x20,
    0x1f, 0xfb, 0xbf, 0xf3, 0x4, 0xce, 0xfc, 0x50,

    /* U+03B6 "ζ" */
    0x5f, 0xff, 0xff, 0x90, 0x4c, 0xce, 0xfd, 0x0,
    0x0, 0xd, 0xf3, 0x0, 0x0, 0x9f, 0x70, 0x0,
    0x4, 0xfc, 0x0, 0x0, 0xd, 0xf3, 0x0, 0x0,
    0x3f, 0xc0, 0x0, 0x0, 0x6f, 0x90, 0x0, 0x0,
    0x4f, 0xb0, 0x0, 0x0, 0xd, 0xfc, 0x72, 0x0,
    0x1, 0x9e, 0xff, 0xb0, 0x0, 0x0, 0x1d, 0xf1,
    0x0, 0x2e, 0xef, 0xf0, 0x0, 0x2f, 0xfe, 0x50,

    /* U+03B7 "η" */
    0x3f, 0xcb, 0xfe, 0x70, 0x3f, 0xfd, 0xaf, 0xf2,
    0x3f, 0xd0, 0xb, 0xf5, 0x3f, 0xb0, 0x8, 0xf6,
    0x3f, 0xb0, 0x8, 0xf6, 0x3f, 0xb0, 0x8, 0xf6,
    0x3f, 0xb0, 0x8, 0xf6, 0x3f, 0xb0, 0x8, 0xf6,
    0x0, 0x0, 0x8, 0xf6, 0x0, 0x0, 0x8, 0xf6,
    0x0, 0x0, 0x8, 0xf6,

    /* U+03B8 "θ" */
    0x1, 0xae, 0xea, 0x10, 0xd, 0xff, 0xff, 0xd0,
    0x3f, 0xd0, 0xd, 0xf3, 0x5f, 0x90, 0x9, 0xf5,
    0x5f, 0xec, 0xce, 0xf5, 0x5f, 0xff, 0xff, 0xf5,
    0x5f, 0x80, 0x8, 0xf5, 0x5f, 0x90, 0x9, 0xf5,
    0x3f, 0xd0, 0xd, 0xf3, 0xd, 0xff, 0xff, 0xd0,
    0x1, 0xae, 0xea, 0x10,

    /* U+03B9 "ι" */
    0xcf, 0xff, 0x0, 0x8a, 0xff, 0x0, 0x0, 0xff,
    0x0, 0x0, 0xff, 0x0, 0x0, 0xff, 0x0, 0x0,
    0xff, 0x0, 0x0, 0xef, 0xea, 0x0, 0x5e, 0xfb,

    /* U+03BA "κ" */
    0x3f, 0xb0, 0x6f, 0xa0, 0x3f, 0xb1, 0xee, 0x10,
    0x3f, 0xba, 0xf5, 0x0, 0x3f, 0xef, 0xc0, 0x0,
    0x3f, 0xdf, 0xf2, 0x0, 0x3f, 0xb7, 0xfc, 0x0,
    0x3f, 0xb0, 0xdf, 0x60, 0x3f, 0xb0, 0x3f, 0xe1,

    /* U+03BB "λ" */
    0x0, 0xdf, 0x40, 0x0, 0x0, 0x8f, 0x90, 0x0,
    0x0, 0x2f, 0xe0, 0x0, 0x0, 0x1f, 0xf3, 0x0,
    0x0, 0x6f, 0xf8, 0x0, 0x0, 0xcf, 0xfd, 0x0,
    0x1, 0xfc, 0xbf, 0x20, 0x6, 0xf8, 0x6f, 0x70,
    0xc, 0xf3, 0x2f, 0xc0, 0x1f, 0xe0, 0xd, 0xf1,
    0x6f, 0x90, 0x8, 0xf6,

    /* U+03BC "μ" */
    0x6f, 0x80, 0xe, 0xf0, 0x6f, 0x80, 0xe, 0xf0,
    0x6f, 0x80, 0xe, 0xf0, 0x6f, 0x80, 0xe, 0xf0,
    0x6f, 0x80, 0xf, 0xf0, 0x6f, 0xc0, 0x1f, 0xf1,
    0x6f, 0xff, 0xff, 0xfa, 0x6f, 0x9c, 0xfb, 0xab,
    0x6f, 0x60, 0x0, 0x0, 0x6f, 0x80, 0x0, 0x0,
    0x6f, 0x90, 0x0, 0x0,

    /* U+03BD "ν" */
    0xcf, 0x70, 0x5, 0xf9, 0xaf, 0xf1, 0xa, 0xf4,
    0xb, 0xf5, 0xe, 0xe0, 0x6, 0xfa, 0x3f, 0x90,
    0x1, 0xff, 0x8f, 0x40, 0x0, 0xbf, 0xff, 0x0,
    0x0, 0x6f, 0xfa, 0x0, 0x0, 0x1f, 0xf5, 0x0,

    /* U+03BE "ξ" */
    0x1, 0x9e, 0xeb, 0x40, 0xa, 0xfe, 0xcf, 0xf1,
    0xe, 0xf1, 0x1, 0x10, 0xb, 0xf5, 0x0, 0x0,
    0x2, 0xff, 0x60, 0x0, 0xc, 0xf8, 0x20, 0x0,
    0x2f, 0xb0, 0x0, 0x0, 0x4f, 0xa0, 0x0, 0x0,
    0x2f, 0xf4, 0x0, 0x0, 0x9, 0xff, 0xd8, 0x20,
    0x0, 0x6c, 0xff, 0xf0, 0x0, 0x0, 0xb, 0xf2,
    0x0, 0xe, 0xef, 0xf1, 0x0, 0xf, 0xfe, 0x60,

    /* U+03BF "ο" */
    0x0, 0x9e, 0xe9, 0x0, 0xa, 0xfe, 0xef, 0xa0,
    0x2f, 0xd0, 0xd, 0xf2, 0x5f, 0x90, 0x9, 0xf5,
    0x5f, 0x90, 0x9, 0xf5, 0x2f, 0xd0, 0xd, 0xf2,
    0xb, 0xfd, 0xdf, 0xa0, 0x0, 0x9e, 0xe9, 0x0,

    /* U+03C0 "π" */
    0xbf, 0xff, 0xff, 0xfb, 0x9f, 0xfd, 0xdf, 0xf9,
    0xe, 0xf0, 0x1f, 0xd0, 0xe, 0xf0, 0x1f, 0xd0,
    0xe, 0xf0, 0x1f, 0xd0, 0xe, 0xf0, 0x1f, 0xd0,
    0xe, 0xf0, 0xf, 0xf8, 0xe, 0xf0, 0x7, 0xeb,

    /* U+03C1 "ρ" */
    0x0, 0x7d, 0xea, 0x10, 0x7, 0xfe, 0xdf, 0xb0,
    0xf, 0xf1, 0xc, 0xf3, 0x2f, 0xd0, 0x7, 0xf5,
    0x3f, 0xb0, 0x7, 0xf6, 0x3f, 0xd0, 0xa, 0xf5,
    0x3f, 0xfd, 0xaf, 0xf0, 0x3f, 0xdb, 0xfd, 0x40,
    0x3f, 0xb0, 0x0, 0x0, 0x3f, 0xb0, 0x0, 0x0,
    0x3f, 0xb0, 0x0, 0x0,

    /* U+03C2 "ς" */
    0x0, 0x8d, 0xeb, 0x40, 0xa, 0xfe, 0xcf, 0xf2,
    0x2f, 0xd0, 0x3, 0x30, 0x5f, 0x90, 0x0, 0x0,
    0x6f, 0x80, 0x0, 0x0, 0x3f, 0xd0, 0x0, 0x0,
    0xb, 0xfe, 0x94, 0x0, 0x0, 0x8d, 0xff, 0xc0,
    0x0, 0x0, 0x1d, 0xf1, 0x0, 0x2e, 0xef, 0xf0,
    0x0, 0x2f, 0xfe, 0x50,

    /* U+03C3 "σ" */
    0x1, 0xae, 0xff, 0xff, 0xd, 0xfe, 0xff, 0xfc,
    0x6f, 0xb0, 0x2f, 0xf0, 0x9f, 0x60, 0xb, 0xf2,
    0x9f, 0x50, 0xb, 0xf2, 0x6f, 0xb0, 0x1f, 0xf0,
    0xd, 0xfd, 0xef, 0x70, 0x1, 0xae, 0xd7, 0x0,

    /* U+03C4 "τ" */
    0x4f, 0xff, 0xff, 0xf4, 0x3c, 0xcf, 0xfc, 0xc3,
    0x0, 0xf, 0xf0, 0x0, 0x0, 0xf, 0xf0, 0x0,
    0x0, 0xf, 0xf0, 0x0, 0x0, 0xf, 0xf0, 0x0,
    0x0, 0xe, 0xfe, 0xa0, 0x0, 0x5, 0xef, 0xb0,

    /* U+03C5 "υ" */
    0xee, 0x50, 0x4, 0xf8, 0xcf, 0xc0, 0x4, 0xf8,
    0x2f, 0xc0, 0x4, 0xf8, 0x2f, 0xc0, 0x4, 0xf8,
    0x2f, 0xc0, 0x5, 0xf8, 0xf, 0xf1, 0x9, 0xf7,
    0xb, 0xff, 0xdf, 0xf2, 0x1, 0x9e, 0xfc, 0x40,

    /* U+03C6 "φ" */
    0x0, 0xf, 0xf0, 0x0, 0x0, 0xf, 0xf0, 0x0,
    0x0, 0xf, 0xf0, 0x0, 0x1, 0x6f, 0xf6, 0x10,
    0x2e, 0xff, 0xff, 0xe2, 0xaf, 0xae, 0xea, 0xfa,
    0xcf, 0x2e, 0xe2, 0xfc, 0xdf, 0x1e, 0xe1, 0xfd,
    0xbf, 0x5e, 0xe5, 0xfb, 0x6f, 0xff, 0xff, 0xf6,
    0x6, 0xdf, 0xfd, 0x60, 0x0, 0xf, 0xf0, 0x0,
    0x0, 0xf, 0xf0, 0x0, 0x0, 0xf, 0xf0, 0x0,

    /* U+03C7 "χ" */
    0x1f, 0xd0, 0xd, 0xf1, 0xa, 0xf3, 0x3f, 0xa0,
    0x4, 0xf9, 0x9f, 0x40, 0x0, 0xee, 0xfd, 0x0,
    0x0, 0x7f, 0xf7, 0x0, 0x0, 0x4f, 0xf4, 0x0,
    0x0, 0x9f, 0xf9, 0x0, 0x0, 0xfd, 0xcf, 0x0,
    0x6, 0xf8, 0x7f, 0x60, 0xc, 0xf2, 0x1f, 0xc0,
    0x2f, 0xc0, 0xc, 0xf2,

    /* U+03C8 "ψ" */
    0x0, 0x9, 0x90, 0x0, 0x0, 0xf, 0xf0, 0x0,
    0xdf, 0x1f, 0xf1, 0xfd, 0xdf, 0x1f, 0xf1, 0xfd,
    0xdf, 0x1f, 0xf1, 0xfd, 0xdf, 0x1f, 0xf1, 0xfd,
    0xdf, 0x1f, 0xf1, 0xfd, 0xbf, 0x6f, 0xf6, 0xfa,
    0x4f, 0xff, 0xff, 0xf4, 0x4, 0xbf, 0xfb, 0x40,
    0x0, 0xf, 0xf0, 0x0, 0x0, 0xf, 0xf0, 0x0,
    0x0, 0xf, 0xf0, 0x0,

    /* U+03C9 "ω" */
    0xdf, 0x0, 0x1, 0xfc, 0xdf, 0x1, 0x11, 0xfc,
    0xdf, 0xd, 0xd1, 0xfc, 0xdf, 0xd, 0xd1, 0xfc,
    0xdf, 0xd, 0xd1, 0xfc, 0xdf, 0x1e, 0xe1, 0xfc,
    0xaf, 0xef, 0xfe, 0xf9, 0x1b, 0xf9, 0xaf, 0xb1,

    /* U+03CA "ϊ" */
    0xc, 0xc0, 0x1d, 0xa0, 0xf, 0xf1, 0x3f, 0xe0,
    0x3, 0x30, 0x4, 0x20, 0xc, 0xff, 0xf0, 0x0,
    0x8, 0xaf, 0xf0, 0x0, 0x0, 0xf, 0xf0, 0x0,
    0x0, 0xf, 0xf0, 0x0, 0x0, 0xf, 0xf0, 0x0,
    0x0, 0xf, 0xf0, 0x0, 0x0, 0xe, 0xfe, 0xa0,
    0x0, 0x5, 0xef, 0xb0,

    /* U+03CB "ϋ" */
    0xb, 0xd0, 0xd, 0xb0, 0xf, 0xf2, 0x2f, 0xf0,
    0x3, 0x30, 0x3, 0x20, 0xee, 0x50, 0x4, 0xf8,
    0xcf, 0xc0, 0x4, 0xf8, 0x2f, 0xc0, 0x4, 0xf8,
    0x2f, 0xc0, 0x4, 0xf8, 0x2f, 0xc0, 0x5, 0xf8,
    0xf, 0xf1, 0x9, 0xf7, 0xb, 0xff, 0xdf, 0xf2,
    0x1, 0x9e, 0xfc, 0x40,

    /* U+03CC "ό" */
    0x0, 0x1f, 0xd0, 0x0, 0x0, 0xd, 0xe0, 0x0,
    0x0, 0x9, 0xf0, 0x0, 0x0, 0x0, 0x0, 0x0,
    0x0, 0x9e, 0xe9, 0x0, 0xa, 0xfe, 0xef, 0xa0,
    0x2f, 0xd0, 0xd, 0xf2, 0x5f, 0x90, 0x9, 0xf5,
    0x5f, 0x90, 0x9, 0xf5, 0x2f, 0xd0, 0xd, 0xf2,
    0xb, 0xfd, 0xdf, 0xa0, 0x0, 0x9e, 0xe9, 0x0,

    /* U+03CD "ύ" */
    0x0, 0x1f, 0xd0, 0x0, 0x0, 0xd, 0xe0, 0x0,
    0x0, 0x9, 0xf0, 0x0, 0x0, 0x0, 0x0, 0x0,
    0xee, 0x50, 0x4, 0xf8, 0xcf, 0xc0, 0x4, 0xf8,
    0x2f, 0xc0, 0x4, 0xf8, 0x2f, 0xc0, 0x4, 0xf8,
    0x2f, 0xc0, 0x5, 0xf8, 0xf, 0xf1, 0x9, 0xf7,
    0xb, 0xff, 0xdf, 0xf2, 0x1, 0x9e, 0xfc, 0x40,

    /* U+03CE "ώ" */
    0x0, 0x4f, 0x90, 0x0, 0x0, 0x1f, 0xb0, 0x0,
    0x0, 0xd, 0xc0, 0x0, 0x0, 0x0, 0x0, 0x0,
    0xdf, 0x0, 0x1, 0xfc, 0xdf, 0x1, 0x11, 0xfc,
    0xdf, 0xd, 0xd1, 0xfc, 0xdf, 0xd, 0xd1, 0xfc,
    0xdf, 0xd, 0xd1, 0xfc, 0xdf, 0x1e, 0xe1, 0xfc,
    0xaf, 0xef, 0xfe, 0xf9, 0x1b, 0xf9, 0xaf, 0xb1,

    /* U+0400 "Ѐ" */
    0x1e, 0xf2, 0x0, 0x4, 0xfa, 0x0, 0x0, 0x7c,
    0x20, 0x0, 0x0, 0x0, 0xef, 0xff, 0xff, 0xef,
    0xee, 0xee, 0xef, 0x10, 0x0, 0xef, 0x10, 0x0,
    0xef, 0xdd, 0xd8, 0xef, 0xff, 0xfa, 0xef, 0x10,
    0x0, 0xef, 0x10, 0x0, 0xef, 0x10, 0x0, 0xef,
    0xee, 0xee, 0xef, 0xff, 0xff,

    /* U+0401 "Ё" */
    0xb, 0xd0, 0xd, 0xb0, 0xf, 0xf2, 0x2f, 0xf0,
    0x3, 0x30, 0x3, 0x20, 0x0, 0x0, 0x0, 0x0,
    0xe, 0xff, 0xff, 0xf0, 0xe, 0xfe, 0xee, 0xe0,
    0xe, 0xf1, 0x0, 0x0, 0xe, 0xf1, 0x0, 0x0,
    0xe, 0xfd, 0xdd, 0x80, 0xe, 0xff, 0xff, 0xa0,
    0xe, 0xf1, 0x0, 0x0, 0xe, 0xf1, 0x0, 0x0,
    0xe, 0xf1, 0x0, 0x0, 0xe, 0xfe, 0xee, 0xe0,
    0xe, 0xff, 0xff, 0xf0,

    /* U+0402 "Ђ" */
    0xff, 0xff, 0xff, 0xf8, 0xef, 0xff, 0xee, 0xe7,
    0x9, 0xf6, 0x0, 0x0, 0x9, 0xfc, 0xcb, 0x40,
    0x9, 0xff, 0xff, 0xf3, 0x9, 0xf9, 0x1a, 0xf8,
    0x9, 0xf6, 0x5, 0xfb, 0x9, 0xf6, 0x4, 0xfb,
    0x9, 0xf6, 0x4, 0xfb, 0x9, 0xf6, 0x4, 0xfb,
    0x9, 0xf6, 0x5, 0xfb, 0x0, 0x0, 0x7, 0xfa,
    0x0, 0xe, 0xef, 0xf7, 0x0, 0xf, 0xff, 0xa0,

    /* U+0403 "Ѓ" */
    0x0, 0x1, 0xef, 0x20, 0x0, 0x8, 0xf6, 0x0,
    0x0, 0xb, 0x80, 0x0, 0x0, 0x0, 0x0, 0x0,
    0x3f, 0xff, 0xff, 0xf3, 0x3f, 0xfe, 0xee, 0xe3,
    0x3f, 0xd0, 0x0, 0x0, 0x3f, 0xd0, 0x0, 0x0,
    0x3f, 0xd0, 0x0, 0x0, 0x3f, 0xd0, 0x0, 0x0,
    0x3f, 0xd0, 0x0, 0x0, 0x3f, 0xd0, 0x0, 0x0,
    0x3f, 0xd0, 0x0, 0x0, 0x3f, 0xd0, 0x0, 0x0,
    0x3f, 0xd0, 0x0, 0x0,

    /* U+0404 "Є" */
    0x2, 0xae, 0xeb, 0x20, 0xd, 0xfe, 0xef, 0xd0,
    0x3f, 0xe0, 0xa, 0xb1, 0x5f, 0xb0, 0x0, 0x0,
    0x5f, 0xfd, 0xd1, 0x0, 0x5f, 0xff, 0xf2, 0x0,
    0x5f, 0xa0, 0x0, 0x0, 0x5f, 0xb0, 0x0, 0x0,
    0x3f, 0xe0, 0xd, 0xf2, 0xd, 0xfe, 0xef, 0xc0,
    0x2, 0xbe, 0xeb, 0x20,

    /* U+0405 "Ѕ" */
    0x2, 0xbe, 0xeb, 0x10, 0xe, 0xfd, 0xef, 0xc0,
    0x3f, 0xd0, 0xd, 0xe0, 0x2f, 0xe1, 0x0, 0x0,
    0xc, 0xfe, 0x50, 0x0, 0x1, 0xaf, 0xfc, 0x20,
    0x0, 0x3, 0xcf, 0xd0, 0x0, 0x0, 0xe, 0xf3,
    0x3f, 0xd0, 0xe, 0xf3, 0xd, 0xfe, 0xef, 0xd0,
    0x2, 0xbf, 0xea, 0x20,

    /* U+0406 "І" */
    0xbf, 0xff, 0xfb, 0xae, 0xff, 0xea, 0x0, 0xff,
    0x0, 0x0, 0xff, 0x0, 0x0, 0xff, 0x0, 0x0,
    0xff, 0x0, 0x0, 0xff, 0x0, 0x0, 0xff, 0x0,
    0x0, 0xff, 0x0, 0xae, 0xff, 0xea, 0xbf, 0xff,
    0xfb,

    /* U+0407 "Ї" */
    0xb, 0xd0, 0xd, 0xb0, 0xf, 0xf2, 0x2f, 0xf0,
    0x3, 0x30, 0x3, 0x20, 0x0, 0x0, 0x0, 0x0,
    0xb, 0xff, 0xff, 0xb0, 0xa, 0xef, 0xfe, 0xa0,
    0x0, 0xf, 0xf0, 0x0, 0x0, 0xf, 0xf0, 0x0,
    0x0, 0xf, 0xf0, 0x0, 0x0, 0xf, 0xf0, 0x0,
    0x0, 0xf, 0xf0, 0x0, 0x0, 0xf, 0xf0, 0x0,
    0x0, 0xf, 0xf0, 0x0, 0xa, 0xef, 0xfe, 0xa0,
    0xb, 0xff, 0xff, 0xb0,

    /* U+0408 "Ј" */
    0x0, 0xf, 0xff, 0x40, 0x0, 0xcf, 0xf4, 0x0,
    0x0, 0xcf, 0x40, 0x0, 0xc, 0xf4, 0x0, 0x0,
    0xcf, 0x40, 0x0, 0xc, 0xf4, 0x0, 0x0, 0xcf,
    0x40, 0x0, 0xd, 0xf3, 0x0, 0x4, 0xff, 0x1e,
    0xef, 0xff, 0xa0, 0xff, 0xfe, 0x90, 0x0,

    /* U+0409 "Љ" */
    0x7, 0xff, 0xd0, 0x0, 0x8, 0xff, 0xd0, 0x0,
    0x9, 0xec, 0xd0, 0x0, 0xa, 0xdc, 0xfe, 0x90,
    0xc, 0xbc, 0xff, 0xf7, 0xd, 0xac, 0xd1, 0xfd,
    0xf, 0x8c, 0xd0, 0xbf, 0x1f, 0x6c, 0xd0, 0xbe,
    0x6f, 0x3c, 0xd2, 0xec, 0xff, 0xc, 0xff, 0xf6,
    0xe6, 0xc, 0xfe, 0x80,

    /* U+040A "Њ" */
    0xdd, 0xd, 0xc0, 0x0, 0xdd, 0xd, 0xc0, 0x0,
    0xdd, 0xd, 0xc0, 0x0, 0xdf, 0xff, 0xfe, 0x90,
    0xdf, 0xef, 0xff, 0xf7, 0xdd, 0xd, 0xc2, 0xfd,
    0xdd, 0xd, 0xc0, 0xcf, 0xdd, 0xd, 0xc0, 0xce,
    0xdd, 0xd, 0xc1, 0xfc, 0xdd, 0xd, 0xff, 0xf6,
    0xdd, 0xd, 0xfe, 0x80,

    /* U+040B "Ћ" */
    0xff, 0xff, 0xff, 0xf8, 0xef, 0xff, 0xee, 0xe7,
    0x9, 0xf6, 0x0, 0x0, 0x9, 0xf6, 0x0, 0x0,
    0x9, 0xfd, 0xee, 0x70, 0x9, 0xff, 0xef, 0xf5,
    0x9, 0xf7, 0x7, 0xf9, 0x9, 0xf6, 0x5, 0xfb,
    0x9, 0xf6, 0x4, 0xfb, 0x9, 0xf6, 0x4, 0xfb,
    0x9, 0xf6, 0x4, 0xfb,

    /* U+040C "Ќ" */
    0x0, 0x2, 0xfe, 0x10, 0x0, 0xb, 0xf3, 0x0,
    0x0, 0x2c, 0x60, 0x0, 0x0, 0x0, 0x0, 0x0,
    0x3f, 0xd0, 0xe, 0xf2, 0x3f, 0xd0, 0x6f, 0x90,
    0x3f, 0xd0, 0xef, 0x10, 0x3f, 0xd7, 0xf7, 0x0,
    0x3f, 0xee, 0xe0, 0x0, 0x3f, 0xff, 0xc0, 0x0,
    0x3f, 0xdd, 0xf4, 0x0, 0x3f, 0xd5, 0xfd, 0x0,
    0x3f, 0xd0, 0xdf, 0x50, 0x3f, 0xd0, 0x5f, 0xd0,
    0x3f, 0xd0, 0xd, 0xf5,

    /* U+040D "Ѝ" */
    0x1, 0xef, 0x20, 0x0, 0x0, 0x4f, 0xa0, 0x0,
    0x0, 0x7, 0xc2, 0x0, 0x0, 0x0, 0x0, 0x0,
    0x2f, 0xd0, 0x1f, 0xf2, 0x2f, 0xd0, 0x6f, 0xf2,
    0x2f, 0xd0, 0xcf, 0xf2, 0x2f, 0xd1, 0xff, 0xf2,
    0x2f, 0xd7, 0xff, 0xf2, 0x2f, 0xdc, 0xcd, 0xf2,
    0x2f, 0xff, 0x7d, 0xf2, 0x2f, 0xff, 0x1d, 0xf2,
    0x2f, 0xfb, 0xd, 0xf2, 0x2f, 0xf6, 0xd, 0xf2,
    0x2f, 0xf1, 0xd, 0xf2,

    /* U+040E "Ў" */
    0x1f, 0xb0, 0xb, 0xf0, 0xe, 0xe1, 0x1e, 0xe0,
    0x4, 0xdf, 0xfd, 0x40, 0x0, 0x0, 0x0, 0x0,
    0xbf, 0x70, 0x5, 0xfb, 0x5f, 0xd0, 0xb, 0xf5,
    0xf, 0xf3, 0x2f, 0xf0, 0x9, 0xf9, 0x8f, 0x90,
    0x3, 0xfe, 0xef, 0x30, 0x0, 0xdf, 0xfd, 0x0,
    0x0, 0x7f, 0xf7, 0x0, 0x0, 0x2f, 0xf1, 0x0,
    0x0, 0x6f, 0xb0, 0x0, 0x0, 0xdf, 0x50, 0x0,
    0x3, 0xff, 0x0, 0x0,

    /* U+040F "Џ" */
    0x2f, 0xd0, 0xd, 0xf2, 0x2f, 0xd0, 0xd, 0xf2,
    0x2f, 0xd0, 0xd, 0xf2, 0x2f, 0xd0, 0xd, 0xf2,
    0x2f, 0xd0, 0xd, 0xf2, 0x2f, 0xd0, 0xd, 0xf2,
    0x2f, 0xd0, 0xd, 0xf2, 0x2f, 0xd0, 0xd, 0xf2,
    0x2f, 0xd0, 0xd, 0xf2, 0x2f, 0xfe, 0xef, 0xf2,
    0x2f, 0xff, 0xff, 0xf2, 0x0, 0xd, 0xd0, 0x0,
    0x0, 0xd, 0xd0, 0x0,

    /* U+0410 "А" */
    0x0, 0x2f, 0xf2, 0x0, 0x0, 0x6f, 0xf6, 0x0,
    0x0, 0xaf, 0xfa, 0x0, 0x0, 0xed, 0xfe, 0x0,
    0x2, 0xfa, 0xcf, 0x20, 0x6, 0xf6, 0x8f, 0x50,
    0xa, 0xf3, 0x5f, 0x90, 0xd, 0xfe, 0xef, 0xd0,
    0x1f, 0xff, 0xff, 0xf1, 0x5f, 0x90, 0xb, 0xf5,
    0x9f, 0x60, 0x8, 0xf9,

    /* U+0411 "Б" */
    0x3f, 0xff, 0xff, 0xf3, 0x3f, 0xfe, 0xee, 0xe3,
    0x3f, 0xd0, 0x0, 0x0, 0x3f, 0xff, 0xea, 0x10,
    0x3f, 0xfe, 0xff, 0xd0, 0x3f, 0xd0, 0x2e, 0xf4,
    0x3f, 0xd0, 0xa, 0xf7, 0x3f, 0xd0, 0xa, 0xf6,
    0x3f, 0xd0, 0x4e, 0xf4, 0x3f, 0xff, 0xff, 0xc0,
    0x3f, 0xff, 0xe9, 0x10,

    /* U+0412 "В" */
    0x3f, 0xff, 0xfb, 0x20, 0x3f, 0xfa, 0xdf, 0xd0,
    0x3f, 0xd0, 0xe, 0xf1, 0x3f, 0xd0, 0xd, 0xf1,
    0x3f, 0xd1, 0x5f, 0xd0, 0x3f, 0xff, 0xff, 0x40,
    0x3f, 0xe4, 0x7f, 0xe1, 0x3f, 0xd0, 0xb, 0xf4,
    0x3f, 0xd0, 0xe, 0xf5, 0x3f, 0xfc, 0xff, 0xf1,
    0x3f, 0xff, 0xfc, 0x40,

    /* U+0413 "Г" */
    0x3f, 0xff, 0xff, 0xf3, 0x3f, 0xfe, 0xee, 0xe3,
    0x3f, 0xd0, 0x0, 0x0, 0x3f, 0xd0, 0x0, 0x0,
    0x3f, 0xd0, 0x0, 0x0, 0x3f, 0xd0, 0x0, 0x0,
    0x3f, 0xd0, 0x0, 0x0, 0x3f, 0xd0, 0x0, 0x0,
    0x3f, 0xd0, 0x0, 0x0, 0x3f, 0xd0, 0x0, 0x0,
    0x3f, 0xd0, 0x0, 0x0,

    /* U+0414 "Д" */
    0x0, 0xef, 0xff, 0xf5, 0x0, 0xff, 0xef, 0xf5,
    0x1, 0xfc, 0xb, 0xf5, 0x2, 0xfb, 0xb, 0xf5,
    0x4, 0xf9, 0xb, 0xf5, 0x6, 0xf7, 0xb, 0xf5,
    0x8, 0xf5, 0xb, 0xf5, 0xb, 0xf2, 0xb, 0xf5,
    0x1f, 0xf0, 0xb, 0xf5, 0xff, 0xfe, 0xef, 0xff,
    0xff, 0xff, 0xff, 0xff, 0xfb, 0x0, 0x0, 0xbf,
    0xfb, 0x0, 0x0, 0xbf, 0x22, 0x0, 0x0, 0x22,

    /* U+0415 "Е" */
    0xef, 0xff, 0xff, 0xef, 0xee, 0xee, 0xef, 0x10,
    0x0, 0xef, 0x10, 0x0, 0xef, 0xdd, 0xd8, 0xef,
    0xff, 0xfa, 0xef, 0x10, 0x0, 0xef, 0x10, 0x0,
    0xef, 0x10, 0x0, 0xef, 0xee, 0xee, 0xef, 0xff,
    0xff,

    /* U+0416 "Ж" */
    0xbf, 0xb, 0xb0, 0xfa, 0x5f, 0x4b, 0xb4, 0xf5,
    0x1f, 0x9b, 0xb9, 0xf1, 0xb, 0xeb, 0xbe, 0xb0,
    0x6, 0xfe, 0xef, 0x60, 0x5, 0xff, 0xff, 0x50,
    0xa, 0xfd, 0xdf, 0xa0, 0xe, 0xdb, 0xbd, 0xe0,
    0x4f, 0x9b, 0xb9, 0xf3, 0x8f, 0x4b, 0xb4, 0xf8,
    0xdf, 0xb, 0xb0, 0xfd,

    /* U+0417 "З" */
    0x3, 0xbf, 0xea, 0x20, 0xe, 0xfd, 0xef, 0xd0,
    0x29, 0x70, 0xd, 0xf2, 0x0, 0x2, 0x4f, 0xe0,
    0x0, 0xf, 0xff, 0x40, 0x0, 0x5, 0x9f, 0xe0,
    0x0, 0x0, 0xb, 0xf4, 0x2, 0x10, 0xb, 0xf5,
    0x3f, 0xd0, 0xe, 0xf3, 0xd, 0xfe, 0xef, 0xc0,
    0x2, 0xbf, 0xe9, 0x10,

    /* U+0418 "И" */
    0x2f, 0xd0, 0x1f, 0xf2, 0x2f, 0xd0, 0x6f, 0xf2,
    0x2f, 0xd0, 0xcf, 0xf2, 0x2f, 0xd1, 0xff, 0xf2,
    0x2f, 0xd7, 0xff, 0xf2, 0x2f, 0xdc, 0xcd, 0xf2,
    0x2f, 0xff, 0x7d, 0xf2, 0x2f, 0xff, 0x1d, 0xf2,
    0x2f, 0xfb, 0xd, 0xf2, 0x2f, 0xf6, 0xd, 0xf2,
    0x2f, 0xf1, 0xd, 0xf2,

    /* U+0419 "Й" */
    0x1f, 0xb0, 0xb, 0xf0, 0xe, 0xe1, 0x1e, 0xe0,
    0x4, 0xdf, 0xfd, 0x40, 0x0, 0x0, 0x0, 0x0,
    0x2f, 0xd0, 0x1f, 0xf2, 0x2f, 0xd0, 0x6f, 0xf2,
    0x2f, 0xd0, 0xcf, 0xf2, 0x2f, 0xd1, 0xff, 0xf2,
    0x2f, 0xd7, 0xff, 0xf2, 0x2f, 0xdc, 0xcd, 0xf2,
    0x2f, 0xff, 0x7d, 0xf2, 0x2f, 0xff, 0x1d, 0xf2,
    0x2f, 0xfb, 0xd, 0xf2, 0x2f, 0xf6, 0xd, 0xf2,
    0x2f, 0xf1, 0xd, 0xf2,

    /* U+041A "К" */
    0x3f, 0xd0, 0xe, 0xf2, 0x3f, 0xd0, 0x6f, 0x90,
    0x3f, 0xd0, 0xef, 0x10, 0x3f, 0xd7, 0xf7, 0x0,
    0x3f, 0xee, 0xe0, 0x0, 0x3f, 0xff, 0xc0, 0x0,
    0x3f, 0xdd, 0xf4, 0x0, 0x3f, 0xd5, 0xfd, 0x0,
    0x3f, 0xd0, 0xdf, 0x50, 0x3f, 0xd0, 0x5f, 0xd0,
    0x3f, 0xd0, 0xd, 0xf5,

    /* U+041B "Л" */
    0x0, 0xef, 0xff, 0xf5, 0x0, 0xff, 0xef, 0xf5,
    0x1, 0xfc, 0xb, 0xf5, 0x2, 0xfb, 0xb, 0xf5,
    0x4, 0xf9, 0xb, 0xf5, 0x6, 0xf7, 0xb, 0xf5,
    0x8, 0xf5, 0xb, 0xf5, 0xb, 0xf2, 0xb, 0xf5,
    0x1f, 0xf0, 0xb, 0xf5, 0xff, 0xa0, 0xb, 0xf5,
    0xfb, 0x10, 0xb, 0xf5,

    /* U+041C "М" */
    0x6f, 0xd0, 0xb, 0xf6, 0x6f, 0xf2, 0x1f, 0xf6,
    0x6f, 0xf7, 0x6f, 0xf6, 0x6f, 0xfc, 0xbf, 0xf6,
    0x6f, 0xef, 0xfe, 0xf6, 0x6f, 0x8f, 0xf8, 0xf6,
    0x6f, 0x4e, 0xe4, 0xf6, 0x6f, 0x48, 0x94, 0xf6,
    0x6f, 0x43, 0x34, 0xf6, 0x6f, 0x40, 0x4, 0xf6,
    0x6f, 0x40, 0x4, 0xf6,

    /* U+041D "Н" */
    0x2f, 0xd0, 0xd, 0xf2, 0x2f, 0xd0, 0xd, 0xf2,
    0x2f, 0xd0, 0xd, 0xf2, 0x2f, 0xd0, 0xd, 0xf2,
    0x2f, 0xfe, 0xef, 0xf2, 0x2f, 0xff, 0xff, 0xf2,
    0x2f, 0xd0, 0xd, 0xf2, 0x2f, 0xd0, 0xd, 0xf2,
    0x2f, 0xd0, 0xd, 0xf2, 0x2f, 0xd0, 0xd, 0xf2,
    0x2f, 0xd0, 0xd, 0xf2,

    /* U+041E "О" */
    0x1, 0xae, 0xea, 0x10, 0xd, 0xfe, 0xef, 0xd0,
    0x3f, 0xd0, 0xe, 0xf3, 0x5f, 0xb0, 0xb, 0xf5,
    0x5f, 0xa0, 0xa, 0xf5, 0x5f, 0xa0, 0xa, 0xf5,
    0x5f, 0xa0, 0xa, 0xf5, 0x5f, 0xb0, 0xb, 0xf5,
    0x3f, 0xd0, 0xd, 0xf3, 0xd, 0xfe, 0xef, 0xd0,
    0x1, 0xae, 0xea, 0x10,

    /* U+041F "П" */
    0x2f, 0xff, 0xff, 0xf2, 0x2f, 0xfe, 0xef, 0xf2,
    0x2f, 0xd0, 0xd, 0xf2, 0x2f, 0xd0, 0xd, 0xf2,
    0x2f, 0xd0, 0xd, 0xf2, 0x2f, 0xd0, 0xd, 0xf2,
    0x2f, 0xd0, 0xd, 0xf2, 0x2f, 0xd0, 0xd, 0xf2,
    0x2f, 0xd0, 0xd, 0xf2, 0x2f, 0xd0, 0xd, 0xf2,
    0x2f, 0xd0, 0xd, 0xf2,

    /* U+0420 "Р" */
    0x3f, 0xff, 0xea, 0x20, 0x3f, 0xfe, 0xff, 0xd0,
    0x3f, 0xd0, 0x2e, 0xf5, 0x3f, 0xd0, 0xa, 0xf7,
    0x3f, 0xd0, 0x2e, 0xf5, 0x3f, 0xfe, 0xff, 0xe1,
    0x3f, 0xff, 0xeb, 0x20, 0x3f, 0xd0, 0x0, 0x0,
    0x3f, 0xd0, 0x0, 0x0, 0x3f, 0xd0, 0x0, 0x0,
    0x3f, 0xd0, 0x0, 0x0,

    /* U+0421 "С" */
    0x2, 0xae, 0xeb, 0x20, 0xd, 0xfe, 0xef, 0xd0,
    0x3f, 0xd0, 0xc, 0xe2, 0x5f, 0xb0, 0x0, 0x0,
    0x5f, 0xa0, 0x0, 0x0, 0x5f, 0xa0, 0x0, 0x0,
    0x5f, 0xa0, 0x0, 0x0, 0x5f, 0xb0, 0x0, 0x0,
    0x3f, 0xd0, 0xc, 0xe2, 0xd, 0xfe, 0xef, 0xd0,
    0x2, 0xbe, 0xeb, 0x20,

    /* U+0422 "Т" */
    0x8f, 0xff, 0xff, 0xf8, 0x8e, 0xef, 0xfe, 0xe8,
    0x0, 0xf, 0xf0, 0x0, 0x0, 0xf, 0xf0, 0x0,
    0x0, 0xf, 0xf0, 0x0, 0x0, 0xf, 0xf0, 0x0,
    0x0, 0xf, 0xf0, 0x0, 0x0, 0xf, 0xf0, 0x0,
    0x0, 0xf, 0xf0, 0x0, 0x0, 0xf, 0xf0, 0x0,
    0x0, 0xf, 0xf0, 0x0,

    /* U+0423 "У" */
    0xbf, 0x70, 0x5, 0xfb, 0x5f, 0xd0, 0xb, 0xf5,
    0xf, 0xf3, 0x2f, 0xf0, 0x9, 0xf9, 0x8f, 0x90,
    0x3, 0xfe, 0xef, 0x30, 0x0, 0xdf, 0xfd, 0x0,
    0x0, 0x7f, 0xf7, 0x0, 0x0, 0x2f, 0xf1, 0x0,
    0x0, 0x6f, 0xb0, 0x0, 0x0, 0xdf, 0x50, 0x0,
    0x3, 0xff, 0x0, 0x0,

    /* U+0424 "Ф" */
    0x0, 0xf, 0xf0, 0x0, 0x1, 0x5f, 0xf5, 0x10,
    0x2e, 0xff, 0xff, 0xe2, 0x9f, 0xaf, 0xfa, 0xf9,
    0xcf, 0x2e, 0xe3, 0xfc, 0xdf, 0x1e, 0xe1, 0xfd,
    0xcf, 0x2e, 0xe2, 0xfc, 0xaf, 0x9e, 0xea, 0xfa,
    0x2e, 0xff, 0xff, 0xe2, 0x1, 0x6f, 0xf6, 0x10,
    0x0, 0xf, 0xf0, 0x0,

    /* U+0425 "Х" */
    0x5f, 0xe0, 0xd, 0xf5, 0xe, 0xf5, 0x3f, 0xe0,
    0x8, 0xfb, 0x9f, 0x80, 0x1, 0xff, 0xff, 0x10,
    0x0, 0xbf, 0xfb, 0x0, 0x0, 0x6f, 0xf6, 0x0,
    0x0, 0xbf, 0xfc, 0x0, 0x2, 0xff, 0xff, 0x20,
    0x8, 0xfa, 0xaf, 0x80, 0xe, 0xf4, 0x5f, 0xe0,
    0x5f, 0xe0, 0xf, 0xf5,

    /* U+0426 "Ц" */
    0xaf, 0x50, 0x6f, 0xa0, 0xaf, 0x50, 0x6f, 0xa0,
    0xaf, 0x50, 0x6f, 0xa0, 0xaf, 0x50, 0x6f, 0xa0,
    0xaf, 0x50, 0x6f, 0xa0, 0xaf, 0x50, 0x6f, 0xa0,
    0xaf, 0x50, 0x6f, 0xa0, 0xaf, 0x50, 0x6f, 0xa0,
    0xaf, 0x50, 0x6f, 0xa0, 0xaf, 0xfe, 0xff, 0xfe,
    0xaf, 0xff, 0xff, 0xff, 0x0, 0x0, 0x0, 0xbf,
    0x0, 0x0, 0x0, 0xbf, 0x0, 0x0, 0x0, 0x22,

    /* U+0427 "Ч" */
    0x6f, 0x90, 0xd, 0xf3, 0x6f, 0x90, 0xd, 0xf3,
    0x6f, 0x90, 0xd, 0xf3, 0x6f, 0x90, 0xd, 0xf3,
    0x5f, 0xc0, 0xd, 0xf3, 0x1e, 0xff, 0xef, 0xf3,
    0x3, 0xcf, 0xef, 0xf3, 0x0, 0x0, 0xd, 0xf3,
    0x0, 0x0, 0xd, 0xf3, 0x0, 0x0, 0xd, 0xf3,
    0x0, 0x0, 0xd, 0xf3,

    /* U+0428 "Ш" */
    0xaf, 0x29, 0x92, 0xfa, 0xaf, 0x29, 0x92, 0xfa,
    0xaf, 0x29, 0x92, 0xfa, 0xaf, 0x29, 0x92, 0xfa,
    0xaf, 0x29, 0x92, 0xfa, 0xaf, 0x29, 0x92, 0xfa,
    0xaf, 0x29, 0x92, 0xfa, 0xaf, 0x29, 0x92, 0xfa,
    0xaf, 0x29, 0x92, 0xfa, 0xaf, 0xef, 0xfe, 0xfa,
    0xaf, 0xff, 0xff, 0xfa,

    /* U+0429 "Щ" */
    0xfd, 0xe, 0x47, 0xf5, 0xfd, 0xe, 0x47, 0xf5,
    0xfd, 0xe, 0x47, 0xf5, 0xfd, 0xe, 0x47, 0xf5,
    0xfd, 0xe, 0x47, 0xf5, 0xfd, 0xe, 0x47, 0xf5,
    0xfd, 0xe, 0x47, 0xf5, 0xfd, 0xe, 0x47, 0xf5,
    0xfd, 0xe, 0x47, 0xf5, 0xff, 0xef, 0xff, 0xff,
    0xff, 0xff, 0xff, 0xff, 0x0, 0x0, 0x0, 0xbf,
    0x0, 0x0, 0x0, 0xbf, 0x0, 0x0, 0x0, 0x22,

    /* U+042A "Ъ" */
    0xff, 0xf5, 0x0, 0x0, 0xef, 0xf5, 0x0, 0x0,
    0xb, 0xf5, 0x0, 0x0, 0xb, 0xff, 0xfc, 0x50,
    0xb, 0xff, 0xff, 0xf5, 0xb, 0xf5, 0x9, 0xfc,
    0xb, 0xf5, 0x2, 0xfe, 0xb, 0xf5, 0x2, 0xfe,
    0xb, 0xf5, 0x19, 0xfb, 0xb, 0xff, 0xff, 0xf4,
    0xb, 0xff, 0xfc, 0x40,

    /* U+042B "Ы" */
    0xfe, 0x0, 0x0, 0xef, 0xfe, 0x0, 0x0, 0xef,
    0xfe, 0x0, 0x0, 0xef, 0xff, 0xfb, 0x30, 0xef,
    0xff, 0xff, 0xf1, 0xef, 0xfe, 0xb, 0xf6, 0xef,
    0xfe, 0x6, 0xf8, 0xef, 0xfe, 0x6, 0xf8, 0xef,
    0xfe, 0x2c, 0xf6, 0xef, 0xff, 0xff, 0xe0, 0xef,
    0xff, 0xfb, 0x20, 0xef,

    /* U+042C "Ь" */
    0x3f, 0xd0, 0x0, 0x0, 0x3f, 0xd0, 0x0, 0x0,
    0x3f, 0xd0, 0x0, 0x0, 0x3f, 0xff, 0xea, 0x10,
    0x3f, 0xfe, 0xff, 0xd0, 0x3f, 0xd0, 0x2e, 0xf4,
    0x3f, 0xd0, 0xa, 0xf7, 0x3f, 0xd0, 0xa, 0xf6,
    0x3f, 0xd0, 0x4e, 0xf4, 0x3f, 0xff, 0xff, 0xc0,
    0x3f, 0xff, 0xe9, 0x10,

    /* U+042D "Э" */
    0x2, 0xbe, 0xea, 0x20, 0xd, 0xfe, 0xef, 0xd0,
    0x2b, 0xa0, 0xe, 0xf3, 0x0, 0x0, 0xb, 0xf5,
    0x0, 0x1d, 0xdf, 0xf5, 0x0, 0x2f, 0xff, 0xf5,
    0x0, 0x0, 0xa, 0xf5, 0x0, 0x0, 0xb, 0xf5,
    0x2f, 0xd0, 0xe, 0xf3, 0xc, 0xfe, 0xef, 0xd0,
    0x2, 0xbe, 0xea, 0x20,

    /* U+042E "Ю" */
    0xfb, 0x6, 0xde, 0xa0, 0xfb, 0x2f, 0xfe, 0xf8,
    0xfb, 0x6f, 0x40, 0xed, 0xfb, 0x7f, 0x10, 0xbf,
    0xff, 0xff, 0x10, 0xbf, 0xff, 0xff, 0x10, 0xbf,
    0xfb, 0x7f, 0x10, 0xbf, 0xfb, 0x7f, 0x10, 0xbf,
    0xfb, 0x5f, 0x40, 0xed, 0xfb, 0x1f, 0xfe, 0xf8,
    0xfb, 0x5, 0xde, 0xa0,

    /* U+042F "Я" */
    0x2, 0xae, 0xff, 0xf3, 0xe, 0xff, 0xff, 0xf3,
    0x6f, 0xe3, 0xd, 0xf3, 0x8f, 0x90, 0xd, 0xf3,
    0x6f, 0xc0, 0xd, 0xf3, 0xe, 0xfa, 0x6e, 0xf3,
    0x2, 0xbf, 0xff, 0xf3, 0x0, 0xaf, 0xad, 0xf3,
    0x3, 0xff, 0x2d, 0xf3, 0xc, 0xf8, 0xd, 0xf3,
    0x4f, 0xe0, 0xd, 0xf3,

    /* U+0430 "а" */
    0x1, 0x9d, 0xfc, 0x30, 0xb, 0xfd, 0xdf, 0xe0,
    0x0, 0x20, 0xc, 0xf3, 0x6, 0xef, 0xfe, 0xf4,
    0x3f, 0xd5, 0x5d, 0xf4, 0x6f, 0x90, 0xc, 0xf4,
    0x3f, 0xfa, 0xef, 0xf4, 0x6, 0xdf, 0xc9, 0xf4,

    /* U+0431 "б" */
    0x0, 0x0, 0x0, 0x0, 0x0, 0x0, 0x15, 0xa0,
    0x1, 0x9e, 0xff, 0xe0, 0xc, 0xff, 0xea, 0x40,
    0x3f, 0xb2, 0x0, 0x0, 0x5f, 0x8d, 0xe9, 0x0,
    0x6f, 0xfc, 0xdf, 0xa0, 0x6f, 0xc0, 0xd, 0xf2,
    0x6f, 0x80, 0x9, 0xf5, 0x5f, 0x80, 0x9, 0xf5,
    0x2f, 0xd0, 0xe, 0xf2, 0xa, 0xfd, 0xef, 0xb0,
    0x0, 0x9e, 0xe9, 0x0,

    /* U+0432 "в" */
    0x3f, 0xff, 0xfd, 0x50, 0x3f, 0xe8, 0xaf, 0xf1,
    0x3f, 0xc1, 0x3f, 0xf1, 0x3f, 0xff, 0xff, 0x80,
    0x3f, 0xd4, 0x6f, 0xf2, 0x3f, 0xb0, 0xc, 0xf5,
    0x3f, 0xe9, 0xbf, 0xf2, 0x3f, 0xff, 0xfd, 0x50,

    /* U+0433 "г" */
    0x3f, 0xff, 0xff, 0xf4, 0x3f, 0xfc, 0xcc, 0xc3,
    0x3f, 0xb0, 0x0, 0x0, 0x3f, 0xb0, 0x0, 0x0,
    0x3f, 0xb0, 0x0, 0x0, 0x3f, 0xb0, 0x0, 0x0,
    0x3f, 0xb0, 0x0, 0x0, 0x3f, 0xb0, 0x0, 0x0,

    /* U+0434 "д" */
    0x0, 0xef, 0xff, 0xf2, 0x0, 0xff, 0xcf, 0xf2,
    0x2, 0xfa, 0xc, 0xf2, 0x5, 0xf8, 0xc, 0xf2,
    0x8, 0xf5, 0xc, 0xf2, 0xd, 0xf2, 0xc, 0xf2,
    0xef, 0xfd, 0xcf, 0xfd, 0xff, 0xff, 0xff, 0xff,
    0xf8, 0x0, 0x0, 0x8f, 0xf8, 0x0, 0x0, 0x8f,
    0x0, 0x0, 0x0, 0x0,

    /* U+0435 "е" */
    0x0, 0x9e, 0xeb, 0x20, 0xb, 0xfd, 0xdf, 0xe0,
    0x3f, 0xb0, 0x9, 0xf5, 0x5f, 0xfe, 0xef, 0xf7,
    0x5f, 0x91, 0x11, 0x10, 0x3f, 0xd0, 0x5, 0x50,
    0xb, 0xfe, 0xdf, 0xf2, 0x0, 0x9d, 0xeb, 0x40,

    /* U+0436 "ж" */
    0xaf, 0x1b, 0xb1, 0xf9, 0x3f, 0x7b, 0xb7, 0xf3,
    0xc, 0xeb, 0xbe, 0xc0, 0x5, 0xff, 0xff, 0x50,
    0x8, 0xfe, 0xef, 0x80, 0xe, 0xdb, 0xbd, 0xe0,
    0x6f, 0x7b, 0xb7, 0xf6, 0xcf, 0x1b, 0xb1, 0xfc,

    /* U+0437 "з" */
    0x3, 0xcf, 0xeb, 0x30, 0x1e, 0xfb, 0xbf, 0xf1,
    0x1, 0x20, 0x1d, 0xf2, 0x0, 0xf, 0xff, 0x90,
    0x0, 0x9, 0xbf, 0xf2, 0x2, 0x30, 0xb, 0xf5,
    0x1f, 0xfb, 0xbf, 0xf2, 0x4, 0xcf, 0xfc, 0x40,

    /* U+0438 "и" */
    0x2f, 0xc0, 0x1f, 0xf2, 0x2f, 0xc0, 0x9f, 0xf2,
    0x2f, 0xc1, 0xff, 0xf2, 0x2f, 0xc9, 0xfe, 0xf2,
    0x2f, 0xef, 0x9c, 0xf2, 0x2f, 0xff, 0x1c, 0xf2,
    0x2f, 0xf8, 0xc, 0xf2, 0x2f, 0xf1, 0xc, 0xf2,

    /* U+0439 "й" */
    0xf, 0xb0, 0xb, 0xf0, 0xd, 0xf1, 0x1f, 0xd0,
    0x3, 0xef, 0xfe, 0x30, 0x0, 0x1, 0x10, 0x0,
    0x2f, 0xc0, 0x1f, 0xf2, 0x2f, 0xc0, 0x9f, 0xf2,
    0x2f, 0xc1, 0xff, 0xf2, 0x2f, 0xc9, 0xfe, 0xf2,
    0x2f, 0xef, 0x9c, 0xf2, 0x2f, 0xff, 0x1c, 0xf2,
    0x2f, 0xf8, 0xc, 0xf2, 0x2f, 0xf1, 0xc, 0xf2,

    /* U+043A "к" */
    0x3f, 0xb0, 0x6f, 0xa0, 0x3f, 0xb1, 0xee, 0x10,
    0x3f, 0xba, 0xf5, 0x0, 0x3f, 0xef, 0xc0, 0x0,
    0x3f, 0xdf, 0xf2, 0x0, 0x3f, 0xb7, 0xfc, 0x0,
    0x3f, 0xb0, 0xdf, 0x60, 0x3f, 0xb0, 0x3f, 0xe1,

    /* U+043B "л" */
    0x0, 0xef, 0xff, 0xf2, 0x0, 0xff, 0xcf, 0xf2,
    0x2, 0xfa, 0xc, 0xf2, 0x5, 0xf8, 0xc, 0xf2,
    0x8, 0xf5, 0xc, 0xf2, 0xd, 0xf2, 0xc, 0xf2,
    0xdf, 0xc0, 0xc, 0xf2, 0xed, 0x30, 0xc, 0xf2,

    /* U+043C "м" */
    0x6f, 0xd0, 0xc, 0xf6, 0x6f, 0xf5, 0x3f, 0xf6,
    0x6f, 0xfc, 0xbf, 0xf6, 0x6f, 0xcf, 0xfc, 0xf6,
    0x6f, 0x5f, 0xf5, 0xf6, 0x6f, 0x48, 0x84, 0xf6,
    0x6f, 0x41, 0x14, 0xf6, 0x6f, 0x40, 0x4, 0xf6,

    /* U+043D "н" */
    0x2f, 0xc0, 0xc, 0xf2, 0x2f, 0xc0, 0xc, 0xf2,
    0x2f, 0xc0, 0xc, 0xf2, 0x2f, 0xff, 0xff, 0xf2,
    0x2f, 0xfc, 0xcf, 0xf2, 0x2f, 0xc0, 0xc, 0xf2,
    0x2f, 0xc0, 0xc, 0xf2, 0x2f, 0xc0, 0xc, 0xf2,

    /* U+043E "о" */
    0x0, 0x9e, 0xe9, 0x0, 0xa, 0xfe, 0xef, 0xa0,
    0x2f, 0xd0, 0xd, 0xf2, 0x5f, 0x90, 0x9, 0xf5,
    0x5f, 0x90, 0x9, 0xf5, 0x2f, 0xd0, 0xd, 0xf2,
    0xb, 0xfd, 0xdf, 0xa0, 0x0, 0x9e, 0xe9, 0x0,

    /* U+043F "п" */
    0x2f, 0xff, 0xff, 0xf2, 0x2f, 0xfc, 0xcf, 0xf2,
    0x2f, 0xc0, 0xc, 0xf2, 0x2f, 0xc0, 0xc, 0xf2,
    0x2f, 0xc0, 0xc, 0xf2, 0x2f, 0xc0, 0xc, 0xf2,
    0x2f, 0xc0, 0xc, 0xf2, 0x2f, 0xc0, 0xc, 0xf2,

    /* U+0440 "р" */
    0x3f, 0xcb, 0xfd, 0x40, 0x3f, 0xfd, 0xaf, 0xf0,
    0x3f, 0xd0, 0xb, 0xf5, 0x3f, 0xb0, 0x8, 0xf6,
    0x3f, 0xb0, 0x8, 0xf6, 0x3f, 0xd0, 0xb, 0xf5,
    0x3f, 0xfd, 0xaf, 0xf0, 0x3f, 0xdb, 0xfd, 0x40,
    0x3f, 0xb0, 0x0, 0x0, 0x3f, 0xb0, 0x0, 0x0,
    0x3f, 0xb0, 0x0, 0x0,

    /* U+0441 "с" */
    0x0, 0x8d, 0xeb, 0x40, 0xa, 0xfe, 0xcf, 0xf2,
    0x2f, 0xe0, 0x3, 0x30, 0x5f, 0xa0, 0x0, 0x0,
    0x5f, 0xa0, 0x0, 0x0, 0x2f, 0xe0, 0x3, 0x30,
    0xa, 0xfe, 0xcf, 0xf2, 0x0, 0x8d, 0xeb, 0x40,

    /* U+0442 "т" */
    0x4f, 0xff, 0xff, 0xf4, 0x3c, 0xcf, 0xfc, 0xc3,
    0x0, 0xf, 0xf0, 0x0, 0x0, 0xf, 0xf0, 0x0,
    0x0, 0xf, 0xf0, 0x0, 0x0, 0xf, 0xf0, 0x0,
    0x0, 0xf, 0xf0, 0x0, 0x0, 0xf, 0xf0, 0x0,

    /* U+0443 "у" */
    0x6f, 0xa0, 0x7, 0xf7, 0x1f, 0xe0, 0xc, 0xf2,
    0xc, 0xf3, 0xf, 0xd0, 0x7, 0xf8, 0x5f, 0x80,
    0x2, 0xfc, 0xaf, 0x30, 0x0, 0xdf, 0xfe, 0x0,
    0x0, 0x8f, 0xf9, 0x0, 0x0, 0x2f, 0xf4, 0x0,
    0x0, 0xf, 0xf0, 0x0, 0x0, 0x5f, 0xb0, 0x0,
    0x0, 0xaf, 0x60, 0x0,

    /* U+0444 "ф" */
    0x0, 0xf, 0xf0, 0x0, 0x0, 0xf, 0xf0, 0x0,
    0x0, 0xf, 0xf0, 0x0, 0x1, 0x6f, 0xf6, 0x10,
    0x2e, 0xff, 0xff, 0xe2, 0xaf, 0xae, 0xea, 0xfa,
    0xcf, 0x2e, 0xe2, 0xfc, 0xdf, 0x1e, 0xe1, 0xfd,
    0xbf, 0x5e, 0xe5, 0xfb, 0x6f, 0xff, 0xff, 0xf6,
    0x6, 0xdf, 0xfd, 0x60, 0x0, 0xf, 0xf0, 0x0,
    0x0, 0xf, 0xf0, 0x0, 0x0, 0xf, 0xf0, 0x0,

    /* U+0445 "х" */
    0xe, 0xf1, 0xe, 0xe1, 0x7, 0xf8, 0x8f, 0x70,
    0x0, 0xef, 0xfd, 0x0, 0x0, 0x6f, 0xf5, 0x0,
    0x0, 0x7f, 0xf7, 0x0, 0x1, 0xfe, 0xdf, 0x10,
    0x8, 0xf6, 0x6f, 0x80, 0x1f, 0xe0, 0xe, 0xf1,

    /* U+0446 "ц" */
    0x7f, 0x70, 0x1f, 0xd0, 0x7f, 0x70, 0x1f, 0xd0,
    0x7f, 0x70, 0x1f, 0xd0, 0x7f, 0x70, 0x1f, 0xd0,
    0x7f, 0x70, 0x1f, 0xd0, 0x7f, 0x70, 0x1f, 0xd0,
    0x7f, 0xec, 0xdf, 0xfc, 0x7f, 0xff, 0xff, 0xff,
    0x0, 0x0, 0x0, 0x8f, 0x0, 0x0, 0x0, 0x8f,
    0x0, 0x0, 0x0, 0x0,

    /* U+0447 "ч" */
    0x3f, 0xb0, 0xc, 0xf2, 0x3f, 0xb0, 0xc, 0xf2,
    0x2f, 0xe0, 0xc, 0xf2, 0xe, 0xfd, 0xbf, 0xf2,
    0x3, 0xbf, 0xff, 0xf2, 0x0, 0x0, 0xc, 0xf2,
    0x0, 0x0, 0xc, 0xf2, 0x0, 0x0, 0xc, 0xf2,

    /* U+0448 "ш" */
    0xaf, 0x29, 0x92, 0xfa, 0xaf, 0x29, 0x92, 0xfa,
    0xaf, 0x29, 0x92, 0xfa, 0xaf, 0x29, 0x92, 0xfa,
    0xaf, 0x29, 0x92, 0xfa, 0xaf, 0x29, 0x92, 0xfa,
    0xaf, 0xef, 0xfe, 0xfa, 0xaf, 0xff, 0xff, 0xfa,

    /* U+0449 "щ" */
    0xfd, 0xe, 0x47, 0xf5, 0xfd, 0xe, 0x47, 0xf5,
    0xfd, 0xe, 0x47, 0xf5, 0xfd, 0xe, 0x47, 0xf5,
    0xfd, 0xe, 0x47, 0xf5, 0xfd, 0xe, 0x47, 0xf5,
    0xff, 0xcf, 0xde, 0xfe, 0xff, 0xff, 0xff, 0xff,
    0x0, 0x0, 0x0, 0x8f, 0x0, 0x0, 0x0, 0x8f,
    0x0, 0x0, 0x0, 0x0,

    /* U+044A "ъ" */
    0xff, 0xf5, 0x0, 0x0, 0xce, 0xf5, 0x0, 0x0,
    0x9, 0xfd, 0xb9, 0x50, 0x9, 0xff, 0xff, 0xf8,
    0x9, 0xf5, 0x4, 0xfe, 0x9, 0xf5, 0x1, 0xfe,
    0x9, 0xfe, 0xdf, 0xfa, 0x9, 0xff, 0xfe, 0x91,

    /* U+044B "ы" */
    0xef, 0x0, 0x0, 0xfe, 0xef, 0x0, 0x0, 0xfe,
    0xef, 0xb8, 0x10, 0xfe, 0xef, 0xff, 0xe1, 0xfe,
    0xef, 0x2c, 0xf6, 0xfe, 0xef, 0x1a, 0xf6, 0xfe,
    0xef, 0xef, 0xf2, 0xfe, 0xef, 0xfc, 0x40, 0xfe,

    /* U+044C "ь" */
    0x3f, 0xb0, 0x0, 0x0, 0x3f, 0xb0, 0x0, 0x0,
    0x3f, 0xeb, 0xa8, 0x10, 0x3f, 0xff, 0xff, 0xe0,
    0x3f, 0xb0, 0x1c, 0xf4, 0x3f, 0xb0, 0xb, 0xf5,
    0x3f, 0xfc, 0xef, 0xf1, 0x3f, 0xff, 0xfc, 0x40,

    /* U+044D "э" */
    0x4, 0xbe, 0xd8, 0x0, 0x1f, 0xfc, 0xef, 0xa0,
    0x1, 0x20, 0xc, 0xf2, 0x0, 0x7f, 0xff, 0xf5,
    0x0, 0x49, 0x9d, 0xf5, 0x2, 0x30, 0x1e, 0xf2,
    0x1f, 0xfc, 0xff, 0xa0, 0x4, 0xbf, 0xd8, 0x0,

    /* U+044E "ю" */
    0xfb, 0x7, 0xed, 0x60, 0xfb, 0x5f, 0xde, 0xf5,
    0xfb, 0xae, 0x1, 0xfc, 0xff, 0xfa, 0x0, 0xde,
    0xff, 0xfa, 0x0, 0xce, 0xfb, 0xad, 0x1, 0xfc,
    0xfb, 0x5f, 0xcd, 0xf5, 0xfb, 0x7, 0xed, 0x60,

    /* U+044F "я" */
    0x3, 0xcf, 0xff, 0xf2, 0x1f, 0xfe, 0xcf, 0xf2,
    0x4f, 0xc0, 0xc, 0xf2, 0x2f, 0xe5, 0x3d, 0xf2,
    0x6, 0xef, 0xff, 0xf2, 0x0, 0x9f, 0x9c, 0xf2,
    0x4, 0xfd, 0xc, 0xf2, 0x1e, 0xf3, 0xc, 0xf2,

    /* U+0450 "ѐ" */
    0x1, 0xef, 0x20, 0x0, 0x0, 0x4f, 0xa0, 0x0,
    0x0, 0x9, 0xf2, 0x0, 0x0, 0x0, 0x0, 0x0,
    0x0, 0x9e, 0xeb, 0x20, 0xb, 0xfd, 0xdf, 0xe0,
    0x3f, 0xb0, 0x9, 0xf5, 0x5f, 0xfe, 0xef, 0xf7,
    0x5f, 0x91, 0x11, 0x10, 0x3f, 0xd0, 0x5, 0x50,
    0xb, 0xfe, 0xdf, 0xf2, 0x0, 0x9d, 0xeb, 0x40,

    /* U+0451 "ё" */
    0xa, 0xd1, 0xc, 0xc0, 0xe, 0xf3, 0x1f, 0xf0,
    0x2, 0x40, 0x3, 0x30, 0x0, 0x9e, 0xeb, 0x20,
    0xb, 0xfd, 0xdf, 0xe0, 0x3f, 0xb0, 0x9, 0xf5,
    0x5f, 0xfe, 0xef, 0xf7, 0x5f, 0x91, 0x11, 0x10,
    0x3f, 0xd0, 0x5, 0x50, 0xb, 0xfe, 0xdf, 0xf2,
    0x0, 0x9d, 0xeb, 0x40,

    /* U+0452 "ђ" */
    0xaf, 0xe8, 0x88, 0x40, 0xff, 0xff, 0xff, 0x70,
    0x3f, 0xb0, 0x0, 0x0, 0x3f, 0xdb, 0xfe, 0x70,
    0x3f, 0xfd, 0xaf, 0xf2, 0x3f, 0xd0, 0xb, 0xf5,
    0x3f, 0xb0, 0x8, 0xf6, 0x3f, 0xb0, 0x8, 0xf6,
    0x3f, 0xb0, 0x8, 0xf6, 0x3f, 0xb0, 0x8, 0xf6,
    0x3f, 0xb0, 0x8, 0xf6, 0x0, 0x0, 0xb, 0xf5,
    0x0, 0x5e, 0xef, 0xf2, 0x0, 0x5f, 0xfe, 0x70,

    /* U+0453 "ѓ" */
    0x0, 0x0, 0xef, 0x30, 0x0, 0x7, 0xf7, 0x0,
    0x0, 0xe, 0xc0, 0x0, 0x0, 0x0, 0x0, 0x0,
    0x3f, 0xff, 0xff, 0xf4, 0x3f, 0xfc, 0xcc, 0xc3,
    0x3f, 0xb0, 0x0, 0x0, 0x3f, 0xb0, 0x0, 0x0,
    0x3f, 0xb0, 0x0, 0x0, 0x3f, 0xb0, 0x0, 0x0,
    0x3f, 0xb0, 0x0, 0x0, 0x3f, 0xb0, 0x0, 0x0,

    /* U+0454 "є" */
    0x0, 0x8d, 0xeb, 0x40, 0xa, 0xfe, 0xcf, 0xf1,
    0x2f, 0xc0, 0x2, 0x10, 0x5f, 0xff, 0xf7, 0x0,
    0x5f, 0xd9, 0x94, 0x0, 0x2f, 0xe0, 0x3, 0x20,
    0xa, 0xff, 0xcf, 0xf1, 0x0, 0x8d, 0xfb, 0x40,

    /* U+0455 "ѕ" */
    0x2b, 0xfe, 0xa1, 0xb, 0xf8, 0xaf, 0x90, 0xcf,
    0x40, 0x11, 0x5, 0xff, 0xc5, 0x0, 0x1, 0x9f,
    0xf8, 0x4, 0x50, 0x2f, 0xe0, 0xbf, 0xa9, 0xfd,
    0x1, 0xbe, 0xfb, 0x20,

    /* U+0456 "і" */
    0x0, 0xcc, 0x0, 0x1, 0xff, 0x10, 0x0, 0x33,
    0x0, 0x8f, 0xff, 0x0, 0x7c, 0xff, 0x0, 0x0,
    0xef, 0x0, 0x0, 0xef, 0x0, 0x0, 0xef, 0x0,
    0x0, 0xef, 0x0, 0x7c, 0xff, 0xd7, 0x8f, 0xff,
    0xf8,

    /* U+0457 "ї" */
    0xd, 0xb0, 0x2d, 0x82, 0xff, 0x4, 0xfc, 0x3,
    0x20, 0x4, 0x20, 0x8f, 0xff, 0x0, 0x7, 0xcf,
    0xf0, 0x0, 0x0, 0xef, 0x0, 0x0, 0xe, 0xf0,
    0x0, 0x0, 0xef, 0x0, 0x0, 0xe, 0xf0, 0x0,
    0x7c, 0xff, 0xd7, 0x8, 0xff, 0xff, 0x80,

    /* U+0458 "ј" */
    0x0, 0xa, 0xd0, 0x0, 0xf, 0xf2, 0x0, 0x2,
    0x40, 0x1f, 0xff, 0xf0, 0x1d, 0xdf, 0xf0, 0x0,
    0xe, 0xf0, 0x0, 0xe, 0xf0, 0x0, 0xe, 0xf0,
    0x0, 0xe, 0xf0, 0x0, 0xe, 0xf0, 0x0, 0xe,
    0xf0, 0x0, 0x1f, 0xf0, 0xae, 0xff, 0xc0, 0xbf,
    0xfd, 0x30,

    /* U+0459 "љ" */
    0x6, 0xff, 0xf1, 0x0, 0x7, 0xff, 0xf1, 0x0,
    0x9, 0xfa, 0xfb, 0x70, 0xb, 0xea, 0xff, 0xf9,
    0xe, 0xba, 0xf2, 0xee, 0x3f, 0x8a, 0xf1, 0xdf,
    0xff, 0x3a, 0xfe, 0xfb, 0xf9, 0xa, 0xff, 0xb1,

    /* U+045A "њ" */
    0xdd, 0xd, 0xc0, 0x0, 0xdd, 0xd, 0xc0, 0x0,
    0xdf, 0xbf, 0xea, 0x60, 0xdf, 0xff, 0xff, 0xf9,
    0xdd, 0xd, 0xc1, 0xee, 0xdd, 0xd, 0xc0, 0xdf,
    0xdd, 0xd, 0xfe, 0xfb, 0xdd, 0xd, 0xfe, 0xb2,

    /* U+045B "ћ" */
    0xaf, 0xe8, 0x88, 0x40, 0xff, 0xff, 0xff, 0x70,
    0x3f, 0xb0, 0x0, 0x0, 0x3f, 0xdb, 0xfe, 0x70,
    0x3f, 0xfd, 0xaf, 0xf2, 0x3f, 0xd0, 0xb, 0xf5,
    0x3f, 0xb0, 0x8, 0xf6, 0x3f, 0xb0, 0x8, 0xf6,
    0x3f, 0xb0, 0x8, 0xf6, 0x3f, 0xb0, 0x8, 0xf6,
    0x3f, 0xb0, 0x8, 0xf6,

    /* U+045C "ќ" */
    0x0, 0x2, 0xfe, 0x10, 0x0, 0xa, 0xf5, 0x0,
    0x0, 0x2f, 0xa0, 0x0, 0x0, 0x0, 0x0, 0x0,
    0x3f, 0xb0, 0x6f, 0xa0, 0x3f, 0xb1, 0xee, 0x10,
    0x3f, 0xba, 0xf5, 0x0, 0x3f, 0xef, 0xc0, 0x0,
    0x3f, 0xdf, 0xf2, 0x0, 0x3f, 0xb7, 0xfc, 0x0,
    0x3f, 0xb0, 0xdf, 0x60, 0x3f, 0xb0, 0x3f, 0xe1,

    /* U+045D "ѝ" */
    0x1, 0xef, 0x20, 0x0, 0x0, 0x5f, 0x90, 0x0,
    0x0, 0xa, 0xf2, 0x0, 0x0, 0x0, 0x0, 0x0,
    0x2f, 0xc0, 0x1f, 0xf2, 0x2f, 0xc0, 0x9f, 0xf2,
    0x2f, 0xc1, 0xff, 0xf2, 0x2f, 0xc9, 0xfe, 0xf2,
    0x2f, 0xef, 0x9c, 0xf2, 0x2f, 0xff, 0x1c, 0xf2,
    0x2f, 0xf8, 0xc, 0xf2, 0x2f, 0xf1, 0xc, 0xf2,

    /* U+045E "ў" */
    0xf, 0xb0, 0xb, 0xf0, 0xd, 0xf1, 0x1f, 0xd0,
    0x3, 0xef, 0xfe, 0x30, 0x0, 0x1, 0x10, 0x0,
    0x6f, 0xa0, 0x7, 0xf7, 0x1f, 0xe0, 0xc, 0xf2,
    0xc, 0xf3, 0xf, 0xd0, 0x7, 0xf8, 0x5f, 0x80,
    0x2, 0xfc, 0xaf, 0x30, 0x0, 0xdf, 0xfe, 0x0,
    0x0, 0x8f, 0xf9, 0x0, 0x0, 0x2f, 0xf4, 0x0,
    0x0, 0xf, 0xf0, 0x0, 0x0, 0x5f, 0xb0, 0x0,
    0x0, 0xaf, 0x60, 0x0,

    /* U+045F "џ" */
    0x2f, 0xc0, 0xc, 0xf2, 0x2f, 0xc0, 0xc, 0xf2,
    0x2f, 0xc0, 0xc, 0xf2, 0x2f, 0xc0, 0xc, 0xf2,
    0x2f, 0xc0, 0xc, 0xf2, 0x2f, 0xc0, 0xc, 0xf2,
    0x2f, 0xfc, 0xcf, 0xf2, 0x2f, 0xff, 0xff, 0xf2,
    0x0, 0xc, 0xc0, 0x0, 0x0, 0xc, 0xc0, 0x0,

    /* U+0490 "Ґ" */
    0x0, 0x0, 0x4, 0x71, 0x0, 0x0, 0x8, 0xf3,
    0x0, 0x0, 0x8, 0xf3, 0x3f, 0xff, 0xff, 0xf3,
    0x3f, 0xfe, 0xee, 0xe3, 0x3f, 0xd0, 0x0, 0x0,
    0x3f, 0xd0, 0x0, 0x0, 0x3f, 0xd0, 0x0, 0x0,
    0x3f, 0xd0, 0x0, 0x0, 0x3f, 0xd0, 0x0, 0x0,
    0x3f, 0xd0, 0x0, 0x0, 0x3f, 0xd0, 0x0, 0x0,
    0x3f, 0xd0, 0x0, 0x0, 0x3f, 0xd0, 0x0, 0x0,

    /* U+0491 "ґ" */
    0x0, 0x0, 0x4, 0xf4, 0x0, 0x0, 0x4, 0xf4,
    0x3f, 0xff, 0xff, 0xf4, 0x3f, 0xfc, 0xcc, 0xc3,
    0x3f, 0xb0, 0x0, 0x0, 0x3f, 0xb0, 0x0, 0x0,
    0x3f, 0xb0, 0x0, 0x0, 0x3f, 0xb0, 0x0, 0x0,
    0x3f, 0xb0, 0x0, 0x0, 0x3f, 0xb0, 0x0, 0x0,

    /* U+0492 "Ғ" */
    0x3f, 0xff, 0xff, 0xf3, 0x3f, 0xfe, 0xee, 0xe3,
    0x3f, 0xd0, 0x0, 0x0, 0x3f, 0xd0, 0x0, 0x0,
    0xaf, 0xe9, 0x99, 0x40, 0xff, 0xff, 0xff, 0x70,
    0x3f, 0xd0, 0x0, 0x0, 0x3f, 0xd0, 0x0, 0x0,
    0x3f, 0xd0, 0x0, 0x0, 0x3f, 0xd0, 0x0, 0x0,
    0x3f, 0xd0, 0x0, 0x0,

    /* U+0493 "ғ" */
    0xd, 0xff, 0xff, 0xf9, 0xd, 0xfd, 0xcc, 0xc7,
    0xd, 0xf0, 0x0, 0x0, 0xd, 0xf0, 0x0, 0x0,
    0xff, 0xff, 0xff, 0x70, 0x9f, 0xf9, 0x99, 0x40,
    0xd, 0xf0, 0x0, 0x0, 0xd, 0xf0, 0x0, 0x0,

    /* U+0496 "Җ" */
    0xaf, 0xb, 0xb0, 0xfa, 0x5f, 0x5b, 0xb5, 0xf5,
    0x1f, 0x9b, 0xb9, 0xf1, 0xb, 0xeb, 0xbe, 0xb0,
    0x6, 0xfe, 0xef, 0x60, 0x5, 0xff, 0xff, 0x50,
    0xa, 0xfd, 0xdf, 0xa0, 0xf, 0xdb, 0xbd, 0xf0,
    0x4f, 0x8b, 0xb9, 0xf4, 0x8f, 0x4b, 0xb4, 0xff,
    0xdf, 0xb, 0xb0, 0xff, 0x0, 0x0, 0x0, 0xbf,
    0x0, 0x0, 0x0, 0xbf, 0x0, 0x0, 0x0, 0x11,

    /* U+0497 "җ" */
    0xaf, 0x1b, 0xb1, 0xf9, 0x3f, 0x7b, 0xb7, 0xf3,
    0xc, 0xeb, 0xbe, 0xc0, 0x5, 0xff, 0xff, 0x50,
    0x8, 0xfe, 0xef, 0x80, 0xe, 0xdb, 0xbd, 0xe0,
    0x6f, 0x7b, 0xb7, 0xfe, 0xcf, 0x1b, 0xb1, 0xff,
    0x0, 0x0, 0x0, 0x8f, 0x0, 0x0, 0x0, 0x8f,

    /* U+0498 "Ҙ" */
    0x3, 0xbf, 0xea, 0x20, 0xe, 0xfd, 0xef, 0xd0,
    0x29, 0x70, 0xd, 0xf2, 0x0, 0x2, 0x4f, 0xe0,
    0x0, 0xf, 0xff, 0x40, 0x0, 0x5, 0x9f, 0xe0,
    0x0, 0x0, 0xb, 0xf4, 0x1, 0x10, 0xb, 0xf5,
    0x3f, 0xd0, 0xe, 0xf3, 0xd, 0xfd, 0xdf, 0xc0,
    0x2, 0xbf, 0xfa, 0x10, 0x0, 0x0, 0xf6, 0x0,
    0x0, 0xcb, 0xfb, 0x0, 0x0, 0xaf, 0xf5, 0x0,

    /* U+0499 "ҙ" */
    0x3, 0xcf, 0xeb, 0x30, 0x1e, 0xfb, 0xbf, 0xf1,
    0x1, 0x20, 0x1d, 0xf2, 0x0, 0xf, 0xff, 0x90,
    0x0, 0x9, 0xbf, 0xf2, 0x1, 0x30, 0xb, 0xf5,
    0x1e, 0xfa, 0xaf, 0xf2, 0x4, 0xdf, 0xfd, 0x50,
    0x0, 0x0, 0xe7, 0x0, 0x0, 0xcb, 0xfc, 0x0,
    0x0, 0xaf, 0xf6, 0x0,

    /* U+049A "Қ" */
    0x8f, 0x80, 0x3f, 0xc0, 0x8f, 0x80, 0xcf, 0x40,
    0x8f, 0x84, 0xfb, 0x0, 0x8f, 0x8c, 0xf2, 0x0,
    0x8f, 0xdf, 0x90, 0x0, 0x8f, 0xff, 0x80, 0x0,
    0x8f, 0xaf, 0xf1, 0x0, 0x8f, 0x8a, 0xf9, 0x0,
    0x8f, 0x82, 0xff, 0x10, 0x8f, 0x80, 0xaf, 0xff,
    0x8f, 0x80, 0x2f, 0xff, 0x0, 0x0, 0x0, 0xbf,
    0x0, 0x0, 0x0, 0xbf, 0x0, 0x0, 0x0, 0x11,

    /* U+049B "қ" */
    0x8f, 0x60, 0xbf, 0x50, 0x8f, 0x65, 0xfb, 0x0,
    0x8f, 0x7e, 0xf1, 0x0, 0x8f, 0xef, 0x70, 0x0,
    0x8f, 0xdf, 0xc0, 0x0, 0x8f, 0x7c, 0xf6, 0x0,
    0x8f, 0x62, 0xff, 0xca, 0x8f, 0x60, 0x8f, 0xfd,
    0x0, 0x0, 0x0, 0xbd, 0x0, 0x0, 0x0, 0xbd,

    /* U+04A0 "Ҡ" */
    0xff, 0xf3, 0x8, 0xf8, 0xef, 0xf3, 0x1f, 0xe0,
    0xd, 0xf3, 0x8f, 0x60, 0xd, 0xf5, 0xfd, 0x0,
    0xd, 0xfc, 0xf5, 0x0, 0xd, 0xff, 0xf2, 0x0,
    0xd, 0xfb, 0xfa, 0x0, 0xd, 0xf4, 0xef, 0x20,
    0xd, 0xf3, 0x7f, 0xb0, 0xd, 0xf3, 0xe, 0xf3,
    0xd, 0xf3, 0x7, 0xfb,

    /* U+04A1 "ҡ" */
    0xff, 0xf5, 0xc, 0xf4, 0xce, 0xf5, 0x7f, 0x90,
    0x9, 0xf7, 0xfe, 0x0, 0x9, 0xfe, 0xf5, 0x0,
    0x9, 0xfd, 0xfb, 0x0, 0x9, 0xf5, 0xdf, 0x50,
    0x9, 0xf5, 0x4f, 0xe0, 0x9, 0xf5, 0x9, 0xf9,

    /* U+04A2 "Ң" */
    0x7f, 0x80, 0x3f, 0xd0, 0x7f, 0x80, 0x3f, 0xd0,
    0x7f, 0x80, 0x3f, 0xd0, 0x7f, 0x80, 0x3f, 0xd0,
    0x7f, 0xfe, 0xff, 0xd0, 0x7f, 0xff, 0xff, 0xd0,
    0x7f, 0x80, 0x3f, 0xd0, 0x7f, 0x80, 0x3f, 0xd0,
    0x7f, 0x80, 0x3f, 0xd0, 0x7f, 0x80, 0x3f, 0xff,
    0x7f, 0x80, 0x3f, 0xff, 0x0, 0x0, 0x0, 0xbf,
    0x0, 0x0, 0x0, 0xbf, 0x0, 0x0, 0x0, 0x11,

    /* U+04A3 "ң" */
    0x7f, 0x70, 0x1f, 0xd0, 0x7f, 0x70, 0x1f, 0xd0,
    0x7f, 0x70, 0x1f, 0xd0, 0x7f, 0xff, 0xff, 0xd0,
    0x7f, 0xec, 0xdf, 0xd0, 0x7f, 0x70, 0x1f, 0xd0,
    0x7f, 0x70, 0x1f, 0xfd, 0x7f, 0x70, 0x1f, 0xff,
    0x0, 0x0, 0x0, 0x8f, 0x0, 0x0, 0x0, 0x8f,

    /* U+04AA "Ҫ" */
    0x1, 0xae, 0xeb, 0x20, 0xd, 0xfe, 0xef, 0xd0,
    0x3f, 0xd0, 0xc, 0xe2, 0x5f, 0xb0, 0x0, 0x0,
    0x5f, 0xa0, 0x0, 0x0, 0x5f, 0xa0, 0x0, 0x0,
    0x5f, 0xa0, 0x0, 0x0, 0x5f, 0xb0, 0x0, 0x0,
    0x3f, 0xd0, 0xb, 0xd1, 0xe, 0xfe, 0xdf, 0xc0,
    0x2, 0xbf, 0xfa, 0x10, 0x0, 0x0, 0xe7, 0x0,
    0x0, 0xcb, 0xfc, 0x0, 0x0, 0xaf, 0xf6, 0x0,

    /* U+04AB "ҫ" */
    0x0, 0x8d, 0xeb, 0x40, 0xa, 0xfe, 0xcf, 0xf2,
    0x2f, 0xe0, 0x3, 0x30, 0x5f, 0xa0, 0x0, 0x0,
    0x5f, 0xa0, 0x0, 0x0, 0x2f, 0xe0, 0x3, 0x30,
    0x9, 0xfe, 0xdf, 0xe1, 0x0, 0x6c, 0xfb, 0x30,
    0x0, 0x0, 0xe8, 0x0, 0x0, 0xcb, 0xfc, 0x0,
    0x0, 0xaf, 0xf6, 0x0,

    /* U+04AE "Ү" */
    0x9f, 0xc0, 0xb, 0xf9, 0x2f, 0xf2, 0x1f, 0xf3,
    0xc, 0xf8, 0x6f, 0xc0, 0x5, 0xfd, 0xcf, 0x50,
    0x0, 0xef, 0xfe, 0x0, 0x0, 0x7f, 0xf7, 0x0,
    0x0, 0x1f, 0xf1, 0x0, 0x0, 0xf, 0xf0, 0x0,
    0x0, 0xf, 0xf0, 0x0, 0x0, 0xf, 0xf0, 0x0,
    0x0, 0xf, 0xf0, 0x0,

    /* U+04AF "ү" */
    0x7f, 0xa0, 0x7, 0xf7, 0x1f, 0xf0, 0xc, 0xf1,
    0xc, 0xf4, 0x1f, 0xc0, 0x7, 0xf9, 0x5f, 0x70,
    0x2, 0xfd, 0xaf, 0x20, 0x0, 0xcf, 0xfc, 0x0,
    0x0, 0x7f, 0xf7, 0x0, 0x0, 0x2f, 0xf2, 0x0,
    0x0, 0xf, 0xf0, 0x0, 0x0, 0xf, 0xf0, 0x0,
    0x0, 0xf, 0xf0, 0x0,

    /* U+04B0 "Ұ" */
    0x9f, 0xc0, 0xb, 0xf9, 0x2f, 0xf2, 0x1f, 0xf3,
    0xc, 0xf8, 0x6f, 0xc0, 0x5, 0xfe, 0xcf, 0x50,
    0x0, 0xef, 0xfe, 0x0, 0x0, 0x7f, 0xf7, 0x0,
    0x3f, 0xff, 0xff, 0xf3, 0x29, 0x9f, 0xf9, 0x92,
    0x0, 0xf, 0xf0, 0x0, 0x0, 0xf, 0xf0, 0x0,
    0x0, 0xf, 0xf0, 0x0,

    /* U+04B1 "ұ" */
    0x7f, 0xa0, 0x7, 0xf7, 0x1f, 0xf0, 0xc, 0xf1,
    0xc, 0xf4, 0x1f, 0xc0, 0x7, 0xf9, 0x5f, 0x70,
    0x2, 0xfe, 0xaf, 0x10, 0x0, 0xcf, 0xfc, 0x0,
    0x0, 0x7f, 0xf7, 0x0, 0x3f, 0xff, 0xff, 0xf3,
    0x28, 0x8f, 0xf8, 0x82, 0x0, 0xf, 0xf0, 0x0,
    0x0, 0xf, 0xf0, 0x0,

    /* U+04B2 "Ҳ" */
    0xcf, 0x80, 0x5f, 0xd0, 0x6f, 0xe0, 0xbf, 0x70,
    0xe, 0xf5, 0xff, 0x10, 0x8, 0xff, 0xf9, 0x0,
    0x2, 0xff, 0xf3, 0x0, 0x0, 0xef, 0xf0, 0x0,
    0x3, 0xff, 0xf5, 0x0, 0x9, 0xfd, 0xfb, 0x0,
    0xf, 0xf4, 0xff, 0x20, 0x6f, 0xc0, 0xcf, 0xff,
    0xcf, 0x70, 0x7f, 0xff, 0x0, 0x0, 0x0, 0xbf,
    0x0, 0x0, 0x0, 0xbf, 0x0, 0x0, 0x0, 0x11,

    /* U+04B3 "ҳ" */
    0x3f, 0xc0, 0x3f, 0xc0, 0xa, 0xf4, 0xbf, 0x30,
    0x2, 0xfe, 0xfa, 0x0, 0x0, 0xaf, 0xf1, 0x0,
    0x0, 0xbf, 0xf3, 0x0, 0x4, 0xfc, 0xfc, 0x0,
    0xc, 0xf3, 0x9f, 0xdc, 0x5f, 0xb0, 0x2f, 0xff,
    0x0, 0x0, 0x0, 0x8f, 0x0, 0x0, 0x0, 0x8f,

    /* U+04B6 "Ҷ" */
    0xcf, 0x40, 0x2f, 0xd0, 0xcf, 0x40, 0x2f, 0xd0,
    0xcf, 0x40, 0x2f, 0xd0, 0xcf, 0x40, 0x2f, 0xd0,
    0xaf, 0x80, 0x2f, 0xd0, 0x5f, 0xfe, 0xff, 0xd0,
    0x7, 0xdf, 0xef, 0xd0, 0x0, 0x0, 0x2f, 0xd0,
    0x0, 0x0, 0x2f, 0xd0, 0x0, 0x0, 0x2f, 0xff,
    0x0, 0x0, 0x2f, 0xff, 0x0, 0x0, 0x0, 0xbf,
    0x0, 0x0, 0x0, 0xbf, 0x0, 0x0, 0x0, 0x11,

    /* U+04B7 "ҷ" */
    0x8f, 0x60, 0x1f, 0xd0, 0x8f, 0x60, 0x1f, 0xd0,
    0x7f, 0x90, 0x1f, 0xd0, 0x3f, 0xfc, 0xcf, 0xd0,
    0x6, 0xdf, 0xef, 0xd0, 0x0, 0x0, 0x1f, 0xd0,
    0x0, 0x0, 0x1f, 0xfd, 0x0, 0x0, 0x1f, 0xff,
    0x0, 0x0, 0x0, 0x8f, 0x0, 0x0, 0x0, 0x8f,

    /* U+04BA "Һ" */
    0x3f, 0xd0, 0x0, 0x0, 0x3f, 0xd0, 0x0, 0x0,
    0x3f, 0xd0, 0x0, 0x0, 0x3f, 0xd0, 0x0, 0x0,
    0x3f, 0xfe, 0xfc, 0x30, 0x3f, 0xfe, 0xff, 0xe1,
    0x3f, 0xd0, 0xc, 0xf4, 0x3f, 0xd0, 0x9, 0xf6,
    0x3f, 0xd0, 0x9, 0xf6, 0x3f, 0xd0, 0x9, 0xf6,
    0x3f, 0xd0, 0x9, 0xf6,

    /* U+04BB "һ" */
    0x3f, 0xb0, 0x0, 0x0, 0x3f, 0xb0, 0x0, 0x0,
    0x3f, 0xb0, 0x0, 0x0, 0x3f, 0xdb, 0xfe, 0x70,
    0x3f, 0xfd, 0xaf, 0xf2, 0x3f, 0xd0, 0xb, 0xf5,
    0x3f, 0xb0, 0x8, 0xf6, 0x3f, 0xb0, 0x8, 0xf6,
    0x3f, 0xb0, 0x8, 0xf6, 0x3f, 0xb0, 0x8, 0xf6,
    0x3f, 0xb0, 0x8, 0xf6,

    /* U+04C0 "Ӏ" */
    0xbf, 0xff, 0xfb, 0xae, 0xff, 0xea, 0x0, 0xff,
    0x0, 0x0, 0xff, 0x0, 0x0, 0xff, 0x0, 0x0,
    0xff, 0x0, 0x0, 0xff, 0x0, 0x0, 0xff, 0x0,
    0x0, 0xff, 0x0, 0xae, 0xff, 0xea, 0xbf, 0xff,
    0xfb,

    /* U+04C3 "Ӄ" */
    0x3f, 0xd0, 0xe, 0xf2, 0x3f, 0xd0, 0x6f, 0x90,
    0x3f, 0xd0, 0xef, 0x10, 0x3f, 0xd7, 0xf7, 0x0,
    0x3f, 0xee, 0xe0, 0x0, 0x3f, 0xff, 0xc0, 0x0,
    0x3f, 0xdd, 0xf5, 0x0, 0x3f, 0xd5, 0xfd, 0x0,
    0x3f, 0xd0, 0xdf, 0x60, 0x3f, 0xd0, 0x5f, 0xe0,
    0x3f, 0xd0, 0xd, 0xf6, 0x0, 0x0, 0x0, 0xdc,
    0x0, 0x0, 0xab, 0xfe, 0x0, 0x0, 0x8f, 0xf8,

    /* U+04C4 "ӄ" */
    0x3f, 0xb0, 0x6f, 0xa0, 0x3f, 0xb1, 0xee, 0x10,
    0x3f, 0xba, 0xf5, 0x0, 0x3f, 0xef, 0xc0, 0x0,
    0x3f, 0xdf, 0xf3, 0x0, 0x3f, 0xb7, 0xfc, 0x0,
    0x3f, 0xb0, 0xdf, 0x70, 0x3f, 0xb0, 0x3f, 0xf2,
    0x0, 0x0, 0x0, 0xdb, 0x0, 0x0, 0xab, 0xfe,
    0x0, 0x0, 0x8f, 0xf8,

    /* U+04C7 "Ӈ" */
    0x2f, 0xd0, 0xd, 0xf2, 0x2f, 0xd0, 0xd, 0xf2,
    0x2f, 0xd0, 0xd, 0xf2, 0x2f, 0xd0, 0xd, 0xf2,
    0x2f, 0xff, 0xff, 0xf2, 0x2f, 0xfe, 0xef, 0xf2,
    0x2f, 0xd0, 0xd, 0xf2, 0x2f, 0xd0, 0xd, 0xf2,
    0x2f, 0xd0, 0xd, 0xf2, 0x2f, 0xd0, 0xd, 0xf2,
    0x2f, 0xd0, 0xd, 0xf2, 0x0, 0x0, 0x8, 0xf2,
    0x0, 0x7, 0xbe, 0xf2, 0x0, 0x5, 0xef, 0xa0,

    /* U+04C8 "ӈ" */
    0x2f, 0xc0, 0xc, 0xf2, 0x2f, 0xc0, 0xc, 0xf2,
    0x2f, 0xc0, 0xc, 0xf2, 0x2f, 0xff, 0xff, 0xf2,
    0x2f, 0xfc, 0xcf, 0xf2, 0x2f, 0xc0, 0xc, 0xf2,
    0x2f, 0xc0, 0xc, 0xf2, 0x2f, 0xc0, 0xc, 0xf2,
    0x0, 0x0, 0x8, 0xf2, 0x0, 0x7, 0xbe, 0xf2,
    0x0, 0x5, 0xef, 0xa0,

    /* U+04CF "ӏ" */
    0xbf, 0xff, 0xfb, 0xae, 0xff, 0xea, 0x0, 0xff,
    0x0, 0x0, 0xff, 0x0, 0x0, 0xff, 0x0, 0x0,
    0xff, 0x0, 0x0, 0xff, 0x0, 0x0, 0xff, 0x0,
    0x0, 0xff, 0x0, 0xae, 0xff, 0xea, 0xbf, 0xff,
    0xfb,

    /* U+04D8 "Ә" */
    0x2, 0xbf, 0xea, 0x20, 0xe, 0xfd, 0xef, 0xd0,
    0x1a, 0x90, 0xe, 0xf3, 0x0, 0x0, 0xb, 0xf5,
    0x3a, 0xaa, 0xae, 0xf5, 0x5f, 0xff, 0xff, 0xf5,
    0x5f, 0xa0, 0xa, 0xf5, 0x5f, 0xb0, 0xb, 0xf5,
    0x2f, 0xe0, 0xe, 0xf3, 0xc, 0xfd, 0xdf, 0xd0,
    0x1, 0xae, 0xea, 0x10,

    /* U+04D9 "ә" */
    0x4, 0xbe, 0xd9, 0x0, 0x2f, 0xfc, 0xef, 0xb0,
    0x1, 0x10, 0xc, 0xf3, 0x7e, 0xee, 0xef, 0xf5,
    0x6f, 0x81, 0x19, 0xf5, 0x3f, 0xc0, 0xd, 0xf2,
    0xc, 0xfd, 0xdf, 0xb0, 0x1, 0xae, 0xe9, 0x0,

    /* U+04E2 "Ӣ" */
    0x29, 0x99, 0x99, 0x92, 0x3f, 0xff, 0xff, 0xf3,
    0x0, 0x0, 0x0, 0x0, 0x0, 0x0, 0x0, 0x0,
    0x2f, 0xd0, 0x1f, 0xf2, 0x2f, 0xd0, 0x6f, 0xf2,
    0x2f, 0xd0, 0xcf, 0xf2, 0x2f, 0xd1, 0xff, 0xf2,
    0x2f, 0xd7, 0xff, 0xf2, 0x2f, 0xdc, 0xcd, 0xf2,
    0x2f, 0xff, 0x7d, 0xf2, 0x2f, 0xff, 0x1d, 0xf2,
    0x2f, 0xfb, 0xd, 0xf2, 0x2f, 0xf6, 0xd, 0xf2,
    0x2f, 0xf1, 0xd, 0xf2,

    /* U+04E3 "ӣ" */
    0x3f, 0xff, 0xff, 0xf3, 0x28, 0x88, 0x88, 0x82,
    0x0, 0x0, 0x0, 0x0, 0x2f, 0xc0, 0x1f, 0xf2,
    0x2f, 0xc0, 0x9f, 0xf2, 0x2f, 0xc1, 0xff, 0xf2,
    0x2f, 0xc9, 0xfe, 0xf2, 0x2f, 0xef, 0x9c, 0xf2,
    0x2f, 0xff, 0x1c, 0xf2, 0x2f, 0xf8, 0xc, 0xf2,
    0x2f, 0xf1, 0xc, 0xf2,

    /* U+04E8 "Ө" */
    0x1, 0xae, 0xea, 0x10, 0xd, 0xfe, 0xef, 0xd0,
    0x3f, 0xd0, 0xd, 0xf3, 0x5f, 0x90, 0x9, 0xf5,
    0x5f, 0xed, 0xde, 0xf5, 0x5f, 0xff, 0xff, 0xf5,
    0x5f, 0x90, 0x9, 0xf5, 0x5f, 0x90, 0x9, 0xf5,
    0x3f, 0xd0, 0xd, 0xf3, 0xd, 0xfe, 0xef, 0xd0,
    0x1, 0xae, 0xea, 0x10,

    /* U+04E9 "ө" */
    0x0, 0x9e, 0xe9, 0x0, 0xa, 0xfe, 0xef, 0xa0,
    0x2f, 0xb0, 0xb, 0xf2, 0x5f, 0xff, 0xff, 0xf5,
    0x5f, 0xc9, 0x9c, 0xf5, 0x2f, 0xd0, 0xd, 0xf2,
    0xb, 0xfe, 0xef, 0xa0, 0x0, 0x9e, 0xe9, 0x0,

    /* U+04EE "Ӯ" */
    0x29, 0x99, 0x99, 0x92, 0x3f, 0xff, 0xff, 0xf3,
    0x0, 0x0, 0x0, 0x0, 0x0, 0x0, 0x0, 0x0,
    0xbf, 0x70, 0x5, 0xfb, 0x5f, 0xd0, 0xb, 0xf5,
    0xf, 0xf3, 0x2f, 0xf0, 0x9, 0xf9, 0x8f, 0x90,
    0x3, 0xfe, 0xef, 0x30, 0x0, 0xdf, 0xfd, 0x0,
    0x0, 0x7f, 0xf7, 0x0, 0x0, 0x2f, 0xf1, 0x0,
    0x0, 0x6f, 0xb0, 0x0, 0x0, 0xdf, 0x50, 0x0,
    0x3, 0xff, 0x0, 0x0,

    /* U+04EF "ӯ" */
    0x3f, 0xff, 0xff, 0xf3, 0x28, 0x88, 0x88, 0x82,
    0x0, 0x0, 0x0, 0x0, 0x6f, 0xa0, 0x7, 0xf7,
    0x1f, 0xe0, 0xc, 0xf2, 0xc, 0xf3, 0xf, 0xd0,
    0x7, 0xf8, 0x5f, 0x80, 0x2, 0xfc, 0xaf, 0x30,
    0x0, 0xdf, 0xfe, 0x0, 0x0, 0x8f, 0xf9, 0x0,
    0x0, 0x2f, 0xf4, 0x0, 0x0, 0xf, 0xf0, 0x0,
    0x0, 0x5f, 0xb0, 0x0, 0x0, 0xaf, 0x60, 0x0,

    /* U+0512 "Ԓ" */
    0x0, 0xef, 0xff, 0xf5, 0x0, 0xff, 0xef, 0xf5,
    0x1, 0xfc, 0xb, 0xf5, 0x2, 0xfb, 0xb, 0xf5,
    0x4, 0xf9, 0xb, 0xf5, 0x6, 0xf7, 0xb, 0xf5,
    0x8, 0xf5, 0xb, 0xf5, 0xb, 0xf2, 0xb, 0xf5,
    0x1f, 0xf0, 0xb, 0xf5, 0xff, 0xa0, 0xb, 0xf5,
    0xfb, 0x10, 0xb, 0xf5, 0x0, 0x0, 0x5, 0xf5,
    0x0, 0x5, 0xcd, 0xf4, 0x0, 0x4, 0xef, 0xc0,

    /* U+0513 "ԓ" */
    0x0, 0xef, 0xff, 0xf2, 0x0, 0xff, 0xcf, 0xf2,
    0x2, 0xfa, 0xc, 0xf2, 0x5, 0xf8, 0xc, 0xf2,
    0x8, 0xf5, 0xc, 0xf2, 0xd, 0xf2, 0xc, 0xf2,
    0xdf, 0xc0, 0xc, 0xf2, 0xed, 0x30, 0xc, 0xf2,
    0x0, 0x0, 0x8, 0xf2, 0x0, 0x7, 0xbe, 0xf2,
    0x0, 0x5, 0xef, 0xa0,

    /* U+058F "֏" */
    0x3, 0x9b, 0x93, 0x0, 0x3f, 0xff, 0xff, 0x40,
    0xaf, 0x83, 0xaf, 0xb0, 0xcf, 0x10, 0x2f, 0xe0,
    0x68, 0x0, 0x1f, 0xe0, 0x1, 0x22, 0x4f, 0xe2,
    0xa, 0xff, 0xff, 0xfd, 0x3, 0x44, 0x6f, 0xf4,
    0x0, 0x0, 0x1f, 0xe0, 0xa, 0xff, 0xff, 0xfd,
    0x5, 0x77, 0x8f, 0xf6, 0x0, 0x0, 0x1f, 0xe0,

    /* U+1E0C "Ḍ" */
    0x3f, 0xff, 0xfb, 0x20, 0x3f, 0xfe, 0xff, 0xd0,
    0x3f, 0xd0, 0x2f, 0xf2, 0x3f, 0xd0, 0xc, 0xf4,
    0x3f, 0xd0, 0xb, 0xf4, 0x3f, 0xd0, 0xb, 0xf4,
    0x3f, 0xd0, 0xb, 0xf4, 0x3f, 0xd0, 0xc, 0xf4,
    0x3f, 0xd0, 0x2f, 0xf2, 0x3f, 0xfe, 0xff, 0xd0,
    0x3f, 0xff, 0xfb, 0x20, 0x0, 0x0, 0x0, 0x0,
    0x0, 0x4, 0x20, 0x0, 0x0, 0x3f, 0xe0, 0x0,
    0x0, 0x1d, 0xa0, 0x0,

    /* U+1E0D "ḍ" */
    0x0, 0x0, 0xb, 0xf3, 0x0, 0x0, 0xb, 0xf3,
    0x0, 0x0, 0xb, 0xf3, 0x4, 0xdf, 0xbd, 0xf3,
    0xf, 0xfa, 0xdf, 0xf3, 0x5f, 0xb0, 0xd, 0xf3,
    0x6f, 0x80, 0xb, 0xf3, 0x6f, 0x80, 0xb, 0xf3,
    0x5f, 0xa0, 0xd, 0xf3, 0xf, 0xfa, 0xdf, 0xf3,
    0x4, 0xdf, 0xbc, 0xf3, 0x0, 0x0, 0x0, 0x0,
    0x0, 0xc, 0xc0, 0x0, 0x0, 0x1f, 0xf1, 0x0,
    0x0, 0x3, 0x30, 0x0,

    /* U+1E12 "Ḓ" */
    0x3f, 0xff, 0xfb, 0x20, 0x3f, 0xfe, 0xff, 0xd0,
    0x3f, 0xd0, 0x2f, 0xf2, 0x3f, 0xd0, 0xc, 0xf4,
    0x3f, 0xd0, 0xb, 0xf4, 0x3f, 0xd0, 0xb, 0xf4,
    0x3f, 0xd0, 0xb, 0xf4, 0x3f, 0xd0, 0xc, 0xf4,
    0x3f, 0xd0, 0x2f, 0xf2, 0x3f, 0xfe, 0xff, 0xd0,
    0x3f, 0xff, 0xfb, 0x20, 0x0, 0x13, 0x30, 0x0,
    0x0, 0xdf, 0xf8, 0x0, 0x6, 0xf7, 0xcf, 0x10,
    0xe, 0xc0, 0x2f, 0x90,

    /* U+1E13 "ḓ" */
    0x0, 0x0, 0xb, 0xf3, 0x0, 0x0, 0xb, 0xf3,
    0x0, 0x0, 0xb, 0xf3, 0x4, 0xdf, 0xbd, 0xf3,
    0xf, 0xfa, 0xdf, 0xf3, 0x5f, 0xb0, 0xd, 0xf3,
    0x6f, 0x80, 0xb, 0xf3, 0x6f, 0x80, 0xb, 0xf3,
    0x5f, 0xa0, 0xd, 0xf3, 0xf, 0xfa, 0xdf, 0xf3,
    0x4, 0xdf, 0xbc, 0xf3, 0x0, 0x36, 0x62, 0x0,
    0x0, 0xde, 0xfd, 0x0, 0x7, 0xf5, 0x6f, 0x70,
    0x7, 0x60, 0x6, 0x70,

    /* U+1E24 "Ḥ" */
    0x2f, 0xd0, 0xd, 0xf2, 0x2f, 0xd0, 0xd, 0xf2,
    0x2f, 0xd0, 0xd, 0xf2, 0x2f, 0xd0, 0xd, 0xf2,
    0x2f, 0xfe, 0xef, 0xf2, 0x2f, 0xff, 0xff, 0xf2,
    0x2f, 0xd0, 0xd, 0xf2, 0x2f, 0xd0, 0xd, 0xf2,
    0x2f, 0xd0, 0xd, 0xf2, 0x2f, 0xd0, 0xd, 0xf2,
    0x2f, 0xd0, 0xd, 0xf2, 0x0, 0x0, 0x0, 0x0,
    0x0, 0x3, 0x30, 0x0, 0x0, 0x1f, 0xf1, 0x0,
    0x0, 0xc, 0xc0, 0x0,

    /* U+1E25 "ḥ" */
    0x3f, 0xb0, 0x0, 0x0, 0x3f, 0xb0, 0x0, 0x0,
    0x3f, 0xb0, 0x0, 0x0, 0x3f, 0xdb, 0xfe, 0x70,
    0x3f, 0xfd, 0xaf, 0xf2, 0x3f, 0xd0, 0xb, 0xf5,
    0x3f, 0xb0, 0x8, 0xf6, 0x3f, 0xb0, 0x8, 0xf6,
    0x3f, 0xb0, 0x8, 0xf6, 0x3f, 0xb0, 0x8, 0xf6,
    0x3f, 0xb0, 0x8, 0xf6, 0x0, 0x0, 0x0, 0x0,
    0x0, 0x3, 0x30, 0x0, 0x0, 0x1f, 0xf1, 0x0,
    0x0, 0xc, 0xc0, 0x0,

    /* U+1E3C "Ḽ" */
    0x3f, 0xd0, 0x0, 0x0, 0x3f, 0xd0, 0x0, 0x0,
    0x3f, 0xd0, 0x0, 0x0, 0x3f, 0xd0, 0x0, 0x0,
    0x3f, 0xd0, 0x0, 0x0, 0x3f, 0xd0, 0x0, 0x0,
    0x3f, 0xd0, 0x0, 0x0, 0x3f, 0xd0, 0x0, 0x0,
    0x3f, 0xd0, 0x0, 0x0, 0x3f, 0xfe, 0xee, 0xe3,
    0x3f, 0xff, 0xff, 0xf3, 0x0, 0x13, 0x31, 0x0,
    0x0, 0xbf, 0xfb, 0x0, 0x4, 0xf9, 0xaf, 0x30,
    0xc, 0xe0, 0x1e, 0xc0,

    /* U+1E3D "ḽ" */
    0x4f, 0xff, 0x60, 0x3, 0xce, 0xf6, 0x0, 0x0,
    0x8f, 0x60, 0x0, 0x8, 0xf6, 0x0, 0x0, 0x8f,
    0x60, 0x0, 0x8, 0xf6, 0x0, 0x0, 0x8f, 0x60,
    0x0, 0x8, 0xf6, 0x0, 0x0, 0x8f, 0x60, 0x0,
    0x8, 0xf6, 0x0, 0x0, 0x8f, 0x60, 0x0, 0x3,
    0x32, 0x0, 0x4, 0xff, 0xf2, 0x0, 0xcf, 0x5f,
    0xa0, 0x5f, 0x60, 0x8f, 0x30,

    /* U+1E44 "Ṅ" */
    0x0, 0xc, 0xc0, 0x0, 0x0, 0x1f, 0xf1, 0x0,
    0x0, 0x3, 0x30, 0x0, 0x0, 0x0, 0x0, 0x0,
    0x3f, 0xf5, 0xa, 0xf3, 0x3f, 0xfb, 0xa, 0xf3,
    0x3f, 0xff, 0x1a, 0xf3, 0x3f, 0xff, 0x7a, 0xf3,
    0x3f, 0xff, 0xca, 0xf3, 0x3f, 0xaf, 0xfc, 0xf3,
    0x3f, 0xa9, 0xff, 0xf3, 0x3f, 0xa2, 0xff, 0xf3,
    0x3f, 0xa0, 0xcf, 0xf3, 0x3f, 0xa0, 0x5f, 0xf3,
    0x3f, 0xa0, 0xe, 0xf3,

    /* U+1E45 "ṅ" */
    0x0, 0x9, 0xd1, 0x0, 0x0, 0xd, 0xf3, 0x0,
    0x0, 0x2, 0x40, 0x0, 0x3f, 0xcb, 0xfe, 0x70,
    0x3f, 0xfd, 0xaf, 0xf2, 0x3f, 0xd0, 0xb, 0xf5,
    0x3f, 0xb0, 0x8, 0xf6, 0x3f, 0xb0, 0x8, 0xf6,
    0x3f, 0xb0, 0x8, 0xf6, 0x3f, 0xb0, 0x8, 0xf6,
    0x3f, 0xb0, 0x8, 0xf6,

    /* U+1E4A "Ṋ" */
    0x3f, 0xf5, 0xa, 0xf3, 0x3f, 0xfb, 0xa, 0xf3,
    0x3f, 0xff, 0x1a, 0xf3, 0x3f, 0xff, 0x7a, 0xf3,
    0x3f, 0xff, 0xca, 0xf3, 0x3f, 0xaf, 0xfc, 0xf3,
    0x3f, 0xa9, 0xff, 0xf3, 0x3f, 0xa2, 0xff, 0xf3,
    0x3f, 0xa0, 0xcf, 0xf3, 0x3f, 0xa0, 0x5f, 0xf3,
    0x3f, 0xa0, 0xe, 0xf3, 0x0, 0x13, 0x31, 0x0,
    0x0, 0xbf, 0xfb, 0x0, 0x4, 0xf9, 0xaf, 0x30,
    0xc, 0xe0, 0x1e, 0xc0,

    /* U+1E4B "ṋ" */
    0x3f, 0xcb, 0xfe, 0x70, 0x3f, 0xfd, 0xaf, 0xf2,
    0x3f, 0xd0, 0xb, 0xf5, 0x3f, 0xb0, 0x8, 0xf6,
    0x3f, 0xb0, 0x8, 0xf6, 0x3f, 0xb0, 0x8, 0xf6,
    0x3f, 0xb0, 0x8, 0xf6, 0x3f, 0xb0, 0x8, 0xf6,
    0x0, 0x3, 0x31, 0x0, 0x0, 0x9f, 0xfc, 0x0,
    0x2, 0xfb, 0x9f, 0x50, 0xb, 0xe1, 0xd, 0xd0,

    /* U+1E5A "Ṛ" */
    0x3f, 0xff, 0xeb, 0x20, 0x3f, 0xff, 0xff, 0xe0,
    0x3f, 0xd0, 0x2e, 0xf4, 0x3f, 0xd0, 0xb, 0xf6,
    0x3f, 0xd0, 0xe, 0xf4, 0x3f, 0xf8, 0xdf, 0xc0,
    0x3f, 0xff, 0xfa, 0x10, 0x3f, 0xda, 0xfb, 0x0,
    0x3f, 0xd1, 0xff, 0x40, 0x3f, 0xd0, 0x8f, 0xd0,
    0x3f, 0xd0, 0xe, 0xf6, 0x0, 0x0, 0x0, 0x0,
    0x0, 0x4, 0x20, 0x0, 0x0, 0x2f, 0xe0, 0x0,
    0x0, 0x1d, 0xa0, 0x0,

    /* U+1E5B "ṛ" */
    0xf, 0xb6, 0xde, 0x70, 0xf, 0xfe, 0xbf, 0xf1,
    0xf, 0xf1, 0x5, 0x20, 0xf, 0xc0, 0x0, 0x0,
    0xf, 0xc0, 0x0, 0x0, 0xf, 0xc0, 0x0, 0x0,
    0xf, 0xc0, 0x0, 0x0, 0xf, 0xc0, 0x0, 0x0,
    0x0, 0x0, 0x0, 0x0, 0x3, 0x20, 0x0, 0x0,
    0x2f, 0xf0, 0x0, 0x0, 0xd, 0xb0, 0x0, 0x0,

    /* U+1E62 "Ṣ" */
    0x2, 0xbe, 0xeb, 0x10, 0xe, 0xfd, 0xef, 0xc0,
    0x3f, 0xd0, 0xd, 0xe0, 0x2f, 0xe1, 0x0, 0x0,
    0xc, 0xfe, 0x50, 0x0, 0x1, 0xaf, 0xfc, 0x20,
    0x0, 0x3, 0xcf, 0xd0, 0x0, 0x0, 0xe, 0xf3,
    0x3f, 0xd0, 0xe, 0xf3, 0xd, 0xfe, 0xef, 0xd0,
    0x2, 0xbf, 0xea, 0x20, 0x0, 0x0, 0x0, 0x0,
    0x0, 0xc, 0xc0, 0x0, 0x0, 0x1f, 0xf1, 0x0,
    0x0, 0x3, 0x30, 0x0,

    /* U+1E63 "ṣ" */
    0x2b, 0xfe, 0xa1, 0xb, 0xf8, 0xaf, 0x90, 0xcf,
    0x40, 0x11, 0x5, 0xff, 0xc5, 0x0, 0x1, 0x9f,
    0xf8, 0x4, 0x50, 0x2f, 0xe0, 0xbf, 0xa9, 0xfd,
    0x1, 0xbe, 0xfb, 0x20, 0x0, 0x0, 0x0, 0x0,
    0xc, 0xc0, 0x0, 0x1, 0xff, 0x10, 0x0, 0x3,
    0x30, 0x0,

    /* U+1E6C "Ṭ" */
    0x8f, 0xff, 0xff, 0xf8, 0x8e, 0xef, 0xfe, 0xe8,
    0x0, 0xf, 0xf0, 0x0, 0x0, 0xf, 0xf0, 0x0,
    0x0, 0xf, 0xf0, 0x0, 0x0, 0xf, 0xf0, 0x0,
    0x0, 0xf, 0xf0, 0x0, 0x0, 0xf, 0xf0, 0x0,
    0x0, 0xf, 0xf0, 0x0, 0x0, 0xf, 0xf0, 0x0,
    0x0, 0xf, 0xf0, 0x0, 0x0, 0x0, 0x0, 0x0,
    0x0, 0x3, 0x30, 0x0, 0x0, 0x1f, 0xf1, 0x0,
    0x0, 0xc, 0xc0, 0x0,

    /* U+1E6D "ṭ" */
    0x0, 0x7f, 0x70, 0x0, 0x7, 0xf7, 0x0, 0x2f,
    0xff, 0xff, 0x32, 0xad, 0xfd, 0xa2, 0x0, 0x7f,
    0x70, 0x0, 0x7, 0xf7, 0x0, 0x0, 0x7f, 0x70,
    0x0, 0x7, 0xf8, 0x0, 0x0, 0x5f, 0xfd, 0xc0,
    0x0, 0xbf, 0xfe, 0x0, 0x0, 0x0, 0x0, 0x0,
    0x14, 0x0, 0x0, 0xb, 0xf5, 0x0, 0x0, 0x7e,
    0x30,

    /* U+1E80 "Ẁ" */
    0x1, 0xef, 0x20, 0x0, 0x0, 0x4f, 0xa0, 0x0,
    0x0, 0x7, 0xc2, 0x0, 0x0, 0x0, 0x0, 0x0,
    0xdf, 0x30, 0x3, 0xfd, 0xbf, 0x50, 0x5, 0xfb,
    0x9f, 0x63, 0x36, 0xf9, 0x7f, 0x87, 0x88, 0xf7,
    0x6f, 0xac, 0xc9, 0xf5, 0x4f, 0xcf, 0xfc, 0xf3,
    0x2f, 0xff, 0xff, 0xf2, 0xf, 0xfc, 0xcf, 0xf0,
    0xe, 0xf8, 0x8f, 0xe0, 0xd, 0xf4, 0x4f, 0xc0,
    0xb, 0xf1, 0x1f, 0xa0,

    /* U+1E81 "ẁ" */
    0x1, 0xef, 0x20, 0x0, 0x0, 0x5f, 0x90, 0x0,
    0x0, 0xa, 0xf2, 0x0, 0x0, 0x0, 0x0, 0x0,
    0xbf, 0x40, 0x22, 0xfc, 0x8f, 0x74, 0x65, 0xf8,
    0x5f, 0xa8, 0xa9, 0xf5, 0x2f, 0xeb, 0xdc, 0xf2,
    0xf, 0xff, 0xff, 0xf0, 0xc, 0xfd, 0xdf, 0xc0,
    0x9, 0xf9, 0x9f, 0x80, 0x5, 0xf5, 0x5f, 0x50,

    /* U+1E82 "Ẃ" */
    0x0, 0x2, 0xfe, 0x10, 0x0, 0xb, 0xf3, 0x0,
    0x0, 0x2c, 0x60, 0x0, 0x0, 0x0, 0x0, 0x0,
    0xdf, 0x30, 0x3, 0xfd, 0xbf, 0x50, 0x5, 0xfb,
    0x9f, 0x63, 0x36, 0xf9, 0x7f, 0x87, 0x88, 0xf7,
    0x6f, 0xac, 0xc9, 0xf5, 0x4f, 0xcf, 0xfc, 0xf3,
    0x2f, 0xff, 0xff, 0xf2, 0xf, 0xfc, 0xcf, 0xf0,
    0xe, 0xf8, 0x8f, 0xe0, 0xd, 0xf4, 0x4f, 0xc0,
    0xb, 0xf1, 0x1f, 0xa0,

    /* U+1E83 "ẃ" */
    0x0, 0x2, 0xfe, 0x10, 0x0, 0xa, 0xf5, 0x0,
    0x0, 0x2f, 0xa0, 0x0, 0x0, 0x0, 0x0, 0x0,
    0xbf, 0x40, 0x22, 0xfc, 0x8f, 0x74, 0x65, 0xf8,
    0x5f, 0xa8, 0xa9, 0xf5, 0x2f, 0xeb, 0xdc, 0xf2,
    0xf, 0xff, 0xff, 0xf0, 0xc, 0xfd, 0xdf, 0xc0,
    0x9, 0xf9, 0x9f, 0x80, 0x5, 0xf5, 0x5f, 0x50,

    /* U+1E84 "Ẅ" */
    0xb, 0xd0, 0xd, 0xb0, 0xf, 0xf2, 0x2f, 0xf0,
    0x3, 0x30, 0x3, 0x20, 0x0, 0x0, 0x0, 0x0,
    0xdf, 0x30, 0x3, 0xfd, 0xbf, 0x50, 0x5, 0xfb,
    0x9f, 0x63, 0x36, 0xf9, 0x7f, 0x87, 0x88, 0xf7,
    0x6f, 0xac, 0xc9, 0xf5, 0x4f, 0xcf, 0xfc, 0xf3,
    0x2f, 0xff, 0xff, 0xf2, 0xf, 0xfc, 0xcf, 0xf0,
    0xe, 0xf8, 0x8f, 0xe0, 0xd, 0xf4, 0x4f, 0xc0,
    0xb, 0xf1, 0x1f, 0xa0,

    /* U+1E85 "ẅ" */
    0xb, 0xd0, 0xd, 0xb0, 0xf, 0xf2, 0x2f, 0xf0,
    0x3, 0x30, 0x3, 0x20, 0xbf, 0x40, 0x22, 0xfc,
    0x8f, 0x74, 0x65, 0xf8, 0x5f, 0xa8, 0xa9, 0xf5,
    0x2f, 0xeb, 0xdc, 0xf2, 0xf, 0xff, 0xff, 0xf0,
    0xc, 0xfd, 0xdf, 0xc0, 0x9, 0xf9, 0x9f, 0x80,
    0x5, 0xf5, 0x5f, 0x50,

    /* U+1E92 "Ẓ" */
    0x5f, 0xff, 0xff, 0xf4, 0x5e, 0xee, 0xff, 0xd0,
    0x0, 0x0, 0xcf, 0x60, 0x0, 0x3, 0xfe, 0x0,
    0x0, 0xa, 0xf8, 0x0, 0x0, 0x2f, 0xf1, 0x0,
    0x0, 0x9f, 0xa0, 0x0, 0x1, 0xff, 0x30, 0x0,
    0x8, 0xfb, 0x0, 0x0, 0xe, 0xff, 0xee, 0xe5,
    0x6f, 0xff, 0xff, 0xf5, 0x0, 0x0, 0x0, 0x0,
    0x0, 0x3, 0x30, 0x0, 0x0, 0x1f, 0xf1, 0x0,
    0x0, 0xc, 0xc0, 0x0,

    /* U+1E93 "ẓ" */
    0xf, 0xff, 0xff, 0xe0, 0xc, 0xcc, 0xff, 0x60,
    0x0, 0x4, 0xfd, 0x0, 0x0, 0xd, 0xf4, 0x0,
    0x0, 0x6f, 0xb0, 0x0, 0x0, 0xef, 0x20, 0x0,
    0x8, 0xff, 0xcc, 0xc1, 0x1f, 0xff, 0xff, 0xf1,
    0x0, 0x0, 0x0, 0x0, 0x0, 0x3, 0x30, 0x0,
    0x0, 0x1f, 0xf1, 0x0, 0x0, 0xc, 0xc0, 0x0,

    /* U+1E9E "ẞ" */
    0x4, 0xcf, 0xff, 0xf4, 0x2f, 0xff, 0xff, 0xd0,
    0x7f, 0xb1, 0x9f, 0x60, 0x9f, 0x70, 0xef, 0x0,
    0x9f, 0x65, 0xfa, 0x0, 0x9f, 0x6b, 0xff, 0xc0,
    0x9f, 0x60, 0x3c, 0xf7, 0x9f, 0x60, 0x6, 0xfa,
    0x9f, 0x60, 0x1b, 0xf9, 0x9f, 0x6d, 0xff, 0xf4,
    0x9f, 0x6e, 0xfc, 0x50,

    /* U+1EA0 "Ạ" */
    0x0, 0x2f, 0xf2, 0x0, 0x0, 0x6f, 0xf6, 0x0,
    0x0, 0xaf, 0xfa, 0x0, 0x0, 0xed, 0xfe, 0x0,
    0x2, 0xfa, 0xcf, 0x20, 0x6, 0xf6, 0x8f, 0x50,
    0xa, 0xf3, 0x5f, 0x90, 0xd, 0xfe, 0xef, 0xd0,
    0x1f, 0xff, 0xff, 0xf1, 0x5f, 0x90, 0xb, 0xf5,
    0x9f, 0x60, 0x8, 0xf9, 0x0, 0x0, 0x0, 0x0,
    0x0, 0x3, 0x30, 0x0, 0x0, 0x1f, 0xf1, 0x0,
    0x0, 0xc, 0xc0, 0x0,

    /* U+1EA1 "ạ" */
    0x1, 0x9d, 0xfc, 0x30, 0xb, 0xfd, 0xdf, 0xe0,
    0x0, 0x20, 0xc, 0xf3, 0x6, 0xef, 0xfe, 0xf4,
    0x3f, 0xd5, 0x5d, 0xf4, 0x6f, 0x90, 0xc, 0xf4,
    0x3f, 0xfa, 0xef, 0xf4, 0x6, 0xdf, 0xc9, 0xf4,
    0x0, 0x0, 0x0, 0x0, 0x0, 0xb, 0xc0, 0x0,
    0x0, 0xf, 0xf1, 0x0, 0x0, 0x3, 0x30, 0x0,

    /* U+1EA2 "Ả" */
    0x0, 0x0, 0x0, 0x0, 0x0, 0x7e, 0xe9, 0x0,
    0x0, 0xc6, 0xcf, 0x0, 0x0, 0x6, 0xd3, 0x0,
    0x0, 0x0, 0x0, 0x0, 0x0, 0x2f, 0xf2, 0x0,
    0x0, 0x6f, 0xf6, 0x0, 0x0, 0xaf, 0xfa, 0x0,
    0x0, 0xed, 0xfe, 0x0, 0x2, 0xfa, 0xcf, 0x20,
    0x6, 0xf6, 0x8f, 0x50, 0xa, 0xf3, 0x5f, 0x90,
    0xd, 0xfe, 0xef, 0xd0, 0x1f, 0xff, 0xff, 0xf1,
    0x5f, 0x90, 0xb, 0xf5, 0x9f, 0x60, 0x8, 0xf9,

    /* U+1EA3 "ả" */
    0x0, 0x6d, 0xe9, 0x0, 0x0, 0xc8, 0xbf, 0x10,
    0x0, 0x5, 0xd3, 0x0, 0x1, 0x9d, 0xfc, 0x30,
    0xb, 0xfd, 0xdf, 0xe0, 0x0, 0x20, 0xc, 0xf3,
    0x6, 0xef, 0xfe, 0xf4, 0x3f, 0xd5, 0x5d, 0xf4,
    0x6f, 0x90, 0xc, 0xf4, 0x3f, 0xfa, 0xef, 0xf4,
    0x6, 0xdf, 0xc9, 0xf4,

    /* U+1EA4 "Ấ" */
    0x0, 0x0, 0x0, 0x12, 0x10, 0x0, 0x33, 0xb,
    0xf3, 0x0, 0x9f, 0xfd, 0xf5, 0x0, 0x2f, 0x77,
    0xf3, 0x0, 0x7, 0xa0, 0xa, 0x70, 0x0, 0x2,
    0xff, 0x20, 0x0, 0x0, 0x6f, 0xf6, 0x0, 0x0,
    0xa, 0xff, 0xa0, 0x0, 0x0, 0xed, 0xfe, 0x0,
    0x0, 0x2f, 0xac, 0xf2, 0x0, 0x6, 0xf6, 0x8f,
    0x50, 0x0, 0xaf, 0x35, 0xf9, 0x0, 0xd, 0xfe,
    0xef, 0xd0, 0x1, 0xff, 0xff, 0xff, 0x10, 0x5f,
    0x90, 0xb, 0xf5, 0x9, 0xf6, 0x0, 0x8f, 0x90,

    /* U+1EA5 "ấ" */
    0x0, 0x0, 0x0, 0x0, 0x0, 0x1, 0xfe, 0x10,
    0x0, 0x9, 0xf5, 0x0, 0x0, 0x2f, 0xa0, 0x0,
    0x0, 0x5b, 0xb6, 0x0, 0x1, 0xed, 0xdf, 0x10,
    0x9, 0xf3, 0x2f, 0xa0, 0x3, 0x20, 0x2, 0x30,
    0x1, 0x9d, 0xfc, 0x30, 0xb, 0xfd, 0xdf, 0xe0,
    0x0, 0x20, 0xc, 0xf3, 0x6, 0xef, 0xfe, 0xf4,
    0x3f, 0xd5, 0x5d, 0xf4, 0x6f, 0x90, 0xc, 0xf4,
    0x3f, 0xfa, 0xef, 0xf4, 0x6, 0xdf, 0xc9, 0xf4,

    /* U+1EA6 "Ầ" */
    0x12, 0x10, 0x0, 0x0, 0x2, 0xed, 0x3, 0x31,
    0x0, 0x4, 0xfd, 0xff, 0xb0, 0x0, 0x2, 0xf9,
    0x5f, 0x40, 0x0, 0x6b, 0x10, 0x98, 0x0, 0x0,
    0x2f, 0xf2, 0x0, 0x0, 0x6, 0xff, 0x60, 0x0,
    0x0, 0xaf, 0xfa, 0x0, 0x0, 0xe, 0xdf, 0xe0,
    0x0, 0x2, 0xfa, 0xcf, 0x20, 0x0, 0x6f, 0x68,
    0xf5, 0x0, 0xa, 0xf3, 0x5f, 0x90, 0x0, 0xdf,
    0xee, 0xfd, 0x0, 0x1f, 0xff, 0xff, 0xf1, 0x5,
    0xf9, 0x0, 0xbf, 0x50, 0x9f, 0x60, 0x8, 0xf9,

    /* U+1EA7 "ầ" */
    0x0, 0x0, 0x0, 0x0, 0x0, 0xef, 0x30, 0x0,
    0x0, 0x4f, 0xb0, 0x0, 0x0, 0x8, 0xf3, 0x0,
    0x0, 0x5b, 0xb6, 0x0, 0x1, 0xed, 0xdf, 0x10,
    0x9, 0xf3, 0x2f, 0xa0, 0x3, 0x20, 0x2, 0x30,
    0x1, 0x9d, 0xfc, 0x30, 0xb, 0xfd, 0xdf, 0xe0,
    0x0, 0x20, 0xc, 0xf3, 0x6, 0xef, 0xfe, 0xf4,
    0x3f, 0xd5, 0x5d, 0xf4, 0x6f, 0x90, 0xc, 0xf4,
    0x3f, 0xfa, 0xef, 0xf4, 0x6, 0xdf, 0xc9, 0xf4,

    /* U+1EA8 "Ẩ" */
    0x0, 0x0, 0x4, 0xec, 0x10, 0x8, 0xff, 0xc3,
    0xe5, 0x2, 0xf9, 0xaf, 0x77, 0x0, 0x7a, 0x0,
    0xb6, 0x0, 0x0, 0x2f, 0xf2, 0x0, 0x0, 0x6,
    0xff, 0x60, 0x0, 0x0, 0xaf, 0xfa, 0x0, 0x0,
    0xe, 0xdf, 0xe0, 0x0, 0x2, 0xfa, 0xcf, 0x20,
    0x0, 0x6f, 0x68, 0xf5, 0x0, 0xa, 0xf3, 0x5f,
    0x90, 0x0, 0xdf, 0xee, 0xfd, 0x0, 0x1f, 0xff,
    0xff, 0xf1, 0x5, 0xf9, 0x0, 0xbf, 0x50, 0x9f,
    0x60, 0x8, 0xf9, 0x0,

    /* U+1EA9 "ẩ" */
    0x0, 0x0, 0x0, 0x0, 0x0, 0x6e, 0xea, 0x0,
    0x0, 0xd8, 0xaf, 0x20, 0x0, 0x2, 0xe8, 0x0,
    0x0, 0x6e, 0xf7, 0x0, 0x1, 0xed, 0xcf, 0x20,
    0x9, 0xf3, 0x2f, 0xb0, 0x3, 0x20, 0x2, 0x30,
    0x1, 0x9d, 0xfc, 0x30, 0xb, 0xfd, 0xdf, 0xe0,
    0x0, 0x20, 0xc, 0xf3, 0x6, 0xef, 0xfe, 0xf4,
    0x3f, 0xd5, 0x5d, 0xf4, 0x6f, 0x90, 0xc, 0xf4,
    0x3f, 0xfa, 0xef, 0xf4, 0x6, 0xdf, 0xc9, 0xf4,

    /* U+1EAA "Ẫ" */
    0x3f, 0xff, 0xff, 0xf3, 0x0, 0x8e, 0xed, 0x0,
    0x2, 0xf6, 0x5f, 0x40, 0x6, 0x90, 0x9, 0x70,
    0x0, 0x2f, 0xf2, 0x0, 0x0, 0x6f, 0xf6, 0x0,
    0x0, 0xaf, 0xfa, 0x0, 0x0, 0xed, 0xfe, 0x0,
    0x2, 0xfa, 0xcf, 0x20, 0x6, 0xf6, 0x8f, 0x50,
    0xa, 0xf3, 0x5f, 0x90, 0xd, 0xfe, 0xef, 0xd0,
    0x1f, 0xff, 0xff, 0xf1, 0x5f, 0x90, 0xb, 0xf5,
    0x9f, 0x60, 0x8, 0xf9,

    /* U+1EAB "ẫ" */
    0x2c, 0xea, 0x51, 0x35, 0x6d, 0xae, 0xff, 0xf7,
    0x10, 0x0, 0x37, 0x60, 0x0, 0x8f, 0xfa, 0x0,
    0x1, 0xfc, 0xbf, 0x30, 0xa, 0xf2, 0x1e, 0xb0,
    0x2, 0x20, 0x1, 0x20, 0x1, 0x9d, 0xfc, 0x30,
    0xb, 0xfd, 0xdf, 0xe0, 0x0, 0x20, 0xc, 0xf3,
    0x6, 0xef, 0xfe, 0xf4, 0x3f, 0xd5, 0x5d, 0xf4,
    0x6f, 0x90, 0xc, 0xf4, 0x3f, 0xfa, 0xef, 0xf4,
    0x6, 0xdf, 0xc9, 0xf4,

    /* U+1EAC "Ậ" */
    0x0, 0xaf, 0xfa, 0x0, 0x5, 0xf7, 0x8f, 0x50,
    0x7, 0x60, 0x6, 0x70, 0x0, 0x0, 0x0, 0x0,
    0x0, 0x2f, 0xf2, 0x0, 0x0, 0x6f, 0xf6, 0x0,
    0x0, 0xaf, 0xfa, 0x0, 0x0, 0xed, 0xfe, 0x0,
    0x2, 0xfa, 0xcf, 0x20, 0x6, 0xf6, 0x8f, 0x50,
    0xa, 0xf3, 0x5f, 0x90, 0xd, 0xfe, 0xef, 0xd0,
    0x1f, 0xff, 0xff, 0xf1, 0x5f, 0x90, 0xb, 0xf5,
    0x9f, 0x60, 0x8, 0xf9, 0x0, 0x0, 0x0, 0x0,
    0x0, 0x3, 0x30, 0x0, 0x0, 0x1f, 0xf1, 0x0,
    0x0, 0xc, 0xc0, 0x0,

    /* U+1EAD "ậ" */
    0x0, 0x8f, 0xfa, 0x0, 0x2, 0xfb, 0xaf, 0x30,
    0xb, 0xe1, 0xd, 0xd0, 0x0, 0x0, 0x0, 0x0,
    0x1, 0x9d, 0xfc, 0x30, 0xb, 0xfd, 0xdf, 0xe0,
    0x0, 0x20, 0xc, 0xf3, 0x6, 0xef, 0xfe, 0xf4,
    0x3f, 0xd5, 0x5d, 0xf4, 0x6f, 0x90, 0xc, 0xf4,
    0x3f, 0xfa, 0xef, 0xf4, 0x6, 0xdf, 0xc9, 0xf4,
    0x0, 0x0, 0x0, 0x0, 0x0, 0xb, 0xc0, 0x0,
    0x0, 0xf, 0xf1, 0x0, 0x0, 0x3, 0x30, 0x0,

    /* U+1EAE "Ắ" */
    0x0, 0x0, 0x22, 0x0, 0x0, 0x3, 0xfb, 0x0,
    0x18, 0x5c, 0xd6, 0x81, 0xe, 0xc0, 0xc, 0xe0,
    0x2, 0x9b, 0xb9, 0x20, 0x0, 0x2f, 0xf2, 0x0,
    0x0, 0x6f, 0xf6, 0x0, 0x0, 0xaf, 0xfa, 0x0,
    0x0, 0xed, 0xfe, 0x0, 0x2, 0xfa, 0xcf, 0x20,
    0x6, 0xf6, 0x8f, 0x50, 0xa, 0xf3, 0x5f, 0x90,
    0xd, 0xfe, 0xef, 0xd0, 0x1f, 0xff, 0xff, 0xf1,
    0x5f, 0x90, 0xb, 0xf5, 0x9f, 0x60, 0x8, 0xf9,

    /* U+1EAF "ắ" */
    0x0, 0x0, 0x0, 0x0, 0x0, 0x1, 0xff, 0x10,
    0x0, 0x9, 0xf5, 0x0, 0x0, 0x1f, 0xa0, 0x0,
    0xc, 0x90, 0x8, 0xc1, 0xd, 0xf3, 0x2e, 0xe0,
    0x3, 0xdf, 0xfe, 0x50, 0x0, 0x1, 0x10, 0x0,
    0x1, 0x9d, 0xfc, 0x30, 0xb, 0xfd, 0xdf, 0xe0,
    0x0, 0x20, 0xc, 0xf3, 0x6, 0xef, 0xfe, 0xf4,
    0x3f, 0xd5, 0x5d, 0xf4, 0x6f, 0x90, 0xc, 0xf4,
    0x3f, 0xfa, 0xef, 0xf4, 0x6, 0xdf, 0xc9, 0xf4,

    /* U+1EB0 "Ằ" */
    0x0, 0x22, 0x0, 0x0, 0x0, 0xbf, 0x30, 0x0,
    0x18, 0x6d, 0xc5, 0x81, 0xe, 0xc0, 0xc, 0xe0,
    0x2, 0x9b, 0xb9, 0x20, 0x0, 0x2f, 0xf2, 0x0,
    0x0, 0x6f, 0xf6, 0x0, 0x0, 0xaf, 0xfa, 0x0,
    0x0, 0xed, 0xfe, 0x0, 0x2, 0xfa, 0xcf, 0x20,
    0x6, 0xf6, 0x8f, 0x50, 0xa, 0xf3, 0x5f, 0x90,
    0xd, 0xfe, 0xef, 0xd0, 0x1f, 0xff, 0xff, 0xf1,
    0x5f, 0x90, 0xb, 0xf5, 0x9f, 0x60, 0x8, 0xf9,

    /* U+1EB1 "ằ" */
    0x0, 0x0, 0x0, 0x0, 0x0, 0xef, 0x30, 0x0,
    0x0, 0x4f, 0xb0, 0x0, 0x0, 0x8, 0xf3, 0x0,
    0xc, 0x90, 0x8, 0xc1, 0xd, 0xf3, 0x2e, 0xe0,
    0x3, 0xdf, 0xfe, 0x50, 0x0, 0x1, 0x10, 0x0,
    0x1, 0x9d, 0xfc, 0x30, 0xb, 0xfd, 0xdf, 0xe0,
    0x0, 0x20, 0xc, 0xf3, 0x6, 0xef, 0xfe, 0xf4,
    0x3f, 0xd5, 0x5d, 0xf4, 0x6f, 0x90, 0xc, 0xf4,
    0x3f, 0xfa, 0xef, 0xf4, 0x6, 0xdf, 0xc9, 0xf4,

    /* U+1EB2 "Ẳ" */
    0x0, 0x4d, 0xd4, 0x0, 0x2d, 0xb6, 0xa9, 0xd2,
    0xe, 0xd0, 0xd, 0xe0, 0x2, 0x9a, 0xa9, 0x20,
    0x0, 0x2f, 0xf2, 0x0, 0x0, 0x6f, 0xf6, 0x0,
    0x0, 0xaf, 0xfa, 0x0, 0x0, 0xed, 0xfe, 0x0,
    0x2, 0xfa, 0xcf, 0x20, 0x6, 0xf6, 0x8f, 0x50,
    0xa, 0xf3, 0x5f, 0x90, 0xd, 0xfe, 0xef, 0xd0,
    0x1f, 0xff, 0xff, 0xf1, 0x5f, 0x90, 0xb, 0xf5,
    0x9f, 0x60, 0x8, 0xf9,

    /* U+1EB3 "ẳ" */
    0x0, 0x0, 0x0, 0x0, 0x0, 0x6d, 0xea, 0x0,
    0x0, 0xc7, 0xbf, 0x10, 0x3, 0x25, 0xe5, 0x30,
    0xf, 0xc0, 0xb, 0xf1, 0xb, 0xf2, 0x1e, 0xd0,
    0x2, 0xdf, 0xfe, 0x40, 0x0, 0x1, 0x10, 0x0,
    0x1, 0x9d, 0xfc, 0x30, 0xb, 0xfd, 0xdf, 0xe0,
    0x0, 0x20, 0xc, 0xf3, 0x6, 0xef, 0xfe, 0xf4,
    0x3f, 0xd5, 0x5d, 0xf4, 0x6f, 0x90, 0xc, 0xf4,
    0x3f, 0xfa, 0xef, 0xf4, 0x6, 0xdf, 0xc9, 0xf4,

    /* U+1EB4 "Ẵ" */
    0x3f, 0xff, 0xff, 0xf3, 0x2f, 0x80, 0x8, 0xf2,
    0xd, 0xd0, 0xd, 0xd0, 0x2, 0x9a, 0xa9, 0x20,
    0x0, 0x2f, 0xf2, 0x0, 0x0, 0x6f, 0xf6, 0x0,
    0x0, 0xaf, 0xfa, 0x0, 0x0, 0xed, 0xfe, 0x0,
    0x2, 0xfa, 0xcf, 0x20, 0x6, 0xf6, 0x8f, 0x50,
    0xa, 0xf3, 0x5f, 0x90, 0xd, 0xfe, 0xef, 0xd0,
    0x1f, 0xff, 0xff, 0xf1, 0x5f, 0x90, 0xb, 0xf5,
    0x9f, 0x60, 0x8, 0xf9,

    /* U+1EB5 "ẵ" */
    0x2c, 0xea, 0x51, 0x35, 0x6d, 0xae, 0xff, 0xf7,
    0x11, 0x0, 0x38, 0x70, 0xf, 0xc0, 0xa, 0xf1,
    0xc, 0xf2, 0x1e, 0xe0, 0x3, 0xdf, 0xfe, 0x40,
    0x0, 0x1, 0x10, 0x0, 0x1, 0x9d, 0xfc, 0x30,
    0xb, 0xfd, 0xdf, 0xe0, 0x0, 0x20, 0xc, 0xf3,
    0x6, 0xef, 0xfe, 0xf4, 0x3f, 0xd5, 0x5d, 0xf4,
    0x6f, 0x90, 0xc, 0xf4, 0x3f, 0xfa, 0xef, 0xf4,
    0x6, 0xdf, 0xc9, 0xf4,

    /* U+1EB6 "Ặ" */
    0x1f, 0xb0, 0xb, 0xf0, 0xe, 0xe1, 0x1e, 0xe0,
    0x4, 0xdf, 0xfd, 0x40, 0x0, 0x0, 0x0, 0x0,
    0x0, 0x2f, 0xf2, 0x0, 0x0, 0x6f, 0xf6, 0x0,
    0x0, 0xaf, 0xfa, 0x0, 0x0, 0xed, 0xfe, 0x0,
    0x2, 0xfa, 0xcf, 0x20, 0x6, 0xf6, 0x8f, 0x50,
    0xa, 0xf3, 0x5f, 0x90, 0xd, 0xfe, 0xef, 0xd0,
    0x1f, 0xff, 0xff, 0xf1, 0x5f, 0x90, 0xb, 0xf5,
    0x9f, 0x60, 0x8, 0xf9, 0x0, 0x0, 0x0, 0x0,
    0x0, 0x3, 0x30, 0x0, 0x0, 0x1f, 0xf1, 0x0,
    0x0, 0xc, 0xc0, 0x0,

    /* U+1EB7 "ặ" */
    0xf, 0xc0, 0xa, 0xf1, 0xc, 0xf2, 0x1e, 0xe0,
    0x3, 0xdf, 0xfe, 0x40, 0x0, 0x1, 0x10, 0x0,
    0x1, 0x9d, 0xfc, 0x30, 0xb, 0xfd, 0xdf, 0xe0,
    0x0, 0x20, 0xc, 0xf3, 0x6, 0xef, 0xfe, 0xf4,
    0x3f, 0xd5, 0x5d, 0xf4, 0x6f, 0x90, 0xc, 0xf4,
    0x3f, 0xfa, 0xef, 0xf4, 0x6, 0xdf, 0xc9, 0xf4,
    0x0, 0x0, 0x0, 0x0, 0x0, 0xb, 0xc0, 0x0,
    0x0, 0xf, 0xf1, 0x0, 0x0, 0x3, 0x30, 0x0,

    /* U+1EB8 "Ẹ" */
    0xef, 0xff, 0xff, 0xef, 0xee, 0xee, 0xef, 0x10,
    0x0, 0xef, 0x10, 0x0, 0xef, 0xdd, 0xd8, 0xef,
    0xff, 0xfa, 0xef, 0x10, 0x0, 0xef, 0x10, 0x0,
    0xef, 0x10, 0x0, 0xef, 0xee, 0xee, 0xef, 0xff,
    0xff, 0x0, 0x0, 0x0, 0x0, 0x33, 0x0, 0x1,
    0xff, 0x10, 0x0, 0xcc, 0x0,

    /* U+1EB9 "ẹ" */
    0x0, 0x9e, 0xeb, 0x20, 0xb, 0xfd, 0xdf, 0xe0,
    0x3f, 0xb0, 0x9, 0xf5, 0x5f, 0xfe, 0xef, 0xf7,
    0x5f, 0x91, 0x11, 0x10, 0x3f, 0xd0, 0x5, 0x50,
    0xb, 0xfe, 0xdf, 0xf2, 0x0, 0x9d, 0xeb, 0x40,
    0x0, 0x0, 0x0, 0x0, 0x0, 0xb, 0xc0, 0x0,
    0x0, 0xf, 0xf1, 0x0, 0x0, 0x3, 0x30, 0x0,

    /* U+1EBA "Ẻ" */
    0x0, 0x0, 0x0, 0x7, 0xee, 0x90, 0xc, 0x6c,
    0xf0, 0x0, 0x6d, 0x30, 0x0, 0x0, 0x0, 0xef,
    0xff, 0xff, 0xef, 0xee, 0xee, 0xef, 0x10, 0x0,
    0xef, 0x10, 0x0, 0xef, 0xdd, 0xd8, 0xef, 0xff,
    0xfa, 0xef, 0x10, 0x0, 0xef, 0x10, 0x0, 0xef,
    0x10, 0x0, 0xef, 0xee, 0xee, 0xef, 0xff, 0xff,

    /* U+1EBB "ẻ" */
    0x0, 0x6d, 0xe9, 0x0, 0x0, 0xc8, 0xbf, 0x10,
    0x0, 0x5, 0xd3, 0x0, 0x0, 0x9e, 0xeb, 0x20,
    0xb, 0xfd, 0xdf, 0xe0, 0x3f, 0xb0, 0x9, 0xf5,
    0x5f, 0xfe, 0xef, 0xf7, 0x5f, 0x91, 0x11, 0x10,
    0x3f, 0xd0, 0x5, 0x50, 0xb, 0xfe, 0xdf, 0xf2,
    0x0, 0x9d, 0xeb, 0x40,

    /* U+1EBE "Ế" */
    0x0, 0x0, 0x1, 0x21, 0x1, 0x33, 0xd, 0xe2,
    0xb, 0xff, 0xdf, 0x40, 0x3f, 0x69, 0xf2, 0x0,
    0x89, 0x0, 0xb6, 0x0, 0xef, 0xff, 0xff, 0x0,
    0xef, 0xee, 0xee, 0x0, 0xef, 0x10, 0x0, 0x0,
    0xef, 0x10, 0x0, 0x0, 0xef, 0xdd, 0xd8, 0x0,
    0xef, 0xff, 0xfa, 0x0, 0xef, 0x10, 0x0, 0x0,
    0xef, 0x10, 0x0, 0x0, 0xef, 0x10, 0x0, 0x0,
    0xef, 0xee, 0xee, 0x0, 0xef, 0xff, 0xff, 0x0,

    /* U+1EBF "ế" */
    0x0, 0x0, 0x0, 0x0, 0x0, 0x1, 0xfe, 0x10,
    0x0, 0x9, 0xf5, 0x0, 0x0, 0x2f, 0xa0, 0x0,
    0x0, 0x5b, 0xb6, 0x0, 0x1, 0xed, 0xdf, 0x10,
    0x9, 0xf3, 0x2f, 0xa0, 0x3, 0x20, 0x2, 0x30,
    0x0, 0x9e, 0xeb, 0x20, 0xb, 0xfd, 0xdf, 0xe0,
    0x3f, 0xb0, 0x9, 0xf5, 0x5f, 0xfe, 0xef, 0xf7,
    0x5f, 0x91, 0x11, 0x10, 0x3f, 0xd0, 0x5, 0x50,
    0xb, 0xfe, 0xdf, 0xf2, 0x0, 0x9d, 0xeb, 0x40,

    /* U+1EC0 "Ề" */
    0x12, 0x10, 0x0, 0x0, 0x2e, 0xd0, 0x33, 0x10,
    0x3, 0xfd, 0xff, 0xb0, 0x0, 0x1f, 0xa5, 0xf4,
    0x0, 0x6b, 0x10, 0x98, 0x0, 0xef, 0xff, 0xff,
    0x0, 0xef, 0xee, 0xee, 0x0, 0xef, 0x10, 0x0,
    0x0, 0xef, 0x10, 0x0, 0x0, 0xef, 0xdd, 0xd8,
    0x0, 0xef, 0xff, 0xfa, 0x0, 0xef, 0x10, 0x0,
    0x0, 0xef, 0x10, 0x0, 0x0, 0xef, 0x10, 0x0,
    0x0, 0xef, 0xee, 0xee, 0x0, 0xef, 0xff, 0xff,

    /* U+1EC1 "ề" */
    0x0, 0x0, 0x0, 0x0, 0x0, 0xef, 0x30, 0x0,
    0x0, 0x4f, 0xb0, 0x0, 0x0, 0x8, 0xf3, 0x0,
    0x0, 0x5b, 0xb6, 0x0, 0x1, 0xed, 0xdf, 0x10,
    0x9, 0xf3, 0x2f, 0xa0, 0x3, 0x20, 0x2, 0x30,
    0x0, 0x9e, 0xeb, 0x20, 0xb, 0xfd, 0xdf, 0xe0,
    0x3f, 0xb0, 0x9, 0xf5, 0x5f, 0xfe, 0xef, 0xf7,
    0x5f, 0x91, 0x11, 0x10, 0x3f, 0xd0, 0x5, 0x50,
    0xb, 0xfe, 0xdf, 0xf2, 0x0, 0x9d, 0xeb, 0x40,

    /* U+1EC2 "Ể" */
    0x0, 0x0, 0x5e, 0xc1, 0x9, 0xff, 0xb3, 0xf4,
    0x3f, 0x8b, 0xe7, 0x60, 0x8a, 0x1, 0xb6, 0x0,
    0xef, 0xff, 0xff, 0x0, 0xef, 0xee, 0xee, 0x0,
    0xef, 0x10, 0x0, 0x0, 0xef, 0x10, 0x0, 0x0,
    0xef, 0xdd, 0xd8, 0x0, 0xef, 0xff, 0xfa, 0x0,
    0xef, 0x10, 0x0, 0x0, 0xef, 0x10, 0x0, 0x0,
    0xef, 0x10, 0x0, 0x0, 0xef, 0xee, 0xee, 0x0,
    0xef, 0xff, 0xff, 0x0,

    /* U+1EC3 "ể" */
    0x0, 0x0, 0x0, 0x0, 0x0, 0x6e, 0xea, 0x0,
    0x0, 0xd8, 0xaf, 0x20, 0x0, 0x2, 0xe8, 0x0,
    0x0, 0x6e, 0xf7, 0x0, 0x1, 0xed, 0xcf, 0x20,
    0x9, 0xf3, 0x2f, 0xb0, 0x3, 0x20, 0x2, 0x30,
    0x0, 0x9e, 0xeb, 0x20, 0xb, 0xfd, 0xdf, 0xe0,
    0x3f, 0xb0, 0x9, 0xf5, 0x5f, 0xfe, 0xef, 0xf7,
    0x5f, 0x91, 0x11, 0x10, 0x3f, 0xd0, 0x5, 0x50,
    0xb, 0xfe, 0xdf, 0xf2, 0x0, 0x9d, 0xeb, 0x40,

    /* U+1EC4 "Ễ" */
    0x3f, 0xff, 0xff, 0xf3, 0x0, 0x8e, 0xed, 0x0,
    0x2, 0xf6, 0x5f, 0x40, 0x6, 0x90, 0x9, 0x70,
    0xe, 0xff, 0xff, 0xf0, 0xe, 0xfe, 0xee, 0xe0,
    0xe, 0xf1, 0x0, 0x0, 0xe, 0xf1, 0x0, 0x0,
    0xe, 0xfd, 0xdd, 0x80, 0xe, 0xff, 0xff, 0xa0,
    0xe, 0xf1, 0x0, 0x0, 0xe, 0xf1, 0x0, 0x0,
    0xe, 0xf1, 0x0, 0x0, 0xe, 0xfe, 0xee, 0xe0,
    0xe, 0xff, 0xff, 0xf0,

    /* U+1EC5 "ễ" */
    0x2c, 0xea, 0x51, 0x35, 0x6d, 0xae, 0xff, 0xf7,
    0x10, 0x0, 0x37, 0x60, 0x0, 0x8f, 0xfa, 0x0,
    0x1, 0xfc, 0xbf, 0x30, 0xa, 0xf2, 0x1e, 0xb0,
    0x2, 0x20, 0x1, 0x20, 0x0, 0x9e, 0xeb, 0x20,
    0xb, 0xfd, 0xdf, 0xe0, 0x3f, 0xb0, 0x9, 0xf5,
    0x5f, 0xfe, 0xef, 0xf7, 0x5f, 0x91, 0x11, 0x10,
    0x3f, 0xd0, 0x5, 0x50, 0xb, 0xfe, 0xdf, 0xf2,
    0x0, 0x9d, 0xeb, 0x40,

    /* U+1EC6 "Ệ" */
    0x0, 0xaf, 0xfa, 0x0, 0x5, 0xf7, 0x8f, 0x50,
    0x7, 0x60, 0x6, 0x70, 0x0, 0x0, 0x0, 0x0,
    0xe, 0xff, 0xff, 0xf0, 0xe, 0xfe, 0xee, 0xe0,
    0xe, 0xf1, 0x0, 0x0, 0xe, 0xf1, 0x0, 0x0,
    0xe, 0xfd, 0xdd, 0x80, 0xe, 0xff, 0xff, 0xa0,
    0xe, 0xf1, 0x0, 0x0, 0xe, 0xf1, 0x0, 0x0,
    0xe, 0xf1, 0x0, 0x0, 0xe, 0xfe, 0xee, 0xe0,
    0xe, 0xff, 0xff, 0xf0, 0x0, 0x0, 0x0, 0x0,
    0x0, 0x3, 0x30, 0x0, 0x0, 0x1f, 0xf1, 0x0,
    0x0, 0xc, 0xc0, 0x0,

    /* U+1EC7 "ệ" */
    0x0, 0x8f, 0xfa, 0x0, 0x2, 0xfb, 0xaf, 0x30,
    0xb, 0xe1, 0xd, 0xd0, 0x0, 0x0, 0x0, 0x0,
    0x0, 0x9e, 0xeb, 0x20, 0xb, 0xfd, 0xdf, 0xe0,
    0x3f, 0xb0, 0x9, 0xf5, 0x5f, 0xfe, 0xef, 0xf7,
    0x5f, 0x91, 0x11, 0x10, 0x3f, 0xd0, 0x5, 0x50,
    0xb, 0xfe, 0xdf, 0xf2, 0x0, 0x9d, 0xeb, 0x40,
    0x0, 0x0, 0x0, 0x0, 0x0, 0xb, 0xc0, 0x0,
    0x0, 0xf, 0xf1, 0x0, 0x0, 0x3, 0x30, 0x0,

    /* U+1EC8 "Ỉ" */
    0x0, 0x0, 0x0, 0x7, 0xee, 0x90, 0xc, 0x6c,
    0xf0, 0x0, 0x6d, 0x30, 0x0, 0x0, 0x0, 0xbf,
    0xff, 0xfb, 0xae, 0xff, 0xea, 0x0, 0xff, 0x0,
    0x0, 0xff, 0x0, 0x0, 0xff, 0x0, 0x0, 0xff,
    0x0, 0x0, 0xff, 0x0, 0x0, 0xff, 0x0, 0x0,
    0xff, 0x0, 0xae, 0xff, 0xea, 0xbf, 0xff, 0xfb,

    /* U+1EC9 "ỉ" */
    0x6, 0xde, 0x90, 0xd, 0x7c, 0xf0, 0x0, 0x6d,
    0x30, 0x8f, 0xff, 0x0, 0x7c, 0xff, 0x0, 0x0,
    0xef, 0x0, 0x0, 0xef, 0x0, 0x0, 0xef, 0x0,
    0x0, 0xef, 0x0, 0x7c, 0xff, 0xd7, 0x8f, 0xff,
    0xf8,

    /* U+1ECA "Ị" */
    0xbf, 0xff, 0xfb, 0xae, 0xff, 0xea, 0x0, 0xff,
    0x0, 0x0, 0xff, 0x0, 0x0, 0xff, 0x0, 0x0,
    0xff, 0x0, 0x0, 0xff, 0x0, 0x0, 0xff, 0x0,
    0x0, 0xff, 0x0, 0xae, 0xff, 0xea, 0xbf, 0xff,
    0xfb, 0x0, 0x0, 0x0, 0x0, 0x33, 0x0, 0x1,
    0xff, 0x10, 0x0, 0xcc, 0x0,

    /* U+1ECB "ị" */
    0x0, 0xcc, 0x0, 0x1, 0xff, 0x10, 0x0, 0x33,
    0x0, 0x8f, 0xff, 0x0, 0x7c, 0xff, 0x0, 0x0,
    0xef, 0x0, 0x0, 0xef, 0x0, 0x0, 0xef, 0x0,
    0x0, 0xef, 0x0, 0x7c, 0xff, 0xd7, 0x8f, 0xff,
    0xf8, 0x0, 0x0, 0x0, 0x0, 0x33, 0x0, 0x1,
    0xff, 0x10, 0x0, 0xcc, 0x0,

    /* U+1ECC "Ọ" */
    0x1, 0xae, 0xea, 0x10, 0xd, 0xfe, 0xef, 0xd0,
    0x3f, 0xd0, 0xe, 0xf3, 0x5f, 0xb0, 0xb, 0xf5,
    0x5f, 0xa0, 0xa, 0xf5, 0x5f, 0xa0, 0xa, 0xf5,
    0x5f, 0xa0, 0xa, 0xf5, 0x5f, 0xb0, 0xb, 0xf5,
    0x3f, 0xd0, 0xd, 0xf3, 0xd, 0xfe, 0xef, 0xd0,
    0x1, 0xae, 0xea, 0x10, 0x0, 0x0, 0x0, 0x0,
    0x0, 0xc, 0xc0, 0x0, 0x0, 0x1f, 0xf1, 0x0,
    0x0, 0x3, 0x30, 0x0,

    /* U+1ECD "ọ" */
    0x0, 0x9e, 0xe9, 0x0, 0xa, 0xfe, 0xef, 0xa0,
    0x2f, 0xd0, 0xd, 0xf2, 0x5f, 0x90, 0x9, 0xf5,
    0x5f, 0x90, 0x9, 0xf5, 0x2f, 0xd0, 0xd, 0xf2,
    0xb, 0xfd, 0xdf, 0xa0, 0x0, 0x9e, 0xe9, 0x0,
    0x0, 0x0, 0x0, 0x0, 0x0, 0xc, 0xc0, 0x0,
    0x0, 0x1f, 0xf1, 0x0, 0x0, 0x3, 0x30, 0x0,

    /* U+1ECE "Ỏ" */
    0x0, 0x0, 0x0, 0x0, 0x0, 0x7e, 0xe9, 0x0,
    0x0, 0xc6, 0xcf, 0x0, 0x0, 0x6, 0xd3, 0x0,
    0x0, 0x0, 0x0, 0x0, 0x1, 0xae, 0xea, 0x10,
    0xd, 0xfe, 0xef, 0xd0, 0x3f, 0xd0, 0xe, 0xf3,
    0x5f, 0xb0, 0xb, 0xf5, 0x5f, 0xa0, 0xa, 0xf5,
    0x5f, 0xa0, 0xa, 0xf5, 0x5f, 0xa0, 0xa, 0xf5,
    0x5f, 0xb0, 0xb, 0xf5, 0x3f, 0xd0, 0xd, 0xf3,
    0xd, 0xfe, 0xef, 0xd0, 0x1, 0xae, 0xea, 0x10,

    /* U+1ECF "ỏ" */
    0x0, 0x6d, 0xe9, 0x0, 0x0, 0xd7, 0xcf, 0x0,
    0x0, 0x6, 0xd3, 0x0, 0x0, 0x9e, 0xe9, 0x0,
    0xa, 0xfe, 0xef, 0xa0, 0x2f, 0xd0, 0xd, 0xf2,
    0x5f, 0x90, 0x9, 0xf5, 0x5f, 0x90, 0x9, 0xf5,
    0x2f, 0xd0, 0xd, 0xf2, 0xb, 0xfd, 0xdf, 0xa0,
    0x0, 0x9e, 0xe9, 0x0,

    /* U+1ED0 "Ố" */
    0x0, 0x0, 0x0, 0x2, 0x20, 0x0, 0x33, 0x19,
    0xf5, 0x0, 0x6f, 0xfd, 0xf8, 0x0, 0xe, 0xb6,
    0xf5, 0x0, 0x6, 0xe2, 0xb, 0xb0, 0x0, 0x1a,
    0xee, 0xa1, 0x0, 0xd, 0xfe, 0xef, 0xd0, 0x3,
    0xfd, 0x0, 0xef, 0x30, 0x5f, 0xb0, 0xb, 0xf5,
    0x5, 0xfa, 0x0, 0xaf, 0x50, 0x5f, 0xa0, 0xa,
    0xf5, 0x5, 0xfa, 0x0, 0xaf, 0x50, 0x5f, 0xb0,
    0xb, 0xf5, 0x3, 0xfd, 0x0, 0xdf, 0x30, 0xd,
    0xfe, 0xef, 0xd0, 0x0, 0x1a, 0xee, 0xa1, 0x0,

    /* U+1ED1 "ố" */
    0x0, 0x0, 0x0, 0x0, 0x0, 0x2, 0xfe, 0x10,
    0x0, 0xa, 0xf4, 0x0, 0x0, 0x2f, 0x90, 0x0,
    0x0, 0x6b, 0xb6, 0x0, 0x1, 0xfd, 0xdf, 0x10,
    0xa, 0xf2, 0x3f, 0x90, 0x3, 0x20, 0x2, 0x30,
    0x0, 0x9e, 0xe9, 0x0, 0xa, 0xfe, 0xef, 0xa0,
    0x2f, 0xd0, 0xd, 0xf2, 0x5f, 0x90, 0x9, 0xf5,
    0x5f, 0x90, 0x9, 0xf5, 0x2f, 0xd0, 0xd, 0xf2,
    0xb, 0xfd, 0xdf, 0xa0, 0x0, 0x9e, 0xe9, 0x0,

    /* U+1ED2 "Ồ" */
    0x12, 0x10, 0x0, 0x0, 0x1, 0xee, 0x3, 0x31,
    0x0, 0x3, 0xfd, 0xff, 0xc0, 0x0, 0x1, 0xfb,
    0x5f, 0x40, 0x0, 0x6e, 0x20, 0xbb, 0x0, 0x1,
    0xae, 0xea, 0x10, 0x0, 0xdf, 0xee, 0xfd, 0x0,
    0x3f, 0xd0, 0xe, 0xf3, 0x5, 0xfb, 0x0, 0xbf,
    0x50, 0x5f, 0xa0, 0xa, 0xf5, 0x5, 0xfa, 0x0,
    0xaf, 0x50, 0x5f, 0xa0, 0xa, 0xf5, 0x5, 0xfb,
    0x0, 0xbf, 0x50, 0x3f, 0xd0, 0xd, 0xf3, 0x0,
    0xdf, 0xee, 0xfd, 0x0, 0x1, 0xae, 0xea, 0x10,

    /* U+1ED3 "ồ" */
    0x0, 0x0, 0x0, 0x0, 0x1, 0xef, 0x20, 0x0,
    0x0, 0x5f, 0xa0, 0x0, 0x0, 0xa, 0xf2, 0x0,
    0x0, 0x6b, 0xb6, 0x0, 0x1, 0xfd, 0xdf, 0x10,
    0xa, 0xf2, 0x3f, 0x90, 0x3, 0x20, 0x2, 0x30,
    0x0, 0x9e, 0xe9, 0x0, 0xa, 0xfe, 0xef, 0xa0,
    0x2f, 0xd0, 0xd, 0xf2, 0x5f, 0x90, 0x9, 0xf5,
    0x5f, 0x90, 0x9, 0xf5, 0x2f, 0xd0, 0xd, 0xf2,
    0xb, 0xfd, 0xdf, 0xa0, 0x0, 0x9e, 0xe9, 0x0,

    /* U+1ED4 "Ổ" */
    0x0, 0x0, 0x4, 0xec, 0x20, 0x8, 0xff, 0xc3,
    0xe5, 0x1, 0xfa, 0xaf, 0x79, 0x0, 0x8d, 0x11,
    0xd8, 0x0, 0x1, 0xae, 0xea, 0x10, 0x0, 0xdf,
    0xee, 0xfd, 0x0, 0x3f, 0xd0, 0xe, 0xf3, 0x5,
    0xfb, 0x0, 0xbf, 0x50, 0x5f, 0xa0, 0xa, 0xf5,
    0x5, 0xfa, 0x0, 0xaf, 0x50, 0x5f, 0xa0, 0xa,
    0xf5, 0x5, 0xfb, 0x0, 0xbf, 0x50, 0x3f, 0xd0,
    0xd, 0xf3, 0x0, 0xdf, 0xee, 0xfd, 0x0, 0x1,
    0xae, 0xea, 0x10, 0x0,

    /* U+1ED5 "ổ" */
    0x0, 0x0, 0x0, 0x0, 0x0, 0x7e, 0xe9, 0x0,
    0x0, 0xe7, 0xbf, 0x10, 0x0, 0x2, 0xe7, 0x0,
    0x0, 0x6e, 0xe6, 0x0, 0x1, 0xfc, 0xdf, 0x10,
    0xa, 0xf2, 0x3f, 0xa0, 0x3, 0x20, 0x2, 0x30,
    0x0, 0x9e, 0xe9, 0x0, 0xa, 0xfe, 0xef, 0xa0,
    0x2f, 0xd0, 0xd, 0xf2, 0x5f, 0x90, 0x9, 0xf5,
    0x5f, 0x90, 0x9, 0xf5, 0x2f, 0xd0, 0xd, 0xf2,
    0xb, 0xfd, 0xdf, 0xa0, 0x0, 0x9e, 0xe9, 0x0,

    /* U+1ED6 "Ỗ" */
    0x3f, 0xff, 0xff, 0xf3, 0x0, 0x7e, 0xec, 0x0,
    0x1, 0xf7, 0x6f, 0x30, 0x8, 0xd0, 0xd, 0x90,
    0x1, 0xae, 0xea, 0x10, 0xd, 0xfe, 0xef, 0xd0,
    0x3f, 0xd0, 0xe, 0xf3, 0x5f, 0xb0, 0xb, 0xf5,
    0x5f, 0xa0, 0xa, 0xf5, 0x5f, 0xa0, 0xa, 0xf5,
    0x5f, 0xa0, 0xa, 0xf5, 0x5f, 0xb0, 0xb, 0xf5,
    0x3f, 0xd0, 0xd, 0xf3, 0xd, 0xfe, 0xef, 0xd0,
    0x1, 0xae, 0xea, 0x10,

    /* U+1ED7 "ỗ" */
    0x2c, 0xea, 0x51, 0x34, 0x7c, 0xae, 0xff, 0xf6,
    0x10, 0x0, 0x37, 0x50, 0x0, 0x9f, 0xf9, 0x0,
    0x2, 0xfb, 0xcf, 0x20, 0xb, 0xf1, 0x2f, 0xa0,
    0x2, 0x10, 0x2, 0x20, 0x0, 0x9e, 0xe9, 0x0,
    0xa, 0xfe, 0xef, 0xa0, 0x2f, 0xd0, 0xd, 0xf2,
    0x5f, 0x90, 0x9, 0xf5, 0x5f, 0x90, 0x9, 0xf5,
    0x2f, 0xd0, 0xd, 0xf2, 0xb, 0xfd, 0xdf, 0xa0,
    0x0, 0x9e, 0xe9, 0x0,

    /* U+1ED8 "Ộ" */
    0x0, 0x37, 0x73, 0x0, 0x0, 0xdf, 0xfd, 0x0,
    0x7, 0xf5, 0x6f, 0x70, 0x7, 0x60, 0x6, 0x70,
    0x0, 0x0, 0x0, 0x0, 0x1, 0xae, 0xea, 0x10,
    0xd, 0xfe, 0xef, 0xd0, 0x3f, 0xd0, 0xe, 0xf3,
    0x5f, 0xb0, 0xb, 0xf5, 0x5f, 0xa0, 0xa, 0xf5,
    0x5f, 0xa0, 0xa, 0xf5, 0x5f, 0xa0, 0xa, 0xf5,
    0x5f, 0xb0, 0xb, 0xf5, 0x3f, 0xd0, 0xd, 0xf3,
    0xd, 0xfe, 0xef, 0xd0, 0x1, 0xae, 0xea, 0x10,
    0x0, 0x0, 0x0, 0x0, 0x0, 0xc, 0xc0, 0x0,
    0x0, 0x1f, 0xf1, 0x0, 0x0, 0x3, 0x30, 0x0,

    /* U+1ED9 "ộ" */
    0x0, 0x9f, 0xf9, 0x0, 0x3, 0xfa, 0xbf, 0x30,
    0xc, 0xe1, 0x1e, 0xc0, 0x0, 0x0, 0x0, 0x0,
    0x0, 0x9e, 0xe9, 0x0, 0xa, 0xfe, 0xef, 0xa0,
    0x2f, 0xd0, 0xd, 0xf2, 0x5f, 0x90, 0x9, 0xf5,
    0x5f, 0x90, 0x9, 0xf5, 0x2f, 0xd0, 0xd, 0xf2,
    0xb, 0xfd, 0xdf, 0xa0, 0x0, 0x9e, 0xe9, 0x0,
    0x0, 0x0, 0x0, 0x0, 0x0, 0xc, 0xc0, 0x0,
    0x0, 0x1f, 0xf1, 0x0, 0x0, 0x3, 0x30, 0x0,

    /* U+1EDA "Ớ" */
    0x0, 0x2, 0xfe, 0x10, 0x0, 0x0, 0xaf, 0x43,
    0x85, 0x0, 0x2c, 0x70, 0x1f, 0xc0, 0x0, 0x0,
    0x4, 0xfb, 0x1, 0xae, 0xff, 0xe9, 0x20, 0xdf,
    0xcc, 0xfd, 0x0, 0x3f, 0xd0, 0xd, 0xf3, 0x5,
    0xfb, 0x0, 0xbf, 0x50, 0x5f, 0xa0, 0xa, 0xf5,
    0x5, 0xfa, 0x0, 0xaf, 0x50, 0x5f, 0xa0, 0xa,
    0xf5, 0x5, 0xfb, 0x0, 0xbf, 0x50, 0x3f, 0xe0,
    0xe, 0xf3, 0x0, 0xdf, 0xee, 0xfd, 0x0, 0x1,
    0xae, 0xea, 0x10, 0x0,

    /* U+1EDB "ớ" */
    0x0, 0x6, 0xfb, 0x0, 0x0, 0x0, 0xee, 0x1c,
    0xd0, 0x0, 0x6f, 0x50, 0xbf, 0x30, 0x0, 0x0,
    0x1d, 0xf2, 0x2, 0xbf, 0xff, 0xf9, 0x1, 0xef,
    0xcf, 0xf6, 0x0, 0x8f, 0x90, 0x3f, 0xd0, 0xb,
    0xf4, 0x0, 0xef, 0x0, 0xbf, 0x40, 0xe, 0xf0,
    0x8, 0xf9, 0x3, 0xfd, 0x0, 0x1e, 0xfc, 0xff,
    0x60, 0x0, 0x2b, 0xfd, 0x60, 0x0,

    /* U+1EDC "Ờ" */
    0x1, 0xef, 0x20, 0x0, 0x0, 0x4, 0xfa, 0x3,
    0x85, 0x0, 0x7, 0xc2, 0x1f, 0xc0, 0x0, 0x0,
    0x4, 0xfb, 0x1, 0xae, 0xff, 0xe9, 0x20, 0xdf,
    0xcc, 0xfd, 0x0, 0x3f, 0xd0, 0xd, 0xf3, 0x5,
    0xfb, 0x0, 0xbf, 0x50, 0x5f, 0xa0, 0xa, 0xf5,
    0x5, 0xfa, 0x0, 0xaf, 0x50, 0x5f, 0xa0, 0xa,
    0xf5, 0x5, 0xfb, 0x0, 0xbf, 0x50, 0x3f, 0xe0,
    0xe, 0xf3, 0x0, 0xdf, 0xee, 0xfd, 0x0, 0x1,
    0xae, 0xea, 0x10, 0x0,

    /* U+1EDD "ờ" */
    0x4, 0xfd, 0x0, 0x0, 0x0, 0x9, 0xf5, 0xc,
    0xd0, 0x0, 0xd, 0xd0, 0xbf, 0x30, 0x0, 0x0,
    0x1d, 0xf2, 0x2, 0xbf, 0xff, 0xf9, 0x1, 0xef,
    0xcf, 0xf6, 0x0, 0x8f, 0x90, 0x3f, 0xd0, 0xb,
    0xf4, 0x0, 0xef, 0x0, 0xbf, 0x40, 0xe, 0xf0,
    0x8, 0xf9, 0x3, 0xfd, 0x0, 0x1e, 0xfc, 0xff,
    0x60, 0x0, 0x2b, 0xfd, 0x60, 0x0,

    /* U+1EDE "Ở" */
    0x0, 0x0, 0x0, 0x0, 0x0, 0x7, 0xee, 0x90,
    0x0, 0x0, 0xc6, 0xcf, 0x48, 0x50, 0x0, 0x6d,
    0x31, 0xfc, 0x0, 0x0, 0x0, 0x4f, 0xb0, 0x1a,
    0xef, 0xfe, 0x91, 0xd, 0xfc, 0xcf, 0xd0, 0x3,
    0xfd, 0x0, 0xdf, 0x30, 0x5f, 0xb0, 0xb, 0xf5,
    0x5, 0xfa, 0x0, 0xaf, 0x50, 0x5f, 0xa0, 0xa,
    0xf5, 0x5, 0xfa, 0x0, 0xaf, 0x50, 0x5f, 0xb0,
    0xb, 0xf5, 0x3, 0xfe, 0x0, 0xef, 0x30, 0xd,
    0xfe, 0xef, 0xd0, 0x0, 0x1a, 0xee, 0xa1, 0x0,

    /* U+1EDF "ở" */
    0x0, 0x9e, 0xd6, 0x11, 0x0, 0x4d, 0x5f, 0xcd,
    0xf1, 0x0, 0xb, 0xa2, 0xdf, 0x30, 0x2b, 0xff,
    0xff, 0xa0, 0x1e, 0xfc, 0xff, 0x60, 0x8, 0xf9,
    0x3, 0xfd, 0x0, 0xbf, 0x40, 0xe, 0xf0, 0xb,
    0xf4, 0x0, 0xef, 0x0, 0x8f, 0x90, 0x3f, 0xd0,
    0x1, 0xef, 0xcf, 0xf6, 0x0, 0x2, 0xbf, 0xd6,
    0x0, 0x0,

    /* U+1EE0 "Ỡ" */
    0x2c, 0xea, 0x51, 0x34, 0x7, 0xca, 0xef, 0xff,
    0xb5, 0x10, 0x0, 0x37, 0x6f, 0xc0, 0x0, 0x0,
    0x5, 0xfb, 0x1, 0xae, 0xff, 0xe9, 0x10, 0xdf,
    0xcc, 0xfd, 0x0, 0x3f, 0xd0, 0xd, 0xf3, 0x5,
    0xfb, 0x0, 0xbf, 0x50, 0x5f, 0xa0, 0xa, 0xf5,
    0x5, 0xfa, 0x0, 0xaf, 0x50, 0x5f, 0xa0, 0xa,
    0xf5, 0x5, 0xfb, 0x0, 0xbf, 0x50, 0x3f, 0xe0,
    0xe, 0xf3, 0x0, 0xdf, 0xee, 0xfd, 0x0, 0x1,
    0xae, 0xea, 0x10, 0x0,

    /* U+1EE1 "ỡ" */
    0x8e, 0xfd, 0xba, 0xda, 0xa, 0xa9, 0xce, 0xff,
    0xf2, 0x0, 0x0, 0x0, 0xdf, 0x20, 0x2b, 0xff,
    0xfe, 0x70, 0x1e, 0xfa, 0xdf, 0x70, 0x8, 0xf8,
    0x2, 0xfe, 0x0, 0xbf, 0x30, 0xe, 0xf0, 0xb,
    0xf4, 0x0, 0xef, 0x0, 0x8f, 0x90, 0x3f, 0xd0,
    0x1, 0xef, 0xcf, 0xf5, 0x0, 0x2, 0xbf, 0xd5,
    0x0, 0x0,

    /* U+1EE2 "Ợ" */
    0x0, 0x0, 0x0, 0x4f, 0xa0, 0x0, 0x0, 0x1,
    0xfd, 0x0, 0x0, 0x0, 0x5f, 0xa0, 0x1a, 0xef,
    0xfd, 0x91, 0xd, 0xfc, 0xcf, 0xd0, 0x3, 0xfd,
    0x0, 0xdf, 0x30, 0x5f, 0xb0, 0xb, 0xf5, 0x5,
    0xfa, 0x0, 0xaf, 0x50, 0x5f, 0xa0, 0xa, 0xf5,
    0x5, 0xfa, 0x0, 0xaf, 0x50, 0x5f, 0xb0, 0xb,
    0xf5, 0x3, 0xfe, 0x0, 0xef, 0x30, 0xd, 0xfe,
    0xef, 0xd0, 0x0, 0x1a, 0xee, 0xa1, 0x0, 0x0,
    0x0, 0x0, 0x0, 0x0, 0x0, 0xcc, 0x0, 0x0,
    0x0, 0x1f, 0xf1, 0x0, 0x0, 0x0, 0x33, 0x0,
    0x0,

    /* U+1EE3 "ợ" */
    0x0, 0x0, 0x0, 0xef, 0x0, 0x0, 0x0, 0xb,
    0xf3, 0x0, 0x0, 0x1, 0xdf, 0x20, 0x2b, 0xff,
    0xff, 0x80, 0x1e, 0xfc, 0xff, 0x60, 0x8, 0xf9,
    0x3, 0xfd, 0x0, 0xbf, 0x40, 0xe, 0xf0, 0xb,
    0xf4, 0x0, 0xef, 0x0, 0x8f, 0x90, 0x3f, 0xd0,
    0x1, 0xef, 0xcf, 0xf6, 0x0, 0x2, 0xbf, 0xd6,
    0x0, 0x0, 0x0, 0x0, 0x0, 0x0, 0x0, 0x3e,
    0x70, 0x0, 0x0, 0x5, 0xfb, 0x0, 0x0, 0x0,
    0x4, 0x10, 0x0, 0x0,

    /* U+1EE4 "Ụ" */
    0x6f, 0x90, 0x8, 0xf6, 0x6f, 0x90, 0x8, 0xf6,
    0x6f, 0x90, 0x8, 0xf6, 0x6f, 0x90, 0x8, 0xf6,
    0x6f, 0x90, 0x8, 0xf6, 0x6f, 0x90, 0x8, 0xf6,
    0x6f, 0x90, 0x8, 0xf6, 0x6f, 0x90, 0x8, 0xf6,
    0x5f, 0xd0, 0xc, 0xf4, 0x1e, 0xff, 0xff, 0xe1,
    0x3, 0xbe, 0xeb, 0x30, 0x0, 0x0, 0x0, 0x0,
    0x0, 0xc, 0xc0, 0x0, 0x0, 0x1f, 0xf1, 0x0,
    0x0, 0x3, 0x30, 0x0,

    /* U+1EE5 "ụ" */
    0x5f, 0x90, 0x8, 0xf5, 0x5f, 0x90, 0x8, 0xf5,
    0x5f, 0x90, 0x8, 0xf5, 0x5f, 0x90, 0x8, 0xf5,
    0x5f, 0x90, 0x8, 0xf5, 0x4f, 0xd0, 0xd, 0xf4,
    0xd, 0xfe, 0xef, 0xd0, 0x2, 0xae, 0xeb, 0x20,
    0x0, 0x0, 0x0, 0x0, 0x0, 0xc, 0xc0, 0x0,
    0x0, 0x1f, 0xf1, 0x0, 0x0, 0x3, 0x30, 0x0,

    /* U+1EE6 "Ủ" */
    0x0, 0x0, 0x0, 0x0, 0x0, 0x7e, 0xe9, 0x0,
    0x0, 0xc6, 0xcf, 0x0, 0x0, 0x6, 0xd3, 0x0,
    0x0, 0x0, 0x0, 0x0, 0x6f, 0x90, 0x8, 0xf6,
    0x6f, 0x90, 0x8, 0xf6, 0x6f, 0x90, 0x8, 0xf6,
    0x6f, 0x90, 0x8, 0xf6, 0x6f, 0x90, 0x8, 0xf6,
    0x6f, 0x90, 0x8, 0xf6, 0x6f, 0x90, 0x8, 0xf6,
    0x6f, 0x90, 0x8, 0xf6, 0x5f, 0xd0, 0xc, 0xf4,
    0x1e, 0xff, 0xff, 0xe1, 0x3, 0xbe, 0xeb, 0x30,

    /* U+1EE7 "ủ" */
    0x0, 0x6d, 0xe9, 0x0, 0x0, 0xd7, 0xcf, 0x0,
    0x0, 0x6, 0xd3, 0x0, 0x5f, 0x90, 0x8, 0xf5,
    0x5f, 0x90, 0x8, 0xf5, 0x5f, 0x90, 0x8, 0xf5,
    0x5f, 0x90, 0x8, 0xf5, 0x5f, 0x90, 0x8, 0xf5,
    0x4f, 0xd0, 0xd, 0xf4, 0xd, 0xfe, 0xef, 0xd0,
    0x2, 0xae, 0xeb, 0x20,

    /* U+1EE8 "Ứ" */
    0x0, 0xa, 0xf7, 0x0, 0x0, 0x3, 0xfb, 0x2,
    0x85, 0x0, 0x8b, 0x10, 0x1f, 0xd0, 0x0, 0x0,
    0x3, 0xfb, 0x6f, 0x90, 0x8, 0xfb, 0x16, 0xf9,
    0x0, 0x8f, 0x60, 0x6f, 0x90, 0x8, 0xf6, 0x6,
    0xf9, 0x0, 0x8f, 0x60, 0x6f, 0x90, 0x8, 0xf6,
    0x6, 0xf9, 0x0, 0x8f, 0x60, 0x6f, 0x90, 0x8,
    0xf6, 0x6, 0xf9, 0x0, 0x8f, 0x60, 0x5f, 0xd0,
    0xc, 0xf4, 0x1, 0xef, 0xff, 0xfe, 0x10, 0x3,
    0xbe, 0xeb, 0x30, 0x0,

    /* U+1EE9 "ứ" */
    0x0, 0x3, 0xfd, 0x0, 0x0, 0x0, 0xbf, 0x3c,
    0xd0, 0x0, 0x3f, 0x80, 0xbf, 0x30, 0x0, 0x0,
    0xd, 0xf1, 0x8f, 0x60, 0xa, 0xf7, 0x8, 0xf6,
    0x0, 0xaf, 0x30, 0x8f, 0x60, 0xa, 0xf3, 0x8,
    0xf6, 0x0, 0xaf, 0x30, 0x8f, 0x70, 0xb, 0xf3,
    0x6, 0xfb, 0x0, 0xef, 0x10, 0x1f, 0xfe, 0xff,
    0xc0, 0x0, 0x3b, 0xfe, 0xa1, 0x0,

    /* U+1EEA "Ừ" */
    0x0, 0x8f, 0x90, 0x0, 0x0, 0x0, 0xcf, 0x22,
    0x85, 0x0, 0x1, 0xb8, 0x1f, 0xd0, 0x0, 0x0,
    0x3, 0xfb, 0x6f, 0x90, 0x8, 0xfb, 0x16, 0xf9,
    0x0, 0x8f, 0x60, 0x6f, 0x90, 0x8, 0xf6, 0x6,
    0xf9, 0x0, 0x8f, 0x60, 0x6f, 0x90, 0x8, 0xf6,
    0x6, 0xf9, 0x0, 0x8f, 0x60, 0x6f, 0x90, 0x8,
    0xf6, 0x6, 0xf9, 0x0, 0x8f, 0x60, 0x5f, 0xd0,
    0xc, 0xf4, 0x1, 0xef, 0xff, 0xfe, 0x10, 0x3,
    0xbe, 0xeb, 0x30, 0x0,

    /* U+1EEB "ừ" */
    0x2, 0xfe, 0x0, 0x0, 0x0, 0x7, 0xf7, 0xc,
    0xd0, 0x0, 0xc, 0xe0, 0xbf, 0x30, 0x0, 0x0,
    0xd, 0xf1, 0x8f, 0x60, 0xa, 0xf7, 0x8, 0xf6,
    0x0, 0xaf, 0x30, 0x8f, 0x60, 0xa, 0xf3, 0x8,
    0xf6, 0x0, 0xaf, 0x30, 0x8f, 0x70, 0xb, 0xf3,
    0x6, 0xfb, 0x0, 0xef, 0x10, 0x1f, 0xfe, 0xff,
    0xc0, 0x0, 0x3b, 0xfe, 0xa1, 0x0,

    /* U+1EEC "Ử" */
    0x0, 0x0, 0x0, 0x0, 0x0, 0x7, 0xee, 0x90,
    0x0, 0x0, 0xc6, 0xcf, 0x38, 0x50, 0x0, 0x6d,
    0x31, 0xfd, 0x0, 0x0, 0x0, 0x4f, 0xb6, 0xf9,
    0x0, 0x8f, 0xb1, 0x6f, 0x90, 0x8, 0xf6, 0x6,
    0xf9, 0x0, 0x8f, 0x60, 0x6f, 0x90, 0x8, 0xf6,
    0x6, 0xf9, 0x0, 0x8f, 0x60, 0x6f, 0x90, 0x8,
    0xf6, 0x6, 0xf9, 0x0, 0x8f, 0x60, 0x6f, 0x90,
    0x8, 0xf6, 0x5, 0xfd, 0x0, 0xcf, 0x40, 0x1e,
    0xff, 0xff, 0xe1, 0x0, 0x3b, 0xee, 0xb3, 0x0,

    /* U+1EED "ử" */
    0x0, 0xae, 0xc6, 0x11, 0x0, 0x4d, 0x5f, 0xbd,
    0xf1, 0x0, 0xb, 0xa2, 0xdf, 0x28, 0xf6, 0x0,
    0xaf, 0x80, 0x8f, 0x60, 0xa, 0xf3, 0x8, 0xf6,
    0x0, 0xaf, 0x30, 0x8f, 0x60, 0xa, 0xf3, 0x8,
    0xf7, 0x0, 0xbf, 0x30, 0x6f, 0xb0, 0xe, 0xf1,
    0x1, 0xff, 0xef, 0xfc, 0x0, 0x3, 0xbf, 0xea,
    0x10, 0x0,

    /* U+1EEE "Ữ" */
    0x2c, 0xea, 0x51, 0x34, 0x7, 0xca, 0xef, 0xff,
    0xb5, 0x10, 0x0, 0x37, 0x5f, 0xd0, 0x0, 0x0,
    0x3, 0xfb, 0x6f, 0x90, 0x8, 0xfb, 0x16, 0xf9,
    0x0, 0x8f, 0x60, 0x6f, 0x90, 0x8, 0xf6, 0x6,
    0xf9, 0x0, 0x8f, 0x60, 0x6f, 0x90, 0x8, 0xf6,
    0x6, 0xf9, 0x0, 0x8f, 0x60, 0x6f, 0x90, 0x8,
    0xf6, 0x6, 0xf9, 0x0, 0x8f, 0x60, 0x5f, 0xd0,
    0xc, 0xf4, 0x1, 0xef, 0xff, 0xfe, 0x10, 0x3,
    0xbe, 0xeb, 0x30, 0x0,

    /* U+1EEF "ữ" */
    0x6d, 0xfd, 0xba, 0xca, 0x8, 0xb9, 0xbd, 0xff,
    0xf2, 0x0, 0x0, 0x0, 0xdf, 0x18, 0xf6, 0x0,
    0xaf, 0x70, 0x8f, 0x60, 0xa, 0xf3, 0x8, 0xf6,
    0x0, 0xaf, 0x30, 0x8f, 0x60, 0xa, 0xf3, 0x8,
    0xf7, 0x0, 0xbf, 0x30, 0x6f, 0xb0, 0xe, 0xf1,
    0x1, 0xff, 0xef, 0xfc, 0x0, 0x3, 0xbf, 0xea,
    0x10, 0x0,

    /* U+1EF0 "Ự" */
    0x0, 0x0, 0x0, 0x4f, 0xb0, 0x0, 0x0, 0x0,
    0xfd, 0x0, 0x0, 0x0, 0x4f, 0xa6, 0xf9, 0x0,
    0x8f, 0xb0, 0x6f, 0x90, 0x8, 0xf6, 0x6, 0xf9,
    0x0, 0x8f, 0x60, 0x6f, 0x90, 0x8, 0xf6, 0x6,
    0xf9, 0x0, 0x8f, 0x60, 0x6f, 0x90, 0x8, 0xf6,
    0x6, 0xf9, 0x0, 0x8f, 0x60, 0x6f, 0x90, 0x8,
    0xf6, 0x5, 0xfd, 0x0, 0xcf, 0x40, 0x1e, 0xff,
    0xff, 0xe1, 0x0, 0x3b, 0xee, 0xb3, 0x0, 0x0,
    0x0, 0x0, 0x0, 0x0, 0x0, 0xcc, 0x0, 0x0,
    0x0, 0x1f, 0xf1, 0x0, 0x0, 0x0, 0x33, 0x0,
    0x0,

    /* U+1EF1 "ự" */
    0x0, 0x0, 0x0, 0xef, 0x0, 0x0, 0x0, 0xb,
    0xf3, 0x0, 0x0, 0x0, 0xdf, 0x18, 0xf6, 0x0,
    0xaf, 0x70, 0x8f, 0x60, 0xa, 0xf3, 0x8, 0xf6,
    0x0, 0xaf, 0x30, 0x8f, 0x60, 0xa, 0xf3, 0x8,
    0xf7, 0x0, 0xbf, 0x30, 0x6f, 0xb0, 0xe, 0xf1,
    0x1, 0xff, 0xef, 0xfc, 0x0, 0x3, 0xbf, 0xea,
    0x10, 0x0, 0x0, 0x0, 0x0, 0x0, 0x0, 0x1d,
    0xa0, 0x0, 0x0, 0x2, 0xfe, 0x0, 0x0, 0x0,
    0x4, 0x20, 0x0, 0x0,

    /* U+1EF2 "Ỳ" */
    0x1, 0xef, 0x20, 0x0, 0x0, 0x4f, 0xa0, 0x0,
    0x0, 0x7, 0xc2, 0x0, 0x0, 0x0, 0x0, 0x0,
    0x9f, 0xc0, 0xb, 0xf9, 0x2f, 0xf2, 0x1f, 0xf3,
    0xc, 0xf8, 0x6f, 0xc0, 0x5, 0xfd, 0xcf, 0x50,
    0x0, 0xef, 0xfe, 0x0, 0x0, 0x7f, 0xf7, 0x0,
    0x0, 0x1f, 0xf1, 0x0, 0x0, 0xf, 0xf0, 0x0,
    0x0, 0xf, 0xf0, 0x0, 0x0, 0xf, 0xf0, 0x0,
    0x0, 0xf, 0xf0, 0x0,

    /* U+1EF3 "ỳ" */
    0x1, 0xef, 0x20, 0x0, 0x0, 0x5f, 0x90, 0x0,
    0x0, 0xa, 0xf2, 0x0, 0x0, 0x0, 0x0, 0x0,
    0x6f, 0xa0, 0x7, 0xf7, 0x1f, 0xe0, 0xc, 0xf2,
    0xc, 0xf3, 0xf, 0xd0, 0x7, 0xf8, 0x5f, 0x80,
    0x2, 0xfc, 0xaf, 0x30, 0x0, 0xdf, 0xfe, 0x0,
    0x0, 0x8f, 0xf9, 0x0, 0x0, 0x2f, 0xf4, 0x0,
    0x0, 0xf, 0xf0, 0x0, 0x0, 0x5f, 0xb0, 0x0,
    0x0, 0xaf, 0x60, 0x0,

    /* U+1EF6 "Ỷ" */
    0x0, 0x0, 0x0, 0x0, 0x0, 0x7e, 0xe9, 0x0,
    0x0, 0xc6, 0xcf, 0x0, 0x0, 0x6, 0xd3, 0x0,
    0x0, 0x0, 0x0, 0x0, 0x9f, 0xc0, 0xb, 0xf9,
    0x2f, 0xf2, 0x1f, 0xf3, 0xc, 0xf8, 0x6f, 0xc0,
    0x5, 0xfd, 0xcf, 0x50, 0x0, 0xef, 0xfe, 0x0,
    0x0, 0x7f, 0xf7, 0x0, 0x0, 0x1f, 0xf1, 0x0,
    0x0, 0xf, 0xf0, 0x0, 0x0, 0xf, 0xf0, 0x0,
    0x0, 0xf, 0xf0, 0x0, 0x0, 0xf, 0xf0, 0x0,

    /* U+1EF7 "ỷ" */
    0x0, 0x6d, 0xe9, 0x0, 0x0, 0xd7, 0xcf, 0x0,
    0x0, 0x6, 0xd3, 0x0, 0x6f, 0xa0, 0x7, 0xf7,
    0x1f, 0xe0, 0xc, 0xf2, 0xc, 0xf3, 0xf, 0xd0,
    0x7, 0xf8, 0x5f, 0x80, 0x2, 0xfc, 0xaf, 0x30,
    0x0, 0xdf, 0xfe, 0x0, 0x0, 0x8f, 0xf9, 0x0,
    0x0, 0x2f, 0xf4, 0x0, 0x0, 0xf, 0xf0, 0x0,
    0x0, 0x5f, 0xb0, 0x0, 0x0, 0xaf, 0x60, 0x0,

    /* U+2013 "–" */
    0x8a, 0xaa, 0xa8, 0xcf, 0xff, 0xfc,

    /* U+2014 "—" */
    0xaa, 0xaa, 0xaa, 0xaa, 0xff, 0xff, 0xff, 0xff,

    /* U+2016 "‖" */
    0x0, 0x0, 0x0, 0x8b, 0x0, 0xb8, 0x8b, 0x0,
    0xb8, 0x8b, 0x0, 0xb8, 0x8b, 0x0, 0xb8, 0x8b,
    0x0, 0xb8, 0x8b, 0x0, 0xb8, 0x8b, 0x0, 0xb8,
    0x8b, 0x0, 0xb8, 0x8b, 0x0, 0xb8, 0x8b, 0x0,
    0xb8, 0x8b, 0x0, 0xb8, 0x8b, 0x0, 0xb8, 0x8b,
    0x0, 0xb8, 0x8b, 0x0, 0xb8, 0x8b, 0x0, 0xb8,

    /* U+2017 "‗" */
    0xff, 0xff, 0xff, 0xff, 0x22, 0x22, 0x22, 0x22,
    0xff, 0xff, 0xff, 0xff, 0x22, 0x22, 0x22, 0x22,

    /* U+2018 "‘" */
    0x1, 0x60, 0x5, 0xf1, 0xa, 0xf0, 0xe, 0xd0,
    0x1c, 0xa0, 0x0, 0x0,

    /* U+2019 "’" */
    0x5, 0x40, 0xd, 0xf0, 0xf, 0xb0, 0x1f, 0x60,
    0x2e, 0x20, 0x0, 0x0,

    /* U+201A "‚" */
    0x5, 0x10, 0xfc, 0x2f, 0x84, 0xf3, 0x6e, 0x0,
    0x0,

    /* U+201B "‛" */
    0x4, 0x40, 0xf, 0xa0, 0xc, 0xd0, 0x8, 0xf0,
    0x4, 0xd1,

    /* U+201C "“" */
    0x5, 0x30, 0x44, 0xe, 0x70, 0xca, 0x3f, 0x50,
    0xf8, 0x8f, 0x35, 0xf6, 0x8e, 0x15, 0xd4, 0x0,
    0x0, 0x0,

    /* U+201D "”" */
    0x25, 0x11, 0x62, 0x6f, 0x63, 0xf9, 0x8f, 0x15,
    0xf4, 0xad, 0x7, 0xf0, 0xa8, 0x7, 0xb0, 0x0,
    0x0, 0x0,

    /* U+201E "„" */
    0x3, 0x30, 0x23, 0x0, 0xaf, 0x37, 0xf6, 0xc,
    0xe0, 0x9f, 0x10, 0xe9, 0xb, 0xd0, 0xf, 0x50,
    0xc8, 0x0, 0x0, 0x0, 0x0,

    /* U+201F "‟" */
    0x36, 0x1, 0x62, 0xaf, 0x4, 0xf5, 0x7f, 0x21,
    0xf8, 0x3f, 0x40, 0xda, 0xd, 0x40, 0x99,

    /* U+2020 "†" */
    0x0, 0xa, 0xa0, 0x0, 0x0, 0xa, 0xa0, 0x0,
    0x8f, 0xff, 0xff, 0xf8, 0x13, 0x3b, 0xb3, 0x31,
    0x0, 0xa, 0xa0, 0x0, 0x0, 0xa, 0xa0, 0x0,
    0x0, 0xa, 0xa0, 0x0, 0x0, 0xa, 0xa0, 0x0,
    0x0, 0xa, 0xa0, 0x0, 0x0, 0xa, 0xa0, 0x0,
    0x0, 0xa, 0xa0, 0x0,

    /* U+2021 "‡" */
    0x0, 0xa, 0xa0, 0x0, 0x0, 0xa, 0xa0, 0x0,
    0x8f, 0xff, 0xff, 0xf8, 0x13, 0x3b, 0xb3, 0x31,
    0x0, 0xa, 0xa0, 0x0, 0x0, 0xa, 0xa0, 0x0,
    0x0, 0xa, 0xa0, 0x0, 0x8f, 0xff, 0xff, 0xf8,
    0x13, 0x3b, 0xb3, 0x31, 0x0, 0xa, 0xa0, 0x0,
    0x0, 0xa, 0xa0, 0x0,

    /* U+2022 "•" */
    0x3, 0x99, 0x30, 0x5f, 0xff, 0xf4, 0xcf, 0xff,
    0xfc, 0xdf, 0xff, 0xfd, 0x7f, 0xff, 0xf7, 0x8,
    0xee, 0x80,

    /* U+2026 "…" */
    0x25, 0x4, 0x40, 0x52, 0xdf, 0x6f, 0xf5, 0xfd,
    0x9d, 0x2c, 0xc2, 0xd9,

    /* U+2030 "‰" */
    0x9d, 0x10, 0xa2, 0x0, 0xd, 0xa5, 0x1c, 0x0,
    0x0, 0xc7, 0x57, 0x60, 0x0, 0xd, 0x85, 0xc0,
    0x0, 0x0, 0xbf, 0x6f, 0xd2, 0xb9, 0x0, 0xa,
    0xf8, 0x9a, 0xc0, 0x1, 0xbc, 0x5b, 0x8c, 0x0,
    0x75, 0xc5, 0xb8, 0xc0, 0xc, 0xc, 0x5b, 0x8c,
    0x4, 0x80, 0xc8, 0x9a, 0xc0, 0xa2, 0x7, 0xe3,
    0xda, 0x0,

    /* U+2032 "′" */
    0x2, 0xf6, 0x7, 0xf1, 0xd, 0xa0, 0x2f, 0x40,
    0x7d, 0x0,

    /* U+2033 "″" */
    0x0, 0xcd, 0x9, 0xf0, 0x1, 0xf7, 0xe, 0xa0,
    0x6, 0xf1, 0x3f, 0x40, 0xb, 0xa0, 0x8e, 0x0,
    0x1f, 0x40, 0xd8, 0x0, 0x1, 0x0, 0x10, 0x0,

    /* U+2039 "‹" */
    0x0, 0x0, 0x63, 0x0, 0xa, 0xf3, 0x2, 0xdf,
    0x80, 0x2f, 0xe4, 0x0, 0x3f, 0xd2, 0x0, 0x4,
    0xef, 0x50, 0x0, 0x2c, 0xf3, 0x0, 0x0, 0x93,
    0x0, 0x0, 0x0,

    /* U+203A "›" */
    0x36, 0x0, 0x0, 0x4f, 0xa0, 0x0, 0x8, 0xfd,
    0x20, 0x0, 0x4e, 0xf2, 0x0, 0x2d, 0xf3, 0x5,
    0xfe, 0x40, 0x3f, 0xc1, 0x0, 0x49, 0x0, 0x0,
    0x0, 0x0, 0x0,

    /* U+203D "‽" */
    0x0, 0x5f, 0xf5, 0x0, 0xc, 0xff, 0xff, 0xd1,
    0x7f, 0xaf, 0xfa, 0xf8, 0x58, 0x2f, 0xd7, 0xf8,
    0x0, 0xe, 0xef, 0xe2, 0x0, 0xd, 0xfc, 0x20,
    0x0, 0xc, 0xf1, 0x0, 0x0, 0x1, 0x10, 0x0,
    0x0, 0x5, 0x30, 0x0, 0x0, 0x3f, 0xe0, 0x0,
    0x0, 0x1d, 0xa0, 0x0,

    /* U+203E "‾" */
    0xee, 0xee, 0xee, 0xee, 0xff, 0xff, 0xff, 0xff,

    /* U+2043 "⁃" */
    0x9f, 0xff, 0xff, 0xf8, 0x9f, 0xff, 0xff, 0xf8,
    0x9f, 0xff, 0xff, 0xf8, 0x47, 0x77, 0x77, 0x74,

    /* U+2044 "⁄" */
    0x0, 0x0, 0x0, 0x8b, 0x0, 0x0, 0x2, 0xf1,
    0x0, 0x0, 0xc, 0x70, 0x0, 0x0, 0x6d, 0x0,
    0x0, 0x1, 0xe3, 0x0, 0x0, 0xa, 0xa0, 0x0,
    0x0, 0x3e, 0x10, 0x0, 0x0, 0xd6, 0x0, 0x0,
    0x7, 0xc0, 0x0, 0x0, 0x1f, 0x30, 0x0, 0x0,
    0xb9, 0x0, 0x0, 0x0,

    /* U+205E "⁞" */
    0x4, 0x40, 0x1f, 0xf1, 0xc, 0xc0, 0x0, 0x0,
    0x0, 0x0, 0xc, 0xc0, 0x1f, 0xf1, 0x4, 0x40,
    0x0, 0x0, 0x0, 0x0, 0xc, 0xc0, 0x1f, 0xf1,
    0x4, 0x40, 0x0, 0x0, 0x4, 0x40, 0x1f, 0xf1,
    0xc, 0xc0,

    /* U+2070 "⁰" */
    0x4e, 0xe4, 0xa9, 0x9a, 0xb7, 0x7c, 0xb7, 0x7c,
    0xb7, 0x7c, 0xa9, 0xaa, 0x4e, 0xe4,

    /* U+2071 "ⁱ" */
    0x4, 0xe2, 0x0, 0x4d, 0x20, 0x8f, 0xf4, 0x4,
    0x9f, 0x40, 0x3, 0xf4, 0x0, 0x3f, 0x40, 0x3,
    0xf4, 0x3, 0x9f, 0xa3, 0x8f, 0xff, 0x80,

    /* U+2074 "⁴" */
    0x6, 0xf5, 0xd, 0xe5, 0x4a, 0xc5, 0xc3, 0xc5,
    0xff, 0xff, 0x22, 0xe7, 0x0, 0xd5,

    /* U+2075 "⁵" */
    0xaf, 0xf9, 0xa8, 0x42, 0xa5, 0x0, 0xae, 0xe4,
    0x44, 0x8b, 0x89, 0xbc, 0x4e, 0xd3,

    /* U+2076 "⁶" */
    0x3, 0xf3, 0xb, 0xb0, 0x3f, 0x40, 0xaf, 0xe4,
    0xd9, 0x9c, 0xba, 0xac, 0x3d, 0xe4,

    /* U+2077 "⁷" */
    0xff, 0xfd, 0x44, 0xe8, 0x3, 0xf3, 0x8, 0xe0,
    0xd, 0x90, 0x3f, 0x40, 0x8f, 0x0,

    /* U+2078 "⁸" */
    0x2e, 0xd2, 0x89, 0x98, 0x98, 0x89, 0x5f, 0xf5,
    0xc6, 0x6c, 0xc9, 0x9c, 0x4e, 0xe4,

    /* U+2079 "⁹" */
    0x3e, 0xd3, 0xca, 0xab, 0xc7, 0x7d, 0x6f, 0xfa,
    0x5, 0xf4, 0xb, 0xb0, 0x2f, 0x30,

    /* U+207A "⁺" */
    0x0, 0xba, 0x0, 0x0, 0xbb, 0x0, 0xbf, 0xff,
    0xfa, 0x23, 0xcc, 0x32, 0x0, 0xba, 0x0, 0x0,
    0x33, 0x0,

    /* U+207B "⁻" */
    0x0, 0x0, 0x0, 0xbf, 0xff, 0xfa, 0x23, 0x33,
    0x32,

    /* U+207C "⁼" */
    0x0, 0x0, 0x0, 0xbf, 0xff, 0xfa, 0x23, 0x33,
    0x32, 0x0, 0x0, 0x0, 0xbf, 0xff, 0xfa, 0x23,
    0x33, 0x32,

    /* U+207D "⁽" */
    0x0, 0x15, 0x20, 0xd, 0xd1, 0x7, 0xf5, 0x0,
    0xee, 0x0, 0x3f, 0x90, 0x6, 0xf7, 0x0, 0x7f,
    0x60, 0x5, 0xf7, 0x0, 0x2f, 0xb0, 0x0, 0xcf,
    0x10, 0x4, 0xf8, 0x0, 0x8, 0xf3,

    /* U+207E "⁾" */
    0x25, 0x10, 0x1, 0xdd, 0x0, 0x5, 0xf7, 0x0,
    0xe, 0xe0, 0x0, 0x9f, 0x30, 0x7, 0xf6, 0x0,
    0x6f, 0x70, 0x7, 0xf5, 0x0, 0xbf, 0x20, 0x1f,
    0xc0, 0x8, 0xf4, 0x3, 0xf8, 0x0,

    /* U+207F "ⁿ" */
    0xae, 0xbf, 0xc1, 0xaf, 0xa7, 0xf8, 0xae, 0x0,
    0xfa, 0xae, 0x0, 0xea, 0xae, 0x0, 0xea, 0xae,
    0x0, 0xea, 0xae, 0x0, 0xea,

    /* U+2080 "₀" */
    0x4e, 0xe4, 0xaa, 0xaa, 0xb7, 0x7c, 0xb7, 0x7c,
    0xb7, 0x7c, 0xaa, 0xaa, 0x4e, 0xe4,

    /* U+2081 "₁" */
    0x0, 0x0, 0x2, 0xa1, 0x1f, 0xf1, 0x6, 0xf1,
    0x1, 0xf1, 0x1, 0xf1, 0x1, 0xf1, 0x1, 0xf1,

    /* U+2082 "₂" */
    0x3e, 0xe3, 0xab, 0xb9, 0x32, 0x9a, 0x1, 0xf5,
    0x8, 0xc0, 0x1f, 0xa5, 0x8f, 0xfb,

    /* U+2083 "₃" */
    0x2d, 0xe3, 0x89, 0x99, 0x0, 0x9a, 0x0, 0xf7,
    0x41, 0x6d, 0xca, 0xac, 0x4e, 0xe4,

    /* U+2084 "₄" */
    0x6, 0xf5, 0xd, 0xe5, 0x5a, 0xc5, 0xc3, 0xc5,
    0xff, 0xff, 0x33, 0xe7, 0x0, 0xd5,

    /* U+2085 "₅" */
    0xaf, 0xf9, 0xa9, 0x53, 0xaf, 0xe4, 0x88, 0xba,
    0x1, 0x6d, 0xab, 0xda, 0x3d, 0xc2,

    /* U+2086 "₆" */
    0x3, 0xf3, 0xb, 0xb0, 0x3f, 0x40, 0xaf, 0xf5,
    0xd9, 0x9c, 0xbb, 0xbc, 0x3d, 0xe4,

    /* U+2087 "₇" */
    0xff, 0xfd, 0x55, 0xe8, 0x2, 0xf3, 0x8, 0xe0,
    0xd, 0x90, 0x3f, 0x40, 0x8f, 0x0,

    /* U+2088 "₈" */
    0x2d, 0xd2, 0x8a, 0xa8, 0x98, 0x7a, 0x5f, 0xf5,
    0xc8, 0x8c, 0xca, 0xac, 0x4e, 0xe5,

    /* U+2089 "₉" */
    0x3e, 0xd3, 0xcb, 0xbb, 0xc7, 0x8d, 0x7f, 0xfa,
    0x5, 0xf4, 0xb, 0xb0, 0x2f, 0x30,

    /* U+2090 "ₐ" */
    0x6, 0xdf, 0xa0, 0x2f, 0xbb, 0xf8, 0x1, 0x0,
    0xea, 0x1b, 0xed, 0xfb, 0x9f, 0x44, 0xeb, 0x9f,
    0x7a, 0xfb, 0x2c, 0xfc, 0xcb,

    /* U+2091 "ₑ" */
    0x7, 0xee, 0x80, 0x4f, 0xbb, 0xf5, 0xae, 0x0,
    0xea, 0xbf, 0xee, 0xfb, 0xae, 0x0, 0x0, 0x5f,
    0xc9, 0xf6, 0x7, 0xde, 0x90,

    /* U+2092 "ₒ" */
    0x6, 0xee, 0x60, 0x4f, 0xbb, 0xf3, 0x9f, 0x0,
    0xf9, 0xbc, 0x0, 0xcb, 0x9f, 0x0, 0xf9, 0x4f,
    0xbb, 0xf4, 0x6, 0xee, 0x60,

    /* U+2093 "ₓ" */
    0x5f, 0x33, 0xf5, 0xd, 0xbb, 0xd0, 0x5, 0xff,
    0x50, 0x1, 0xff, 0x0, 0x7, 0xff, 0x70, 0xe,
    0x99, 0xe0, 0x7f, 0x32, 0xf7,

    /* U+2094 "ₔ" */
    0xa, 0xed, 0x60, 0x6f, 0x9c, 0xf4, 0x0, 0x0,
    0xea, 0xbf, 0xee, 0xfb, 0xae, 0x0, 0xe9, 0x5f,
    0xbb, 0xf4, 0x8, 0xee, 0x70,

    /* U+20A9 "₩" */
    0x7f, 0x60, 0x6, 0xf7, 0x5f, 0x80, 0x8, 0xf5,
    0x3f, 0x93, 0x39, 0xf3, 0x2f, 0xb7, 0x7b, 0xf1,
    0x9f, 0xed, 0xde, 0xf9, 0xff, 0xff, 0xff, 0xff,
    0xd, 0xff, 0xff, 0xc0, 0x8e, 0xfe, 0xef, 0xe8,
    0xff, 0xff, 0xff, 0xff, 0x8, 0xf5, 0x5f, 0x70,
    0x7, 0xf2, 0x2f, 0x60,

    /* U+20AA "₪" */
    0xef, 0xfe, 0x90, 0xce, 0xef, 0xff, 0xf7, 0xce,
    0xec, 0x1, 0xfa, 0xce, 0xec, 0xaa, 0xcb, 0xce,
    0xec, 0xbc, 0xcb, 0xce, 0xec, 0xbc, 0xba, 0xce,
    0xec, 0xbe, 0x10, 0xce, 0xec, 0x7f, 0xff, 0xfe,
    0xec, 0xa, 0xef, 0xfe,

    /* U+20AC "€" */
    0x1, 0xae, 0xfb, 0x30, 0xc, 0xfe, 0xcf, 0xe1,
    0xf, 0xf2, 0x1, 0x10, 0x9f, 0xff, 0xf9, 0x0,
    0xf, 0xf0, 0x0, 0x0, 0xf, 0xf0, 0x0, 0x0,
    0x9f, 0xff, 0xe0, 0x0, 0xf, 0xf0, 0x0, 0x0,
    0xe, 0xf3, 0x6, 0xc6, 0x9, 0xff, 0xdf, 0xf3,
    0x0, 0x8d, 0xfd, 0x50,

    /* U+20AD "₭" */
    0x3f, 0xd0, 0xe, 0xf2, 0x3f, 0xd0, 0x7f, 0x80,
    0x3f, 0xd1, 0xee, 0x0, 0x3f, 0xd8, 0xf6, 0x0,
    0xcf, 0xff, 0xfb, 0xaa, 0xff, 0xff, 0xff, 0xff,
    0x3f, 0xdc, 0xf6, 0x0, 0x3f, 0xd4, 0xfd, 0x0,
    0x3f, 0xd0, 0xcf, 0x60, 0x3f, 0xd0, 0x5f, 0xd0,
    0x3f, 0xd0, 0xd, 0xf5,

    /* U+20AE "₮" */
    0x8f, 0xff, 0xff, 0xf8, 0x8e, 0xef, 0xfe, 0xe8,
    0x0, 0xf, 0xf0, 0x30, 0x0, 0xf, 0xfc, 0xb0,
    0x0, 0xf, 0xfe, 0x50, 0x4, 0xdf, 0xf2, 0x50,
    0xc, 0xdf, 0xfe, 0xb0, 0x4, 0x2f, 0xfd, 0x30,
    0x5, 0xff, 0xf0, 0x0, 0xc, 0xbf, 0xf0, 0x0,
    0x3, 0xf, 0xf0, 0x0,

    /* U+20B1 "₱" */
    0xf, 0xff, 0xe9, 0x0, 0xf, 0xfc, 0xef, 0xa0,
    0xff, 0xff, 0xff, 0xff, 0x3f, 0xf3, 0x3d, 0xf6,
    0xf, 0xf0, 0xc, 0xf5, 0xff, 0xff, 0xff, 0xff,
    0x3f, 0xf4, 0x9f, 0xf3, 0xf, 0xff, 0xff, 0x80,
    0xf, 0xfc, 0xa5, 0x0, 0xf, 0xf0, 0x0, 0x0,
    0xf, 0xf0, 0x0, 0x0,

    /* U+20B2 "₲" */
    0x1, 0xae, 0xeb, 0x9a, 0xd, 0xfe, 0xdf, 0xe1,
    0x3f, 0xd0, 0xe, 0x60, 0x5f, 0xb0, 0x6b, 0x0,
    0x5f, 0xa1, 0xe9, 0x70, 0x5f, 0xba, 0xff, 0xf1,
    0x5f, 0xed, 0x3f, 0xf1, 0x5f, 0xf5, 0xf, 0xf1,
    0x3f, 0xe0, 0x2f, 0xf1, 0x2f, 0xfb, 0xdf, 0xf1,
    0xbb, 0xdf, 0xcd, 0xf1,

    /* U+20B4 "₴" */
    0x1, 0xae, 0xeb, 0x20, 0xa, 0xfd, 0xdf, 0xd0,
    0x6, 0x70, 0xf, 0xf0, 0xbf, 0xff, 0xff, 0xfb,
    0x69, 0xaf, 0xfc, 0x96, 0x69, 0xdf, 0xe9, 0x96,
    0xbf, 0xff, 0xff, 0xfb, 0xf, 0xe0, 0x3, 0x40,
    0xf, 0xf0, 0x1f, 0xe0, 0xa, 0xfe, 0xef, 0x90,
    0x0, 0x9e, 0xea, 0x0,

    /* U+20B8 "₸" */
    0x8f, 0xff, 0xff, 0xf8, 0x8e, 0xee, 0xee, 0xe8,
    0x0, 0x0, 0x0, 0x0, 0x8f, 0xff, 0xff, 0xf8,
    0x8e, 0xef, 0xfe, 0xe8, 0x0, 0xf, 0xf0, 0x0,
    0x0, 0xf, 0xf0, 0x0, 0x0, 0xf, 0xf0, 0x0,
    0x0, 0xf, 0xf0, 0x0, 0x0, 0xf, 0xf0, 0x0,
    0x0, 0xf, 0xf0, 0x0,

    /* U+20B9 "₹" */
    0x19, 0x99, 0x99, 0x95, 0x6f, 0xff, 0xff, 0xf5,
    0x23, 0x4a, 0xfd, 0x40, 0x6, 0x67, 0xff, 0x84,
    0x5f, 0xff, 0xff, 0xf6, 0x46, 0x67, 0xff, 0x70,
    0x0, 0x17, 0xfb, 0x0, 0x3, 0xff, 0xd2, 0x0,
    0x2, 0xff, 0x60, 0x0, 0x0, 0x8f, 0xe0, 0x0,
    0x0, 0xe, 0xf9, 0x0, 0x0, 0x5, 0xff, 0x30,

    /* U+20BA "₺" */
    0x6, 0xf9, 0x1, 0x0, 0x6, 0xfa, 0x7c, 0x0,
    0x6, 0xff, 0xf9, 0x0, 0x1b, 0xfe, 0x41, 0x0,
    0xbf, 0xfa, 0x7c, 0x0, 0x89, 0xff, 0xf9, 0x0,
    0x1b, 0xfe, 0x40, 0x0, 0xbf, 0xf9, 0x4, 0xe8,
    0x89, 0xf9, 0xa, 0xf7, 0x6, 0xff, 0xff, 0xf2,
    0x6, 0xff, 0xfd, 0x50,

    /* U+20BC "₼" */
    0x0, 0xf, 0xf0, 0x0, 0x0, 0xf, 0xf0, 0x0,
    0x0, 0xf, 0xf0, 0x0, 0x1, 0x6f, 0xf6, 0x10,
    0x2e, 0xff, 0xff, 0xe2, 0xaf, 0xae, 0xea, 0xfa,
    0xcf, 0x2e, 0xe2, 0xfc, 0xdf, 0x1e, 0xe1, 0xfd,
    0xdf, 0x1e, 0xc1, 0xfd, 0xdf, 0x14, 0x1, 0xfd,
    0xdf, 0x10, 0x1, 0xfd,

    /* U+20BD "₽" */
    0xa, 0xff, 0xfc, 0x40, 0xa, 0xff, 0xff, 0xf3,
    0xa, 0xf6, 0x1b, 0xf9, 0xa, 0xf6, 0x7, 0xfb,
    0xa, 0xf6, 0x2c, 0xf8, 0xcf, 0xff, 0xff, 0xd1,
    0x6d, 0xfb, 0x85, 0x0, 0xa, 0xf6, 0x0, 0x0,
    0xcf, 0xff, 0xff, 0xf5, 0x6d, 0xfb, 0x88, 0x83,
    0xa, 0xf6, 0x0, 0x0,

    /* U+20BE "₾" */
    0x0, 0x0, 0x0, 0x0, 0x0, 0x2e, 0x79, 0x0,
    0x5, 0xcf, 0xfe, 0x70, 0x5f, 0xff, 0xdf, 0xf6,
    0xcf, 0x9e, 0x7b, 0xfc, 0xef, 0x5e, 0x79, 0xde,
    0xef, 0x20, 0x0, 0x0, 0xef, 0x20, 0x0, 0x0,
    0xdf, 0x20, 0x0, 0x0, 0xaf, 0x50, 0x0, 0x0,
    0x2f, 0xd3, 0x0, 0x0, 0xef, 0xff, 0xa0, 0x0,
    0xef, 0xff, 0xb0, 0x0,

    /* U+2105 "℅" */
    0x19, 0xda, 0x0, 0x0, 0xad, 0x6a, 0x40, 0x0,
    0xe7, 0x0, 0x0, 0x0, 0xe7, 0x0, 0x0, 0x4,
    0x9e, 0x7b, 0x40, 0x9f, 0x9, 0xc9, 0x4d, 0xc2,
    0x0, 0x8, 0xf7, 0x0, 0x3, 0xdc, 0x34, 0x20,
    0x7f, 0x72, 0xef, 0xf5, 0xd2, 0x9, 0xc0, 0x9d,
    0x0, 0xb, 0x90, 0x5f, 0x0, 0x8, 0xe3, 0xbc,
    0x0, 0x1, 0xcf, 0xe3, 0x0, 0x0, 0x1, 0x0,

    /* U+2113 "ℓ" */
    0x0, 0x6, 0xcb, 0x30, 0x0, 0x4f, 0xce, 0xe1,
    0x0, 0xed, 0x6, 0xf4, 0x3, 0xf6, 0x4, 0xf5,
    0x7, 0xf2, 0x7, 0xf3, 0x9, 0xf0, 0xd, 0xd0,
    0xb, 0xd0, 0x8f, 0x60, 0xa, 0xea, 0xf9, 0x0,
    0x7e, 0xff, 0x60, 0x0, 0xab, 0xfe, 0x30, 0x0,
    0x0, 0x4f, 0xfd, 0x10, 0x0, 0x2, 0x7a, 0x0,

    /* U+2116 "№" */
    0x95, 0x28, 0x9, 0xa1, 0xfc, 0x4e, 0x7e, 0xda,
    0xff, 0x4e, 0xb6, 0x5e, 0xff, 0x6e, 0xc5, 0x4f,
    0xff, 0x9e, 0xb7, 0x6e, 0xfe, 0xce, 0x5f, 0xe8,
    0xfb, 0xfe, 0x5, 0x60, 0xf8, 0xfe, 0x8d, 0xdb,
    0xf4, 0xfe, 0x36, 0x65, 0xf3, 0xee, 0x0, 0x0,
    0xf2, 0xae, 0x0, 0x0, 0xf2, 0x7e, 0x0, 0x0,

    /* U+2117 "℗" */
    0x2, 0x9c, 0xc9, 0x10, 0x2e, 0x73, 0x38, 0xe1,
    0xa6, 0x0, 0x0, 0x88, 0xd2, 0xde, 0xc2, 0x4b,
    0xe1, 0xe1, 0x88, 0x2c, 0xe1, 0xe1, 0x7a, 0x2c,
    0xe1, 0xee, 0xf4, 0x2c, 0xe1, 0xe3, 0x0, 0x2c,
    0xe1, 0xc1, 0x0, 0x3c, 0xb4, 0x0, 0x0, 0x69,
    0x5d, 0x20, 0x3, 0xe3, 0x6, 0xee, 0xed, 0x50,
    0x0, 0x1, 0x0, 0x0,

    /* U+2122 "™" */
    0x9c, 0xc4, 0xb2, 0xb1, 0xc, 0x50, 0xfa, 0xf1,
    0xb, 0x40, 0xee, 0xe1, 0xb, 0x40, 0xe7, 0xc1,
    0xb, 0x40, 0xe0, 0xc1, 0x0, 0x0, 0x0, 0x0,

    /* U+212E "℮" */
    0x0, 0x9c, 0xca, 0x10, 0x8, 0xe0, 0xd, 0x90,
    0xe, 0xe0, 0xd, 0xf0, 0xf, 0xe0, 0xd, 0xf0,
    0xf, 0xfb, 0xbf, 0xf1, 0xf, 0xe0, 0x0, 0x0,
    0xe, 0xe0, 0x0, 0x20, 0x8, 0xe0, 0x4, 0x90,
    0x0, 0xad, 0xda, 0x0, 0x0, 0x0, 0x0, 0x0,

    /* U+2132 "Ⅎ" */
    0x0, 0x0, 0x8, 0x91, 0x0, 0x0, 0xe, 0xf1,
    0x0, 0x0, 0xe, 0xf1, 0x0, 0x0, 0xe, 0xf1,
    0x0, 0x0, 0xe, 0xf1, 0xc, 0xdd, 0xdf, 0xf1,
    0xf, 0xff, 0xff, 0xf1, 0x0, 0x0, 0xe, 0xf1,
    0x0, 0x0, 0xe, 0xf1, 0x0, 0x0, 0xe, 0xf1,
    0x5f, 0xff, 0xff, 0xf1, 0x5f, 0xff, 0xff, 0xf1,

    /* U+214D "⅍" */
    0x2, 0xcf, 0xa0, 0x0, 0x0, 0x48, 0x5f, 0x50,
    0x0, 0x3, 0xa9, 0xf6, 0x0, 0x0, 0xc9, 0x4f,
    0x60, 0x1, 0xd, 0x97, 0xf6, 0x8, 0xc0, 0x5c,
    0xa9, 0x8d, 0xe4, 0x0, 0x0, 0x9f, 0x90, 0x0,
    0x4, 0xdf, 0xcb, 0x80, 0x9, 0xf9, 0x9e, 0x3a,
    0x40, 0xe4, 0x5, 0xf9, 0x20, 0x0, 0x0, 0x4,
    0xcf, 0x50, 0x0, 0x4, 0x70, 0xbb, 0x0, 0x0,
    0x3d, 0xef, 0x50, 0x0, 0x0, 0x1, 0x0,

    /* U+214E "ⅎ" */
    0x0, 0x0, 0xd, 0xf1, 0x0, 0x0, 0xd, 0xf1,
    0x0, 0x0, 0xd, 0xf1, 0x1f, 0xff, 0xff, 0xf1,
    0x1c, 0xcc, 0xcf, 0xf1, 0x0, 0x0, 0xd, 0xf1,
    0x5d, 0xdd, 0xdf, 0xf1, 0x6f, 0xff, 0xff, 0xf1,

    /* U+2153 "⅓" */
    0x0, 0x1, 0x0, 0x0, 0x0, 0x7, 0xe4, 0x0,
    0xb, 0x80, 0x7, 0xe4, 0x0, 0x5d, 0x0, 0x0,
    0xd4, 0x0, 0xe4, 0x0, 0x0, 0xd4, 0x9, 0xa0,
    0x0, 0x0, 0xd4, 0x3f, 0xce, 0x60, 0x0, 0x0,
    0xca, 0x93, 0xd0, 0x0, 0x6, 0xd0, 0x5, 0xf0,
    0x0, 0x1e, 0x30, 0xc, 0xb0, 0x0, 0xa9, 0x0,
    0x3, 0xf1, 0x4, 0xe1, 0x8, 0xc5, 0xf1, 0xd,
    0x60, 0x1, 0xcf, 0x80,

    /* U+2154 "⅔" */
    0xb, 0xe9, 0x0, 0x4, 0xe0, 0x4f, 0x6f, 0x10,
    0xd, 0x50, 0x1, 0x79, 0x0, 0x8b, 0x0, 0x4,
    0xe6, 0x2, 0xf2, 0x0, 0x1e, 0xff, 0x2b, 0xfe,
    0x90, 0x0, 0x0, 0x5e, 0xc1, 0xe1, 0x0, 0x0,
    0xe4, 0x2, 0xf2, 0x0, 0x9, 0xa0, 0x8, 0xe0,
    0x0, 0x3f, 0x10, 0x11, 0xe5, 0x0, 0xc7, 0x5,
    0xe4, 0xf5, 0x6, 0xd0, 0x0, 0xaf, 0xa0,

    /* U+215B "⅛" */
    0x0, 0x1, 0x0, 0x0, 0x0, 0x5, 0xd6, 0x0,
    0xa, 0x90, 0x6, 0xd6, 0x0, 0x4e, 0x0, 0x0,
    0xb6, 0x0, 0xd5, 0x0, 0x0, 0xb6, 0x8, 0xb0,
    0x0, 0x0, 0xb6, 0x2f, 0xee, 0x50, 0x0, 0x0,
    0xbc, 0xc5, 0xc0, 0x0, 0x5, 0xd6, 0xc5, 0xd0,
    0x0, 0x1e, 0x42, 0xff, 0x90, 0x0, 0x9a, 0x9,
    0xa3, 0xf0, 0x3, 0xf1, 0x9, 0xb6, 0xf0, 0xc,
    0x70, 0x2, 0xdf, 0x70,

    /* U+215C "⅜" */
    0x7, 0xeb, 0x0, 0x8, 0xb0, 0xb, 0x3e, 0x40,
    0x2f, 0x20, 0x0, 0x5f, 0x20, 0xc7, 0x0, 0x3d,
    0x1d, 0x76, 0xd0, 0x0, 0xc, 0xfd, 0x3e, 0xee,
    0x70, 0x0, 0x10, 0x9c, 0xe5, 0xf0, 0x0, 0x3,
    0xe4, 0xe2, 0xf0, 0x0, 0xd, 0x60, 0xef, 0xc0,
    0x0, 0x7c, 0x6, 0xd1, 0xf3, 0x1, 0xf3, 0x5,
    0xe4, 0xf2, 0xa, 0x90, 0x0, 0xcf, 0xa0,

    /* U+215D "⅝" */
    0xd, 0xff, 0x70, 0x8, 0xb0, 0xd, 0xff, 0x40,
    0x2f, 0x20, 0x7, 0x5b, 0x90, 0xc7, 0x0, 0x8,
    0x5b, 0xa6, 0xd0, 0x0, 0x7, 0xfe, 0x3f, 0xfd,
    0x30, 0x0, 0x0, 0x9f, 0xb8, 0xa0, 0x0, 0x3,
    0xe9, 0xa6, 0xc0, 0x0, 0xd, 0x63, 0xff, 0x70,
    0x0, 0x7c, 0xa, 0x84, 0xe0, 0x1, 0xf3, 0xa,
    0xa7, 0xe0, 0xa, 0x90, 0x3, 0xde, 0x60,

    /* U+215E "⅞" */
    0x9, 0xff, 0xf2, 0xc, 0x70, 0x2, 0x3a, 0xb0,
    0x6d, 0x0, 0x0, 0x1f, 0x41, 0xe3, 0x0, 0x0,
    0x8d, 0xa, 0x90, 0x0, 0x1, 0xf6, 0x4e, 0xbe,
    0x60, 0x0, 0x0, 0xd8, 0xe3, 0xe0, 0x0, 0x7,
    0xc3, 0xe3, 0xf0, 0x0, 0x2f, 0x20, 0xef, 0xb0,
    0x0, 0xb8, 0x6, 0xc1, 0xf2, 0x5, 0xe0, 0x6,
    0xd4, 0xf2, 0xe, 0x50, 0x1, 0xcf, 0x90,

    /* U+2190 "←" */
    0x0, 0x0, 0x0, 0x0, 0x0, 0xb8, 0x0, 0x0,
    0xc, 0xd1, 0x0, 0x0, 0xcf, 0xff, 0xff, 0xff,
    0x3f, 0xc5, 0x44, 0x44, 0x2, 0xe8, 0x0, 0x0,
    0x0, 0x22, 0x0, 0x0,

    /* U+2191 "↑" */
    0x0, 0x20, 0x0, 0x1, 0xe9, 0x0, 0xc, 0xff,
    0x50, 0x9d, 0xdb, 0xf2, 0x32, 0xc5, 0x50, 0x0,
    0xc5, 0x0, 0x0, 0xc5, 0x0, 0x0, 0xc5, 0x0,
    0x0, 0xc5, 0x0, 0x0, 0xc5, 0x0, 0x0, 0xa4,
    0x0,

    /* U+2192 "→" */
    0x0, 0x0, 0x0, 0x0, 0x0, 0x0, 0x8b, 0x0,
    0x0, 0x0, 0x1d, 0xc0, 0xff, 0xff, 0xff, 0xfc,
    0x44, 0x44, 0x5d, 0xe3, 0x0, 0x0, 0x8e, 0x20,
    0x0, 0x0, 0x22, 0x0,

    /* U+2193 "↓" */
    0x0, 0x52, 0x0, 0x0, 0xc5, 0x0, 0x0, 0xc5,
    0x0, 0x0, 0xc5, 0x0, 0x0, 0xc5, 0x0, 0x0,
    0xc5, 0x0, 0x0, 0xc5, 0x0, 0xa9, 0xc7, 0xe3,
    0x2f, 0xff, 0xa0, 0x5, 0xfd, 0x0, 0x0, 0x72,
    0x0,

    /* U+2194 "↔" */
    0x0, 0x20, 0x0, 0x1, 0xe9, 0x0, 0xc, 0xff,
    0x50, 0x9d, 0xdb, 0xf2, 0x32, 0xc5, 0x50, 0x0,
    0xc5, 0x0, 0x0, 0xc5, 0x0, 0xa9, 0xc7, 0xe3,
    0x2f, 0xff, 0xa0, 0x5, 0xfd, 0x0, 0x0, 0x72,
    0x0,

    /* U+2195 "↕" */
    0x0, 0x0, 0x0, 0x0, 0x0, 0xb8, 0x8b, 0x0,
    0xc, 0xd1, 0x1d, 0xc0, 0xcf, 0xff, 0xff, 0xfc,
    0x3f, 0xc5, 0x5d, 0xe3, 0x2, 0xe8, 0x8e, 0x20,
    0x0, 0x22, 0x22, 0x0,

    /* U+2196 "↖" */
    0x5e, 0xcb, 0x60, 0x0, 0x4f, 0xf8, 0x50, 0x0,
    0x3f, 0xdb, 0x0, 0x0, 0x2f, 0x2e, 0xa0, 0x0,
    0x5, 0x2, 0xe9, 0x0, 0x0, 0x0, 0x3f, 0x70,
    0x0, 0x0, 0x4, 0xf6, 0x0, 0x0, 0x0, 0x53,

    /* U+2197 "↗" */
    0x0, 0x6, 0xbc, 0xe5, 0x0, 0x5, 0x8f, 0xf4,
    0x0, 0x0, 0xbd, 0xf3, 0x0, 0xa, 0xe2, 0xf2,
    0x0, 0x9e, 0x20, 0x50, 0x8, 0xf3, 0x0, 0x0,
    0x6f, 0x40, 0x0, 0x0, 0x35, 0x0, 0x0, 0x0,

    /* U+2198 "↘" */
    0x1, 0x0, 0x0, 0x0, 0x8c, 0x0, 0x0, 0x0,
    0xc, 0xc0, 0x0, 0x0, 0x1, 0xdb, 0x0, 0x0,
    0x0, 0x1e, 0xa0, 0xf1, 0x0, 0x2, 0xe9, 0xe3,
    0x0, 0x1, 0x5f, 0xf4, 0x0, 0x9, 0xff, 0xf5,
    0x0, 0x0, 0x23, 0x42,

    /* U+2199 "↙" */
    0x0, 0x0, 0x0, 0x10, 0x0, 0x0, 0x1, 0xd8,
    0x0, 0x0, 0xc, 0xc0, 0x0, 0x0, 0xbd, 0x10,
    0x1f, 0xa, 0xe1, 0x0, 0x3e, 0x9e, 0x20, 0x0,
    0x4f, 0xf4, 0x10, 0x0, 0x5f, 0xff, 0x90, 0x0,
    0x24, 0x32, 0x0, 0x0,

    /* U+21A8 "↨" */
    0x0, 0x4, 0x0, 0x0, 0x0, 0x2f, 0xb0, 0x0,
    0x1, 0xdf, 0xf7, 0x0, 0xa, 0xcd, 0x9f, 0x30,
    0x1, 0x1c, 0x53, 0x0, 0x0, 0xc, 0x50, 0x0,
    0x1, 0x1c, 0x52, 0x0, 0xa, 0xbd, 0x8f, 0x30,
    0x1, 0xef, 0xf8, 0x0, 0x0, 0x3f, 0xb0, 0x0,
    0x0, 0x5, 0x10, 0x0, 0x34, 0x44, 0x44, 0x41,
    0xcf, 0xff, 0xff, 0xf5,

    /* U+21D2 "⇒" */
    0x0, 0x5, 0x0, 0x0, 0x0, 0x2f, 0x80, 0x0,
    0x0, 0x4, 0xea, 0x0, 0xee, 0xee, 0xef, 0xc1,
    0x0, 0x0, 0x0, 0xdc, 0xbb, 0xbb, 0xbc, 0xe2,
    0x33, 0x35, 0xec, 0x10, 0x0, 0x2e, 0xb0, 0x0,
    0x0, 0x7, 0x0, 0x0,

    /* U+21D4 "⇔" */
    0x0, 0x70, 0x7, 0x0, 0x6, 0xd1, 0x1d, 0x60,
    0x3f, 0xee, 0xee, 0xf3, 0xd5, 0x0, 0x0, 0x5d,
    0x5e, 0xbb, 0xbb, 0xe5, 0x9, 0xd4, 0x4d, 0x90,
    0x0, 0xa1, 0x1a, 0x0,

    /* U+2200 "∀" */
    0x69, 0x50, 0x4, 0x96, 0x7f, 0xb0, 0x9, 0xf7,
    0x3f, 0xfe, 0xef, 0xf3, 0xf, 0xff, 0xff, 0xf0,
    0xc, 0xf5, 0x3f, 0xc0, 0x8, 0xf8, 0x6f, 0x80,
    0x4, 0xfb, 0x9f, 0x40, 0x1, 0xfe, 0xdf, 0x10,
    0x0, 0xdf, 0xfd, 0x0, 0x0, 0x9f, 0xf9, 0x0,
    0x0, 0x5f, 0xf6, 0x0, 0x0, 0x2f, 0xf2, 0x0,

    /* U+2202 "∂" */
    0x1, 0x52, 0x0, 0x0, 0x2, 0xff, 0xa0, 0x0,
    0x0, 0x4, 0xdc, 0x0, 0x0, 0x0, 0x1e, 0x70,
    0x0, 0x15, 0x58, 0xe0, 0x5, 0xff, 0xef, 0xf2,
    0x1f, 0x90, 0x2, 0xe4, 0x4f, 0x0, 0x0, 0xd6,
    0x6d, 0x0, 0x0, 0xe5, 0x4f, 0x0, 0x2, 0xf3,
    0xe, 0xb3, 0x3c, 0xc0, 0x3, 0xdf, 0xfc, 0x10,
    0x0, 0x1, 0x0, 0x0,

    /* U+2205 "∅" */
    0x0, 0x0, 0x0, 0x0, 0x20, 0x0, 0x0, 0x0,
    0x9, 0xb0, 0x0, 0x0, 0x0, 0xf, 0x40, 0x0,
    0x9, 0xff, 0xcd, 0x0, 0x0, 0xac, 0x33, 0xfb,
    0x0, 0x3, 0xe1, 0x4, 0xfe, 0x30, 0xa, 0x80,
    0xb, 0x98, 0xa0, 0xd, 0x30, 0x2f, 0x24, 0xc0,
    0xf, 0x20, 0x8b, 0x2, 0xf0, 0xe, 0x20, 0xe4,
    0x2, 0xe0, 0xc, 0x46, 0xd0, 0x4, 0xc0, 0x9,
    0x9d, 0x70, 0x9, 0x90, 0x2, 0xff, 0x0, 0x2f,
    0x20, 0x0, 0xce, 0x66, 0xe7, 0x0, 0x1, 0xf8,
    0xdc, 0x60, 0x0, 0x8, 0xb0, 0x0, 0x0, 0x0,
    0x8, 0x30, 0x0, 0x0, 0x0,

    /* U+2206 "∆" */
    0x0, 0x0, 0x0, 0x0, 0x0, 0x4, 0x40, 0x0,
    0x0, 0xb, 0xb0, 0x0, 0x0, 0x2f, 0xf2, 0x0,
    0x0, 0x8a, 0xa8, 0x0, 0x0, 0xe3, 0x3e, 0x0,
    0x5, 0xc0, 0xc, 0x50, 0xc, 0x60, 0x6, 0xc0,
    0x3f, 0x43, 0x34, 0xf3, 0x9f, 0xff, 0xff, 0xf9,

    /* U+2207 "∇" */
    0x9f, 0xff, 0xff, 0xf9, 0x3f, 0x43, 0x34, 0xf3,
    0xc, 0x60, 0x6, 0xc0, 0x5, 0xc0, 0xc, 0x50,
    0x0, 0xe3, 0x3e, 0x0, 0x0, 0x8a, 0xa8, 0x0,
    0x0, 0x2f, 0xf2, 0x0, 0x0, 0xb, 0xb0, 0x0,
    0x0, 0x4, 0x40, 0x0, 0x0, 0x0, 0x0, 0x0,

    /* U+220F "∏" */
    0x56, 0x66, 0x66, 0x65, 0xdf, 0xed, 0xde, 0xfc,
    0x1f, 0x20, 0x3, 0xf0, 0x1f, 0x20, 0x3, 0xf0,
    0x1f, 0x20, 0x3, 0xf0, 0x1f, 0x20, 0x3, 0xf0,
    0x1f, 0x20, 0x3, 0xf0, 0x1f, 0x20, 0x3, 0xf0,
    0x1f, 0x20, 0x3, 0xf0, 0x1f, 0x20, 0x3, 0xf0,
    0x1f, 0x20, 0x3, 0xf0, 0x1f, 0x20, 0x3, 0xf0,
    0x1f, 0x20, 0x3, 0xf0, 0x1f, 0x20, 0x3, 0xf0,
    0x1f, 0x20, 0x3, 0xf0, 0x1e, 0x20, 0x3, 0xe0,

    /* U+2211 "∑" */
    0x26, 0x66, 0x66, 0x62, 0x1f, 0xff, 0xff, 0xf6,
    0x8, 0xf1, 0x0, 0x0, 0x1, 0xf7, 0x0, 0x0,
    0x0, 0x8e, 0x0, 0x0, 0x0, 0x1f, 0x70, 0x0,
    0x0, 0x9, 0xe0, 0x0, 0x0, 0x3, 0xf5, 0x0,
    0x0, 0x9, 0xe0, 0x0, 0x0, 0x1f, 0x70, 0x0,
    0x0, 0x8e, 0x0, 0x0, 0x1, 0xf7, 0x0, 0x0,
    0x8, 0xf1, 0x0, 0x0, 0x1f, 0xff, 0xff, 0xf6,
    0x26, 0x66, 0x66, 0x62,

    /* U+2212 "−" */
    0x45, 0x55, 0x55, 0x51, 0xbf, 0xff, 0xff, 0xf5,

    /* U+2215 "∕" */
    0x0, 0x0, 0x0, 0x97, 0x0, 0x0, 0x7, 0xf7,
    0x0, 0x0, 0xe, 0xf0, 0x0, 0x0, 0x6f, 0x80,
    0x0, 0x0, 0xdf, 0x10, 0x0, 0x6, 0xf8, 0x0,
    0x0, 0xd, 0xf1, 0x0, 0x0, 0x5f, 0x90, 0x0,
    0x0, 0xdf, 0x10, 0x0, 0x4, 0xf9, 0x0, 0x0,
    0xc, 0xf2, 0x0, 0x0, 0x4f, 0xa0, 0x0, 0x0,
    0xcf, 0x20, 0x0, 0x0,

    /* U+2219 "∙" */
    0x0, 0x0, 0xc, 0xd0, 0x1f, 0xf1, 0x4, 0x40,

    /* U+221A "√" */
    0x0, 0x0, 0x0, 0x48, 0x0, 0x0, 0x0, 0xa,
    0xb0, 0x0, 0x0, 0x0, 0xe6, 0x0, 0x0, 0x0,
    0x2f, 0x20, 0x0, 0x0, 0x7, 0xe0, 0x0, 0x0,
    0x0, 0xb9, 0x0, 0x23, 0x20, 0xf, 0x50, 0xd,
    0xff, 0x3, 0xf0, 0x0, 0x11, 0xf5, 0x7c, 0x0,
    0x0, 0xa, 0xab, 0x70, 0x0, 0x0, 0x4f, 0xf3,
    0x0, 0x0, 0x0, 0xee, 0x0, 0x0,

    /* U+221E "∞" */
    0x3, 0x50, 0x26, 0x30, 0x6f, 0xfc, 0xef, 0xf5,
    0xca, 0x3e, 0xa3, 0xbc, 0xe5, 0xb, 0x50, 0x6d,
    0xbd, 0x8f, 0xd7, 0xda, 0x3e, 0xf8, 0xcf, 0xe2,
    0x0, 0x10, 0x1, 0x0,

    /* U+221F "∟" */
    0x35, 0x0, 0x0, 0x0, 0x8e, 0x0, 0x0, 0x0,
    0x8e, 0x0, 0x0, 0x0, 0x8e, 0x0, 0x0, 0x0,
    0x8e, 0x0, 0x0, 0x0, 0x8e, 0x0, 0x0, 0x0,
    0x8f, 0x88, 0x88, 0x85, 0x8f, 0xff, 0xff, 0xfa,

    /* U+2225 "∥" */
    0x9, 0x0, 0x90, 0x1f, 0x0, 0xf1, 0x1f, 0x0,
    0xf1, 0x1f, 0x0, 0xf1, 0x1f, 0x0, 0xf1, 0x1f,
    0x0, 0xf1, 0x1f, 0x0, 0xf1, 0x1f, 0x0, 0xf1,
    0x1f, 0x0, 0xf1, 0x1f, 0x0, 0xf1, 0x1f, 0x0,
    0xf1, 0x1f, 0x0, 0xf1, 0x1f, 0x0, 0xf1,

    /* U+2227 "∧" */
    0x0, 0x2, 0x10, 0x0, 0x0, 0x1d, 0xc0, 0x0,
    0x0, 0xba, 0xc9, 0x0, 0x7, 0xd1, 0x1e, 0x60,
    0x4f, 0x30, 0x4, 0xf3, 0x77, 0x0, 0x0, 0x86,

    /* U+2228 "∨" */
    0x12, 0x0, 0x0, 0x21, 0x9c, 0x0, 0x0, 0xd8,
    0xd, 0x90, 0x9, 0xc0, 0x2, 0xf5, 0x5e, 0x20,
    0x0, 0x4f, 0xf4, 0x0, 0x0, 0x8, 0x70, 0x0,
    0x0, 0x0, 0x0, 0x0,

    /* U+2229 "∩" */
    0x0, 0x8c, 0xa4, 0x0, 0xd, 0xd7, 0xaf, 0x50,
    0x7d, 0x0, 0x7, 0xe0, 0xb7, 0x0, 0x0, 0xf2,
    0xc5, 0x0, 0x0, 0xe3, 0xc5, 0x0, 0x0, 0xe3,
    0xc5, 0x0, 0x0, 0xe3, 0xc5, 0x0, 0x0, 0xe3,
    0xc5, 0x0, 0x0, 0xe3, 0xc5, 0x0, 0x0, 0xe3,
    0xc5, 0x0, 0x0, 0xe3, 0xc5, 0x0, 0x0, 0xe3,
    0xb4, 0x0, 0x0, 0xc3,

    /* U+222A "∪" */
    0x73, 0x0, 0x0, 0x82, 0xc5, 0x0, 0x0, 0xe3,
    0xc5, 0x0, 0x0, 0xe3, 0xc5, 0x0, 0x0, 0xe3,
    0xc5, 0x0, 0x0, 0xe3, 0xc5, 0x0, 0x0, 0xe3,
    0xc5, 0x0, 0x0, 0xe3, 0xc5, 0x0, 0x0, 0xe3,
    0xc5, 0x0, 0x0, 0xe3, 0xc6, 0x0, 0x0, 0xf3,
    0x9a, 0x0, 0x4, 0xf0, 0x2f, 0x82, 0x5e, 0x80,
    0x3, 0xdf, 0xf8, 0x0, 0x0, 0x1, 0x0, 0x0,

    /* U+222B "∫" */
    0x0, 0x0, 0x10, 0x5, 0xfe, 0x0, 0xde, 0x60,
    0xe, 0x90, 0x0, 0xe8, 0x0, 0xe, 0x80, 0x0,
    0xe8, 0x0, 0xe, 0x80, 0x0, 0xe8, 0x0, 0xe,
    0x80, 0x0, 0xe8, 0x0, 0xe, 0x80, 0x0, 0xe8,
    0x0, 0xe, 0x80, 0x0, 0xf8, 0x0, 0x8f, 0x70,
    0x4f, 0xe2, 0x0, 0x20, 0x0,

    /* U+2234 "∴" */
    0x0, 0x2, 0x20, 0x0, 0x0, 0x1f, 0xf1, 0x0,
    0x0, 0xe, 0xe0, 0x0, 0x0, 0x0, 0x0, 0x0,
    0x0, 0x0, 0x0, 0x0, 0x8, 0x50, 0x4, 0x80,
    0x4f, 0xe0, 0xe, 0xf4, 0x1b, 0x70, 0x7, 0xb1,

    /* U+2235 "∵" */
    0x0, 0x0, 0x0, 0x0, 0x2f, 0xb0, 0xb, 0xf2,
    0x3f, 0xd0, 0xd, 0xf4, 0x3, 0x10, 0x1, 0x40,
    0x0, 0x0, 0x0, 0x0, 0x0, 0x6, 0x70, 0x0,
    0x0, 0x1f, 0xf1, 0x0, 0x0, 0xa, 0xa0, 0x0,

    /* U+2248 "≈" */
    0x0, 0x0, 0x0, 0x0, 0x6e, 0xe9, 0x41, 0x45,
    0xb5, 0x6b, 0xff, 0xf3, 0x0, 0x0, 0x3, 0x10,
    0x0, 0x0, 0x0, 0x0, 0x4b, 0xb6, 0x20, 0x14,
    0xc8, 0x9d, 0xfe, 0xf4, 0x10, 0x0, 0x26, 0x30,

    /* U+2260 "≠" */
    0x0, 0x0, 0x0, 0x6, 0x50, 0x0, 0x0, 0x2,
    0xf2, 0x0, 0x0, 0x0, 0xb8, 0x0, 0x22, 0x22,
    0x5f, 0x41, 0xc, 0xff, 0xff, 0xff, 0x50, 0x11,
    0x17, 0xd1, 0x10, 0x0, 0x0, 0xe4, 0x0, 0x0,
    0x56, 0xae, 0x66, 0x62, 0xa, 0xef, 0xdd, 0xdd,
    0x40, 0xa, 0x90, 0x0, 0x0, 0x3, 0xf1, 0x0,
    0x0, 0x0, 0xc7, 0x0, 0x0, 0x0, 0x3, 0x0,
    0x0, 0x0, 0x0,

    /* U+2261 "≡" */
    0x45, 0x55, 0x55, 0x51, 0xbe, 0xee, 0xee, 0xe5,
    0x0, 0x0, 0x0, 0x0, 0x0, 0x0, 0x0, 0x0,
    0x45, 0x55, 0x55, 0x51, 0xbf, 0xff, 0xff, 0xf5,
    0x0, 0x0, 0x0, 0x0, 0x0, 0x0, 0x0, 0x0,
    0x33, 0x33, 0x33, 0x31, 0xcf, 0xff, 0xff, 0xf5,
    0x0, 0x0, 0x0, 0x0,

    /* U+2264 "≤" */
    0x0, 0x0, 0x0, 0x0, 0x0, 0x0, 0x2, 0xa5,
    0x0, 0x2, 0xaf, 0xc2, 0x2, 0xaf, 0xc4, 0x0,
    0x8f, 0xc4, 0x0, 0x0, 0xce, 0x40, 0x0, 0x0,
    0x29, 0xfc, 0x40, 0x0, 0x0, 0x29, 0xfc, 0x40,
    0x0, 0x0, 0x29, 0xf5, 0x0, 0x0, 0x0, 0x22,
    0x0, 0x0, 0x0, 0x0, 0xcf, 0xff, 0xff, 0xf5,
    0x34, 0x44, 0x44, 0x41,

    /* U+2265 "≥" */
    0x0, 0x0, 0x0, 0x0, 0xa6, 0x0, 0x0, 0x0,
    0x7f, 0xe6, 0x0, 0x0, 0x1, 0x8e, 0xe6, 0x0,
    0x0, 0x0, 0x7e, 0xe3, 0x0, 0x0, 0x19, 0xf5,
    0x0, 0x18, 0xfd, 0x60, 0x18, 0xfd, 0x60, 0x0,
    0xcd, 0x60, 0x0, 0x0, 0x40, 0x0, 0x0, 0x0,
    0x0, 0x0, 0x0, 0x0, 0xcf, 0xff, 0xff, 0xf5,
    0x34, 0x44, 0x44, 0x41,

    /* U+22C5 "⋅" */
    0x0, 0x0, 0xc, 0xd0, 0x1f, 0xf1, 0x4, 0x40,

    /* U+2302 "⌂" */
    0x0, 0x0, 0x0, 0x0, 0x0, 0x1d, 0x50, 0x0,
    0x1, 0xdc, 0xf5, 0x0, 0x2e, 0xb0, 0x6f, 0x60,
    0xda, 0x0, 0x5, 0xf3, 0xe3, 0x0, 0x0, 0xe4,
    0xe3, 0x0, 0x0, 0xe4, 0xe3, 0x0, 0x0, 0xe4,
    0xe3, 0x0, 0x0, 0xe4, 0xe3, 0x0, 0x0, 0xe4,
    0xe7, 0x44, 0x44, 0xe4, 0xef, 0xff, 0xff, 0xf4,

    /* U+2304 "⌄" */
    0x12, 0x0, 0x0, 0x21, 0x9c, 0x0, 0x0, 0xd8,
    0xd, 0x90, 0x9, 0xc0, 0x2, 0xf5, 0x5e, 0x20,
    0x0, 0x4f, 0xf4, 0x0, 0x0, 0x8, 0x70, 0x0,
    0x0, 0x0, 0x0, 0x0,

    /* U+2310 "⌐" */
    0x0, 0x0, 0x0, 0x0, 0x8f, 0xff, 0xff, 0xfa,
    0x8f, 0x88, 0x88, 0x85, 0x8e, 0x0, 0x0, 0x0,
    0x8e, 0x0, 0x0, 0x0, 0x8e, 0x0, 0x0, 0x0,
    0x8e, 0x0, 0x0, 0x0, 0x8e, 0x0, 0x0, 0x0,
    0x13, 0x0, 0x0, 0x0,

    /* U+2319 "⌙" */
    0x35, 0x0, 0x0, 0x0, 0x8e, 0x0, 0x0, 0x0,
    0x8e, 0x0, 0x0, 0x0, 0x8e, 0x0, 0x0, 0x0,
    0x8e, 0x0, 0x0, 0x0, 0x8e, 0x0, 0x0, 0x0,
    0x8f, 0x88, 0x88, 0x85, 0x8f, 0xff, 0xff, 0xfa,

    /* U+2320 "⌠" */
    0x2c, 0xff, 0xfa, 0xff, 0xff, 0xdf, 0x10, 0xd,
    0xf0, 0x0, 0xdf, 0x0, 0xd, 0xf0, 0x0, 0xdf,
    0x0, 0xd, 0xf0, 0x0, 0xdf, 0x0, 0xd, 0xf0,
    0x0, 0xdf, 0x0, 0xd, 0xf0, 0x0, 0xbc, 0x0,
    0x0,

    /* U+2321 "⌡" */
    0x0, 0x4, 0x50, 0x0, 0xdf, 0x0, 0xd, 0xf0,
    0x0, 0xdf, 0x0, 0xd, 0xf0, 0x0, 0xdf, 0x0,
    0xd, 0xf0, 0x0, 0xdf, 0x0, 0xd, 0xf0, 0x0,
    0xdf, 0x0, 0xd, 0xf0, 0x0, 0xdf, 0x0, 0xd,
    0xf0, 0x0, 0xee, 0xff, 0xff, 0xcf, 0xff, 0xd3,

    /* U+2500 "─" */
    0xff, 0xff, 0xff, 0xff, 0x77, 0x77, 0x77, 0x77,

    /* U+2502 "│" */
    0x31, 0xd5, 0xd5, 0xd5, 0xd5, 0xd5, 0xd5, 0xd5,
    0xd5, 0xd5, 0xd5, 0xd5, 0xd5, 0xd5, 0xd5, 0xd5,
    0xd5, 0xd5, 0xd5, 0xc5,

    /* U+250C "┌" */
    0xcf, 0xff, 0xbd, 0xa7, 0x76, 0xd5, 0x0, 0xd,
    0x50, 0x0, 0xd5, 0x0, 0xd, 0x50, 0x0, 0xd5,
    0x0, 0xd, 0x50, 0x0, 0xd5, 0x0, 0xd, 0x50,
    0x0, 0x94, 0x0, 0x0,

    /* U+2510 "┐" */
    0x3f, 0xff, 0xf5, 0x17, 0x77, 0xe5, 0x0, 0x0,
    0xd5, 0x0, 0x0, 0xd5, 0x0, 0x0, 0xd5, 0x0,
    0x0, 0xd5, 0x0, 0x0, 0xd5, 0x0, 0x0, 0xd5,
    0x0, 0x0, 0xd5, 0x0, 0x0, 0xd5, 0x0, 0x0,
    0x94,

    /* U+2514 "└" */
    0x62, 0x0, 0xd, 0x50, 0x0, 0xd5, 0x0, 0xd,
    0x50, 0x0, 0xd5, 0x0, 0xd, 0x50, 0x0, 0xd5,
    0x0, 0xd, 0x50, 0x0, 0xd5, 0x0, 0xd, 0xff,
    0xfb, 0x67, 0x77, 0x60,

    /* U+2518 "┘" */
    0x0, 0x0, 0x62, 0x0, 0x0, 0xd5, 0x0, 0x0,
    0xd5, 0x0, 0x0, 0xd5, 0x0, 0x0, 0xd5, 0x0,
    0x0, 0xd5, 0x0, 0x0, 0xd5, 0x0, 0x0, 0xd5,
    0x0, 0x0, 0xd5, 0x3f, 0xff, 0xf5, 0x17, 0x77,
    0x72,

    /* U+251C "├" */
    0x31, 0x0, 0xd, 0x50, 0x0, 0xd5, 0x0, 0xd,
    0x50, 0x0, 0xd5, 0x0, 0xd, 0x50, 0x0, 0xd5,
    0x0, 0xd, 0x50, 0x0, 0xd5, 0x0, 0xd, 0xdb,
    0xb8, 0xdd, 0xbb, 0x9d, 0x50, 0x0, 0xd5, 0x0,
    0xd, 0x50, 0x0, 0xd5, 0x0, 0xd, 0x50, 0x0,
    0xd5, 0x0, 0xd, 0x50, 0x0, 0xd5, 0x0, 0xc,
    0x50, 0x0,

    /* U+2524 "┤" */
    0x0, 0x0, 0x31, 0x0, 0x0, 0xd5, 0x0, 0x0,
    0xd5, 0x0, 0x0, 0xd5, 0x0, 0x0, 0xd5, 0x0,
    0x0, 0xd5, 0x0, 0x0, 0xd5, 0x0, 0x0, 0xd5,
    0x0, 0x0, 0xd5, 0x2b, 0xbb, 0xf5, 0x2b, 0xbb,
    0xf5, 0x0, 0x0, 0xd5, 0x0, 0x0, 0xd5, 0x0,
    0x0, 0xd5, 0x0, 0x0, 0xd5, 0x0, 0x0, 0xd5,
    0x0, 0x0, 0xd5, 0x0, 0x0, 0xd5, 0x0, 0x0,
    0xd5, 0x0, 0x0, 0xc5,

    /* U+252C "┬" */
    0xff, 0xff, 0xff, 0xff, 0x77, 0x7c, 0xc7, 0x77,
    0x0, 0x9, 0x90, 0x0, 0x0, 0x9, 0x90, 0x0,
    0x0, 0x9, 0x90, 0x0, 0x0, 0x9, 0x90, 0x0,
    0x0, 0x9, 0x90, 0x0, 0x0, 0x9, 0x90, 0x0,
    0x0, 0x9, 0x90, 0x0, 0x0, 0x9, 0x90, 0x0,
    0x0, 0x6, 0x60, 0x0,

    /* U+2534 "┴" */
    0x0, 0x4, 0x40, 0x0, 0x0, 0x9, 0x90, 0x0,
    0x0, 0x9, 0x90, 0x0, 0x0, 0x9, 0x90, 0x0,
    0x0, 0x9, 0x90, 0x0, 0x0, 0x9, 0x90, 0x0,
    0x0, 0x9, 0x90, 0x0, 0x0, 0x9, 0x90, 0x0,
    0x0, 0x9, 0x90, 0x0, 0xff, 0xff, 0xff, 0xff,
    0x77, 0x77, 0x77, 0x77,

    /* U+253C "┼" */
    0x0, 0x2, 0x20, 0x0, 0x0, 0x9, 0x90, 0x0,
    0x0, 0x9, 0x90, 0x0, 0x0, 0x9, 0x90, 0x0,
    0x0, 0x9, 0x90, 0x0, 0x0, 0x9, 0x90, 0x0,
    0x0, 0x9, 0x90, 0x0, 0x0, 0x9, 0x90, 0x0,
    0x0, 0x9, 0x90, 0x0, 0xbb, 0xbe, 0xeb, 0xbb,
    0xbb, 0xbe, 0xeb, 0xbb, 0x0, 0x9, 0x90, 0x0,
    0x0, 0x9, 0x90, 0x0, 0x0, 0x9, 0x90, 0x0,
    0x0, 0x9, 0x90, 0x0, 0x0, 0x9, 0x90, 0x0,
    0x0, 0x9, 0x90, 0x0, 0x0, 0x9, 0x90, 0x0,
    0x0, 0x9, 0x90, 0x0, 0x0, 0x9, 0x90, 0x0,

    /* U+2550 "═" */
    0x44, 0x44, 0x44, 0x44, 0xff, 0xff, 0xff, 0xff,
    0x11, 0x11, 0x11, 0x11, 0x44, 0x44, 0x44, 0x44,
    0xff, 0xff, 0xff, 0xff, 0x11, 0x11, 0x11, 0x11,

    /* U+2551 "║" */
    0x31, 0x13, 0xe4, 0x4e, 0xe4, 0x4e, 0xe4, 0x4e,
    0xe4, 0x4e, 0xe4, 0x4e, 0xe4, 0x4e, 0xe4, 0x4e,
    0xe4, 0x4e, 0xe4, 0x4e, 0xe4, 0x4e, 0xe4, 0x4e,
    0xe4, 0x4e, 0xe4, 0x4e, 0xe4, 0x4e, 0xe4, 0x4e,
    0xe4, 0x4e, 0xe4, 0x4e, 0xe4, 0x4e, 0xe4, 0x4e,

    /* U+2552 "╒" */
    0x44, 0x44, 0x3d, 0xff, 0xfc, 0xd7, 0x11, 0x1d,
    0x84, 0x43, 0xdf, 0xff, 0xcd, 0x71, 0x11, 0xd5,
    0x0, 0xd, 0x50, 0x0, 0xd5, 0x0, 0xd, 0x50,
    0x0, 0xd5, 0x0, 0xd, 0x50, 0x0, 0xb5, 0x0,
    0x0,

    /* U+2553 "╓" */
    0xef, 0xff, 0xfe, 0xe9, 0x9f, 0x77, 0xe4, 0x4e,
    0x0, 0xe4, 0x4e, 0x0, 0xe4, 0x4e, 0x0, 0xe4,
    0x4e, 0x0, 0xe4, 0x4e, 0x0, 0xe4, 0x4e, 0x0,
    0xe4, 0x4e, 0x0, 0xe4, 0x4e, 0x0, 0xa2, 0x2a,
    0x0,

    /* U+2554 "╔" */
    0x44, 0x44, 0x44, 0xe, 0xff, 0xff, 0xf1, 0xe5,
    0x11, 0x11, 0xe, 0x41, 0x44, 0x40, 0xe4, 0x4f,
    0xff, 0x1e, 0x44, 0xe1, 0x10, 0xe4, 0x4e, 0x0,
    0xe, 0x44, 0xe0, 0x0, 0xe4, 0x4e, 0x0, 0xe,
    0x44, 0xe0, 0x0, 0xe4, 0x4e, 0x0, 0xe, 0x44,
    0xe0, 0x0, 0xc3, 0x3c, 0x0, 0x0,

    /* U+2555 "╕" */
    0x14, 0x44, 0x41, 0x3f, 0xff, 0xf5, 0x1, 0x11,
    0xd5, 0x14, 0x44, 0xe5, 0x3f, 0xff, 0xf5, 0x1,
    0x11, 0xd5, 0x0, 0x0, 0xd5, 0x0, 0x0, 0xd5,
    0x0, 0x0, 0xd5, 0x0, 0x0, 0xd5, 0x0, 0x0,
    0xd5, 0x0, 0x0, 0xd5, 0x0, 0x0, 0xb5,

    /* U+2556 "╖" */
    0xef, 0xff, 0xfe, 0x77, 0xf9, 0x9e, 0x0, 0xe4,
    0x4e, 0x0, 0xe4, 0x4e, 0x0, 0xe4, 0x4e, 0x0,
    0xe4, 0x4e, 0x0, 0xe4, 0x4e, 0x0, 0xe4, 0x4e,
    0x0, 0xe4, 0x4e, 0x0, 0xe4, 0x4e, 0x0, 0xa2,
    0x2a,

    /* U+2557 "╗" */
    0x4, 0x44, 0x44, 0x40, 0xff, 0xff, 0xfe, 0x1,
    0x11, 0x15, 0xe0, 0x44, 0x41, 0x4e, 0xf, 0xff,
    0x44, 0xe0, 0x11, 0xe4, 0x4e, 0x0, 0xe, 0x44,
    0xe0, 0x0, 0xe4, 0x4e, 0x0, 0xe, 0x44, 0xe0,
    0x0, 0xe4, 0x4e, 0x0, 0xe, 0x44, 0xe0, 0x0,
    0xe4, 0x4e, 0x0, 0xc, 0x33, 0xc0,

    /* U+2558 "╘" */
    0x42, 0x0, 0xd, 0x50, 0x0, 0xd5, 0x0, 0xd,
    0x50, 0x0, 0xd5, 0x0, 0xd, 0x50, 0x0, 0xd5,
    0x0, 0xd, 0x94, 0x43, 0xdf, 0xff, 0xcd, 0x71,
    0x11, 0xd8, 0x44, 0x3d, 0xff, 0xfc, 0x11, 0x11,
    0x10,

    /* U+2559 "╙" */
    0x72, 0x27, 0x0, 0xe4, 0x4e, 0x0, 0xe4, 0x4e,
    0x0, 0xe4, 0x4e, 0x0, 0xe4, 0x4e, 0x0, 0xe4,
    0x4e, 0x0, 0xe4, 0x4e, 0x0, 0xe4, 0x4e, 0x0,
    0xe4, 0x4e, 0x0, 0xef, 0xff, 0xfe, 0x77, 0x77,
    0x77,

    /* U+255A "╚" */
    0x51, 0x15, 0x0, 0xe, 0x44, 0xe0, 0x0, 0xe4,
    0x4e, 0x0, 0xe, 0x44, 0xe0, 0x0, 0xe4, 0x4e,
    0x0, 0xe, 0x44, 0xe0, 0x0, 0xe4, 0x4e, 0x0,
    0xe, 0x44, 0xf4, 0x40, 0xe4, 0x4f, 0xff, 0x1e,
    0x40, 0x11, 0x10, 0xe7, 0x44, 0x44, 0xe, 0xff,
    0xff, 0xf1, 0x11, 0x11, 0x11, 0x0,

    /* U+255B "╛" */
    0x0, 0x0, 0x42, 0x0, 0x0, 0xd5, 0x0, 0x0,
    0xd5, 0x0, 0x0, 0xd5, 0x0, 0x0, 0xd5, 0x0,
    0x0, 0xd5, 0x0, 0x0, 0xd5, 0x14, 0x44, 0xe5,
    0x3f, 0xff, 0xf5, 0x1, 0x11, 0xd5, 0x14, 0x44,
    0xe5, 0x3f, 0xff, 0xf5, 0x1, 0x11, 0x10,

    /* U+255C "╜" */
    0x0, 0x51, 0x15, 0x0, 0xe4, 0x4e, 0x0, 0xe4,
    0x4e, 0x0, 0xe4, 0x4e, 0x0, 0xe4, 0x4e, 0x0,
    0xe4, 0x4e, 0x0, 0xe4, 0x4e, 0x0, 0xe4, 0x4e,
    0x0, 0xe4, 0x4e, 0x0, 0xe4, 0x4e, 0x44, 0xf7,
    0x7e, 0xef, 0xff, 0xfe, 0x11, 0x11, 0x11,

    /* U+255D "╝" */
    0x0, 0x5, 0x11, 0x50, 0x0, 0xe4, 0x4e, 0x0,
    0xe, 0x44, 0xe0, 0x0, 0xe4, 0x4e, 0x0, 0xe,
    0x44, 0xe0, 0x0, 0xe4, 0x4e, 0x0, 0xe, 0x44,
    0xe0, 0x44, 0xf4, 0x4e, 0xf, 0xff, 0x44, 0xe0,
    0x11, 0x10, 0x4e, 0x4, 0x44, 0x47, 0xe0, 0xff,
    0xff, 0xfe, 0x1, 0x11, 0x11, 0x10,

    /* U+255E "╞" */
    0x31, 0x0, 0xd, 0x50, 0x0, 0xd5, 0x0, 0xd,
    0x50, 0x0, 0xd5, 0x0, 0xd, 0x50, 0x0, 0xd5,
    0x0, 0xd, 0x83, 0x32, 0xdf, 0xff, 0xcd, 0x83,
    0x32, 0xd7, 0x22, 0x2d, 0xff, 0xfc, 0xd8, 0x33,
    0x2d, 0x50, 0x0, 0xd5, 0x0, 0xd, 0x50, 0x0,
    0xd5, 0x0, 0xd, 0x50, 0x0, 0xd5, 0x0, 0xc,
    0x50, 0x0,

    /* U+255F "╟" */
    0x31, 0x13, 0x0, 0xe, 0x44, 0xe0, 0x0, 0xe4,
    0x4e, 0x0, 0xe, 0x44, 0xe0, 0x0, 0xe4, 0x4e,
    0x0, 0xe, 0x44, 0xe0, 0x0, 0xe4, 0x4e, 0x0,
    0xe, 0x44, 0xe0, 0x0, 0xe4, 0x4e, 0x0, 0xe,
    0x44, 0xfb, 0xb0, 0xe4, 0x4f, 0xbb, 0xe, 0x44,
    0xe0, 0x0, 0xe4, 0x4e, 0x0, 0xe, 0x44, 0xe0,
    0x0, 0xe4, 0x4e, 0x0, 0xe, 0x44, 0xe0, 0x0,
    0xe4, 0x4e, 0x0, 0xe, 0x44, 0xe0, 0x0, 0xe4,
    0x4e, 0x0, 0xe, 0x44, 0xe0, 0x0,

    /* U+2560 "╠" */
    0x31, 0x13, 0x0, 0xe, 0x44, 0xe0, 0x0, 0xe4,
    0x4e, 0x0, 0xe, 0x44, 0xe0, 0x0, 0xe4, 0x4e,
    0x0, 0xe, 0x44, 0xe0, 0x0, 0xe4, 0x4e, 0x0,
    0xe, 0x44, 0xf3, 0x30, 0xe4, 0x4f, 0xff, 0x1e,
    0x40, 0x33, 0x30, 0xe4, 0x2, 0x22, 0xe, 0x44,
    0xff, 0xf1, 0xe4, 0x4f, 0x33, 0xe, 0x44, 0xe0,
    0x0, 0xe4, 0x4e, 0x0, 0xe, 0x44, 0xe0, 0x0,
    0xe4, 0x4e, 0x0, 0xe, 0x44, 0xe0, 0x0, 0xe4,
    0x4e, 0x0, 0xe, 0x44, 0xe0, 0x0,

    /* U+2561 "╡" */
    0x0, 0x0, 0x31, 0x0, 0x0, 0xd5, 0x0, 0x0,
    0xd5, 0x0, 0x0, 0xd5, 0x0, 0x0, 0xd5, 0x0,
    0x0, 0xd5, 0x0, 0x0, 0xd5, 0x3, 0x33, 0xd5,
    0x3f, 0xff, 0xf5, 0x3, 0x33, 0xd5, 0x2, 0x22,
    0xd5, 0x3f, 0xff, 0xf5, 0x3, 0x33, 0xd5, 0x0,
    0x0, 0xd5, 0x0, 0x0, 0xd5, 0x0, 0x0, 0xd5,
    0x0, 0x0, 0xd5, 0x0, 0x0, 0xd5, 0x0, 0x0,
    0xd5, 0x0, 0x0, 0xc5,

    /* U+2562 "╢" */
    0x0, 0x3, 0x11, 0x30, 0x0, 0xe4, 0x4e, 0x0,
    0xe, 0x44, 0xe0, 0x0, 0xe4, 0x4e, 0x0, 0xe,
    0x44, 0xe0, 0x0, 0xe4, 0x4e, 0x0, 0xe, 0x44,
    0xe0, 0x0, 0xe4, 0x4e, 0x0, 0xe, 0x44, 0xe0,
    0xbb, 0xf4, 0x4e, 0xb, 0xbf, 0x44, 0xe0, 0x0,
    0xe4, 0x4e, 0x0, 0xe, 0x44, 0xe0, 0x0, 0xe4,
    0x4e, 0x0, 0xe, 0x44, 0xe0, 0x0, 0xe4, 0x4e,
    0x0, 0xe, 0x44, 0xe0, 0x0, 0xe4, 0x4e, 0x0,
    0xe, 0x44, 0xe0, 0x0, 0xe4, 0x4e,

    /* U+2563 "╣" */
    0x0, 0x3, 0x11, 0x30, 0x0, 0xe4, 0x4e, 0x0,
    0xe, 0x44, 0xe0, 0x0, 0xe4, 0x4e, 0x0, 0xe,
    0x44, 0xe0, 0x0, 0xe4, 0x4e, 0x0, 0xe, 0x44,
    0xe0, 0x33, 0xf4, 0x4e, 0xf, 0xff, 0x44, 0xe0,
    0x33, 0x30, 0x4e, 0x2, 0x22, 0x4, 0xe0, 0xff,
    0xf4, 0x4e, 0x3, 0x3f, 0x44, 0xe0, 0x0, 0xe4,
    0x4e, 0x0, 0xe, 0x44, 0xe0, 0x0, 0xe4, 0x4e,
    0x0, 0xe, 0x44, 0xe0, 0x0, 0xe4, 0x4e, 0x0,
    0xe, 0x44, 0xe0, 0x0, 0xe4, 0x4e,

    /* U+2564 "╤" */
    0x44, 0x44, 0x44, 0x44, 0xff, 0xff, 0xff, 0xff,
    0x11, 0x11, 0x11, 0x11, 0x44, 0x44, 0x44, 0x44,
    0xff, 0xff, 0xff, 0xff, 0x11, 0x1a, 0xa1, 0x11,
    0x0, 0x9, 0x90, 0x0, 0x0, 0x9, 0x90, 0x0,
    0x0, 0x9, 0x90, 0x0, 0x0, 0x9, 0x90, 0x0,
    0x0, 0x9, 0x90, 0x0, 0x0, 0x9, 0x90, 0x0,
    0x0, 0x8, 0x80, 0x0,

    /* U+2565 "╥" */
    0xff, 0xff, 0xff, 0xff, 0x77, 0xea, 0xae, 0x77,
    0x0, 0xd5, 0x5d, 0x0, 0x0, 0xd5, 0x5d, 0x0,
    0x0, 0xd5, 0x5d, 0x0, 0x0, 0xd5, 0x5d, 0x0,
    0x0, 0xd5, 0x5d, 0x0, 0x0, 0xd5, 0x5d, 0x0,
    0x0, 0xd5, 0x5d, 0x0, 0x0, 0xd5, 0x5d, 0x0,
    0x0, 0x93, 0x39, 0x0,

    /* U+2566 "╦" */
    0x44, 0x44, 0x44, 0x44, 0xff, 0xff, 0xff, 0xff,
    0x11, 0x11, 0x11, 0x11, 0x44, 0x41, 0x14, 0x44,
    0xff, 0xf5, 0x5f, 0xff, 0x11, 0xe5, 0x5d, 0x11,
    0x0, 0xd5, 0x5d, 0x0, 0x0, 0xd5, 0x5d, 0x0,
    0x0, 0xd5, 0x5d, 0x0, 0x0, 0xd5, 0x5d, 0x0,
    0x0, 0xd5, 0x5d, 0x0, 0x0, 0xd5, 0x5d, 0x0,
    0x0, 0xb4, 0x4b, 0x0,

    /* U+2567 "╧" */
    0x0, 0x3, 0x30, 0x0, 0x0, 0x9, 0x90, 0x0,
    0x0, 0x9, 0x90, 0x0, 0x0, 0x9, 0x90, 0x0,
    0x0, 0x9, 0x90, 0x0, 0x0, 0x9, 0x90, 0x0,
    0x0, 0x9, 0x90, 0x0, 0x44, 0x4b, 0xb4, 0x44,
    0xff, 0xff, 0xff, 0xff, 0x11, 0x11, 0x11, 0x11,
    0x44, 0x44, 0x44, 0x44, 0xff, 0xff, 0xff, 0xff,
    0x11, 0x11, 0x11, 0x11,

    /* U+2568 "╨" */
    0x0, 0x41, 0x14, 0x0, 0x0, 0xd5, 0x5d, 0x0,
    0x0, 0xd5, 0x5d, 0x0, 0x0, 0xd5, 0x5d, 0x0,
    0x0, 0xd5, 0x5d, 0x0, 0x0, 0xd5, 0x5d, 0x0,
    0x0, 0xd5, 0x5d, 0x0, 0x0, 0xd5, 0x5d, 0x0,
    0x0, 0xd5, 0x5d, 0x0, 0x0, 0xd5, 0x5d, 0x0,
    0x44, 0xe8, 0x8e, 0x44, 0xff, 0xff, 0xff, 0xff,
    0x11, 0x11, 0x11, 0x11,

    /* U+2569 "╩" */
    0x0, 0x41, 0x14, 0x0, 0x0, 0xd5, 0x5d, 0x0,
    0x0, 0xd5, 0x5d, 0x0, 0x0, 0xd5, 0x5d, 0x0,
    0x0, 0xd5, 0x5d, 0x0, 0x0, 0xd5, 0x5d, 0x0,
    0x0, 0xd5, 0x5d, 0x0, 0x44, 0xe5, 0x5e, 0x44,
    0xff, 0xf5, 0x5f, 0xff, 0x11, 0x10, 0x1, 0x11,
    0x44, 0x44, 0x44, 0x44, 0xff, 0xff, 0xff, 0xff,
    0x11, 0x11, 0x11, 0x11,

    /* U+256A "╪" */
    0x0, 0x2, 0x20, 0x0, 0x0, 0x9, 0x90, 0x0,
    0x0, 0x9, 0x90, 0x0, 0x0, 0x9, 0x90, 0x0,
    0x0, 0x9, 0x90, 0x0, 0x0, 0x9, 0x90, 0x0,
    0x0, 0x9, 0x90, 0x0, 0x33, 0x3b, 0xa3, 0x33,
    0xff, 0xff, 0xff, 0xff, 0x33, 0x3b, 0xa3, 0x33,
    0x22, 0x2a, 0xa2, 0x22, 0xff, 0xff, 0xff, 0xff,
    0x33, 0x3b, 0xb3, 0x33, 0x0, 0x9, 0x90, 0x0,
    0x0, 0x9, 0x90, 0x0, 0x0, 0x9, 0x90, 0x0,
    0x0, 0x9, 0x90, 0x0, 0x0, 0x9, 0x90, 0x0,
    0x0, 0x9, 0x90, 0x0, 0x0, 0x9, 0x90, 0x0,

    /* U+256B "╫" */
    0x0, 0x31, 0x13, 0x0, 0x0, 0xd5, 0x5d, 0x0,
    0x0, 0xd5, 0x5d, 0x0, 0x0, 0xd5, 0x5d, 0x0,
    0x0, 0xd5, 0x5d, 0x0, 0x0, 0xd5, 0x5d, 0x0,
    0x0, 0xd5, 0x5d, 0x0, 0x0, 0xd5, 0x5d, 0x0,
    0x0, 0xd5, 0x5d, 0x0, 0xbb, 0xfc, 0xcf, 0xbb,
    0xbb, 0xfd, 0xdf, 0xbb, 0x0, 0xd5, 0x5d, 0x0,
    0x0, 0xd5, 0x5d, 0x0, 0x0, 0xd5, 0x5d, 0x0,
    0x0, 0xd5, 0x5d, 0x0, 0x0, 0xd5, 0x5d, 0x0,
    0x0, 0xd5, 0x5d, 0x0, 0x0, 0xd5, 0x5d, 0x0,
    0x0, 0xd5, 0x5d, 0x0, 0x0, 0xd5, 0x5c, 0x0,

    /* U+256C "╬" */
    0x0, 0x5, 0x11, 0x50, 0x0, 0x0, 0xe, 0x44,
    0xe0, 0x0, 0x0, 0xe, 0x44, 0xe0, 0x0, 0x0,
    0xe, 0x44, 0xe0, 0x0, 0x0, 0xe, 0x44, 0xe0,
    0x0, 0x0, 0xe, 0x44, 0xe0, 0x0, 0x0, 0xe,
    0x44, 0xe0, 0x0, 0x4, 0x4f, 0x44, 0xf4, 0x40,
    0xf, 0xff, 0x44, 0xff, 0xf1, 0x1, 0x11, 0x0,
    0x11, 0x10, 0x4, 0x44, 0x11, 0x44, 0x40, 0xf,
    0xff, 0x44, 0xff, 0xf1, 0x1, 0x1e, 0x44, 0xe1,
    0x10, 0x0, 0xe, 0x44, 0xe0, 0x0, 0x0, 0xe,
    0x44, 0xe0, 0x0, 0x0, 0xe, 0x44, 0xe0, 0x0,
    0x0, 0xe, 0x44, 0xe0, 0x0, 0x0, 0xe, 0x44,
    0xe0, 0x0, 0x0, 0xe, 0x44, 0xe0, 0x0, 0x0,
    0xc, 0x33, 0xc0, 0x0,

    /* U+2580 "▀" */
    0x88, 0x88, 0x88, 0x88, 0xff, 0xff, 0xff, 0xff,
    0xff, 0xff, 0xff, 0xff, 0xff, 0xff, 0xff, 0xff,
    0xff, 0xff, 0xff, 0xff, 0xff, 0xff, 0xff, 0xff,
    0xff, 0xff, 0xff, 0xff, 0xff, 0xff, 0xff, 0xff,
    0xff, 0xff, 0xff, 0xff, 0xff, 0xff, 0xff, 0xff,
    0x0, 0x0, 0x0, 0x0,

    /* U+2584 "▄" */
    0xaa, 0xaa, 0xaa, 0xaa, 0xff, 0xff, 0xff, 0xff,
    0xff, 0xff, 0xff, 0xff, 0xff, 0xff, 0xff, 0xff,
    0xff, 0xff, 0xff, 0xff, 0xff, 0xff, 0xff, 0xff,
    0xff, 0xff, 0xff, 0xff, 0xff, 0xff, 0xff, 0xff,
    0xff, 0xff, 0xff, 0xff, 0xff, 0xff, 0xff, 0xff,

    /* U+2588 "█" */
    0x33, 0x33, 0x33, 0x33, 0xff, 0xff, 0xff, 0xff,
    0xff, 0xff, 0xff, 0xff, 0xff, 0xff, 0xff, 0xff,
    0xff, 0xff, 0xff, 0xff, 0xff, 0xff, 0xff, 0xff,
    0xff, 0xff, 0xff, 0xff, 0xff, 0xff, 0xff, 0xff,
    0xff, 0xff, 0xff, 0xff, 0xff, 0xff, 0xff, 0xff,
    0xff, 0xff, 0xff, 0xff, 0xff, 0xff, 0xff, 0xff,
    0xff, 0xff, 0xff, 0xff, 0xff, 0xff, 0xff, 0xff,
    0xff, 0xff, 0xff, 0xff, 0xff, 0xff, 0xff, 0xff,
    0xff, 0xff, 0xff, 0xff, 0xff, 0xff, 0xff, 0xff,
    0xff, 0xff, 0xff, 0xff, 0xff, 0xff, 0xff, 0xff,

    /* U+258C "▌" */
    0x33, 0x33, 0xff, 0xff, 0xff, 0xff, 0xff, 0xff,
    0xff, 0xff, 0xff, 0xff, 0xff, 0xff, 0xff, 0xff,
    0xff, 0xff, 0xff, 0xff, 0xff, 0xff, 0xff, 0xff,
    0xff, 0xff, 0xff, 0xff, 0xff, 0xff, 0xff, 0xff,
    0xff, 0xff, 0xff, 0xff, 0xff, 0xff, 0xff, 0xff,

    /* U+2590 "▐" */
    0x33, 0x33, 0xff, 0xff, 0xff, 0xff, 0xff, 0xff,
    0xff, 0xff, 0xff, 0xff, 0xff, 0xff, 0xff, 0xff,
    0xff, 0xff, 0xff, 0xff, 0xff, 0xff, 0xff, 0xff,
    0xff, 0xff, 0xff, 0xff, 0xff, 0xff, 0xff, 0xff,
    0xff, 0xff, 0xff, 0xff, 0xff, 0xff, 0xff, 0xff,

    /* U+2591 "░" */
    0x30, 0x3, 0x2, 0x2e, 0x33, 0xe0, 0x89, 0x0,
    0x0, 0x0, 0x6, 0x11, 0x60, 0x33, 0xb2, 0x2b,
    0x7, 0x70, 0x0, 0x0, 0x0, 0xd3, 0x3d, 0x8,
    0x93, 0x0, 0x30, 0x22, 0x0, 0x0, 0x0, 0xe,
    0x33, 0xe0, 0x99, 0x20, 0x2, 0x1, 0x14, 0x0,
    0x40, 0x22, 0xd3, 0x3d, 0x8, 0x80, 0x0, 0x0,
    0x0, 0x61, 0x16, 0x3, 0x3b, 0x22, 0xb0, 0x77,
    0x0, 0x0, 0x0, 0xc, 0x33, 0xc0, 0x77, 0x51,
    0x15, 0x3, 0x30,

    /* U+2592 "▒" */
    0x30, 0x3, 0x2, 0x10, 0xe3, 0x3e, 0xa, 0x70,
    0x8, 0x80, 0xd2, 0x4c, 0x74, 0x47, 0x46, 0x54,
    0xa3, 0x3a, 0x27, 0x51, 0x9, 0x90, 0xe2, 0x5d,
    0xd3, 0x4d, 0xa, 0x70, 0x54, 0x55, 0x64, 0x45,
    0x7, 0x70, 0xb2, 0x3a, 0xd3, 0x3d, 0xa, 0x70,
    0x17, 0x71, 0xb2, 0x4a, 0x54, 0x55, 0x65, 0x45,
    0xd3, 0x3d, 0x9, 0x70, 0x8, 0x80, 0xd2, 0x4c,
    0x84, 0x48, 0x46, 0x53, 0x93, 0x39, 0x27, 0x52,
    0x9, 0x90, 0xe2, 0x5d, 0xc3, 0x3b, 0x8, 0x60,
    0x54, 0x45, 0x54, 0x45, 0x7, 0x70, 0xb2, 0x3a,

    /* U+2593 "▓" */
    0x99, 0x99, 0x99, 0x99, 0xc4, 0xf8, 0x8f, 0x4d,
    0xd7, 0xfa, 0xaf, 0x7d, 0xff, 0xff, 0xff, 0xff,
    0xc3, 0xf8, 0x8f, 0x3c, 0xe8, 0xfb, 0xbf, 0x8e,
    0xfe, 0xff, 0xff, 0xef, 0xc1, 0xf7, 0x7f, 0x1c,
    0xff, 0xff, 0xff, 0xff, 0xea, 0xfc, 0xcf, 0xae,
    0xc3, 0xf8, 0x8f, 0x3c, 0xff, 0xff, 0xff, 0xff,
    0xd6, 0xfa, 0xaf, 0x6d, 0xd7, 0xfa, 0xaf, 0x7e,
    0xff, 0xff, 0xff, 0xff, 0xc2, 0xf7, 0x7f, 0x2c,
    0xea, 0xfc, 0xcf, 0xae, 0xff, 0xff, 0xff, 0xff,
    0xb1, 0xf6, 0x6f, 0x1c, 0xdc, 0xdc, 0xcd, 0xcd,

    /* U+25A0 "■" */
    0xd, 0xdd, 0xdd, 0xd0, 0xf, 0xff, 0xff, 0xf0,
    0xf, 0xff, 0xff, 0xf0, 0xf, 0xff, 0xff, 0xf0,
    0xf, 0xff, 0xff, 0xf0, 0xf, 0xff, 0xff, 0xf0,
    0xf, 0xff, 0xff, 0xf0, 0x3, 0x33, 0x33, 0x30,

    /* U+25A1 "□" */
    0xd, 0xdd, 0xdd, 0xd0, 0xf, 0x55, 0x56, 0xf0,
    0xf, 0x0, 0x1, 0xf0, 0xf, 0x0, 0x1, 0xf0,
    0xf, 0x0, 0x1, 0xf0, 0xf, 0x0, 0x1, 0xf0,
    0xf, 0xff, 0xff, 0xf0, 0x3, 0x33, 0x33, 0x30,

    /* U+25AA "▪" */
    0x55, 0x54, 0xef, 0xfb, 0xef, 0xfb, 0xef, 0xfb,
    0xef, 0xfb, 0x22, 0x21,

    /* U+25AB "▫" */
    0x11, 0x11, 0xef, 0xfe, 0xe1, 0x1e, 0xe1, 0x1e,
    0xef, 0xfe, 0x11, 0x11,

    /* U+25AC "▬" */
    0x7b, 0xbb, 0xbb, 0xb2, 0xaf, 0xff, 0xff, 0xf3,
    0xaf, 0xff, 0xff, 0xf3, 0xaf, 0xff, 0xff, 0xf3,
    0xaf, 0xff, 0xff, 0xf3, 0x1, 0x11, 0x11, 0x10,

    /* U+25B2 "▲" */
    0x0, 0x0, 0x0, 0x0, 0x0, 0x4, 0x40, 0x0,
    0x0, 0xd, 0xd0, 0x0, 0x0, 0x6f, 0xf6, 0x0,
    0x0, 0xef, 0xfe, 0x0, 0x7, 0xff, 0xff, 0x70,
    0xd, 0xee, 0xee, 0xd0,

    /* U+25B3 "△" */
    0x0, 0x0, 0x0, 0x0, 0x0, 0x4, 0x40, 0x0,
    0x0, 0xb, 0xb0, 0x0, 0x0, 0x2f, 0xf2, 0x0,
    0x0, 0x8a, 0xa8, 0x0, 0x0, 0xe3, 0x3e, 0x0,
    0x5, 0xc0, 0xc, 0x50, 0xc, 0x60, 0x6, 0xc0,
    0x3f, 0x43, 0x34, 0xf3, 0x9f, 0xff, 0xff, 0xf9,

    /* U+25B4 "▴" */
    0x0, 0x22, 0x0, 0x0, 0xbb, 0x0, 0x3, 0xff,
    0x30, 0xc, 0xff, 0xc0, 0x3, 0x33, 0x30,

    /* U+25B6 "▶" */
    0x30, 0x0, 0x0, 0xdb, 0x20, 0x0, 0xdf, 0xf7,
    0x0, 0xdf, 0xff, 0xd3, 0xdf, 0xff, 0xa1, 0xdf,
    0xd4, 0x0, 0xd8, 0x0, 0x0, 0x10, 0x0, 0x0,

    /* U+25B8 "▸" */
    0x10, 0x0, 0x3, 0xe5, 0x0, 0x3f, 0xfb, 0x13,
    0xff, 0x80, 0x3c, 0x20, 0x0, 0x0, 0x0,

    /* U+25BA "►" */
    0x41, 0x0, 0x0, 0x0, 0x8f, 0x91, 0x0, 0x0,
    0x8f, 0xff, 0x92, 0x0, 0x8f, 0xff, 0xff, 0x91,
    0x8f, 0xff, 0xfe, 0x60, 0x8f, 0xfe, 0x60, 0x0,
    0x8e, 0x60, 0x0, 0x0, 0x20, 0x0, 0x0, 0x0,

    /* U+25BC "▼" */
    0x1, 0x11, 0x11, 0x10, 0xd, 0xff, 0xff, 0xd0,
    0x5, 0xff, 0xff, 0x50, 0x0, 0xdf, 0xfc, 0x0,
    0x0, 0x4f, 0xf4, 0x0, 0x0, 0xb, 0xb0, 0x0,
    0x0, 0x3, 0x30, 0x0,

    /* U+25BD "▽" */
    0x9f, 0xff, 0xff, 0xf9, 0x3f, 0x43, 0x34, 0xf3,
    0xc, 0x60, 0x6, 0xc0, 0x5, 0xc0, 0xc, 0x50,
    0x0, 0xe3, 0x3e, 0x0, 0x0, 0x8a, 0xa8, 0x0,
    0x0, 0x2f, 0xf2, 0x0, 0x0, 0xb, 0xb0, 0x0,
    0x0, 0x4, 0x40, 0x0, 0x0, 0x0, 0x0, 0x0,

    /* U+25BE "▾" */
    0x6, 0x66, 0x60, 0xa, 0xff, 0xa0, 0x2, 0xff,
    0x20, 0x0, 0x99, 0x0, 0x0, 0x11, 0x0,

    /* U+25C0 "◀" */
    0x0, 0x0, 0x3, 0x0, 0x2, 0xbd, 0x0, 0x7f,
    0xfd, 0x3d, 0xff, 0xfd, 0x1a, 0xff, 0xfd, 0x0,
    0x4d, 0xfd, 0x0, 0x0, 0x8d, 0x0, 0x0, 0x1,

    /* U+25C2 "◂" */
    0x0, 0x1, 0x10, 0x5, 0xe3, 0x1b, 0xff, 0x30,
    0x8f, 0xf3, 0x0, 0x2c, 0x30, 0x0, 0x0,

    /* U+25C4 "◄" */
    0x0, 0x0, 0x0, 0x14, 0x0, 0x0, 0x19, 0xf8,
    0x0, 0x29, 0xff, 0xf8, 0x19, 0xff, 0xff, 0xf8,
    0x6, 0xef, 0xff, 0xf8, 0x0, 0x6, 0xef, 0xf8,
    0x0, 0x0, 0x6, 0xe8, 0x0, 0x0, 0x0, 0x2,

    /* U+25C6 "◆" */
    0x0, 0x1, 0x10, 0x0, 0x0, 0xc, 0xc0, 0x0,
    0x0, 0xbf, 0xfb, 0x0, 0xa, 0xff, 0xff, 0xa0,
    0x9f, 0xff, 0xff, 0xf9, 0x6f, 0xff, 0xff, 0xf6,
    0x8, 0xff, 0xff, 0x80, 0x0, 0x9f, 0xf9, 0x0,
    0x0, 0xa, 0xa0, 0x0, 0x0, 0x0, 0x0, 0x0,

    /* U+25C7 "◇" */
    0x0, 0x1, 0x10, 0x0, 0x0, 0xc, 0xc0, 0x0,
    0x0, 0xbc, 0xcb, 0x0, 0xa, 0xc0, 0xc, 0xa0,
    0x9d, 0x10, 0x1, 0xd9, 0x6e, 0x20, 0x2, 0xe6,
    0x8, 0xe2, 0x2e, 0x80, 0x0, 0x9d, 0xd9, 0x0,
    0x0, 0xa, 0xa0, 0x0, 0x0, 0x0, 0x0, 0x0,

    /* U+25CA "◊" */
    0x0, 0xe, 0xe0, 0x0, 0x0, 0x7e, 0xe7, 0x0,
    0x0, 0xe6, 0x6e, 0x0, 0x7, 0xe0, 0xe, 0x70,
    0x1f, 0x60, 0x6, 0xf1, 0x3f, 0x30, 0x3, 0xf3,
    0xb, 0xa0, 0xb, 0xb0, 0x3, 0xf3, 0x3f, 0x30,
    0x0, 0xbb, 0xbb, 0x0, 0x0, 0x3f, 0xf3, 0x0,
    0x0, 0x5, 0x50, 0x0,

    /* U+25CB "○" */
    0x0, 0x0, 0x0, 0x0, 0x1, 0xbf, 0xfb, 0x10,
    0xe, 0x92, 0x3a, 0xd0, 0x7b, 0x0, 0x0, 0xb7,
    0xb6, 0x0, 0x0, 0x6a, 0xa6, 0x0, 0x0, 0x7a,
    0x6d, 0x0, 0x0, 0xd6, 0xc, 0xc6, 0x6c, 0xc0,
    0x0, 0x8c, 0xc7, 0x0,

    /* U+25CC "◌" */
    0x0, 0x6, 0x30, 0x0, 0x4, 0xc6, 0x3e, 0x30,
    0x25, 0x10, 0x1, 0x52, 0x36, 0x0, 0x0, 0x73,
    0x85, 0x0, 0x0, 0x58, 0x42, 0x0, 0x0, 0x24,
    0x5a, 0x0, 0x0, 0xb5, 0x3, 0x30, 0x4, 0x30,
    0x3, 0xa8, 0x5c, 0x30, 0x0, 0x3, 0x20, 0x0,

    /* U+25CF "●" */
    0x0, 0x0, 0x0, 0x0, 0x1, 0xbf, 0xfa, 0x10,
    0xe, 0xff, 0xff, 0xc0, 0x7f, 0xff, 0xff, 0xf5,
    0xbf, 0xff, 0xff, 0xf8, 0xaf, 0xff, 0xff, 0xf8,
    0x6f, 0xff, 0xff, 0xf4, 0xc, 0xff, 0xff, 0xa0,
    0x0, 0x8c, 0xc7, 0x0,

    /* U+25D8 "◘" */
    0x22, 0x22, 0x22, 0x22, 0xff, 0xff, 0xff, 0xff,
    0xff, 0xff, 0xff, 0xff, 0xff, 0xff, 0xff, 0xff,
    0xff, 0xff, 0xff, 0xff, 0xff, 0xff, 0xff, 0xff,
    0xff, 0xeb, 0xbe, 0xff, 0xfb, 0x0, 0x0, 0xbf,
    0xf2, 0x0, 0x0, 0x2f, 0xf0, 0x0, 0x0, 0xf,
    0xf0, 0x0, 0x0, 0xf, 0xf4, 0x0, 0x0, 0x4f,
    0xfe, 0x40, 0x4, 0xef, 0xff, 0xff, 0xff, 0xff,
    0xff, 0xff, 0xff, 0xff, 0xff, 0xff, 0xff, 0xff,
    0xff, 0xff, 0xff, 0xff, 0xff, 0xff, 0xff, 0xff,
    0xff, 0xff, 0xff, 0xff, 0xdd, 0xdd, 0xdd, 0xdd,

    /* U+25D9 "◙" */
    0x55, 0x55, 0x55, 0x55, 0xf, 0xff, 0xff, 0xff,
    0xf2, 0xff, 0xff, 0xff, 0xff, 0x2f, 0xff, 0xff,
    0xff, 0xf2, 0xff, 0xff, 0xff, 0xff, 0x2f, 0xff,
    0xff, 0xff, 0xf2, 0xfd, 0x40, 0x3, 0xcf, 0x2f,
    0x14, 0xcc, 0x70, 0xe2, 0xa0, 0xff, 0xff, 0x48,
    0x28, 0x3f, 0xff, 0xf7, 0x62, 0x91, 0xff, 0xff,
    0x67, 0x2c, 0xa, 0xff, 0xd1, 0xa2, 0xf6, 0x2,
    0x30, 0x4f, 0x2f, 0xfb, 0x77, 0xaf, 0xf2, 0xff,
    0xff, 0xff, 0xff, 0x2f, 0xff, 0xff, 0xff, 0xf2,
    0xff, 0xff, 0xff, 0xff, 0x2f, 0xff, 0xff, 0xff,
    0xf2, 0xff, 0xff, 0xff, 0xff, 0x2f, 0xff, 0xff,
    0xff, 0xf2,

    /* U+25EF "◯" */
    0x0, 0x0, 0x0, 0x0, 0x0, 0x0, 0x9, 0xff,
    0x90, 0x0, 0x0, 0xac, 0x33, 0xca, 0x0, 0x3,
    0xe1, 0x0, 0x1e, 0x30, 0xa, 0x80, 0x0, 0x8,
    0xa0, 0xd, 0x30, 0x0, 0x4, 0xd0, 0xf, 0x20,
    0x0, 0x2, 0xf0, 0xe, 0x20, 0x0, 0x2, 0xe0,
    0xc, 0x40, 0x0, 0x4, 0xc0, 0x9, 0x90, 0x0,
    0x9, 0x90, 0x2, 0xf2, 0x0, 0x2f, 0x20, 0x0,
    0x8e, 0x66, 0xe7, 0x0, 0x0, 0x6, 0xcc, 0x60,
    0x0,

    /* U+2605 "★" */
    0x0, 0x0, 0x0, 0x0, 0x0, 0x5, 0x50, 0x0,
    0x0, 0xc, 0xc0, 0x0, 0x48, 0xaf, 0xfa, 0x84,
    0xc, 0xff, 0xff, 0xc0, 0x0, 0xef, 0xfe, 0x0,
    0x0, 0xff, 0xff, 0x0, 0x2, 0xd3, 0x3d, 0x20,
    0x1, 0x0, 0x0, 0x10,

    /* U+2606 "☆" */
    0x0, 0x0, 0x0, 0x0, 0x0, 0x5, 0x50, 0x0,
    0x0, 0xb, 0xb0, 0x0, 0x48, 0xa9, 0x9a, 0x84,
    0xc, 0x60, 0x6, 0xc0, 0x0, 0xd0, 0xd, 0x0,
    0x0, 0xca, 0xac, 0x0, 0x2, 0xd3, 0x3d, 0x20,
    0x1, 0x0, 0x0, 0x10,

    /* U+2611 "☑" */
    0x0, 0x0, 0x0, 0x0, 0x23, 0x33, 0x39, 0x90,
    0xdf, 0xff, 0xff, 0xf2, 0xd3, 0x0, 0x6e, 0xf2,
    0xd3, 0x0, 0xd7, 0xe2, 0xd6, 0xd6, 0xe0, 0xe2,
    0xd4, 0xcf, 0x70, 0xe2, 0xd3, 0x2d, 0x0, 0xe2,
    0xd5, 0x12, 0x11, 0xe2, 0xdf, 0xff, 0xff, 0xf2,
    0x0, 0x0, 0x0, 0x0,

    /* U+2612 "☒" */
    0x23, 0x33, 0x33, 0x30, 0xdf, 0xff, 0xff, 0xf2,
    0xd4, 0x60, 0x52, 0xe2, 0xd4, 0xb6, 0xe1, 0xe2,
    0xd3, 0x2f, 0x70, 0xe2, 0xd3, 0x3f, 0x80, 0xe2,
    0xd4, 0xc4, 0xd2, 0xe2, 0xd5, 0x51, 0x42, 0xe2,
    0xdf, 0xff, 0xff, 0xf2, 0x0, 0x0, 0x0, 0x0,

    /* U+2613 "☓" */
    0x0, 0x0, 0x0, 0x0, 0x9, 0x70, 0x7, 0xb1,
    0x1e, 0xf1, 0x2f, 0xd0, 0x5, 0xfa, 0xbf, 0x40,
    0x0, 0xbf, 0xfa, 0x0, 0x0, 0x3f, 0xf2, 0x0,
    0x0, 0x9f, 0xf8, 0x0, 0x2, 0xfc, 0xdf, 0x20,
    0xc, 0xf3, 0x3f, 0xc0, 0xc, 0x90, 0x9, 0xc0,
    0x0, 0x0, 0x0, 0x0,

    /* U+263A "☺" */
    0x2, 0xbc, 0xcb, 0x10, 0x1c, 0x20, 0x3, 0xc0,
    0x75, 0x83, 0x38, 0x66, 0xa1, 0xf9, 0x8f, 0x1a,
    0xb0, 0x10, 0x1, 0xb, 0xb3, 0x30, 0x3, 0x3b,
    0xa1, 0xc4, 0x4c, 0x2a, 0x75, 0x4d, 0xd4, 0x66,
    0xc, 0x30, 0x3, 0xc0, 0x2, 0xbc, 0xcb, 0x10,

    /* U+263B "☻" */
    0x1, 0x9d, 0xd9, 0x0, 0xc, 0xff, 0xff, 0xc0,
    0x4f, 0xbc, 0xfa, 0xf3, 0x7f, 0x3, 0xa0, 0xf7,
    0x9f, 0xbc, 0xfa, 0xf8, 0x9d, 0xcf, 0xfd, 0xd8,
    0x7f, 0x3b, 0xb3, 0xf6, 0x3f, 0xb2, 0x2b, 0xf2,
    0xb, 0xff, 0xff, 0xa0, 0x0, 0x7b, 0xb7, 0x0,

    /* U+263C "☼" */
    0x0, 0x0, 0x20, 0x0, 0x0, 0x3, 0xa0, 0x0,
    0xc, 0x8d, 0xf8, 0xc0, 0x7, 0xa1, 0x1b, 0x70,
    0xcf, 0x10, 0x1, 0xfc, 0x2b, 0x10, 0x1, 0xb2,
    0x6, 0xa1, 0x1a, 0x60, 0xd, 0x8d, 0xf8, 0xd0,
    0x1, 0x3, 0xa0, 0x10, 0x0, 0x0, 0x20, 0x0,

    /* U+2640 "♀" */
    0x0, 0x0, 0x0, 0x0, 0x1, 0xbe, 0xea, 0x10,
    0xb, 0x80, 0x8, 0xa0, 0xe, 0x0, 0x0, 0xe0,
    0x1d, 0x0, 0x0, 0xd1, 0xd, 0x40, 0x4, 0xd0,
    0x3, 0xea, 0xae, 0x30, 0x0, 0x1a, 0x91, 0x0,
    0x0, 0x8, 0x60, 0x0, 0x0, 0xcf, 0xfa, 0x0,
    0x0, 0x8, 0x60, 0x0, 0x0, 0x3, 0x20, 0x0,

    /* U+2642 "♂" */
    0x0, 0x0, 0x2, 0x57, 0x0, 0x0, 0x1, 0xec,
    0x4, 0xbc, 0x7a, 0xa7, 0x4d, 0x43, 0xbd, 0x0,
    0xc3, 0x0, 0xe, 0x0, 0xe0, 0x0, 0xb, 0x30,
    0xd1, 0x0, 0xe, 0x10, 0x7b, 0x10, 0x8a, 0x0,
    0x8, 0xef, 0xa1, 0x0, 0x0, 0x0, 0x0, 0x0,

    /* U+2660 "♠" */
    0x0, 0x0, 0x0, 0x0, 0x0, 0x5, 0x50, 0x0,
    0x0, 0xb, 0xb0, 0x0, 0x0, 0x3f, 0xf3, 0x0,
    0x0, 0xdf, 0xfd, 0x0, 0x8, 0xff, 0xff, 0x70,
    0x3f, 0xff, 0xff, 0xf3, 0x9f, 0xff, 0xff, 0xf9,
    0xcf, 0xff, 0xff, 0xfc, 0x9f, 0xff, 0xff, 0xf9,
    0x7, 0x7d, 0xd7, 0x70, 0x0, 0x3f, 0xf3, 0x0,
    0xa, 0xff, 0xff, 0xa0,

    /* U+2662 "♢" */
    0x0, 0x1, 0x10, 0x0, 0x0, 0x7, 0x70, 0x0,
    0x0, 0xc, 0xc0, 0x0, 0x0, 0x75, 0x57, 0x0,
    0x1, 0xb0, 0xb, 0x10, 0xb, 0x20, 0x2, 0xb0,
    0x87, 0x0, 0x0, 0x78, 0x2b, 0x0, 0x0, 0xb2,
    0x5, 0x80, 0x8, 0x50, 0x0, 0xa2, 0x2a, 0x0,
    0x0, 0x2a, 0xa2, 0x0, 0x0, 0xa, 0x90, 0x0,
    0x0, 0x3, 0x30, 0x0,

    /* U+2663 "♣" */
    0x0, 0x0, 0x0, 0x0, 0x0, 0x5f, 0xf5, 0x0,
    0x0, 0xef, 0xfe, 0x0, 0x0, 0xff, 0xff, 0x0,
    0x0, 0xdf, 0xfd, 0x0, 0x1, 0x9f, 0xf8, 0x10,
    0x4f, 0xff, 0xff, 0xf5, 0xcf, 0xff, 0xff, 0xfc,
    0xdf, 0xff, 0xff, 0xfd, 0xaf, 0xff, 0xff, 0xf9,
    0x1b, 0xbe, 0xeb, 0xb1, 0x0, 0x3f, 0xf3, 0x0,
    0xa, 0xff, 0xff, 0xa0,

    /* U+2665 "♥" */
    0x1a, 0xb2, 0x2b, 0xb1, 0xaf, 0xfa, 0xaf, 0xfa,
    0xcf, 0xff, 0xff, 0xfc, 0x9f, 0xff, 0xff, 0xf9,
    0x4f, 0xff, 0xff, 0xf4, 0xb, 0xff, 0xff, 0xb0,
    0x2, 0xff, 0xff, 0x20, 0x0, 0x9f, 0xf9, 0x0,
    0x0, 0x1f, 0xf1, 0x0, 0x0, 0xa, 0x90, 0x0,
    0x0, 0x4, 0x40, 0x0, 0x0, 0x0, 0x0, 0x0,

    /* U+2666 "♦" */
    0x0, 0x1, 0x10, 0x0, 0x0, 0x7, 0x70, 0x0,
    0x0, 0xe, 0xe0, 0x0, 0x0, 0x7f, 0xf7, 0x0,
    0x1, 0xff, 0xff, 0x10, 0xb, 0xff, 0xff, 0xb0,
    0x8f, 0xff, 0xff, 0xf8, 0x2f, 0xff, 0xff, 0xe2,
    0x5, 0xff, 0xff, 0x50, 0x0, 0xbf, 0xfb, 0x0,
    0x0, 0x2f, 0xf2, 0x0, 0x0, 0xa, 0xa0, 0x0,
    0x0, 0x3, 0x30, 0x0,

    /* U+266A "♪" */
    0x0, 0x7, 0x0, 0x0, 0x1f, 0x40, 0x0, 0x1f,
    0xe0, 0x0, 0x1e, 0xd6, 0x0, 0x1d, 0x2c, 0x0,
    0x1d, 0xd, 0x0, 0x1d, 0xb, 0x0, 0x1d, 0xa,
    0x6, 0xcd, 0x21, 0xf, 0xfd, 0x0, 0xc, 0xf8,
    0x0, 0x0, 0x0, 0x0,

    /* U+266C "♬" */
    0x0, 0x0, 0x0, 0x0, 0x40, 0x0, 0x0, 0x5a,
    0xfc, 0x0, 0xa, 0xff, 0xa6, 0xc0, 0x0, 0xf5,
    0x1, 0x7c, 0x0, 0xf, 0x6c, 0xfd, 0xc0, 0x0,
    0xfe, 0x82, 0x1c, 0x0, 0xe, 0x0, 0x1, 0xc0,
    0x0, 0xe0, 0x0, 0x1c, 0x0, 0xe, 0x0, 0x7c,
    0xc0, 0x1, 0xe0, 0xf, 0xfc, 0xa, 0xfe, 0x0,
    0xcf, 0x70, 0xff, 0xd0, 0x0, 0x10, 0x6, 0xb5,
    0x0, 0x0, 0x0,

    /* U+266D "♭" */
    0x0, 0x0, 0x9, 0x30, 0x0, 0xb3, 0x0, 0xb,
    0x30, 0x0, 0xb3, 0x0, 0xb, 0x34, 0x20, 0xbe,
    0xff, 0x1b, 0x61, 0xf2, 0xb3, 0x2f, 0x1b, 0x36,
    0xb0, 0xb4, 0xd4, 0xb, 0xc9, 0x0, 0xba, 0x0,
    0x5, 0x0, 0x0,

    /* U+266F "♯" */
    0x0, 0x0, 0x51, 0x0, 0x9, 0x2c, 0x20, 0x0,
    0xc2, 0xc4, 0x20, 0xc, 0x7e, 0xf5, 0x9, 0xfe,
    0xe3, 0x1, 0xbe, 0x2c, 0x20, 0x0, 0xc2, 0xc2,
    0x0, 0xc, 0x2c, 0x84, 0x0, 0xdc, 0xfb, 0x20,
    0xef, 0x9d, 0x20, 0x5, 0xd2, 0xc2, 0x0, 0xc,
    0x2c, 0x20, 0x0, 0xa1, 0x20, 0x0,

    /* U+26DD "⛝" */
    0x55, 0x55, 0x55, 0x55, 0xef, 0xcc, 0xcc, 0xfe,
    0xef, 0x50, 0x4, 0xfe, 0xe7, 0xf4, 0x4f, 0x7e,
    0xe2, 0x4f, 0xf5, 0x2e, 0xe2, 0x3e, 0xe3, 0x2e,
    0xe6, 0xe4, 0x4e, 0x6e, 0xef, 0x50, 0x5, 0xfe,
    0xef, 0xff, 0xff, 0xfe, 0x33, 0x33, 0x33, 0x33,

    /* U+2714 "✔" */
    0x0, 0x0, 0x0, 0x3, 0x0, 0x0, 0x0, 0x2,
    0xfa, 0x0, 0x0, 0x0, 0xaf, 0x80, 0x0, 0x0,
    0x1f, 0xf1, 0x0, 0x0, 0x8, 0xf8, 0x0, 0x0,
    0x1, 0xff, 0x10, 0x0, 0x50, 0x7f, 0x80, 0x0,
    0xbf, 0x3e, 0xf1, 0x0, 0x6, 0xff, 0xf7, 0x0,
    0x0, 0x9, 0xfe, 0x0, 0x0, 0x0, 0xc, 0x70,
    0x0, 0x0, 0x0, 0x10, 0x0, 0x0,

    /* U+2736 "✶" */
    0x0, 0x1, 0x10, 0x0, 0x0, 0x4, 0x40, 0x0,
    0x20, 0x7, 0x70, 0x2, 0xc, 0xad, 0xda, 0xc0,
    0x0, 0xcf, 0xfc, 0x0, 0x2, 0xef, 0xfe, 0x20,
    0x2b, 0x7b, 0xb7, 0xb2, 0x10, 0x7, 0x70, 0x1,
    0x0, 0x3, 0x30, 0x0, 0x0, 0x0, 0x0, 0x0
};


/*---------------------
 *  GLYPH DESCRIPTION
 *--------------------*/

static const lv_font_fmt_txt_glyph_dsc_t glyph_dsc[] = {
    {.bitmap_index = 0, .adv_w = 0, .box_w = 0, .box_h = 0, .ofs_x = 0, .ofs_y = 0} /* id = 0 reserved */,
    {.bitmap_index = 0, .adv_w = 128, .box_w = 0, .box_h = 0, .ofs_x = 0, .ofs_y = 0},
    {.bitmap_index = 0, .adv_w = 128, .box_w = 4, .box_h = 11, .ofs_x = 2, .ofs_y = 0},
    {.bitmap_index = 22, .adv_w = 128, .box_w = 6, .box_h = 5, .ofs_x = 1, .ofs_y = 6},
    {.bitmap_index = 37, .adv_w = 128, .box_w = 8, .box_h = 11, .ofs_x = 0, .ofs_y = 0},
    {.bitmap_index = 81, .adv_w = 128, .box_w = 8, .box_h = 15, .ofs_x = 0, .ofs_y = -2},
    {.bitmap_index = 141, .adv_w = 128, .box_w = 10, .box_h = 11, .ofs_x = -1, .ofs_y = 0},
    {.bitmap_index = 196, .adv_w = 128, .box_w = 8, .box_h = 11, .ofs_x = 0, .ofs_y = 0},
    {.bitmap_index = 240, .adv_w = 128, .box_w = 2, .box_h = 5, .ofs_x = 3, .ofs_y = 6},
    {.bitmap_index = 245, .adv_w = 128, .box_w = 4, .box_h = 17, .ofs_x = 3, .ofs_y = -4},
    {.bitmap_index = 279, .adv_w = 128, .box_w = 4, .box_h = 17, .ofs_x = 1, .ofs_y = -4},
    {.bitmap_index = 313, .adv_w = 128, .box_w = 8, .box_h = 8, .ofs_x = 0, .ofs_y = 3},
    {.bitmap_index = 345, .adv_w = 128, .box_w = 8, .box_h = 8, .ofs_x = 0, .ofs_y = 2},
    {.bitmap_index = 377, .adv_w = 128, .box_w = 3, .box_h = 6, .ofs_x = 2, .ofs_y = -3},
    {.bitmap_index = 386, .adv_w = 128, .box_w = 6, .box_h = 2, .ofs_x = 1, .ofs_y = 5},
    {.bitmap_index = 392, .adv_w = 128, .box_w = 4, .box_h = 3, .ofs_x = 2, .ofs_y = 0},
    {.bitmap_index = 398, .adv_w = 128, .box_w = 8, .box_h = 15, .ofs_x = 0, .ofs_y = -3},
    {.bitmap_index = 458, .adv_w = 128, .box_w = 8, .box_h = 11, .ofs_x = 0, .ofs_y = 0},
    {.bitmap_index = 502, .adv_w = 128, .box_w = 5, .box_h = 12, .ofs_x = 1, .ofs_y = 0},
    {.bitmap_index = 532, .adv_w = 128, .box_w = 8, .box_h = 11, .ofs_x = 0, .ofs_y = 0},
    {.bitmap_index = 576, .adv_w = 128, .box_w = 8, .box_h = 11, .ofs_x = 0, .ofs_y = 0},
    {.bitmap_index = 620, .adv_w = 128, .box_w = 8, .box_h = 11, .ofs_x = 0, .ofs_y = 0},
    {.bitmap_index = 664, .adv_w = 128, .box_w = 8, .box_h = 11, .ofs_x = 0, .ofs_y = 0},
    {.bitmap_index = 708, .adv_w = 128, .box_w = 8, .box_h = 11, .ofs_x = 0, .ofs_y = 0},
    {.bitmap_index = 752, .adv_w = 128, .box_w = 8, .box_h = 11, .ofs_x = 0, .ofs_y = 0},
    {.bitmap_index = 796, .adv_w = 128, .box_w = 8, .box_h = 11, .ofs_x = 0, .ofs_y = 0},
    {.bitmap_index = 840, .adv_w = 128, .box_w = 8, .box_h = 11, .ofs_x = 0, .ofs_y = 0},
    {.bitmap_index = 884, .adv_w = 128, .box_w = 4, .box_h = 8, .ofs_x = 2, .ofs_y = 2},
    {.bitmap_index = 900, .adv_w = 128, .box_w = 4, .box_h = 10, .ofs_x = 2, .ofs_y = -1},
    {.bitmap_index = 920, .adv_w = 128, .box_w = 8, .box_h = 9, .ofs_x = 0, .ofs_y = 1},
    {.bitmap_index = 956, .adv_w = 128, .box_w = 8, .box_h = 6, .ofs_x = 0, .ofs_y = 2},
    {.bitmap_index = 980, .adv_w = 128, .box_w = 8, .box_h = 9, .ofs_x = 0, .ofs_y = 1},
    {.bitmap_index = 1016, .adv_w = 128, .box_w = 7, .box_h = 11, .ofs_x = 0, .ofs_y = 0},
    {.bitmap_index = 1055, .adv_w = 128, .box_w = 8, .box_h = 13, .ofs_x = 0, .ofs_y = -3},
    {.bitmap_index = 1107, .adv_w = 128, .box_w = 8, .box_h = 11, .ofs_x = 0, .ofs_y = 0},
    {.bitmap_index = 1151, .adv_w = 128, .box_w = 8, .box_h = 11, .ofs_x = 0, .ofs_y = 0},
    {.bitmap_index = 1195, .adv_w = 128, .box_w = 8, .box_h = 11, .ofs_x = 0, .ofs_y = 0},
    {.bitmap_index = 1239, .adv_w = 128, .box_w = 8, .box_h = 11, .ofs_x = 0, .ofs_y = 0},
    {.bitmap_index = 1283, .adv_w = 128, .box_w = 6, .box_h = 11, .ofs_x = 1, .ofs_y = 0},
    {.bitmap_index = 1316, .adv_w = 128, .box_w = 8, .box_h = 11, .ofs_x = 0, .ofs_y = 0},
    {.bitmap_index = 1360, .adv_w = 128, .box_w = 8, .box_h = 11, .ofs_x = 0, .ofs_y = 0},
    {.bitmap_index = 1404, .adv_w = 128, .box_w = 8, .box_h = 11, .ofs_x = 0, .ofs_y = 0},
    {.bitmap_index = 1448, .adv_w = 128, .box_w = 6, .box_h = 11, .ofs_x = 1, .ofs_y = 0},
    {.bitmap_index = 1481, .adv_w = 128, .box_w = 7, .box_h = 11, .ofs_x = 1, .ofs_y = 0},
    {.bitmap_index = 1520, .adv_w = 128, .box_w = 8, .box_h = 11, .ofs_x = 0, .ofs_y = 0},
    {.bitmap_index = 1564, .adv_w = 128, .box_w = 8, .box_h = 11, .ofs_x = 0, .ofs_y = 0},
    {.bitmap_index = 1608, .adv_w = 128, .box_w = 8, .box_h = 11, .ofs_x = 0, .ofs_y = 0},
    {.bitmap_index = 1652, .adv_w = 128, .box_w = 8, .box_h = 11, .ofs_x = 0, .ofs_y = 0},
    {.bitmap_index = 1696, .adv_w = 128, .box_w = 8, .box_h = 11, .ofs_x = 0, .ofs_y = 0},
    {.bitmap_index = 1740, .adv_w = 128, .box_w = 8, .box_h = 11, .ofs_x = 0, .ofs_y = 0},
    {.bitmap_index = 1784, .adv_w = 128, .box_w = 8, .box_h = 13, .ofs_x = 0, .ofs_y = -2},
    {.bitmap_index = 1836, .adv_w = 128, .box_w = 8, .box_h = 11, .ofs_x = 0, .ofs_y = 0},
    {.bitmap_index = 1880, .adv_w = 128, .box_w = 8, .box_h = 11, .ofs_x = 0, .ofs_y = 0},
    {.bitmap_index = 1924, .adv_w = 128, .box_w = 8, .box_h = 11, .ofs_x = 0, .ofs_y = 0},
    {.bitmap_index = 1968, .adv_w = 128, .box_w = 8, .box_h = 11, .ofs_x = 0, .ofs_y = 0},
    {.bitmap_index = 2012, .adv_w = 128, .box_w = 8, .box_h = 11, .ofs_x = 0, .ofs_y = 0},
    {.bitmap_index = 2056, .adv_w = 128, .box_w = 8, .box_h = 11, .ofs_x = 0, .ofs_y = 0},
    {.bitmap_index = 2100, .adv_w = 128, .box_w = 8, .box_h = 11, .ofs_x = 0, .ofs_y = 0},
    {.bitmap_index = 2144, .adv_w = 128, .box_w = 8, .box_h = 11, .ofs_x = 0, .ofs_y = 0},
    {.bitmap_index = 2188, .adv_w = 128, .box_w = 8, .box_h = 11, .ofs_x = 0, .ofs_y = 0},
    {.bitmap_index = 2232, .adv_w = 128, .box_w = 4, .box_h = 17, .ofs_x = 4, .ofs_y = -3},
    {.bitmap_index = 2266, .adv_w = 128, .box_w = 8, .box_h = 15, .ofs_x = 0, .ofs_y = -3},
    {.bitmap_index = 2326, .adv_w = 128, .box_w = 4, .box_h = 17, .ofs_x = 0, .ofs_y = -3},
    {.bitmap_index = 2360, .adv_w = 128, .box_w = 8, .box_h = 5, .ofs_x = 0, .ofs_y = 6},
    {.bitmap_index = 2380, .adv_w = 128, .box_w = 8, .box_h = 3, .ofs_x = 0, .ofs_y = -4},
    {.bitmap_index = 2392, .adv_w = 128, .box_w = 4, .box_h = 4, .ofs_x = 2, .ofs_y = 9},
    {.bitmap_index = 2400, .adv_w = 128, .box_w = 8, .box_h = 8, .ofs_x = 0, .ofs_y = 0},
    {.bitmap_index = 2432, .adv_w = 128, .box_w = 8, .box_h = 11, .ofs_x = 0, .ofs_y = 0},
    {.bitmap_index = 2476, .adv_w = 128, .box_w = 8, .box_h = 8, .ofs_x = 0, .ofs_y = 0},
    {.bitmap_index = 2508, .adv_w = 128, .box_w = 8, .box_h = 11, .ofs_x = 0, .ofs_y = 0},
    {.bitmap_index = 2552, .adv_w = 128, .box_w = 8, .box_h = 8, .ofs_x = 0, .ofs_y = 0},
    {.bitmap_index = 2584, .adv_w = 128, .box_w = 8, .box_h = 11, .ofs_x = 0, .ofs_y = 0},
    {.bitmap_index = 2628, .adv_w = 128, .box_w = 8, .box_h = 11, .ofs_x = 0, .ofs_y = -3},
    {.bitmap_index = 2672, .adv_w = 128, .box_w = 8, .box_h = 11, .ofs_x = 0, .ofs_y = 0},
    {.bitmap_index = 2716, .adv_w = 128, .box_w = 6, .box_h = 11, .ofs_x = 1, .ofs_y = 0},
    {.bitmap_index = 2749, .adv_w = 128, .box_w = 6, .box_h = 14, .ofs_x = 1, .ofs_y = -3},
    {.bitmap_index = 2791, .adv_w = 128, .box_w = 8, .box_h = 11, .ofs_x = 0, .ofs_y = 0},
    {.bitmap_index = 2835, .adv_w = 128, .box_w = 5, .box_h = 11, .ofs_x = 1, .ofs_y = 0},
    {.bitmap_index = 2863, .adv_w = 128, .box_w = 8, .box_h = 8, .ofs_x = 0, .ofs_y = 0},
    {.bitmap_index = 2895, .adv_w = 128, .box_w = 8, .box_h = 8, .ofs_x = 0, .ofs_y = 0},
    {.bitmap_index = 2927, .adv_w = 128, .box_w = 8, .box_h = 8, .ofs_x = 0, .ofs_y = 0},
    {.bitmap_index = 2959, .adv_w = 128, .box_w = 8, .box_h = 11, .ofs_x = 0, .ofs_y = -3},
    {.bitmap_index = 3003, .adv_w = 128, .box_w = 8, .box_h = 11, .ofs_x = 0, .ofs_y = -3},
    {.bitmap_index = 3047, .adv_w = 128, .box_w = 8, .box_h = 8, .ofs_x = 0, .ofs_y = 0},
    {.bitmap_index = 3079, .adv_w = 128, .box_w = 7, .box_h = 8, .ofs_x = 1, .ofs_y = 0},
    {.bitmap_index = 3107, .adv_w = 128, .box_w = 7, .box_h = 10, .ofs_x = 0, .ofs_y = 0},
    {.bitmap_index = 3142, .adv_w = 128, .box_w = 8, .box_h = 8, .ofs_x = 0, .ofs_y = 0},
    {.bitmap_index = 3174, .adv_w = 128, .box_w = 8, .box_h = 8, .ofs_x = 0, .ofs_y = 0},
    {.bitmap_index = 3206, .adv_w = 128, .box_w = 8, .box_h = 8, .ofs_x = 0, .ofs_y = 0},
    {.bitmap_index = 3238, .adv_w = 128, .box_w = 8, .box_h = 8, .ofs_x = 0, .ofs_y = 0},
    {.bitmap_index = 3270, .adv_w = 128, .box_w = 8, .box_h = 11, .ofs_x = 0, .ofs_y = -3},
    {.bitmap_index = 3314, .adv_w = 128, .box_w = 8, .box_h = 8, .ofs_x = 0, .ofs_y = 0},
    {.bitmap_index = 3346, .adv_w = 128, .box_w = 6, .box_h = 17, .ofs_x = 2, .ofs_y = -3},
    {.bitmap_index = 3397, .adv_w = 128, .box_w = 2, .box_h = 16, .ofs_x = 3, .ofs_y = -3},
    {.bitmap_index = 3413, .adv_w = 128, .box_w = 6, .box_h = 17, .ofs_x = 0, .ofs_y = -3},
    {.bitmap_index = 3464, .adv_w = 128, .box_w = 8, .box_h = 4, .ofs_x = 0, .ofs_y = 4},
    {.bitmap_index = 3480, .adv_w = 128, .box_w = 0, .box_h = 0, .ofs_x = 0, .ofs_y = 0},
    {.bitmap_index = 3480, .adv_w = 128, .box_w = 4, .box_h = 12, .ofs_x = 2, .ofs_y = -3},
    {.bitmap_index = 3504, .adv_w = 128, .box_w = 8, .box_h = 15, .ofs_x = 0, .ofs_y = -2},
    {.bitmap_index = 3564, .adv_w = 128, .box_w = 8, .box_h = 11, .ofs_x = 0, .ofs_y = 0},
    {.bitmap_index = 3608, .adv_w = 128, .box_w = 10, .box_h = 9, .ofs_x = -1, .ofs_y = 1},
    {.bitmap_index = 3653, .adv_w = 128, .box_w = 8, .box_h = 11, .ofs_x = 0, .ofs_y = 0},
    {.bitmap_index = 3697, .adv_w = 128, .box_w = 2, .box_h = 15, .ofs_x = 3, .ofs_y = -3},
    {.bitmap_index = 3712, .adv_w = 128, .box_w = 8, .box_h = 14, .ofs_x = 0, .ofs_y = -3},
    {.bitmap_index = 3768, .adv_w = 128, .box_w = 8, .box_h = 3, .ofs_x = 0, .ofs_y = 9},
    {.bitmap_index = 3780, .adv_w = 128, .box_w = 8, .box_h = 12, .ofs_x = 0, .ofs_y = 0},
    {.bitmap_index = 3828, .adv_w = 128, .box_w = 6, .box_h = 10, .ofs_x = 1, .ofs_y = 2},
    {.bitmap_index = 3858, .adv_w = 128, .box_w = 8, .box_h = 9, .ofs_x = 0, .ofs_y = -1},
    {.bitmap_index = 3894, .adv_w = 128, .box_w = 8, .box_h = 7, .ofs_x = 0, .ofs_y = 0},
    {.bitmap_index = 3922, .adv_w = 128, .box_w = 8, .box_h = 12, .ofs_x = 0, .ofs_y = 0},
    {.bitmap_index = 3970, .adv_w = 128, .box_w = 8, .box_h = 2, .ofs_x = 0, .ofs_y = 10},
    {.bitmap_index = 3978, .adv_w = 128, .box_w = 6, .box_h = 5, .ofs_x = 1, .ofs_y = 7},
    {.bitmap_index = 3993, .adv_w = 128, .box_w = 8, .box_h = 12, .ofs_x = 0, .ofs_y = -2},
    {.bitmap_index = 4041, .adv_w = 128, .box_w = 4, .box_h = 7, .ofs_x = 2, .ofs_y = 5},
    {.bitmap_index = 4055, .adv_w = 128, .box_w = 4, .box_h = 7, .ofs_x = 2, .ofs_y = 5},
    {.bitmap_index = 4069, .adv_w = 128, .box_w = 4, .box_h = 4, .ofs_x = 2, .ofs_y = 9},
    {.bitmap_index = 4077, .adv_w = 128, .box_w = 8, .box_h = 14, .ofs_x = 0, .ofs_y = -3},
    {.bitmap_index = 4133, .adv_w = 128, .box_w = 4, .box_h = 3, .ofs_x = 2, .ofs_y = 4},
    {.bitmap_index = 4139, .adv_w = 128, .box_w = 4, .box_h = 4, .ofs_x = 2, .ofs_y = -4},
    {.bitmap_index = 4147, .adv_w = 128, .box_w = 4, .box_h = 7, .ofs_x = 2, .ofs_y = 5},
    {.bitmap_index = 4161, .adv_w = 128, .box_w = 6, .box_h = 10, .ofs_x = 1, .ofs_y = 2},
    {.bitmap_index = 4191, .adv_w = 128, .box_w = 8, .box_h = 9, .ofs_x = 0, .ofs_y = -1},
    {.bitmap_index = 4227, .adv_w = 128, .box_w = 10, .box_h = 13, .ofs_x = -1, .ofs_y = -1},
    {.bitmap_index = 4292, .adv_w = 128, .box_w = 10, .box_h = 13, .ofs_x = -1, .ofs_y = -1},
    {.bitmap_index = 4357, .adv_w = 128, .box_w = 10, .box_h = 12, .ofs_x = -1, .ofs_y = -1},
    {.bitmap_index = 4417, .adv_w = 128, .box_w = 7, .box_h = 12, .ofs_x = 1, .ofs_y = -3},
    {.bitmap_index = 4459, .adv_w = 128, .box_w = 8, .box_h = 15, .ofs_x = 0, .ofs_y = 0},
    {.bitmap_index = 4519, .adv_w = 128, .box_w = 8, .box_h = 15, .ofs_x = 0, .ofs_y = 0},
    {.bitmap_index = 4579, .adv_w = 128, .box_w = 8, .box_h = 15, .ofs_x = 0, .ofs_y = 0},
    {.bitmap_index = 4639, .adv_w = 128, .box_w = 8, .box_h = 15, .ofs_x = 0, .ofs_y = 0},
    {.bitmap_index = 4699, .adv_w = 128, .box_w = 8, .box_h = 15, .ofs_x = 0, .ofs_y = 0},
    {.bitmap_index = 4759, .adv_w = 128, .box_w = 8, .box_h = 15, .ofs_x = 0, .ofs_y = 0},
    {.bitmap_index = 4819, .adv_w = 128, .box_w = 8, .box_h = 11, .ofs_x = 0, .ofs_y = 0},
    {.bitmap_index = 4863, .adv_w = 128, .box_w = 8, .box_h = 15, .ofs_x = 0, .ofs_y = -4},
    {.bitmap_index = 4923, .adv_w = 128, .box_w = 6, .box_h = 15, .ofs_x = 1, .ofs_y = 0},
    {.bitmap_index = 4968, .adv_w = 128, .box_w = 6, .box_h = 15, .ofs_x = 1, .ofs_y = 0},
    {.bitmap_index = 5013, .adv_w = 128, .box_w = 8, .box_h = 15, .ofs_x = 0, .ofs_y = 0},
    {.bitmap_index = 5073, .adv_w = 128, .box_w = 8, .box_h = 15, .ofs_x = 0, .ofs_y = 0},
    {.bitmap_index = 5133, .adv_w = 128, .box_w = 6, .box_h = 15, .ofs_x = 1, .ofs_y = 0},
    {.bitmap_index = 5178, .adv_w = 128, .box_w = 6, .box_h = 15, .ofs_x = 1, .ofs_y = 0},
    {.bitmap_index = 5223, .adv_w = 128, .box_w = 8, .box_h = 15, .ofs_x = 0, .ofs_y = 0},
    {.bitmap_index = 5283, .adv_w = 128, .box_w = 8, .box_h = 15, .ofs_x = 0, .ofs_y = 0},
    {.bitmap_index = 5343, .adv_w = 128, .box_w = 8, .box_h = 11, .ofs_x = 0, .ofs_y = 0},
    {.bitmap_index = 5387, .adv_w = 128, .box_w = 8, .box_h = 15, .ofs_x = 0, .ofs_y = 0},
    {.bitmap_index = 5447, .adv_w = 128, .box_w = 8, .box_h = 15, .ofs_x = 0, .ofs_y = 0},
    {.bitmap_index = 5507, .adv_w = 128, .box_w = 8, .box_h = 15, .ofs_x = 0, .ofs_y = 0},
    {.bitmap_index = 5567, .adv_w = 128, .box_w = 8, .box_h = 16, .ofs_x = 0, .ofs_y = 0},
    {.bitmap_index = 5631, .adv_w = 128, .box_w = 8, .box_h = 15, .ofs_x = 0, .ofs_y = 0},
    {.bitmap_index = 5691, .adv_w = 128, .box_w = 8, .box_h = 15, .ofs_x = 0, .ofs_y = 0},
    {.bitmap_index = 5751, .adv_w = 128, .box_w = 6, .box_h = 7, .ofs_x = 1, .ofs_y = 2},
    {.bitmap_index = 5772, .adv_w = 128, .box_w = 8, .box_h = 13, .ofs_x = 0, .ofs_y = -1},
    {.bitmap_index = 5824, .adv_w = 128, .box_w = 8, .box_h = 15, .ofs_x = 0, .ofs_y = 0},
    {.bitmap_index = 5884, .adv_w = 128, .box_w = 8, .box_h = 15, .ofs_x = 0, .ofs_y = 0},
    {.bitmap_index = 5944, .adv_w = 128, .box_w = 8, .box_h = 16, .ofs_x = 0, .ofs_y = 0},
    {.bitmap_index = 6008, .adv_w = 128, .box_w = 8, .box_h = 15, .ofs_x = 0, .ofs_y = 0},
    {.bitmap_index = 6068, .adv_w = 128, .box_w = 8, .box_h = 15, .ofs_x = 0, .ofs_y = 0},
    {.bitmap_index = 6128, .adv_w = 128, .box_w = 8, .box_h = 11, .ofs_x = 0, .ofs_y = 0},
    {.bitmap_index = 6172, .adv_w = 128, .box_w = 8, .box_h = 11, .ofs_x = 0, .ofs_y = 0},
    {.bitmap_index = 6216, .adv_w = 128, .box_w = 8, .box_h = 12, .ofs_x = 0, .ofs_y = 0},
    {.bitmap_index = 6264, .adv_w = 128, .box_w = 8, .box_h = 12, .ofs_x = 0, .ofs_y = 0},
    {.bitmap_index = 6312, .adv_w = 128, .box_w = 8, .box_h = 12, .ofs_x = 0, .ofs_y = 0},
    {.bitmap_index = 6360, .adv_w = 128, .box_w = 8, .box_h = 11, .ofs_x = 0, .ofs_y = 0},
    {.bitmap_index = 6404, .adv_w = 128, .box_w = 8, .box_h = 11, .ofs_x = 0, .ofs_y = 0},
    {.bitmap_index = 6448, .adv_w = 128, .box_w = 8, .box_h = 11, .ofs_x = 0, .ofs_y = 0},
    {.bitmap_index = 6492, .adv_w = 128, .box_w = 8, .box_h = 8, .ofs_x = 0, .ofs_y = 0},
    {.bitmap_index = 6524, .adv_w = 128, .box_w = 8, .box_h = 12, .ofs_x = 0, .ofs_y = -4},
    {.bitmap_index = 6572, .adv_w = 128, .box_w = 8, .box_h = 12, .ofs_x = 0, .ofs_y = 0},
    {.bitmap_index = 6620, .adv_w = 128, .box_w = 8, .box_h = 12, .ofs_x = 0, .ofs_y = 0},
    {.bitmap_index = 6668, .adv_w = 128, .box_w = 8, .box_h = 12, .ofs_x = 0, .ofs_y = 0},
    {.bitmap_index = 6716, .adv_w = 128, .box_w = 8, .box_h = 11, .ofs_x = 0, .ofs_y = 0},
    {.bitmap_index = 6760, .adv_w = 128, .box_w = 6, .box_h = 12, .ofs_x = 1, .ofs_y = 0},
    {.bitmap_index = 6796, .adv_w = 128, .box_w = 6, .box_h = 12, .ofs_x = 1, .ofs_y = 0},
    {.bitmap_index = 6832, .adv_w = 128, .box_w = 7, .box_h = 12, .ofs_x = 0, .ofs_y = 0},
    {.bitmap_index = 6874, .adv_w = 128, .box_w = 7, .box_h = 11, .ofs_x = 0, .ofs_y = 0},
    {.bitmap_index = 6913, .adv_w = 128, .box_w = 8, .box_h = 13, .ofs_x = 0, .ofs_y = 0},
    {.bitmap_index = 6965, .adv_w = 128, .box_w = 8, .box_h = 11, .ofs_x = 0, .ofs_y = 0},
    {.bitmap_index = 7009, .adv_w = 128, .box_w = 8, .box_h = 12, .ofs_x = 0, .ofs_y = 0},
    {.bitmap_index = 7057, .adv_w = 128, .box_w = 8, .box_h = 12, .ofs_x = 0, .ofs_y = 0},
    {.bitmap_index = 7105, .adv_w = 128, .box_w = 8, .box_h = 12, .ofs_x = 0, .ofs_y = 0},
    {.bitmap_index = 7153, .adv_w = 128, .box_w = 8, .box_h = 11, .ofs_x = 0, .ofs_y = 0},
    {.bitmap_index = 7197, .adv_w = 128, .box_w = 8, .box_h = 11, .ofs_x = 0, .ofs_y = 0},
    {.bitmap_index = 7241, .adv_w = 128, .box_w = 8, .box_h = 10, .ofs_x = 0, .ofs_y = 1},
    {.bitmap_index = 7281, .adv_w = 128, .box_w = 8, .box_h = 10, .ofs_x = 0, .ofs_y = -1},
    {.bitmap_index = 7321, .adv_w = 128, .box_w = 8, .box_h = 12, .ofs_x = 0, .ofs_y = 0},
    {.bitmap_index = 7369, .adv_w = 128, .box_w = 8, .box_h = 12, .ofs_x = 0, .ofs_y = 0},
    {.bitmap_index = 7417, .adv_w = 128, .box_w = 8, .box_h = 12, .ofs_x = 0, .ofs_y = 0},
    {.bitmap_index = 7465, .adv_w = 128, .box_w = 8, .box_h = 11, .ofs_x = 0, .ofs_y = 0},
    {.bitmap_index = 7509, .adv_w = 128, .box_w = 8, .box_h = 15, .ofs_x = 0, .ofs_y = -3},
    {.bitmap_index = 7569, .adv_w = 128, .box_w = 8, .box_h = 14, .ofs_x = 0, .ofs_y = -3},
    {.bitmap_index = 7625, .adv_w = 128, .box_w = 8, .box_h = 14, .ofs_x = 0, .ofs_y = -3},
    {.bitmap_index = 7681, .adv_w = 128, .box_w = 8, .box_h = 15, .ofs_x = 0, .ofs_y = 0},
    {.bitmap_index = 7741, .adv_w = 128, .box_w = 8, .box_h = 11, .ofs_x = 0, .ofs_y = 0},
    {.bitmap_index = 7785, .adv_w = 128, .box_w = 8, .box_h = 15, .ofs_x = 0, .ofs_y = 0},
    {.bitmap_index = 7845, .adv_w = 128, .box_w = 8, .box_h = 12, .ofs_x = 0, .ofs_y = 0},
    {.bitmap_index = 7893, .adv_w = 128, .box_w = 8, .box_h = 15, .ofs_x = 0, .ofs_y = -4},
    {.bitmap_index = 7953, .adv_w = 128, .box_w = 8, .box_h = 12, .ofs_x = 0, .ofs_y = -4},
    {.bitmap_index = 8001, .adv_w = 128, .box_w = 8, .box_h = 15, .ofs_x = 0, .ofs_y = 0},
    {.bitmap_index = 8061, .adv_w = 128, .box_w = 8, .box_h = 12, .ofs_x = 0, .ofs_y = 0},
    {.bitmap_index = 8109, .adv_w = 128, .box_w = 8, .box_h = 15, .ofs_x = 0, .ofs_y = 0},
    {.bitmap_index = 8169, .adv_w = 128, .box_w = 8, .box_h = 11, .ofs_x = 0, .ofs_y = 0},
    {.bitmap_index = 8213, .adv_w = 128, .box_w = 8, .box_h = 16, .ofs_x = 0, .ofs_y = 0},
    {.bitmap_index = 8277, .adv_w = 128, .box_w = 8, .box_h = 12, .ofs_x = 0, .ofs_y = 0},
    {.bitmap_index = 8325, .adv_w = 128, .box_w = 8, .box_h = 15, .ofs_x = 0, .ofs_y = 0},
    {.bitmap_index = 8385, .adv_w = 128, .box_w = 10, .box_h = 12, .ofs_x = 0, .ofs_y = 0},
    {.bitmap_index = 8445, .adv_w = 128, .box_w = 8, .box_h = 11, .ofs_x = 0, .ofs_y = 0},
    {.bitmap_index = 8489, .adv_w = 128, .box_w = 8, .box_h = 11, .ofs_x = 0, .ofs_y = 0},
    {.bitmap_index = 8533, .adv_w = 128, .box_w = 8, .box_h = 15, .ofs_x = 0, .ofs_y = 0},
    {.bitmap_index = 8593, .adv_w = 128, .box_w = 8, .box_h = 11, .ofs_x = 0, .ofs_y = 0},
    {.bitmap_index = 8637, .adv_w = 128, .box_w = 6, .box_h = 15, .ofs_x = 1, .ofs_y = 0},
    {.bitmap_index = 8682, .adv_w = 128, .box_w = 8, .box_h = 11, .ofs_x = 0, .ofs_y = 0},
    {.bitmap_index = 8726, .adv_w = 128, .box_w = 6, .box_h = 15, .ofs_x = 1, .ofs_y = -4},
    {.bitmap_index = 8771, .adv_w = 128, .box_w = 8, .box_h = 12, .ofs_x = 0, .ofs_y = -4},
    {.bitmap_index = 8819, .adv_w = 128, .box_w = 8, .box_h = 15, .ofs_x = 0, .ofs_y = 0},
    {.bitmap_index = 8879, .adv_w = 128, .box_w = 8, .box_h = 12, .ofs_x = 0, .ofs_y = 0},
    {.bitmap_index = 8927, .adv_w = 128, .box_w = 8, .box_h = 16, .ofs_x = 0, .ofs_y = 0},
    {.bitmap_index = 8991, .adv_w = 128, .box_w = 8, .box_h = 15, .ofs_x = 0, .ofs_y = -3},
    {.bitmap_index = 9051, .adv_w = 128, .box_w = 8, .box_h = 15, .ofs_x = 0, .ofs_y = 0},
    {.bitmap_index = 9111, .adv_w = 128, .box_w = 8, .box_h = 14, .ofs_x = 0, .ofs_y = -3},
    {.bitmap_index = 9167, .adv_w = 128, .box_w = 8, .box_h = 15, .ofs_x = 0, .ofs_y = -4},
    {.bitmap_index = 9227, .adv_w = 128, .box_w = 8, .box_h = 17, .ofs_x = 0, .ofs_y = -3},
    {.bitmap_index = 9295, .adv_w = 128, .box_w = 8, .box_h = 11, .ofs_x = 0, .ofs_y = 0},
    {.bitmap_index = 9339, .adv_w = 128, .box_w = 8, .box_h = 11, .ofs_x = 0, .ofs_y = 0},
    {.bitmap_index = 9383, .adv_w = 128, .box_w = 8, .box_h = 15, .ofs_x = 0, .ofs_y = 0},
    {.bitmap_index = 9443, .adv_w = 128, .box_w = 8, .box_h = 11, .ofs_x = 0, .ofs_y = 0},
    {.bitmap_index = 9487, .adv_w = 128, .box_w = 8, .box_h = 15, .ofs_x = 0, .ofs_y = 0},
    {.bitmap_index = 9547, .adv_w = 128, .box_w = 8, .box_h = 11, .ofs_x = 0, .ofs_y = 0},
    {.bitmap_index = 9591, .adv_w = 128, .box_w = 8, .box_h = 15, .ofs_x = 0, .ofs_y = 0},
    {.bitmap_index = 9651, .adv_w = 128, .box_w = 8, .box_h = 12, .ofs_x = 0, .ofs_y = 0},
    {.bitmap_index = 9699, .adv_w = 128, .box_w = 6, .box_h = 15, .ofs_x = 1, .ofs_y = -4},
    {.bitmap_index = 9744, .adv_w = 128, .box_w = 6, .box_h = 15, .ofs_x = 1, .ofs_y = -4},
    {.bitmap_index = 9789, .adv_w = 128, .box_w = 6, .box_h = 15, .ofs_x = 1, .ofs_y = 0},
    {.bitmap_index = 9834, .adv_w = 128, .box_w = 6, .box_h = 8, .ofs_x = 1, .ofs_y = 0},
    {.bitmap_index = 9858, .adv_w = 128, .box_w = 8, .box_h = 11, .ofs_x = 0, .ofs_y = 0},
    {.bitmap_index = 9902, .adv_w = 128, .box_w = 8, .box_h = 14, .ofs_x = 0, .ofs_y = -3},
    {.bitmap_index = 9958, .adv_w = 128, .box_w = 8, .box_h = 15, .ofs_x = 0, .ofs_y = -4},
    {.bitmap_index = 10018, .adv_w = 128, .box_w = 8, .box_h = 15, .ofs_x = 0, .ofs_y = -4},
    {.bitmap_index = 10078, .adv_w = 128, .box_w = 8, .box_h = 15, .ofs_x = 0, .ofs_y = 0},
    {.bitmap_index = 10138, .adv_w = 128, .box_w = 6, .box_h = 15, .ofs_x = 1, .ofs_y = 0},
    {.bitmap_index = 10183, .adv_w = 128, .box_w = 8, .box_h = 15, .ofs_x = 0, .ofs_y = -4},
    {.bitmap_index = 10243, .adv_w = 128, .box_w = 5, .box_h = 15, .ofs_x = 1, .ofs_y = -4},
    {.bitmap_index = 10281, .adv_w = 128, .box_w = 8, .box_h = 12, .ofs_x = 0, .ofs_y = 0},
    {.bitmap_index = 10329, .adv_w = 128, .box_w = 7, .box_h = 12, .ofs_x = 1, .ofs_y = 0},
    {.bitmap_index = 10371, .adv_w = 128, .box_w = 8, .box_h = 11, .ofs_x = 0, .ofs_y = 0},
    {.bitmap_index = 10415, .adv_w = 128, .box_w = 7, .box_h = 11, .ofs_x = 1, .ofs_y = 0},
    {.bitmap_index = 10454, .adv_w = 128, .box_w = 8, .box_h = 15, .ofs_x = 0, .ofs_y = 0},
    {.bitmap_index = 10514, .adv_w = 128, .box_w = 8, .box_h = 12, .ofs_x = 0, .ofs_y = 0},
    {.bitmap_index = 10562, .adv_w = 128, .box_w = 8, .box_h = 15, .ofs_x = 0, .ofs_y = -4},
    {.bitmap_index = 10622, .adv_w = 128, .box_w = 8, .box_h = 12, .ofs_x = 0, .ofs_y = -4},
    {.bitmap_index = 10670, .adv_w = 128, .box_w = 8, .box_h = 15, .ofs_x = 0, .ofs_y = 0},
    {.bitmap_index = 10730, .adv_w = 128, .box_w = 8, .box_h = 12, .ofs_x = 0, .ofs_y = 0},
    {.bitmap_index = 10778, .adv_w = 128, .box_w = 8, .box_h = 14, .ofs_x = 0, .ofs_y = -3},
    {.bitmap_index = 10834, .adv_w = 128, .box_w = 8, .box_h = 11, .ofs_x = 0, .ofs_y = -3},
    {.bitmap_index = 10878, .adv_w = 128, .box_w = 8, .box_h = 15, .ofs_x = 0, .ofs_y = 0},
    {.bitmap_index = 10938, .adv_w = 128, .box_w = 8, .box_h = 11, .ofs_x = 0, .ofs_y = 0},
    {.bitmap_index = 10982, .adv_w = 128, .box_w = 9, .box_h = 15, .ofs_x = 0, .ofs_y = 0},
    {.bitmap_index = 11050, .adv_w = 128, .box_w = 9, .box_h = 12, .ofs_x = 0, .ofs_y = 0},
    {.bitmap_index = 11104, .adv_w = 128, .box_w = 8, .box_h = 11, .ofs_x = 0, .ofs_y = 0},
    {.bitmap_index = 11148, .adv_w = 128, .box_w = 8, .box_h = 8, .ofs_x = 0, .ofs_y = 0},
    {.bitmap_index = 11180, .adv_w = 128, .box_w = 8, .box_h = 15, .ofs_x = 0, .ofs_y = 0},
    {.bitmap_index = 11240, .adv_w = 128, .box_w = 8, .box_h = 12, .ofs_x = 0, .ofs_y = 0},
    {.bitmap_index = 11288, .adv_w = 128, .box_w = 8, .box_h = 15, .ofs_x = 0, .ofs_y = -4},
    {.bitmap_index = 11348, .adv_w = 128, .box_w = 8, .box_h = 12, .ofs_x = 0, .ofs_y = -4},
    {.bitmap_index = 11396, .adv_w = 128, .box_w = 8, .box_h = 15, .ofs_x = 0, .ofs_y = 0},
    {.bitmap_index = 11456, .adv_w = 128, .box_w = 8, .box_h = 12, .ofs_x = 0, .ofs_y = 0},
    {.bitmap_index = 11504, .adv_w = 128, .box_w = 8, .box_h = 15, .ofs_x = 0, .ofs_y = 0},
    {.bitmap_index = 11564, .adv_w = 128, .box_w = 7, .box_h = 12, .ofs_x = 1, .ofs_y = 0},
    {.bitmap_index = 11606, .adv_w = 128, .box_w = 8, .box_h = 15, .ofs_x = 0, .ofs_y = -4},
    {.bitmap_index = 11666, .adv_w = 128, .box_w = 7, .box_h = 12, .ofs_x = 1, .ofs_y = -4},
    {.bitmap_index = 11708, .adv_w = 128, .box_w = 8, .box_h = 16, .ofs_x = 0, .ofs_y = 0},
    {.bitmap_index = 11772, .adv_w = 128, .box_w = 8, .box_h = 12, .ofs_x = 0, .ofs_y = 0},
    {.bitmap_index = 11820, .adv_w = 128, .box_w = 8, .box_h = 15, .ofs_x = 0, .ofs_y = -4},
    {.bitmap_index = 11880, .adv_w = 128, .box_w = 7, .box_h = 14, .ofs_x = 0, .ofs_y = -4},
    {.bitmap_index = 11929, .adv_w = 128, .box_w = 8, .box_h = 15, .ofs_x = 0, .ofs_y = 0},
    {.bitmap_index = 11989, .adv_w = 128, .box_w = 8, .box_h = 12, .ofs_x = 0, .ofs_y = 0},
    {.bitmap_index = 12037, .adv_w = 128, .box_w = 8, .box_h = 11, .ofs_x = 0, .ofs_y = 0},
    {.bitmap_index = 12081, .adv_w = 128, .box_w = 7, .box_h = 10, .ofs_x = 0, .ofs_y = 0},
    {.bitmap_index = 12116, .adv_w = 128, .box_w = 8, .box_h = 15, .ofs_x = 0, .ofs_y = 0},
    {.bitmap_index = 12176, .adv_w = 128, .box_w = 8, .box_h = 11, .ofs_x = 0, .ofs_y = 0},
    {.bitmap_index = 12220, .adv_w = 128, .box_w = 8, .box_h = 15, .ofs_x = 0, .ofs_y = 0},
    {.bitmap_index = 12280, .adv_w = 128, .box_w = 8, .box_h = 11, .ofs_x = 0, .ofs_y = 0},
    {.bitmap_index = 12324, .adv_w = 128, .box_w = 8, .box_h = 15, .ofs_x = 0, .ofs_y = 0},
    {.bitmap_index = 12384, .adv_w = 128, .box_w = 8, .box_h = 11, .ofs_x = 0, .ofs_y = 0},
    {.bitmap_index = 12428, .adv_w = 128, .box_w = 9, .box_h = 15, .ofs_x = 0, .ofs_y = 0},
    {.bitmap_index = 12496, .adv_w = 128, .box_w = 9, .box_h = 12, .ofs_x = 0, .ofs_y = 0},
    {.bitmap_index = 12550, .adv_w = 128, .box_w = 8, .box_h = 15, .ofs_x = 0, .ofs_y = -4},
    {.bitmap_index = 12610, .adv_w = 128, .box_w = 8, .box_h = 12, .ofs_x = 0, .ofs_y = -4},
    {.bitmap_index = 12658, .adv_w = 128, .box_w = 8, .box_h = 15, .ofs_x = 0, .ofs_y = 0},
    {.bitmap_index = 12718, .adv_w = 128, .box_w = 8, .box_h = 12, .ofs_x = 0, .ofs_y = 0},
    {.bitmap_index = 12766, .adv_w = 128, .box_w = 8, .box_h = 16, .ofs_x = 0, .ofs_y = 0},
    {.bitmap_index = 12830, .adv_w = 128, .box_w = 8, .box_h = 15, .ofs_x = 0, .ofs_y = -3},
    {.bitmap_index = 12890, .adv_w = 128, .box_w = 8, .box_h = 15, .ofs_x = 0, .ofs_y = 0},
    {.bitmap_index = 12950, .adv_w = 128, .box_w = 8, .box_h = 15, .ofs_x = 0, .ofs_y = 0},
    {.bitmap_index = 13010, .adv_w = 128, .box_w = 8, .box_h = 12, .ofs_x = 0, .ofs_y = 0},
    {.bitmap_index = 13058, .adv_w = 128, .box_w = 8, .box_h = 15, .ofs_x = 0, .ofs_y = 0},
    {.bitmap_index = 13118, .adv_w = 128, .box_w = 8, .box_h = 11, .ofs_x = 0, .ofs_y = 0},
    {.bitmap_index = 13162, .adv_w = 128, .box_w = 8, .box_h = 15, .ofs_x = 0, .ofs_y = 0},
    {.bitmap_index = 13222, .adv_w = 128, .box_w = 8, .box_h = 12, .ofs_x = 0, .ofs_y = 0},
    {.bitmap_index = 13270, .adv_w = 128, .box_w = 8, .box_h = 11, .ofs_x = 0, .ofs_y = 0},
    {.bitmap_index = 13314, .adv_w = 128, .box_w = 7, .box_h = 11, .ofs_x = 1, .ofs_y = 0},
    {.bitmap_index = 13353, .adv_w = 128, .box_w = 8, .box_h = 11, .ofs_x = 0, .ofs_y = 0},
    {.bitmap_index = 13397, .adv_w = 128, .box_w = 8, .box_h = 11, .ofs_x = 0, .ofs_y = 0},
    {.bitmap_index = 13441, .adv_w = 128, .box_w = 8, .box_h = 14, .ofs_x = 0, .ofs_y = -3},
    {.bitmap_index = 13497, .adv_w = 128, .box_w = 8, .box_h = 14, .ofs_x = 0, .ofs_y = -3},
    {.bitmap_index = 13553, .adv_w = 128, .box_w = 9, .box_h = 14, .ofs_x = -1, .ofs_y = -3},
    {.bitmap_index = 13616, .adv_w = 128, .box_w = 9, .box_h = 14, .ofs_x = 0, .ofs_y = 0},
    {.bitmap_index = 13679, .adv_w = 128, .box_w = 9, .box_h = 11, .ofs_x = 0, .ofs_y = 0},
    {.bitmap_index = 13729, .adv_w = 128, .box_w = 9, .box_h = 14, .ofs_x = 0, .ofs_y = 0},
    {.bitmap_index = 13792, .adv_w = 128, .box_w = 9, .box_h = 11, .ofs_x = 0, .ofs_y = 0},
    {.bitmap_index = 13842, .adv_w = 128, .box_w = 8, .box_h = 11, .ofs_x = 0, .ofs_y = 0},
    {.bitmap_index = 13886, .adv_w = 128, .box_w = 8, .box_h = 8, .ofs_x = 0, .ofs_y = 0},
    {.bitmap_index = 13918, .adv_w = 128, .box_w = 8, .box_h = 16, .ofs_x = 0, .ofs_y = 0},
    {.bitmap_index = 13982, .adv_w = 128, .box_w = 8, .box_h = 15, .ofs_x = 0, .ofs_y = -3},
    {.bitmap_index = 14042, .adv_w = 128, .box_w = 8, .box_h = 16, .ofs_x = 0, .ofs_y = 0},
    {.bitmap_index = 14106, .adv_w = 128, .box_w = 8, .box_h = 15, .ofs_x = 0, .ofs_y = -3},
    {.bitmap_index = 14166, .adv_w = 128, .box_w = 8, .box_h = 15, .ofs_x = 0, .ofs_y = 0},
    {.bitmap_index = 14226, .adv_w = 128, .box_w = 8, .box_h = 16, .ofs_x = 0, .ofs_y = -3},
    {.bitmap_index = 14290, .adv_w = 128, .box_w = 8, .box_h = 15, .ofs_x = 0, .ofs_y = 0},
    {.bitmap_index = 14350, .adv_w = 128, .box_w = 8, .box_h = 12, .ofs_x = 0, .ofs_y = 0},
    {.bitmap_index = 14398, .adv_w = 128, .box_w = 8, .box_h = 11, .ofs_x = 0, .ofs_y = 0},
    {.bitmap_index = 14442, .adv_w = 128, .box_w = 7, .box_h = 11, .ofs_x = 1, .ofs_y = 0},
    {.bitmap_index = 14481, .adv_w = 128, .box_w = 7, .box_h = 8, .ofs_x = 1, .ofs_y = 0},
    {.bitmap_index = 14509, .adv_w = 128, .box_w = 8, .box_h = 11, .ofs_x = 0, .ofs_y = 0},
    {.bitmap_index = 14553, .adv_w = 128, .box_w = 8, .box_h = 8, .ofs_x = 0, .ofs_y = 0},
    {.bitmap_index = 14585, .adv_w = 128, .box_w = 8, .box_h = 8, .ofs_x = 0, .ofs_y = 0},
    {.bitmap_index = 14617, .adv_w = 128, .box_w = 8, .box_h = 8, .ofs_x = 0, .ofs_y = 0},
    {.bitmap_index = 14649, .adv_w = 128, .box_w = 8, .box_h = 11, .ofs_x = 0, .ofs_y = -3},
    {.bitmap_index = 14693, .adv_w = 128, .box_w = 10, .box_h = 11, .ofs_x = -2, .ofs_y = -3},
    {.bitmap_index = 14748, .adv_w = 128, .box_w = 8, .box_h = 11, .ofs_x = 0, .ofs_y = -3},
    {.bitmap_index = 14792, .adv_w = 128, .box_w = 8, .box_h = 3, .ofs_x = 0, .ofs_y = 9},
    {.bitmap_index = 14804, .adv_w = 128, .box_w = 8, .box_h = 3, .ofs_x = 0, .ofs_y = 9},
    {.bitmap_index = 14816, .adv_w = 128, .box_w = 8, .box_h = 4, .ofs_x = 0, .ofs_y = 8},
    {.bitmap_index = 14832, .adv_w = 128, .box_w = 4, .box_h = 3, .ofs_x = 2, .ofs_y = 9},
    {.bitmap_index = 14838, .adv_w = 128, .box_w = 6, .box_h = 4, .ofs_x = 1, .ofs_y = 8},
    {.bitmap_index = 14850, .adv_w = 128, .box_w = 6, .box_h = 4, .ofs_x = 1, .ofs_y = -4},
    {.bitmap_index = 14862, .adv_w = 128, .box_w = 8, .box_h = 3, .ofs_x = 0, .ofs_y = 9},
    {.bitmap_index = 14874, .adv_w = 128, .box_w = 8, .box_h = 4, .ofs_x = 0, .ofs_y = 9},
    {.bitmap_index = 14890, .adv_w = 128, .box_w = 4, .box_h = 4, .ofs_x = 2, .ofs_y = 9},
    {.bitmap_index = 14898, .adv_w = 128, .box_w = 4, .box_h = 4, .ofs_x = 2, .ofs_y = 9},
    {.bitmap_index = 14906, .adv_w = 128, .box_w = 8, .box_h = 3, .ofs_x = 0, .ofs_y = 9},
    {.bitmap_index = 14918, .adv_w = 128, .box_w = 8, .box_h = 3, .ofs_x = 0, .ofs_y = 9},
    {.bitmap_index = 14930, .adv_w = 128, .box_w = 8, .box_h = 2, .ofs_x = 0, .ofs_y = 10},
    {.bitmap_index = 14938, .adv_w = 128, .box_w = 8, .box_h = 4, .ofs_x = 0, .ofs_y = 8},
    {.bitmap_index = 14954, .adv_w = 128, .box_w = 4, .box_h = 3, .ofs_x = 2, .ofs_y = 9},
    {.bitmap_index = 14960, .adv_w = 128, .box_w = 8, .box_h = 3, .ofs_x = 0, .ofs_y = 9},
    {.bitmap_index = 14972, .adv_w = 128, .box_w = 6, .box_h = 4, .ofs_x = 1, .ofs_y = 8},
    {.bitmap_index = 14984, .adv_w = 128, .box_w = 6, .box_h = 4, .ofs_x = 1, .ofs_y = 8},
    {.bitmap_index = 14996, .adv_w = 128, .box_w = 8, .box_h = 4, .ofs_x = 0, .ofs_y = 9},
    {.bitmap_index = 15012, .adv_w = 128, .box_w = 8, .box_h = 3, .ofs_x = 0, .ofs_y = 9},
    {.bitmap_index = 15024, .adv_w = 128, .box_w = 4, .box_h = 6, .ofs_x = 2, .ofs_y = 8},
    {.bitmap_index = 15036, .adv_w = 128, .box_w = 4, .box_h = 5, .ofs_x = 6, .ofs_y = 7},
    {.bitmap_index = 15046, .adv_w = 128, .box_w = 4, .box_h = 3, .ofs_x = 2, .ofs_y = -4},
    {.bitmap_index = 15052, .adv_w = 128, .box_w = 4, .box_h = 4, .ofs_x = 2, .ofs_y = -4},
    {.bitmap_index = 15060, .adv_w = 128, .box_w = 4, .box_h = 4, .ofs_x = 2, .ofs_y = -4},
    {.bitmap_index = 15068, .adv_w = 128, .box_w = 6, .box_h = 4, .ofs_x = 1, .ofs_y = -4},
    {.bitmap_index = 15080, .adv_w = 128, .box_w = 8, .box_h = 3, .ofs_x = 0, .ofs_y = -4},
    {.bitmap_index = 15092, .adv_w = 128, .box_w = 4, .box_h = 4, .ofs_x = 2, .ofs_y = 9},
    {.bitmap_index = 15100, .adv_w = 128, .box_w = 8, .box_h = 4, .ofs_x = 0, .ofs_y = 9},
    {.bitmap_index = 15116, .adv_w = 128, .box_w = 8, .box_h = 12, .ofs_x = 0, .ofs_y = 0},
    {.bitmap_index = 15164, .adv_w = 128, .box_w = 4, .box_h = 3, .ofs_x = 2, .ofs_y = 5},
    {.bitmap_index = 15170, .adv_w = 128, .box_w = 9, .box_h = 12, .ofs_x = -1, .ofs_y = 0},
    {.bitmap_index = 15224, .adv_w = 128, .box_w = 9, .box_h = 12, .ofs_x = -1, .ofs_y = 0},
    {.bitmap_index = 15278, .adv_w = 128, .box_w = 8, .box_h = 12, .ofs_x = 0, .ofs_y = 0},
    {.bitmap_index = 15326, .adv_w = 128, .box_w = 10, .box_h = 11, .ofs_x = -2, .ofs_y = 0},
    {.bitmap_index = 15381, .adv_w = 128, .box_w = 10, .box_h = 12, .ofs_x = -2, .ofs_y = 0},
    {.bitmap_index = 15441, .adv_w = 128, .box_w = 10, .box_h = 11, .ofs_x = -2, .ofs_y = 0},
    {.bitmap_index = 15496, .adv_w = 128, .box_w = 8, .box_h = 12, .ofs_x = 0, .ofs_y = 0},
    {.bitmap_index = 15544, .adv_w = 128, .box_w = 8, .box_h = 11, .ofs_x = 0, .ofs_y = 0},
    {.bitmap_index = 15588, .adv_w = 128, .box_w = 8, .box_h = 11, .ofs_x = 0, .ofs_y = 0},
    {.bitmap_index = 15632, .adv_w = 128, .box_w = 8, .box_h = 11, .ofs_x = 0, .ofs_y = 0},
    {.bitmap_index = 15676, .adv_w = 128, .box_w = 8, .box_h = 11, .ofs_x = 0, .ofs_y = 0},
    {.bitmap_index = 15720, .adv_w = 128, .box_w = 6, .box_h = 11, .ofs_x = 1, .ofs_y = 0},
    {.bitmap_index = 15753, .adv_w = 128, .box_w = 8, .box_h = 11, .ofs_x = 0, .ofs_y = 0},
    {.bitmap_index = 15797, .adv_w = 128, .box_w = 8, .box_h = 11, .ofs_x = 0, .ofs_y = 0},
    {.bitmap_index = 15841, .adv_w = 128, .box_w = 8, .box_h = 11, .ofs_x = 0, .ofs_y = 0},
    {.bitmap_index = 15885, .adv_w = 128, .box_w = 6, .box_h = 11, .ofs_x = 1, .ofs_y = 0},
    {.bitmap_index = 15918, .adv_w = 128, .box_w = 8, .box_h = 11, .ofs_x = 0, .ofs_y = 0},
    {.bitmap_index = 15962, .adv_w = 128, .box_w = 8, .box_h = 11, .ofs_x = 0, .ofs_y = 0},
    {.bitmap_index = 16006, .adv_w = 128, .box_w = 8, .box_h = 11, .ofs_x = 0, .ofs_y = 0},
    {.bitmap_index = 16050, .adv_w = 128, .box_w = 8, .box_h = 11, .ofs_x = 0, .ofs_y = 0},
    {.bitmap_index = 16094, .adv_w = 128, .box_w = 6, .box_h = 11, .ofs_x = 1, .ofs_y = 0},
    {.bitmap_index = 16127, .adv_w = 128, .box_w = 8, .box_h = 11, .ofs_x = 0, .ofs_y = 0},
    {.bitmap_index = 16171, .adv_w = 128, .box_w = 8, .box_h = 11, .ofs_x = 0, .ofs_y = 0},
    {.bitmap_index = 16215, .adv_w = 128, .box_w = 8, .box_h = 11, .ofs_x = 0, .ofs_y = 0},
    {.bitmap_index = 16259, .adv_w = 128, .box_w = 7, .box_h = 11, .ofs_x = 0, .ofs_y = 0},
    {.bitmap_index = 16298, .adv_w = 128, .box_w = 8, .box_h = 11, .ofs_x = 0, .ofs_y = 0},
    {.bitmap_index = 16342, .adv_w = 128, .box_w = 8, .box_h = 11, .ofs_x = 0, .ofs_y = 0},
    {.bitmap_index = 16386, .adv_w = 128, .box_w = 8, .box_h = 11, .ofs_x = 0, .ofs_y = 0},
    {.bitmap_index = 16430, .adv_w = 128, .box_w = 8, .box_h = 11, .ofs_x = 0, .ofs_y = 0},
    {.bitmap_index = 16474, .adv_w = 128, .box_w = 8, .box_h = 11, .ofs_x = 0, .ofs_y = 0},
    {.bitmap_index = 16518, .adv_w = 128, .box_w = 8, .box_h = 11, .ofs_x = 0, .ofs_y = 0},
    {.bitmap_index = 16562, .adv_w = 128, .box_w = 8, .box_h = 15, .ofs_x = 0, .ofs_y = 0},
    {.bitmap_index = 16622, .adv_w = 128, .box_w = 8, .box_h = 15, .ofs_x = 0, .ofs_y = 0},
    {.bitmap_index = 16682, .adv_w = 128, .box_w = 8, .box_h = 12, .ofs_x = 0, .ofs_y = 0},
    {.bitmap_index = 16730, .adv_w = 128, .box_w = 8, .box_h = 12, .ofs_x = 0, .ofs_y = 0},
    {.bitmap_index = 16778, .adv_w = 128, .box_w = 8, .box_h = 15, .ofs_x = 0, .ofs_y = -3},
    {.bitmap_index = 16838, .adv_w = 128, .box_w = 6, .box_h = 12, .ofs_x = 1, .ofs_y = 0},
    {.bitmap_index = 16874, .adv_w = 128, .box_w = 8, .box_h = 12, .ofs_x = 0, .ofs_y = 0},
    {.bitmap_index = 16922, .adv_w = 128, .box_w = 8, .box_h = 8, .ofs_x = 0, .ofs_y = 0},
    {.bitmap_index = 16954, .adv_w = 128, .box_w = 8, .box_h = 14, .ofs_x = 0, .ofs_y = -3},
    {.bitmap_index = 17010, .adv_w = 128, .box_w = 8, .box_h = 11, .ofs_x = 0, .ofs_y = -3},
    {.bitmap_index = 17054, .adv_w = 128, .box_w = 8, .box_h = 11, .ofs_x = 0, .ofs_y = 0},
    {.bitmap_index = 17098, .adv_w = 128, .box_w = 8, .box_h = 8, .ofs_x = 0, .ofs_y = 0},
    {.bitmap_index = 17130, .adv_w = 128, .box_w = 8, .box_h = 14, .ofs_x = 0, .ofs_y = -3},
    {.bitmap_index = 17186, .adv_w = 128, .box_w = 8, .box_h = 11, .ofs_x = 0, .ofs_y = -3},
    {.bitmap_index = 17230, .adv_w = 128, .box_w = 8, .box_h = 11, .ofs_x = 0, .ofs_y = 0},
    {.bitmap_index = 17274, .adv_w = 128, .box_w = 6, .box_h = 8, .ofs_x = 1, .ofs_y = 0},
    {.bitmap_index = 17298, .adv_w = 128, .box_w = 8, .box_h = 8, .ofs_x = 0, .ofs_y = 0},
    {.bitmap_index = 17330, .adv_w = 128, .box_w = 8, .box_h = 11, .ofs_x = 0, .ofs_y = 0},
    {.bitmap_index = 17374, .adv_w = 128, .box_w = 8, .box_h = 11, .ofs_x = 0, .ofs_y = -3},
    {.bitmap_index = 17418, .adv_w = 128, .box_w = 8, .box_h = 8, .ofs_x = 0, .ofs_y = 0},
    {.bitmap_index = 17450, .adv_w = 128, .box_w = 8, .box_h = 14, .ofs_x = 0, .ofs_y = -3},
    {.bitmap_index = 17506, .adv_w = 128, .box_w = 8, .box_h = 8, .ofs_x = 0, .ofs_y = 0},
    {.bitmap_index = 17538, .adv_w = 128, .box_w = 8, .box_h = 8, .ofs_x = 0, .ofs_y = 0},
    {.bitmap_index = 17570, .adv_w = 128, .box_w = 8, .box_h = 11, .ofs_x = 0, .ofs_y = -3},
    {.bitmap_index = 17614, .adv_w = 128, .box_w = 8, .box_h = 11, .ofs_x = 0, .ofs_y = -3},
    {.bitmap_index = 17658, .adv_w = 128, .box_w = 8, .box_h = 8, .ofs_x = 0, .ofs_y = 0},
    {.bitmap_index = 17690, .adv_w = 128, .box_w = 8, .box_h = 8, .ofs_x = 0, .ofs_y = 0},
    {.bitmap_index = 17722, .adv_w = 128, .box_w = 8, .box_h = 8, .ofs_x = 0, .ofs_y = 0},
    {.bitmap_index = 17754, .adv_w = 128, .box_w = 8, .box_h = 14, .ofs_x = 0, .ofs_y = -3},
    {.bitmap_index = 17810, .adv_w = 128, .box_w = 8, .box_h = 11, .ofs_x = 0, .ofs_y = -3},
    {.bitmap_index = 17854, .adv_w = 128, .box_w = 8, .box_h = 13, .ofs_x = 0, .ofs_y = -3},
    {.bitmap_index = 17906, .adv_w = 128, .box_w = 8, .box_h = 8, .ofs_x = 0, .ofs_y = 0},
    {.bitmap_index = 17938, .adv_w = 128, .box_w = 8, .box_h = 11, .ofs_x = 0, .ofs_y = 0},
    {.bitmap_index = 17982, .adv_w = 128, .box_w = 8, .box_h = 11, .ofs_x = 0, .ofs_y = 0},
    {.bitmap_index = 18026, .adv_w = 128, .box_w = 8, .box_h = 12, .ofs_x = 0, .ofs_y = 0},
    {.bitmap_index = 18074, .adv_w = 128, .box_w = 8, .box_h = 12, .ofs_x = 0, .ofs_y = 0},
    {.bitmap_index = 18122, .adv_w = 128, .box_w = 8, .box_h = 12, .ofs_x = 0, .ofs_y = 0},
    {.bitmap_index = 18170, .adv_w = 128, .box_w = 6, .box_h = 15, .ofs_x = 1, .ofs_y = 0},
    {.bitmap_index = 18215, .adv_w = 128, .box_w = 8, .box_h = 15, .ofs_x = 0, .ofs_y = 0},
    {.bitmap_index = 18275, .adv_w = 128, .box_w = 8, .box_h = 14, .ofs_x = 0, .ofs_y = -3},
    {.bitmap_index = 18331, .adv_w = 128, .box_w = 8, .box_h = 15, .ofs_x = 0, .ofs_y = 0},
    {.bitmap_index = 18391, .adv_w = 128, .box_w = 8, .box_h = 11, .ofs_x = 0, .ofs_y = 0},
    {.bitmap_index = 18435, .adv_w = 128, .box_w = 8, .box_h = 11, .ofs_x = 0, .ofs_y = 0},
    {.bitmap_index = 18479, .adv_w = 128, .box_w = 6, .box_h = 11, .ofs_x = 1, .ofs_y = 0},
    {.bitmap_index = 18512, .adv_w = 128, .box_w = 8, .box_h = 15, .ofs_x = 0, .ofs_y = 0},
    {.bitmap_index = 18572, .adv_w = 128, .box_w = 7, .box_h = 11, .ofs_x = 1, .ofs_y = 0},
    {.bitmap_index = 18611, .adv_w = 128, .box_w = 8, .box_h = 11, .ofs_x = 0, .ofs_y = 0},
    {.bitmap_index = 18655, .adv_w = 128, .box_w = 8, .box_h = 11, .ofs_x = 0, .ofs_y = 0},
    {.bitmap_index = 18699, .adv_w = 128, .box_w = 8, .box_h = 11, .ofs_x = 0, .ofs_y = 0},
    {.bitmap_index = 18743, .adv_w = 128, .box_w = 8, .box_h = 15, .ofs_x = 0, .ofs_y = 0},
    {.bitmap_index = 18803, .adv_w = 128, .box_w = 8, .box_h = 15, .ofs_x = 0, .ofs_y = 0},
    {.bitmap_index = 18863, .adv_w = 128, .box_w = 8, .box_h = 15, .ofs_x = 0, .ofs_y = 0},
    {.bitmap_index = 18923, .adv_w = 128, .box_w = 8, .box_h = 13, .ofs_x = 0, .ofs_y = -2},
    {.bitmap_index = 18975, .adv_w = 128, .box_w = 8, .box_h = 11, .ofs_x = 0, .ofs_y = 0},
    {.bitmap_index = 19019, .adv_w = 128, .box_w = 8, .box_h = 11, .ofs_x = 0, .ofs_y = 0},
    {.bitmap_index = 19063, .adv_w = 128, .box_w = 8, .box_h = 11, .ofs_x = 0, .ofs_y = 0},
    {.bitmap_index = 19107, .adv_w = 128, .box_w = 8, .box_h = 11, .ofs_x = 0, .ofs_y = 0},
    {.bitmap_index = 19151, .adv_w = 128, .box_w = 8, .box_h = 14, .ofs_x = 0, .ofs_y = -3},
    {.bitmap_index = 19207, .adv_w = 128, .box_w = 6, .box_h = 11, .ofs_x = 1, .ofs_y = 0},
    {.bitmap_index = 19240, .adv_w = 128, .box_w = 8, .box_h = 11, .ofs_x = 0, .ofs_y = 0},
    {.bitmap_index = 19284, .adv_w = 128, .box_w = 8, .box_h = 11, .ofs_x = 0, .ofs_y = 0},
    {.bitmap_index = 19328, .adv_w = 128, .box_w = 8, .box_h = 11, .ofs_x = 0, .ofs_y = 0},
    {.bitmap_index = 19372, .adv_w = 128, .box_w = 8, .box_h = 15, .ofs_x = 0, .ofs_y = 0},
    {.bitmap_index = 19432, .adv_w = 128, .box_w = 8, .box_h = 11, .ofs_x = 0, .ofs_y = 0},
    {.bitmap_index = 19476, .adv_w = 128, .box_w = 8, .box_h = 11, .ofs_x = 0, .ofs_y = 0},
    {.bitmap_index = 19520, .adv_w = 128, .box_w = 8, .box_h = 11, .ofs_x = 0, .ofs_y = 0},
    {.bitmap_index = 19564, .adv_w = 128, .box_w = 8, .box_h = 11, .ofs_x = 0, .ofs_y = 0},
    {.bitmap_index = 19608, .adv_w = 128, .box_w = 8, .box_h = 11, .ofs_x = 0, .ofs_y = 0},
    {.bitmap_index = 19652, .adv_w = 128, .box_w = 8, .box_h = 11, .ofs_x = 0, .ofs_y = 0},
    {.bitmap_index = 19696, .adv_w = 128, .box_w = 8, .box_h = 11, .ofs_x = 0, .ofs_y = 0},
    {.bitmap_index = 19740, .adv_w = 128, .box_w = 8, .box_h = 11, .ofs_x = 0, .ofs_y = 0},
    {.bitmap_index = 19784, .adv_w = 128, .box_w = 8, .box_h = 11, .ofs_x = 0, .ofs_y = 0},
    {.bitmap_index = 19828, .adv_w = 128, .box_w = 8, .box_h = 11, .ofs_x = 0, .ofs_y = 0},
    {.bitmap_index = 19872, .adv_w = 128, .box_w = 8, .box_h = 11, .ofs_x = 0, .ofs_y = 0},
    {.bitmap_index = 19916, .adv_w = 128, .box_w = 8, .box_h = 11, .ofs_x = 0, .ofs_y = 0},
    {.bitmap_index = 19960, .adv_w = 128, .box_w = 8, .box_h = 14, .ofs_x = 0, .ofs_y = -3},
    {.bitmap_index = 20016, .adv_w = 128, .box_w = 8, .box_h = 11, .ofs_x = 0, .ofs_y = 0},
    {.bitmap_index = 20060, .adv_w = 128, .box_w = 8, .box_h = 11, .ofs_x = 0, .ofs_y = 0},
    {.bitmap_index = 20104, .adv_w = 128, .box_w = 8, .box_h = 14, .ofs_x = 0, .ofs_y = -3},
    {.bitmap_index = 20160, .adv_w = 128, .box_w = 8, .box_h = 11, .ofs_x = 0, .ofs_y = 0},
    {.bitmap_index = 20204, .adv_w = 128, .box_w = 8, .box_h = 11, .ofs_x = 0, .ofs_y = 0},
    {.bitmap_index = 20248, .adv_w = 128, .box_w = 8, .box_h = 11, .ofs_x = 0, .ofs_y = 0},
    {.bitmap_index = 20292, .adv_w = 128, .box_w = 8, .box_h = 11, .ofs_x = 0, .ofs_y = 0},
    {.bitmap_index = 20336, .adv_w = 128, .box_w = 8, .box_h = 11, .ofs_x = 0, .ofs_y = 0},
    {.bitmap_index = 20380, .adv_w = 128, .box_w = 8, .box_h = 11, .ofs_x = 0, .ofs_y = 0},
    {.bitmap_index = 20424, .adv_w = 128, .box_w = 8, .box_h = 8, .ofs_x = 0, .ofs_y = 0},
    {.bitmap_index = 20456, .adv_w = 128, .box_w = 8, .box_h = 13, .ofs_x = 0, .ofs_y = 0},
    {.bitmap_index = 20508, .adv_w = 128, .box_w = 8, .box_h = 8, .ofs_x = 0, .ofs_y = 0},
    {.bitmap_index = 20540, .adv_w = 128, .box_w = 8, .box_h = 8, .ofs_x = 0, .ofs_y = 0},
    {.bitmap_index = 20572, .adv_w = 128, .box_w = 8, .box_h = 11, .ofs_x = 0, .ofs_y = -3},
    {.bitmap_index = 20616, .adv_w = 128, .box_w = 8, .box_h = 8, .ofs_x = 0, .ofs_y = 0},
    {.bitmap_index = 20648, .adv_w = 128, .box_w = 8, .box_h = 8, .ofs_x = 0, .ofs_y = 0},
    {.bitmap_index = 20680, .adv_w = 128, .box_w = 8, .box_h = 8, .ofs_x = 0, .ofs_y = 0},
    {.bitmap_index = 20712, .adv_w = 128, .box_w = 8, .box_h = 8, .ofs_x = 0, .ofs_y = 0},
    {.bitmap_index = 20744, .adv_w = 128, .box_w = 8, .box_h = 12, .ofs_x = 0, .ofs_y = 0},
    {.bitmap_index = 20792, .adv_w = 128, .box_w = 8, .box_h = 8, .ofs_x = 0, .ofs_y = 0},
    {.bitmap_index = 20824, .adv_w = 128, .box_w = 8, .box_h = 8, .ofs_x = 0, .ofs_y = 0},
    {.bitmap_index = 20856, .adv_w = 128, .box_w = 8, .box_h = 8, .ofs_x = 0, .ofs_y = 0},
    {.bitmap_index = 20888, .adv_w = 128, .box_w = 8, .box_h = 8, .ofs_x = 0, .ofs_y = 0},
    {.bitmap_index = 20920, .adv_w = 128, .box_w = 8, .box_h = 8, .ofs_x = 0, .ofs_y = 0},
    {.bitmap_index = 20952, .adv_w = 128, .box_w = 8, .box_h = 8, .ofs_x = 0, .ofs_y = 0},
    {.bitmap_index = 20984, .adv_w = 128, .box_w = 8, .box_h = 11, .ofs_x = 0, .ofs_y = -3},
    {.bitmap_index = 21028, .adv_w = 128, .box_w = 8, .box_h = 8, .ofs_x = 0, .ofs_y = 0},
    {.bitmap_index = 21060, .adv_w = 128, .box_w = 8, .box_h = 8, .ofs_x = 0, .ofs_y = 0},
    {.bitmap_index = 21092, .adv_w = 128, .box_w = 8, .box_h = 11, .ofs_x = 0, .ofs_y = -3},
    {.bitmap_index = 21136, .adv_w = 128, .box_w = 8, .box_h = 14, .ofs_x = 0, .ofs_y = -3},
    {.bitmap_index = 21192, .adv_w = 128, .box_w = 8, .box_h = 8, .ofs_x = 0, .ofs_y = 0},
    {.bitmap_index = 21224, .adv_w = 128, .box_w = 8, .box_h = 11, .ofs_x = 0, .ofs_y = -3},
    {.bitmap_index = 21268, .adv_w = 128, .box_w = 8, .box_h = 8, .ofs_x = 0, .ofs_y = 0},
    {.bitmap_index = 21300, .adv_w = 128, .box_w = 8, .box_h = 8, .ofs_x = 0, .ofs_y = 0},
    {.bitmap_index = 21332, .adv_w = 128, .box_w = 8, .box_h = 11, .ofs_x = 0, .ofs_y = -3},
    {.bitmap_index = 21376, .adv_w = 128, .box_w = 8, .box_h = 8, .ofs_x = 0, .ofs_y = 0},
    {.bitmap_index = 21408, .adv_w = 128, .box_w = 8, .box_h = 8, .ofs_x = 0, .ofs_y = 0},
    {.bitmap_index = 21440, .adv_w = 128, .box_w = 8, .box_h = 8, .ofs_x = 0, .ofs_y = 0},
    {.bitmap_index = 21472, .adv_w = 128, .box_w = 8, .box_h = 8, .ofs_x = 0, .ofs_y = 0},
    {.bitmap_index = 21504, .adv_w = 128, .box_w = 8, .box_h = 8, .ofs_x = 0, .ofs_y = 0},
    {.bitmap_index = 21536, .adv_w = 128, .box_w = 8, .box_h = 8, .ofs_x = 0, .ofs_y = 0},
    {.bitmap_index = 21568, .adv_w = 128, .box_w = 8, .box_h = 12, .ofs_x = 0, .ofs_y = 0},
    {.bitmap_index = 21616, .adv_w = 128, .box_w = 8, .box_h = 11, .ofs_x = 0, .ofs_y = 0},
    {.bitmap_index = 21660, .adv_w = 128, .box_w = 8, .box_h = 14, .ofs_x = 0, .ofs_y = -3},
    {.bitmap_index = 21716, .adv_w = 128, .box_w = 8, .box_h = 12, .ofs_x = 0, .ofs_y = 0},
    {.bitmap_index = 21764, .adv_w = 128, .box_w = 8, .box_h = 8, .ofs_x = 0, .ofs_y = 0},
    {.bitmap_index = 21796, .adv_w = 128, .box_w = 7, .box_h = 8, .ofs_x = 1, .ofs_y = 0},
    {.bitmap_index = 21824, .adv_w = 128, .box_w = 6, .box_h = 11, .ofs_x = 1, .ofs_y = 0},
    {.bitmap_index = 21857, .adv_w = 128, .box_w = 7, .box_h = 11, .ofs_x = 0, .ofs_y = 0},
    {.bitmap_index = 21896, .adv_w = 128, .box_w = 6, .box_h = 14, .ofs_x = 1, .ofs_y = -3},
    {.bitmap_index = 21938, .adv_w = 128, .box_w = 8, .box_h = 8, .ofs_x = 0, .ofs_y = 0},
    {.bitmap_index = 21970, .adv_w = 128, .box_w = 8, .box_h = 8, .ofs_x = 0, .ofs_y = 0},
    {.bitmap_index = 22002, .adv_w = 128, .box_w = 8, .box_h = 11, .ofs_x = 0, .ofs_y = 0},
    {.bitmap_index = 22046, .adv_w = 128, .box_w = 8, .box_h = 12, .ofs_x = 0, .ofs_y = 0},
    {.bitmap_index = 22094, .adv_w = 128, .box_w = 8, .box_h = 12, .ofs_x = 0, .ofs_y = 0},
    {.bitmap_index = 22142, .adv_w = 128, .box_w = 8, .box_h = 15, .ofs_x = 0, .ofs_y = -3},
    {.bitmap_index = 22202, .adv_w = 128, .box_w = 8, .box_h = 10, .ofs_x = 0, .ofs_y = -2},
    {.bitmap_index = 22242, .adv_w = 128, .box_w = 8, .box_h = 14, .ofs_x = 0, .ofs_y = 0},
    {.bitmap_index = 22298, .adv_w = 128, .box_w = 8, .box_h = 10, .ofs_x = 0, .ofs_y = 0},
    {.bitmap_index = 22338, .adv_w = 128, .box_w = 8, .box_h = 11, .ofs_x = 0, .ofs_y = 0},
    {.bitmap_index = 22382, .adv_w = 128, .box_w = 8, .box_h = 8, .ofs_x = 0, .ofs_y = 0},
    {.bitmap_index = 22414, .adv_w = 128, .box_w = 8, .box_h = 14, .ofs_x = 0, .ofs_y = -3},
    {.bitmap_index = 22470, .adv_w = 128, .box_w = 8, .box_h = 10, .ofs_x = 0, .ofs_y = -2},
    {.bitmap_index = 22510, .adv_w = 128, .box_w = 8, .box_h = 14, .ofs_x = 0, .ofs_y = -3},
    {.bitmap_index = 22566, .adv_w = 128, .box_w = 8, .box_h = 11, .ofs_x = 0, .ofs_y = -3},
    {.bitmap_index = 22610, .adv_w = 128, .box_w = 8, .box_h = 14, .ofs_x = 0, .ofs_y = -3},
    {.bitmap_index = 22666, .adv_w = 128, .box_w = 8, .box_h = 10, .ofs_x = 0, .ofs_y = -2},
    {.bitmap_index = 22706, .adv_w = 128, .box_w = 8, .box_h = 11, .ofs_x = 0, .ofs_y = 0},
    {.bitmap_index = 22750, .adv_w = 128, .box_w = 8, .box_h = 8, .ofs_x = 0, .ofs_y = 0},
    {.bitmap_index = 22782, .adv_w = 128, .box_w = 8, .box_h = 14, .ofs_x = 0, .ofs_y = -3},
    {.bitmap_index = 22838, .adv_w = 128, .box_w = 8, .box_h = 10, .ofs_x = 0, .ofs_y = -2},
    {.bitmap_index = 22878, .adv_w = 128, .box_w = 8, .box_h = 14, .ofs_x = 0, .ofs_y = -3},
    {.bitmap_index = 22934, .adv_w = 128, .box_w = 8, .box_h = 11, .ofs_x = 0, .ofs_y = -3},
    {.bitmap_index = 22978, .adv_w = 128, .box_w = 8, .box_h = 11, .ofs_x = 0, .ofs_y = 0},
    {.bitmap_index = 23022, .adv_w = 128, .box_w = 8, .box_h = 11, .ofs_x = 0, .ofs_y = -3},
    {.bitmap_index = 23066, .adv_w = 128, .box_w = 8, .box_h = 11, .ofs_x = 0, .ofs_y = 0},
    {.bitmap_index = 23110, .adv_w = 128, .box_w = 8, .box_h = 11, .ofs_x = 0, .ofs_y = -3},
    {.bitmap_index = 23154, .adv_w = 128, .box_w = 8, .box_h = 14, .ofs_x = 0, .ofs_y = -3},
    {.bitmap_index = 23210, .adv_w = 128, .box_w = 8, .box_h = 10, .ofs_x = 0, .ofs_y = -2},
    {.bitmap_index = 23250, .adv_w = 128, .box_w = 8, .box_h = 14, .ofs_x = 0, .ofs_y = -3},
    {.bitmap_index = 23306, .adv_w = 128, .box_w = 8, .box_h = 10, .ofs_x = 0, .ofs_y = -2},
    {.bitmap_index = 23346, .adv_w = 128, .box_w = 8, .box_h = 11, .ofs_x = 0, .ofs_y = 0},
    {.bitmap_index = 23390, .adv_w = 128, .box_w = 8, .box_h = 11, .ofs_x = 0, .ofs_y = 0},
    {.bitmap_index = 23434, .adv_w = 128, .box_w = 6, .box_h = 11, .ofs_x = 1, .ofs_y = 0},
    {.bitmap_index = 23467, .adv_w = 128, .box_w = 8, .box_h = 14, .ofs_x = 0, .ofs_y = -3},
    {.bitmap_index = 23523, .adv_w = 128, .box_w = 8, .box_h = 11, .ofs_x = 0, .ofs_y = -3},
    {.bitmap_index = 23567, .adv_w = 128, .box_w = 8, .box_h = 14, .ofs_x = 0, .ofs_y = -3},
    {.bitmap_index = 23623, .adv_w = 128, .box_w = 8, .box_h = 11, .ofs_x = 0, .ofs_y = -3},
    {.bitmap_index = 23667, .adv_w = 128, .box_w = 6, .box_h = 11, .ofs_x = 1, .ofs_y = 0},
    {.bitmap_index = 23700, .adv_w = 128, .box_w = 8, .box_h = 11, .ofs_x = 0, .ofs_y = 0},
    {.bitmap_index = 23744, .adv_w = 128, .box_w = 8, .box_h = 8, .ofs_x = 0, .ofs_y = 0},
    {.bitmap_index = 23776, .adv_w = 128, .box_w = 8, .box_h = 15, .ofs_x = 0, .ofs_y = 0},
    {.bitmap_index = 23836, .adv_w = 128, .box_w = 8, .box_h = 11, .ofs_x = 0, .ofs_y = 0},
    {.bitmap_index = 23880, .adv_w = 128, .box_w = 8, .box_h = 11, .ofs_x = 0, .ofs_y = 0},
    {.bitmap_index = 23924, .adv_w = 128, .box_w = 8, .box_h = 8, .ofs_x = 0, .ofs_y = 0},
    {.bitmap_index = 23956, .adv_w = 128, .box_w = 8, .box_h = 15, .ofs_x = 0, .ofs_y = 0},
    {.bitmap_index = 24016, .adv_w = 128, .box_w = 8, .box_h = 14, .ofs_x = 0, .ofs_y = -3},
    {.bitmap_index = 24072, .adv_w = 128, .box_w = 8, .box_h = 14, .ofs_x = 0, .ofs_y = -3},
    {.bitmap_index = 24128, .adv_w = 128, .box_w = 8, .box_h = 11, .ofs_x = 0, .ofs_y = -3},
    {.bitmap_index = 24172, .adv_w = 128, .box_w = 8, .box_h = 12, .ofs_x = 0, .ofs_y = 0},
    {.bitmap_index = 24220, .adv_w = 128, .box_w = 8, .box_h = 15, .ofs_x = 0, .ofs_y = -4},
    {.bitmap_index = 24280, .adv_w = 128, .box_w = 8, .box_h = 15, .ofs_x = 0, .ofs_y = -4},
    {.bitmap_index = 24340, .adv_w = 128, .box_w = 8, .box_h = 15, .ofs_x = 0, .ofs_y = -4},
    {.bitmap_index = 24400, .adv_w = 128, .box_w = 8, .box_h = 15, .ofs_x = 0, .ofs_y = -4},
    {.bitmap_index = 24460, .adv_w = 128, .box_w = 8, .box_h = 15, .ofs_x = 0, .ofs_y = -4},
    {.bitmap_index = 24520, .adv_w = 128, .box_w = 8, .box_h = 15, .ofs_x = 0, .ofs_y = -4},
    {.bitmap_index = 24580, .adv_w = 128, .box_w = 8, .box_h = 15, .ofs_x = 0, .ofs_y = -4},
    {.bitmap_index = 24640, .adv_w = 128, .box_w = 7, .box_h = 15, .ofs_x = 1, .ofs_y = -4},
    {.bitmap_index = 24693, .adv_w = 128, .box_w = 8, .box_h = 15, .ofs_x = 0, .ofs_y = 0},
    {.bitmap_index = 24753, .adv_w = 128, .box_w = 8, .box_h = 11, .ofs_x = 0, .ofs_y = 0},
    {.bitmap_index = 24797, .adv_w = 128, .box_w = 8, .box_h = 15, .ofs_x = 0, .ofs_y = -4},
    {.bitmap_index = 24857, .adv_w = 128, .box_w = 8, .box_h = 12, .ofs_x = 0, .ofs_y = -4},
    {.bitmap_index = 24905, .adv_w = 128, .box_w = 8, .box_h = 15, .ofs_x = 0, .ofs_y = -4},
    {.bitmap_index = 24965, .adv_w = 128, .box_w = 8, .box_h = 12, .ofs_x = 0, .ofs_y = -4},
    {.bitmap_index = 25013, .adv_w = 128, .box_w = 8, .box_h = 15, .ofs_x = 0, .ofs_y = -4},
    {.bitmap_index = 25073, .adv_w = 128, .box_w = 7, .box_h = 12, .ofs_x = 1, .ofs_y = -4},
    {.bitmap_index = 25115, .adv_w = 128, .box_w = 8, .box_h = 15, .ofs_x = 0, .ofs_y = -4},
    {.bitmap_index = 25175, .adv_w = 128, .box_w = 7, .box_h = 14, .ofs_x = 0, .ofs_y = -4},
    {.bitmap_index = 25224, .adv_w = 128, .box_w = 8, .box_h = 15, .ofs_x = 0, .ofs_y = 0},
    {.bitmap_index = 25284, .adv_w = 128, .box_w = 8, .box_h = 12, .ofs_x = 0, .ofs_y = 0},
    {.bitmap_index = 25332, .adv_w = 128, .box_w = 8, .box_h = 15, .ofs_x = 0, .ofs_y = 0},
    {.bitmap_index = 25392, .adv_w = 128, .box_w = 8, .box_h = 12, .ofs_x = 0, .ofs_y = 0},
    {.bitmap_index = 25440, .adv_w = 128, .box_w = 8, .box_h = 15, .ofs_x = 0, .ofs_y = 0},
    {.bitmap_index = 25500, .adv_w = 128, .box_w = 8, .box_h = 11, .ofs_x = 0, .ofs_y = 0},
    {.bitmap_index = 25544, .adv_w = 128, .box_w = 8, .box_h = 15, .ofs_x = 0, .ofs_y = -4},
    {.bitmap_index = 25604, .adv_w = 128, .box_w = 8, .box_h = 12, .ofs_x = 0, .ofs_y = -4},
    {.bitmap_index = 25652, .adv_w = 128, .box_w = 8, .box_h = 11, .ofs_x = 0, .ofs_y = 0},
    {.bitmap_index = 25696, .adv_w = 128, .box_w = 8, .box_h = 15, .ofs_x = 0, .ofs_y = -4},
    {.bitmap_index = 25756, .adv_w = 128, .box_w = 8, .box_h = 12, .ofs_x = 0, .ofs_y = -4},
    {.bitmap_index = 25804, .adv_w = 128, .box_w = 8, .box_h = 16, .ofs_x = 0, .ofs_y = 0},
    {.bitmap_index = 25868, .adv_w = 128, .box_w = 8, .box_h = 11, .ofs_x = 0, .ofs_y = 0},
    {.bitmap_index = 25912, .adv_w = 128, .box_w = 9, .box_h = 16, .ofs_x = 0, .ofs_y = 0},
    {.bitmap_index = 25984, .adv_w = 128, .box_w = 8, .box_h = 16, .ofs_x = 0, .ofs_y = 0},
    {.bitmap_index = 26048, .adv_w = 128, .box_w = 9, .box_h = 16, .ofs_x = -1, .ofs_y = 0},
    {.bitmap_index = 26120, .adv_w = 128, .box_w = 8, .box_h = 16, .ofs_x = 0, .ofs_y = 0},
    {.bitmap_index = 26184, .adv_w = 128, .box_w = 9, .box_h = 15, .ofs_x = 0, .ofs_y = 0},
    {.bitmap_index = 26252, .adv_w = 128, .box_w = 8, .box_h = 16, .ofs_x = 0, .ofs_y = 0},
    {.bitmap_index = 26316, .adv_w = 128, .box_w = 8, .box_h = 15, .ofs_x = 0, .ofs_y = 0},
    {.bitmap_index = 26376, .adv_w = 128, .box_w = 8, .box_h = 15, .ofs_x = 0, .ofs_y = 0},
    {.bitmap_index = 26436, .adv_w = 128, .box_w = 8, .box_h = 19, .ofs_x = 0, .ofs_y = -4},
    {.bitmap_index = 26512, .adv_w = 128, .box_w = 8, .box_h = 16, .ofs_x = 0, .ofs_y = -4},
    {.bitmap_index = 26576, .adv_w = 128, .box_w = 8, .box_h = 16, .ofs_x = 0, .ofs_y = 0},
    {.bitmap_index = 26640, .adv_w = 128, .box_w = 8, .box_h = 16, .ofs_x = 0, .ofs_y = 0},
    {.bitmap_index = 26704, .adv_w = 128, .box_w = 8, .box_h = 16, .ofs_x = 0, .ofs_y = 0},
    {.bitmap_index = 26768, .adv_w = 128, .box_w = 8, .box_h = 16, .ofs_x = 0, .ofs_y = 0},
    {.bitmap_index = 26832, .adv_w = 128, .box_w = 8, .box_h = 15, .ofs_x = 0, .ofs_y = 0},
    {.bitmap_index = 26892, .adv_w = 128, .box_w = 8, .box_h = 16, .ofs_x = 0, .ofs_y = 0},
    {.bitmap_index = 26956, .adv_w = 128, .box_w = 8, .box_h = 15, .ofs_x = 0, .ofs_y = 0},
    {.bitmap_index = 27016, .adv_w = 128, .box_w = 8, .box_h = 15, .ofs_x = 0, .ofs_y = 0},
    {.bitmap_index = 27076, .adv_w = 128, .box_w = 8, .box_h = 19, .ofs_x = 0, .ofs_y = -4},
    {.bitmap_index = 27152, .adv_w = 128, .box_w = 8, .box_h = 16, .ofs_x = 0, .ofs_y = -4},
    {.bitmap_index = 27216, .adv_w = 128, .box_w = 6, .box_h = 15, .ofs_x = 1, .ofs_y = -4},
    {.bitmap_index = 27261, .adv_w = 128, .box_w = 8, .box_h = 12, .ofs_x = 0, .ofs_y = -4},
    {.bitmap_index = 27309, .adv_w = 128, .box_w = 6, .box_h = 16, .ofs_x = 1, .ofs_y = 0},
    {.bitmap_index = 27357, .adv_w = 128, .box_w = 8, .box_h = 11, .ofs_x = 0, .ofs_y = 0},
    {.bitmap_index = 27401, .adv_w = 128, .box_w = 8, .box_h = 16, .ofs_x = 1, .ofs_y = 0},
    {.bitmap_index = 27465, .adv_w = 128, .box_w = 8, .box_h = 16, .ofs_x = 0, .ofs_y = 0},
    {.bitmap_index = 27529, .adv_w = 128, .box_w = 8, .box_h = 16, .ofs_x = -1, .ofs_y = 0},
    {.bitmap_index = 27593, .adv_w = 128, .box_w = 8, .box_h = 16, .ofs_x = 0, .ofs_y = 0},
    {.bitmap_index = 27657, .adv_w = 128, .box_w = 8, .box_h = 15, .ofs_x = 1, .ofs_y = 0},
    {.bitmap_index = 27717, .adv_w = 128, .box_w = 8, .box_h = 16, .ofs_x = 0, .ofs_y = 0},
    {.bitmap_index = 27781, .adv_w = 128, .box_w = 8, .box_h = 15, .ofs_x = 0, .ofs_y = 0},
    {.bitmap_index = 27841, .adv_w = 128, .box_w = 8, .box_h = 15, .ofs_x = 0, .ofs_y = 0},
    {.bitmap_index = 27901, .adv_w = 128, .box_w = 8, .box_h = 19, .ofs_x = 0, .ofs_y = -4},
    {.bitmap_index = 27977, .adv_w = 128, .box_w = 8, .box_h = 16, .ofs_x = 0, .ofs_y = -4},
    {.bitmap_index = 28041, .adv_w = 128, .box_w = 6, .box_h = 16, .ofs_x = 1, .ofs_y = 0},
    {.bitmap_index = 28089, .adv_w = 128, .box_w = 6, .box_h = 11, .ofs_x = 1, .ofs_y = 0},
    {.bitmap_index = 28122, .adv_w = 128, .box_w = 6, .box_h = 15, .ofs_x = 1, .ofs_y = -4},
    {.bitmap_index = 28167, .adv_w = 128, .box_w = 6, .box_h = 15, .ofs_x = 1, .ofs_y = -4},
    {.bitmap_index = 28212, .adv_w = 128, .box_w = 8, .box_h = 15, .ofs_x = 0, .ofs_y = -4},
    {.bitmap_index = 28272, .adv_w = 128, .box_w = 8, .box_h = 12, .ofs_x = 0, .ofs_y = -4},
    {.bitmap_index = 28320, .adv_w = 128, .box_w = 8, .box_h = 16, .ofs_x = 0, .ofs_y = 0},
    {.bitmap_index = 28384, .adv_w = 128, .box_w = 8, .box_h = 11, .ofs_x = 0, .ofs_y = 0},
    {.bitmap_index = 28428, .adv_w = 128, .box_w = 9, .box_h = 16, .ofs_x = 0, .ofs_y = 0},
    {.bitmap_index = 28500, .adv_w = 128, .box_w = 8, .box_h = 16, .ofs_x = 0, .ofs_y = 0},
    {.bitmap_index = 28564, .adv_w = 128, .box_w = 9, .box_h = 16, .ofs_x = -1, .ofs_y = 0},
    {.bitmap_index = 28636, .adv_w = 128, .box_w = 8, .box_h = 16, .ofs_x = 0, .ofs_y = 0},
    {.bitmap_index = 28700, .adv_w = 128, .box_w = 9, .box_h = 15, .ofs_x = 0, .ofs_y = 0},
    {.bitmap_index = 28768, .adv_w = 128, .box_w = 8, .box_h = 16, .ofs_x = 0, .ofs_y = 0},
    {.bitmap_index = 28832, .adv_w = 128, .box_w = 8, .box_h = 15, .ofs_x = 0, .ofs_y = 0},
    {.bitmap_index = 28892, .adv_w = 128, .box_w = 8, .box_h = 15, .ofs_x = 0, .ofs_y = 0},
    {.bitmap_index = 28952, .adv_w = 128, .box_w = 8, .box_h = 20, .ofs_x = 0, .ofs_y = -4},
    {.bitmap_index = 29032, .adv_w = 128, .box_w = 8, .box_h = 16, .ofs_x = 0, .ofs_y = -4},
    {.bitmap_index = 29096, .adv_w = 128, .box_w = 9, .box_h = 15, .ofs_x = 0, .ofs_y = 0},
    {.bitmap_index = 29164, .adv_w = 128, .box_w = 9, .box_h = 12, .ofs_x = 0, .ofs_y = 0},
    {.bitmap_index = 29218, .adv_w = 128, .box_w = 9, .box_h = 15, .ofs_x = 0, .ofs_y = 0},
    {.bitmap_index = 29286, .adv_w = 128, .box_w = 9, .box_h = 12, .ofs_x = 0, .ofs_y = 0},
    {.bitmap_index = 29340, .adv_w = 128, .box_w = 9, .box_h = 16, .ofs_x = 0, .ofs_y = 0},
    {.bitmap_index = 29412, .adv_w = 128, .box_w = 9, .box_h = 11, .ofs_x = 0, .ofs_y = 0},
    {.bitmap_index = 29462, .adv_w = 128, .box_w = 9, .box_h = 15, .ofs_x = 0, .ofs_y = 0},
    {.bitmap_index = 29530, .adv_w = 128, .box_w = 9, .box_h = 11, .ofs_x = 0, .ofs_y = 0},
    {.bitmap_index = 29580, .adv_w = 128, .box_w = 9, .box_h = 18, .ofs_x = 0, .ofs_y = -4},
    {.bitmap_index = 29661, .adv_w = 128, .box_w = 9, .box_h = 15, .ofs_x = 0, .ofs_y = -4},
    {.bitmap_index = 29729, .adv_w = 128, .box_w = 8, .box_h = 15, .ofs_x = 0, .ofs_y = -4},
    {.bitmap_index = 29789, .adv_w = 128, .box_w = 8, .box_h = 12, .ofs_x = 0, .ofs_y = -4},
    {.bitmap_index = 29837, .adv_w = 128, .box_w = 8, .box_h = 16, .ofs_x = 0, .ofs_y = 0},
    {.bitmap_index = 29901, .adv_w = 128, .box_w = 8, .box_h = 11, .ofs_x = 0, .ofs_y = 0},
    {.bitmap_index = 29945, .adv_w = 128, .box_w = 9, .box_h = 15, .ofs_x = 0, .ofs_y = 0},
    {.bitmap_index = 30013, .adv_w = 128, .box_w = 9, .box_h = 12, .ofs_x = 0, .ofs_y = 0},
    {.bitmap_index = 30067, .adv_w = 128, .box_w = 9, .box_h = 15, .ofs_x = 0, .ofs_y = 0},
    {.bitmap_index = 30135, .adv_w = 128, .box_w = 9, .box_h = 12, .ofs_x = 0, .ofs_y = 0},
    {.bitmap_index = 30189, .adv_w = 128, .box_w = 9, .box_h = 16, .ofs_x = 0, .ofs_y = 0},
    {.bitmap_index = 30261, .adv_w = 128, .box_w = 9, .box_h = 11, .ofs_x = 0, .ofs_y = 0},
    {.bitmap_index = 30311, .adv_w = 128, .box_w = 9, .box_h = 15, .ofs_x = 0, .ofs_y = 0},
    {.bitmap_index = 30379, .adv_w = 128, .box_w = 9, .box_h = 11, .ofs_x = 0, .ofs_y = 0},
    {.bitmap_index = 30429, .adv_w = 128, .box_w = 9, .box_h = 18, .ofs_x = 0, .ofs_y = -4},
    {.bitmap_index = 30510, .adv_w = 128, .box_w = 9, .box_h = 15, .ofs_x = 0, .ofs_y = -4},
    {.bitmap_index = 30578, .adv_w = 128, .box_w = 8, .box_h = 15, .ofs_x = 0, .ofs_y = 0},
    {.bitmap_index = 30638, .adv_w = 128, .box_w = 8, .box_h = 15, .ofs_x = 0, .ofs_y = -3},
    {.bitmap_index = 30698, .adv_w = 128, .box_w = 8, .box_h = 16, .ofs_x = 0, .ofs_y = 0},
    {.bitmap_index = 30762, .adv_w = 128, .box_w = 8, .box_h = 14, .ofs_x = 0, .ofs_y = -3},
    {.bitmap_index = 30818, .adv_w = 128, .box_w = 6, .box_h = 2, .ofs_x = 1, .ofs_y = 5},
    {.bitmap_index = 30824, .adv_w = 128, .box_w = 8, .box_h = 2, .ofs_x = 0, .ofs_y = 5},
    {.bitmap_index = 30832, .adv_w = 128, .box_w = 6, .box_h = 16, .ofs_x = 1, .ofs_y = -3},
    {.bitmap_index = 30880, .adv_w = 128, .box_w = 8, .box_h = 4, .ofs_x = 0, .ofs_y = -4},
    {.bitmap_index = 30896, .adv_w = 128, .box_w = 4, .box_h = 6, .ofs_x = 2, .ofs_y = 6},
    {.bitmap_index = 30908, .adv_w = 128, .box_w = 4, .box_h = 6, .ofs_x = 2, .ofs_y = 6},
    {.bitmap_index = 30920, .adv_w = 128, .box_w = 3, .box_h = 6, .ofs_x = 2, .ofs_y = -3},
    {.bitmap_index = 30929, .adv_w = 128, .box_w = 4, .box_h = 5, .ofs_x = 2, .ofs_y = 7},
    {.bitmap_index = 30939, .adv_w = 128, .box_w = 6, .box_h = 6, .ofs_x = 1, .ofs_y = 6},
    {.bitmap_index = 30957, .adv_w = 128, .box_w = 6, .box_h = 6, .ofs_x = 1, .ofs_y = 6},
    {.bitmap_index = 30975, .adv_w = 128, .box_w = 7, .box_h = 6, .ofs_x = 0, .ofs_y = -3},
    {.bitmap_index = 30996, .adv_w = 128, .box_w = 6, .box_h = 5, .ofs_x = 1, .ofs_y = 7},
    {.bitmap_index = 31011, .adv_w = 128, .box_w = 8, .box_h = 11, .ofs_x = 0, .ofs_y = 0},
    {.bitmap_index = 31055, .adv_w = 128, .box_w = 8, .box_h = 11, .ofs_x = 0, .ofs_y = 0},
    {.bitmap_index = 31099, .adv_w = 128, .box_w = 6, .box_h = 6, .ofs_x = 1, .ofs_y = 3},
    {.bitmap_index = 31117, .adv_w = 128, .box_w = 8, .box_h = 3, .ofs_x = 0, .ofs_y = 0},
    {.bitmap_index = 31129, .adv_w = 128, .box_w = 9, .box_h = 11, .ofs_x = 0, .ofs_y = 0},
    {.bitmap_index = 31179, .adv_w = 128, .box_w = 4, .box_h = 5, .ofs_x = 2, .ofs_y = 6},
    {.bitmap_index = 31189, .adv_w = 128, .box_w = 8, .box_h = 6, .ofs_x = 0, .ofs_y = 5},
    {.bitmap_index = 31213, .adv_w = 128, .box_w = 6, .box_h = 9, .ofs_x = 1, .ofs_y = -1},
    {.bitmap_index = 31240, .adv_w = 128, .box_w = 6, .box_h = 9, .ofs_x = 1, .ofs_y = -1},
    {.bitmap_index = 31267, .adv_w = 128, .box_w = 8, .box_h = 11, .ofs_x = 0, .ofs_y = 0},
    {.bitmap_index = 31311, .adv_w = 128, .box_w = 8, .box_h = 2, .ofs_x = 0, .ofs_y = 13},
    {.bitmap_index = 31319, .adv_w = 128, .box_w = 8, .box_h = 4, .ofs_x = 0, .ofs_y = 4},
    {.bitmap_index = 31335, .adv_w = 128, .box_w = 8, .box_h = 11, .ofs_x = 0, .ofs_y = 0},
    {.bitmap_index = 31379, .adv_w = 128, .box_w = 4, .box_h = 17, .ofs_x = 2, .ofs_y = -3},
    {.bitmap_index = 31413, .adv_w = 128, .box_w = 4, .box_h = 7, .ofs_x = 2, .ofs_y = 5},
    {.bitmap_index = 31427, .adv_w = 128, .box_w = 5, .box_h = 9, .ofs_x = 2, .ofs_y = 5},
    {.bitmap_index = 31450, .adv_w = 128, .box_w = 4, .box_h = 7, .ofs_x = 2, .ofs_y = 5},
    {.bitmap_index = 31464, .adv_w = 128, .box_w = 4, .box_h = 7, .ofs_x = 2, .ofs_y = 5},
    {.bitmap_index = 31478, .adv_w = 128, .box_w = 4, .box_h = 7, .ofs_x = 2, .ofs_y = 5},
    {.bitmap_index = 31492, .adv_w = 128, .box_w = 4, .box_h = 7, .ofs_x = 2, .ofs_y = 5},
    {.bitmap_index = 31506, .adv_w = 128, .box_w = 4, .box_h = 7, .ofs_x = 2, .ofs_y = 5},
    {.bitmap_index = 31520, .adv_w = 128, .box_w = 4, .box_h = 7, .ofs_x = 2, .ofs_y = 5},
    {.bitmap_index = 31534, .adv_w = 128, .box_w = 6, .box_h = 6, .ofs_x = 1, .ofs_y = 6},
    {.bitmap_index = 31552, .adv_w = 128, .box_w = 6, .box_h = 3, .ofs_x = 1, .ofs_y = 8},
    {.bitmap_index = 31561, .adv_w = 128, .box_w = 6, .box_h = 6, .ofs_x = 1, .ofs_y = 7},
    {.bitmap_index = 31579, .adv_w = 128, .box_w = 5, .box_h = 12, .ofs_x = 2, .ofs_y = 4},
    {.bitmap_index = 31609, .adv_w = 128, .box_w = 5, .box_h = 12, .ofs_x = 1, .ofs_y = 4},
    {.bitmap_index = 31639, .adv_w = 128, .box_w = 6, .box_h = 7, .ofs_x = 1, .ofs_y = 5},
    {.bitmap_index = 31660, .adv_w = 128, .box_w = 4, .box_h = 7, .ofs_x = 2, .ofs_y = 0},
    {.bitmap_index = 31674, .adv_w = 128, .box_w = 4, .box_h = 8, .ofs_x = 2, .ofs_y = 0},
    {.bitmap_index = 31690, .adv_w = 128, .box_w = 4, .box_h = 7, .ofs_x = 2, .ofs_y = 0},
    {.bitmap_index = 31704, .adv_w = 128, .box_w = 4, .box_h = 7, .ofs_x = 2, .ofs_y = 0},
    {.bitmap_index = 31718, .adv_w = 128, .box_w = 4, .box_h = 7, .ofs_x = 2, .ofs_y = 0},
    {.bitmap_index = 31732, .adv_w = 128, .box_w = 4, .box_h = 7, .ofs_x = 2, .ofs_y = 0},
    {.bitmap_index = 31746, .adv_w = 128, .box_w = 4, .box_h = 7, .ofs_x = 2, .ofs_y = 0},
    {.bitmap_index = 31760, .adv_w = 128, .box_w = 4, .box_h = 7, .ofs_x = 2, .ofs_y = 0},
    {.bitmap_index = 31774, .adv_w = 128, .box_w = 4, .box_h = 7, .ofs_x = 2, .ofs_y = 0},
    {.bitmap_index = 31788, .adv_w = 128, .box_w = 4, .box_h = 7, .ofs_x = 2, .ofs_y = 0},
    {.bitmap_index = 31802, .adv_w = 128, .box_w = 6, .box_h = 7, .ofs_x = 1, .ofs_y = 0},
    {.bitmap_index = 31823, .adv_w = 128, .box_w = 6, .box_h = 7, .ofs_x = 1, .ofs_y = 0},
    {.bitmap_index = 31844, .adv_w = 128, .box_w = 6, .box_h = 7, .ofs_x = 1, .ofs_y = 0},
    {.bitmap_index = 31865, .adv_w = 128, .box_w = 6, .box_h = 7, .ofs_x = 1, .ofs_y = 0},
    {.bitmap_index = 31886, .adv_w = 128, .box_w = 6, .box_h = 7, .ofs_x = 1, .ofs_y = 0},
    {.bitmap_index = 31907, .adv_w = 128, .box_w = 8, .box_h = 11, .ofs_x = 0, .ofs_y = 0},
    {.bitmap_index = 31951, .adv_w = 128, .box_w = 8, .box_h = 9, .ofs_x = 0, .ofs_y = 0},
    {.bitmap_index = 31987, .adv_w = 128, .box_w = 8, .box_h = 11, .ofs_x = 0, .ofs_y = 0},
    {.bitmap_index = 32031, .adv_w = 128, .box_w = 8, .box_h = 11, .ofs_x = 0, .ofs_y = 0},
    {.bitmap_index = 32075, .adv_w = 128, .box_w = 8, .box_h = 11, .ofs_x = 0, .ofs_y = 0},
    {.bitmap_index = 32119, .adv_w = 128, .box_w = 8, .box_h = 11, .ofs_x = 0, .ofs_y = 0},
    {.bitmap_index = 32163, .adv_w = 128, .box_w = 8, .box_h = 11, .ofs_x = 0, .ofs_y = 0},
    {.bitmap_index = 32207, .adv_w = 128, .box_w = 8, .box_h = 11, .ofs_x = 0, .ofs_y = 0},
    {.bitmap_index = 32251, .adv_w = 128, .box_w = 8, .box_h = 11, .ofs_x = 0, .ofs_y = 0},
    {.bitmap_index = 32295, .adv_w = 128, .box_w = 8, .box_h = 12, .ofs_x = 0, .ofs_y = 0},
    {.bitmap_index = 32343, .adv_w = 128, .box_w = 8, .box_h = 11, .ofs_x = 0, .ofs_y = 0},
    {.bitmap_index = 32387, .adv_w = 128, .box_w = 8, .box_h = 11, .ofs_x = 0, .ofs_y = 0},
    {.bitmap_index = 32431, .adv_w = 128, .box_w = 8, .box_h = 11, .ofs_x = 0, .ofs_y = 0},
    {.bitmap_index = 32475, .adv_w = 128, .box_w = 8, .box_h = 13, .ofs_x = 0, .ofs_y = 0},
    {.bitmap_index = 32527, .adv_w = 128, .box_w = 8, .box_h = 14, .ofs_x = 0, .ofs_y = -1},
    {.bitmap_index = 32583, .adv_w = 128, .box_w = 8, .box_h = 12, .ofs_x = 0, .ofs_y = 0},
    {.bitmap_index = 32631, .adv_w = 128, .box_w = 8, .box_h = 12, .ofs_x = 0, .ofs_y = 0},
    {.bitmap_index = 32679, .adv_w = 128, .box_w = 8, .box_h = 13, .ofs_x = 0, .ofs_y = -1},
    {.bitmap_index = 32731, .adv_w = 128, .box_w = 8, .box_h = 6, .ofs_x = 0, .ofs_y = 6},
    {.bitmap_index = 32755, .adv_w = 128, .box_w = 8, .box_h = 10, .ofs_x = 0, .ofs_y = -1},
    {.bitmap_index = 32795, .adv_w = 128, .box_w = 8, .box_h = 12, .ofs_x = 0, .ofs_y = 0},
    {.bitmap_index = 32843, .adv_w = 128, .box_w = 9, .box_h = 14, .ofs_x = -1, .ofs_y = -1},
    {.bitmap_index = 32906, .adv_w = 128, .box_w = 8, .box_h = 8, .ofs_x = 0, .ofs_y = 0},
    {.bitmap_index = 32938, .adv_w = 128, .box_w = 10, .box_h = 12, .ofs_x = -1, .ofs_y = 0},
    {.bitmap_index = 32998, .adv_w = 128, .box_w = 10, .box_h = 11, .ofs_x = -1, .ofs_y = 0},
    {.bitmap_index = 33053, .adv_w = 128, .box_w = 10, .box_h = 12, .ofs_x = -1, .ofs_y = 0},
    {.bitmap_index = 33113, .adv_w = 128, .box_w = 10, .box_h = 11, .ofs_x = -1, .ofs_y = 0},
    {.bitmap_index = 33168, .adv_w = 128, .box_w = 10, .box_h = 11, .ofs_x = -1, .ofs_y = 0},
    {.bitmap_index = 33223, .adv_w = 128, .box_w = 10, .box_h = 11, .ofs_x = -1, .ofs_y = 0},
    {.bitmap_index = 33278, .adv_w = 128, .box_w = 8, .box_h = 7, .ofs_x = 0, .ofs_y = 3},
    {.bitmap_index = 33306, .adv_w = 128, .box_w = 6, .box_h = 11, .ofs_x = 1, .ofs_y = 1},
    {.bitmap_index = 33339, .adv_w = 128, .box_w = 8, .box_h = 7, .ofs_x = 0, .ofs_y = 3},
    {.bitmap_index = 33367, .adv_w = 128, .box_w = 6, .box_h = 11, .ofs_x = 1, .ofs_y = 1},
    {.bitmap_index = 33400, .adv_w = 128, .box_w = 6, .box_h = 11, .ofs_x = 1, .ofs_y = 1},
    {.bitmap_index = 33433, .adv_w = 128, .box_w = 8, .box_h = 7, .ofs_x = 0, .ofs_y = 3},
    {.bitmap_index = 33461, .adv_w = 128, .box_w = 8, .box_h = 8, .ofs_x = 0, .ofs_y = 2},
    {.bitmap_index = 33493, .adv_w = 128, .box_w = 8, .box_h = 8, .ofs_x = 0, .ofs_y = 2},
    {.bitmap_index = 33525, .adv_w = 128, .box_w = 8, .box_h = 9, .ofs_x = 0, .ofs_y = 2},
    {.bitmap_index = 33561, .adv_w = 128, .box_w = 8, .box_h = 9, .ofs_x = 0, .ofs_y = 2},
    {.bitmap_index = 33597, .adv_w = 128, .box_w = 8, .box_h = 13, .ofs_x = 0, .ofs_y = 0},
    {.bitmap_index = 33649, .adv_w = 128, .box_w = 8, .box_h = 9, .ofs_x = 0, .ofs_y = 2},
    {.bitmap_index = 33685, .adv_w = 128, .box_w = 8, .box_h = 7, .ofs_x = 0, .ofs_y = 3},
    {.bitmap_index = 33713, .adv_w = 128, .box_w = 8, .box_h = 12, .ofs_x = 0, .ofs_y = 0},
    {.bitmap_index = 33761, .adv_w = 128, .box_w = 8, .box_h = 13, .ofs_x = 0, .ofs_y = -1},
    {.bitmap_index = 33813, .adv_w = 128, .box_w = 10, .box_h = 17, .ofs_x = -1, .ofs_y = -2},
    {.bitmap_index = 33898, .adv_w = 128, .box_w = 8, .box_h = 10, .ofs_x = 0, .ofs_y = 2},
    {.bitmap_index = 33938, .adv_w = 128, .box_w = 8, .box_h = 10, .ofs_x = 0, .ofs_y = 0},
    {.bitmap_index = 33978, .adv_w = 128, .box_w = 8, .box_h = 16, .ofs_x = 0, .ofs_y = -3},
    {.bitmap_index = 34042, .adv_w = 128, .box_w = 8, .box_h = 15, .ofs_x = 0, .ofs_y = -3},
    {.bitmap_index = 34102, .adv_w = 128, .box_w = 8, .box_h = 2, .ofs_x = 0, .ofs_y = 5},
    {.bitmap_index = 34110, .adv_w = 128, .box_w = 8, .box_h = 13, .ofs_x = 0, .ofs_y = 0},
    {.bitmap_index = 34162, .adv_w = 128, .box_w = 4, .box_h = 4, .ofs_x = 2, .ofs_y = 4},
    {.bitmap_index = 34170, .adv_w = 128, .box_w = 9, .box_h = 12, .ofs_x = 0, .ofs_y = 0},
    {.bitmap_index = 34224, .adv_w = 128, .box_w = 8, .box_h = 7, .ofs_x = 0, .ofs_y = 2},
    {.bitmap_index = 34252, .adv_w = 128, .box_w = 8, .box_h = 8, .ofs_x = 0, .ofs_y = 0},
    {.bitmap_index = 34284, .adv_w = 128, .box_w = 6, .box_h = 13, .ofs_x = 1, .ofs_y = 0},
    {.bitmap_index = 34323, .adv_w = 128, .box_w = 8, .box_h = 6, .ofs_x = 0, .ofs_y = 3},
    {.bitmap_index = 34347, .adv_w = 128, .box_w = 8, .box_h = 7, .ofs_x = 0, .ofs_y = 2},
    {.bitmap_index = 34375, .adv_w = 128, .box_w = 8, .box_h = 13, .ofs_x = 0, .ofs_y = 0},
    {.bitmap_index = 34427, .adv_w = 128, .box_w = 8, .box_h = 14, .ofs_x = 0, .ofs_y = -1},
    {.bitmap_index = 34483, .adv_w = 128, .box_w = 5, .box_h = 18, .ofs_x = 1, .ofs_y = -4},
    {.bitmap_index = 34528, .adv_w = 128, .box_w = 8, .box_h = 8, .ofs_x = 0, .ofs_y = 2},
    {.bitmap_index = 34560, .adv_w = 128, .box_w = 8, .box_h = 8, .ofs_x = 0, .ofs_y = 2},
    {.bitmap_index = 34592, .adv_w = 128, .box_w = 8, .box_h = 8, .ofs_x = 0, .ofs_y = 2},
    {.bitmap_index = 34624, .adv_w = 128, .box_w = 9, .box_h = 13, .ofs_x = -1, .ofs_y = -1},
    {.bitmap_index = 34683, .adv_w = 128, .box_w = 8, .box_h = 11, .ofs_x = 0, .ofs_y = 0},
    {.bitmap_index = 34727, .adv_w = 128, .box_w = 8, .box_h = 13, .ofs_x = 0, .ofs_y = -2},
    {.bitmap_index = 34779, .adv_w = 128, .box_w = 8, .box_h = 13, .ofs_x = 0, .ofs_y = -2},
    {.bitmap_index = 34831, .adv_w = 128, .box_w = 4, .box_h = 4, .ofs_x = 2, .ofs_y = 4},
    {.bitmap_index = 34839, .adv_w = 128, .box_w = 8, .box_h = 12, .ofs_x = 0, .ofs_y = 0},
    {.bitmap_index = 34887, .adv_w = 128, .box_w = 8, .box_h = 7, .ofs_x = 0, .ofs_y = 2},
    {.bitmap_index = 34915, .adv_w = 128, .box_w = 8, .box_h = 9, .ofs_x = 0, .ofs_y = -1},
    {.bitmap_index = 34951, .adv_w = 128, .box_w = 8, .box_h = 8, .ofs_x = 0, .ofs_y = 0},
    {.bitmap_index = 34983, .adv_w = 128, .box_w = 5, .box_h = 13, .ofs_x = 3, .ofs_y = -4},
    {.bitmap_index = 35016, .adv_w = 128, .box_w = 5, .box_h = 16, .ofs_x = 0, .ofs_y = 0},
    {.bitmap_index = 35056, .adv_w = 128, .box_w = 8, .box_h = 2, .ofs_x = 0, .ofs_y = 5},
    {.bitmap_index = 35064, .adv_w = 128, .box_w = 2, .box_h = 20, .ofs_x = 3, .ofs_y = -4},
    {.bitmap_index = 35084, .adv_w = 128, .box_w = 5, .box_h = 11, .ofs_x = 3, .ofs_y = -4},
    {.bitmap_index = 35112, .adv_w = 128, .box_w = 6, .box_h = 11, .ofs_x = -1, .ofs_y = -4},
    {.bitmap_index = 35145, .adv_w = 128, .box_w = 5, .box_h = 11, .ofs_x = 3, .ofs_y = 5},
    {.bitmap_index = 35173, .adv_w = 128, .box_w = 6, .box_h = 11, .ofs_x = -1, .ofs_y = 5},
    {.bitmap_index = 35206, .adv_w = 128, .box_w = 5, .box_h = 20, .ofs_x = 3, .ofs_y = -4},
    {.bitmap_index = 35256, .adv_w = 128, .box_w = 6, .box_h = 20, .ofs_x = -1, .ofs_y = -4},
    {.bitmap_index = 35316, .adv_w = 128, .box_w = 8, .box_h = 11, .ofs_x = 0, .ofs_y = -4},
    {.bitmap_index = 35360, .adv_w = 128, .box_w = 8, .box_h = 11, .ofs_x = 0, .ofs_y = 5},
    {.bitmap_index = 35404, .adv_w = 128, .box_w = 8, .box_h = 20, .ofs_x = 0, .ofs_y = -4},
    {.bitmap_index = 35484, .adv_w = 128, .box_w = 8, .box_h = 6, .ofs_x = 0, .ofs_y = 3},
    {.bitmap_index = 35508, .adv_w = 128, .box_w = 4, .box_h = 20, .ofs_x = 2, .ofs_y = -4},
    {.bitmap_index = 35548, .adv_w = 128, .box_w = 5, .box_h = 13, .ofs_x = 3, .ofs_y = -4},
    {.bitmap_index = 35581, .adv_w = 128, .box_w = 6, .box_h = 11, .ofs_x = 2, .ofs_y = -4},
    {.bitmap_index = 35614, .adv_w = 128, .box_w = 7, .box_h = 13, .ofs_x = 2, .ofs_y = -4},
    {.bitmap_index = 35660, .adv_w = 128, .box_w = 6, .box_h = 13, .ofs_x = -1, .ofs_y = -4},
    {.bitmap_index = 35699, .adv_w = 128, .box_w = 6, .box_h = 11, .ofs_x = 0, .ofs_y = -4},
    {.bitmap_index = 35732, .adv_w = 128, .box_w = 7, .box_h = 13, .ofs_x = -1, .ofs_y = -4},
    {.bitmap_index = 35778, .adv_w = 128, .box_w = 5, .box_h = 13, .ofs_x = 3, .ofs_y = 3},
    {.bitmap_index = 35811, .adv_w = 128, .box_w = 6, .box_h = 11, .ofs_x = 2, .ofs_y = 5},
    {.bitmap_index = 35844, .adv_w = 128, .box_w = 7, .box_h = 13, .ofs_x = 2, .ofs_y = 3},
    {.bitmap_index = 35890, .adv_w = 128, .box_w = 6, .box_h = 13, .ofs_x = -1, .ofs_y = 3},
    {.bitmap_index = 35929, .adv_w = 128, .box_w = 6, .box_h = 13, .ofs_x = 0, .ofs_y = 3},
    {.bitmap_index = 35968, .adv_w = 128, .box_w = 7, .box_h = 13, .ofs_x = -1, .ofs_y = 3},
    {.bitmap_index = 36014, .adv_w = 128, .box_w = 5, .box_h = 20, .ofs_x = 3, .ofs_y = -4},
    {.bitmap_index = 36064, .adv_w = 128, .box_w = 7, .box_h = 20, .ofs_x = 2, .ofs_y = -4},
    {.bitmap_index = 36134, .adv_w = 128, .box_w = 7, .box_h = 20, .ofs_x = 2, .ofs_y = -4},
    {.bitmap_index = 36204, .adv_w = 128, .box_w = 6, .box_h = 20, .ofs_x = -1, .ofs_y = -4},
    {.bitmap_index = 36264, .adv_w = 128, .box_w = 7, .box_h = 20, .ofs_x = -1, .ofs_y = -4},
    {.bitmap_index = 36334, .adv_w = 128, .box_w = 7, .box_h = 20, .ofs_x = -1, .ofs_y = -4},
    {.bitmap_index = 36404, .adv_w = 128, .box_w = 8, .box_h = 13, .ofs_x = 0, .ofs_y = -4},
    {.bitmap_index = 36456, .adv_w = 128, .box_w = 8, .box_h = 11, .ofs_x = 0, .ofs_y = -4},
    {.bitmap_index = 36500, .adv_w = 128, .box_w = 8, .box_h = 13, .ofs_x = 0, .ofs_y = -4},
    {.bitmap_index = 36552, .adv_w = 128, .box_w = 8, .box_h = 13, .ofs_x = 0, .ofs_y = 3},
    {.bitmap_index = 36604, .adv_w = 128, .box_w = 8, .box_h = 13, .ofs_x = 0, .ofs_y = 3},
    {.bitmap_index = 36656, .adv_w = 128, .box_w = 8, .box_h = 13, .ofs_x = 0, .ofs_y = 3},
    {.bitmap_index = 36708, .adv_w = 128, .box_w = 8, .box_h = 20, .ofs_x = 0, .ofs_y = -4},
    {.bitmap_index = 36788, .adv_w = 128, .box_w = 8, .box_h = 20, .ofs_x = 0, .ofs_y = -4},
    {.bitmap_index = 36868, .adv_w = 128, .box_w = 10, .box_h = 20, .ofs_x = -1, .ofs_y = -4},
    {.bitmap_index = 36968, .adv_w = 128, .box_w = 8, .box_h = 11, .ofs_x = 0, .ofs_y = 5},
    {.bitmap_index = 37012, .adv_w = 128, .box_w = 8, .box_h = 10, .ofs_x = 0, .ofs_y = -4},
    {.bitmap_index = 37052, .adv_w = 128, .box_w = 8, .box_h = 20, .ofs_x = 0, .ofs_y = -4},
    {.bitmap_index = 37132, .adv_w = 128, .box_w = 4, .box_h = 20, .ofs_x = 0, .ofs_y = -4},
    {.bitmap_index = 37172, .adv_w = 128, .box_w = 4, .box_h = 20, .ofs_x = 4, .ofs_y = -4},
    {.bitmap_index = 37212, .adv_w = 128, .box_w = 7, .box_h = 19, .ofs_x = 0, .ofs_y = -3},
    {.bitmap_index = 37279, .adv_w = 128, .box_w = 8, .box_h = 20, .ofs_x = 0, .ofs_y = -4},
    {.bitmap_index = 37359, .adv_w = 128, .box_w = 8, .box_h = 20, .ofs_x = 0, .ofs_y = -4},
    {.bitmap_index = 37439, .adv_w = 128, .box_w = 8, .box_h = 8, .ofs_x = 0, .ofs_y = 2},
    {.bitmap_index = 37471, .adv_w = 128, .box_w = 8, .box_h = 8, .ofs_x = 0, .ofs_y = 2},
    {.bitmap_index = 37503, .adv_w = 128, .box_w = 4, .box_h = 6, .ofs_x = 2, .ofs_y = 3},
    {.bitmap_index = 37515, .adv_w = 128, .box_w = 4, .box_h = 6, .ofs_x = 2, .ofs_y = 3},
    {.bitmap_index = 37527, .adv_w = 128, .box_w = 8, .box_h = 6, .ofs_x = 0, .ofs_y = 3},
    {.bitmap_index = 37551, .adv_w = 128, .box_w = 8, .box_h = 7, .ofs_x = 0, .ofs_y = 4},
    {.bitmap_index = 37579, .adv_w = 128, .box_w = 8, .box_h = 10, .ofs_x = 0, .ofs_y = 2},
    {.bitmap_index = 37619, .adv_w = 128, .box_w = 6, .box_h = 5, .ofs_x = 1, .ofs_y = 4},
    {.bitmap_index = 37634, .adv_w = 128, .box_w = 6, .box_h = 8, .ofs_x = 2, .ofs_y = 2},
    {.bitmap_index = 37658, .adv_w = 128, .box_w = 5, .box_h = 6, .ofs_x = 2, .ofs_y = 3},
    {.bitmap_index = 37673, .adv_w = 128, .box_w = 8, .box_h = 8, .ofs_x = 0, .ofs_y = 2},
    {.bitmap_index = 37705, .adv_w = 128, .box_w = 8, .box_h = 7, .ofs_x = 0, .ofs_y = 2},
    {.bitmap_index = 37733, .adv_w = 128, .box_w = 8, .box_h = 10, .ofs_x = 0, .ofs_y = 0},
    {.bitmap_index = 37773, .adv_w = 128, .box_w = 6, .box_h = 5, .ofs_x = 1, .ofs_y = 3},
    {.bitmap_index = 37788, .adv_w = 128, .box_w = 6, .box_h = 8, .ofs_x = 0, .ofs_y = 2},
    {.bitmap_index = 37812, .adv_w = 128, .box_w = 5, .box_h = 6, .ofs_x = 1, .ofs_y = 3},
    {.bitmap_index = 37827, .adv_w = 128, .box_w = 8, .box_h = 8, .ofs_x = 0, .ofs_y = 2},
    {.bitmap_index = 37859, .adv_w = 128, .box_w = 8, .box_h = 10, .ofs_x = 0, .ofs_y = 1},
    {.bitmap_index = 37899, .adv_w = 128, .box_w = 8, .box_h = 10, .ofs_x = 0, .ofs_y = 1},
    {.bitmap_index = 37939, .adv_w = 128, .box_w = 8, .box_h = 11, .ofs_x = 0, .ofs_y = 0},
    {.bitmap_index = 37983, .adv_w = 128, .box_w = 8, .box_h = 9, .ofs_x = 0, .ofs_y = 2},
    {.bitmap_index = 38019, .adv_w = 128, .box_w = 8, .box_h = 10, .ofs_x = 0, .ofs_y = 1},
    {.bitmap_index = 38059, .adv_w = 128, .box_w = 8, .box_h = 9, .ofs_x = 0, .ofs_y = 2},
    {.bitmap_index = 38095, .adv_w = 128, .box_w = 8, .box_h = 20, .ofs_x = 0, .ofs_y = -4},
    {.bitmap_index = 38175, .adv_w = 128, .box_w = 9, .box_h = 20, .ofs_x = 0, .ofs_y = -4},
    {.bitmap_index = 38265, .adv_w = 128, .box_w = 10, .box_h = 13, .ofs_x = -1, .ofs_y = 0},
    {.bitmap_index = 38330, .adv_w = 128, .box_w = 8, .box_h = 9, .ofs_x = 0, .ofs_y = 2},
    {.bitmap_index = 38366, .adv_w = 128, .box_w = 8, .box_h = 9, .ofs_x = 0, .ofs_y = 2},
    {.bitmap_index = 38402, .adv_w = 128, .box_w = 8, .box_h = 11, .ofs_x = 0, .ofs_y = 1},
    {.bitmap_index = 38446, .adv_w = 128, .box_w = 8, .box_h = 10, .ofs_x = 0, .ofs_y = 1},
    {.bitmap_index = 38486, .adv_w = 128, .box_w = 8, .box_h = 11, .ofs_x = 0, .ofs_y = 1},
    {.bitmap_index = 38530, .adv_w = 128, .box_w = 8, .box_h = 10, .ofs_x = 0, .ofs_y = 1},
    {.bitmap_index = 38570, .adv_w = 128, .box_w = 8, .box_h = 10, .ofs_x = 0, .ofs_y = 1},
    {.bitmap_index = 38610, .adv_w = 128, .box_w = 8, .box_h = 10, .ofs_x = 0, .ofs_y = 1},
    {.bitmap_index = 38650, .adv_w = 128, .box_w = 8, .box_h = 12, .ofs_x = 0, .ofs_y = 0},
    {.bitmap_index = 38698, .adv_w = 128, .box_w = 8, .box_h = 10, .ofs_x = 0, .ofs_y = 1},
    {.bitmap_index = 38738, .adv_w = 128, .box_w = 8, .box_h = 13, .ofs_x = 0, .ofs_y = 0},
    {.bitmap_index = 38790, .adv_w = 128, .box_w = 8, .box_h = 13, .ofs_x = 0, .ofs_y = 0},
    {.bitmap_index = 38842, .adv_w = 128, .box_w = 8, .box_h = 13, .ofs_x = 0, .ofs_y = 0},
    {.bitmap_index = 38894, .adv_w = 128, .box_w = 8, .box_h = 12, .ofs_x = 0, .ofs_y = 0},
    {.bitmap_index = 38942, .adv_w = 128, .box_w = 8, .box_h = 13, .ofs_x = 0, .ofs_y = 0},
    {.bitmap_index = 38994, .adv_w = 128, .box_w = 6, .box_h = 12, .ofs_x = 1, .ofs_y = 0},
    {.bitmap_index = 39030, .adv_w = 128, .box_w = 9, .box_h = 13, .ofs_x = -1, .ofs_y = 0},
    {.bitmap_index = 39089, .adv_w = 128, .box_w = 5, .box_h = 14, .ofs_x = 2, .ofs_y = 0},
    {.bitmap_index = 39124, .adv_w = 128, .box_w = 7, .box_h = 13, .ofs_x = 0, .ofs_y = 0},
    {.bitmap_index = 39170, .adv_w = 128, .box_w = 8, .box_h = 10, .ofs_x = 0, .ofs_y = 1},
    {.bitmap_index = 39210, .adv_w = 128, .box_w = 9, .box_h = 12, .ofs_x = -1, .ofs_y = 0},
    {.bitmap_index = 39264, .adv_w = 128, .box_w = 8, .box_h = 10, .ofs_x = 0, .ofs_y = 1}
};

/*---------------------
 *  CHARACTER MAPPING
 *--------------------*/

static const uint8_t glyph_id_ofs_list_4[] = {
    0, 1, 2, 3, 4, 5, 6, 7,
    8, 9, 0, 0, 10, 11, 12, 13,
    14, 15, 0, 0, 16, 17, 18, 19,
    20, 21, 0, 0, 22, 23, 24, 25,
    26, 27, 28, 29, 30, 31, 32, 33,
    34, 35, 0, 0, 36, 37, 0, 38,
    39, 40, 41, 42, 43, 0, 0, 44,
    45, 46, 47, 48, 49, 50, 51, 0,
    52, 53, 54, 55, 0, 0, 56, 57,
    58, 59, 60, 61, 62, 63, 64, 65,
    66, 67, 0, 0, 68, 69, 70, 71,
    72, 73, 74, 75, 76, 77, 78, 79,
    80, 81
};

static const uint16_t unicode_list_6[] = {
    0x0, 0x8, 0x9, 0xa, 0xc, 0xe, 0x17, 0x1a,
    0x1b, 0x29, 0x2a, 0x31, 0x57, 0x60, 0x61, 0x68,
    0x69, 0x6e, 0x6f, 0x72, 0x73, 0x90, 0xbb, 0xbc,
    0xc6, 0xc7, 0xce, 0xd5, 0xdd, 0xec, 0x10c, 0x140,
    0x141, 0x152, 0x153, 0x154, 0x155, 0x156, 0x157, 0x17a,
    0x17b, 0x17c, 0x17d, 0x17e, 0x180, 0x181, 0x182, 0x183,
    0x184, 0x185, 0x186, 0x18d, 0x195, 0x19d, 0x1a0, 0x1a1,
    0x1a2, 0x1a7, 0x1fe, 0x1ff, 0x200, 0x201, 0x202, 0x203,
    0x204, 0x206
};

static const uint16_t unicode_list_10[] = {
    0x0, 0x1, 0x2, 0x3, 0x6, 0x7, 0x8, 0x9,
    0xa, 0xb, 0x10, 0x11, 0x12, 0x13, 0x1a, 0x1b,
    0x1e, 0x1f, 0x20, 0x21, 0x22, 0x23, 0x26, 0x27,
    0x2a, 0x2b, 0x30, 0x33, 0x34, 0x37, 0x38, 0x3f,
    0x48, 0x49, 0x52, 0x53, 0x58, 0x59, 0x5e, 0x5f,
    0x82, 0x83, 0xff, 0x197c, 0x197d, 0x1982, 0x1983, 0x1994,
    0x1995, 0x19ac, 0x19ad, 0x19b4, 0x19b5, 0x19ba, 0x19bb, 0x19ca,
    0x19cb, 0x19d2, 0x19d3, 0x19dc, 0x19dd, 0x19f0, 0x19f1, 0x19f2,
    0x19f3, 0x19f4, 0x19f5, 0x1a02, 0x1a03, 0x1a0e
};

static const uint16_t unicode_list_13[] = {
    0x0, 0x1, 0x11d, 0x11e, 0x120, 0x121, 0x122, 0x123,
    0x124, 0x125, 0x126, 0x127, 0x128, 0x129, 0x12a, 0x12b,
    0x12c, 0x130, 0x13a, 0x13c, 0x13d, 0x143, 0x144, 0x147,
    0x148, 0x14d, 0x14e, 0x168, 0x17a, 0x17b
};

static const uint16_t unicode_list_15[] = {
    0x0, 0x1, 0x2, 0x3, 0x4, 0x19, 0x1a, 0x1c,
    0x1d, 0x1e, 0x21, 0x22, 0x24, 0x28, 0x29, 0x2a,
    0x2c, 0x2d, 0x2e, 0x75, 0x83, 0x86, 0x87, 0x92,
    0x9e, 0xa2, 0xbd, 0xbe, 0xc3, 0xc4, 0xcb, 0xcc,
    0xcd, 0xce, 0x100, 0x101, 0x102, 0x103, 0x104, 0x105,
    0x106, 0x107, 0x108, 0x109, 0x118, 0x142, 0x144, 0x170,
    0x172, 0x175, 0x176, 0x177, 0x17f, 0x181, 0x182, 0x185,
    0x189, 0x18a, 0x18e, 0x18f, 0x195, 0x197, 0x198, 0x199,
    0x19a, 0x19b, 0x1a4, 0x1a5, 0x1b8, 0x1d0, 0x1d1, 0x1d4,
    0x1d5, 0x235, 0x272, 0x274, 0x280, 0x289, 0x290, 0x291,
    0x470, 0x472, 0x47c, 0x480, 0x484, 0x488, 0x48c, 0x494,
    0x49c, 0x4a4, 0x4ac
};

static const uint16_t unicode_list_17[] = {
    0x0, 0x4, 0x8, 0xc, 0x10, 0x11, 0x12, 0x13,
    0x20, 0x21, 0x2a, 0x2b, 0x2c, 0x32, 0x33, 0x34,
    0x36, 0x38, 0x3a, 0x3c, 0x3d, 0x3e, 0x40, 0x42,
    0x44, 0x46, 0x47, 0x4a, 0x4b, 0x4c, 0x4f, 0x58,
    0x59, 0x6f, 0x85, 0x86, 0x91, 0x92, 0x93, 0xba,
    0xbb, 0xbc, 0xc0, 0xc2, 0xe0, 0xe2, 0xe3, 0xe5,
    0xe6, 0xea, 0xec, 0xed, 0xef, 0x15d, 0x194, 0x1b6
};

/*Collect the unicode lists and glyph_id offsets*/
static const lv_font_fmt_txt_cmap_t cmaps[] =
{
    {
        .range_start = 32, .range_length = 95, .glyph_id_start = 1,
        .unicode_list = NULL, .glyph_id_ofs_list = NULL, .list_length = 0, .type = LV_FONT_FMT_TXT_CMAP_FORMAT0_TINY
    },
    {
        .range_start = 160, .range_length = 13, .glyph_id_start = 96,
        .unicode_list = NULL, .glyph_id_ofs_list = NULL, .list_length = 0, .type = LV_FONT_FMT_TXT_CMAP_FORMAT0_TINY
    },
    {
        .range_start = 174, .range_length = 7, .glyph_id_start = 109,
        .unicode_list = NULL, .glyph_id_ofs_list = NULL, .list_length = 0, .type = LV_FONT_FMT_TXT_CMAP_FORMAT0_TINY
    },
    {
        .range_start = 182, .range_length = 82, .glyph_id_start = 116,
        .unicode_list = NULL, .glyph_id_ofs_list = NULL, .list_length = 0, .type = LV_FONT_FMT_TXT_CMAP_FORMAT0_TINY
    },
    {
        .range_start = 266, .range_length = 98, .glyph_id_start = 198,
        .unicode_list = NULL, .glyph_id_ofs_list = glyph_id_ofs_list_4, .list_length = 98, .type = LV_FONT_FMT_TXT_CMAP_FORMAT0_FULL
    },
    {
        .range_start = 366, .range_length = 17, .glyph_id_start = 280,
        .unicode_list = NULL, .glyph_id_ofs_list = NULL, .list_length = 0, .type = LV_FONT_FMT_TXT_CMAP_FORMAT0_TINY
    },
    {
        .range_start = 390, .range_length = 519, .glyph_id_start = 297,
        .unicode_list = unicode_list_6, .glyph_id_ofs_list = NULL, .list_length = 66, .type = LV_FONT_FMT_TXT_CMAP_SPARSE_TINY
    },
    {
        .range_start = 910, .range_length = 20, .glyph_id_start = 363,
        .unicode_list = NULL, .glyph_id_ofs_list = NULL, .list_length = 0, .type = LV_FONT_FMT_TXT_CMAP_FORMAT0_TINY
    },
    {
        .range_start = 931, .range_length = 44, .glyph_id_start = 383,
        .unicode_list = NULL, .glyph_id_ofs_list = NULL, .list_length = 0, .type = LV_FONT_FMT_TXT_CMAP_FORMAT0_TINY
    },
    {
        .range_start = 1024, .range_length = 96, .glyph_id_start = 427,
        .unicode_list = NULL, .glyph_id_ofs_list = NULL, .list_length = 0, .type = LV_FONT_FMT_TXT_CMAP_FORMAT0_TINY
    },
    {
        .range_start = 1168, .range_length = 6671, .glyph_id_start = 523,
        .unicode_list = unicode_list_10, .glyph_id_ofs_list = NULL, .list_length = 70, .type = LV_FONT_FMT_TXT_CMAP_SPARSE_TINY
    },
    {
        .range_start = 7840, .range_length = 28, .glyph_id_start = 593,
        .unicode_list = NULL, .glyph_id_ofs_list = NULL, .list_length = 0, .type = LV_FONT_FMT_TXT_CMAP_FORMAT0_TINY
    },
    {
        .range_start = 7870, .range_length = 54, .glyph_id_start = 621,
        .unicode_list = NULL, .glyph_id_ofs_list = NULL, .list_length = 0, .type = LV_FONT_FMT_TXT_CMAP_FORMAT0_TINY
    },
    {
        .range_start = 7926, .range_length = 380, .glyph_id_start = 675,
        .unicode_list = unicode_list_13, .glyph_id_ofs_list = NULL, .list_length = 30, .type = LV_FONT_FMT_TXT_CMAP_SPARSE_TINY
    },
    {
        .range_start = 8308, .range_length = 22, .glyph_id_start = 705,
        .unicode_list = NULL, .glyph_id_ofs_list = NULL, .list_length = 0, .type = LV_FONT_FMT_TXT_CMAP_FORMAT0_TINY
    },
    {
        .range_start = 8336, .range_length = 1197, .glyph_id_start = 727,
        .unicode_list = unicode_list_15, .glyph_id_ofs_list = NULL, .list_length = 91, .type = LV_FONT_FMT_TXT_CMAP_SPARSE_TINY
    },
    {
        .range_start = 9552, .range_length = 29, .glyph_id_start = 818,
        .unicode_list = NULL, .glyph_id_ofs_list = NULL, .list_length = 0, .type = LV_FONT_FMT_TXT_CMAP_FORMAT0_TINY
    },
    {
        .range_start = 9600, .range_length = 439, .glyph_id_start = 847,
        .unicode_list = unicode_list_17, .glyph_id_ofs_list = NULL, .list_length = 56, .type = LV_FONT_FMT_TXT_CMAP_SPARSE_TINY
    }
};



/*--------------------
 *  ALL CUSTOM DATA
 *--------------------*/

#if LVGL_VERSION_MAJOR == 8
/*Store all the custom data of the font*/
static  lv_font_fmt_txt_glyph_cache_t cache;
#endif

#if LVGL_VERSION_MAJOR >= 8
static const lv_font_fmt_txt_dsc_t font_dsc = {
#else
static lv_font_fmt_txt_dsc_t font_dsc = {
#endif
    .glyph_bitmap = glyph_bitmap,
    .glyph_dsc = glyph_dsc,
    .cmaps = cmaps,
    .kern_dsc = NULL,
    .kern_scale = 0,
    .cmap_num = 18,
    .bpp = 4,
    .kern_classes = 0,
    .bitmap_format = 0,
#if LVGL_VERSION_MAJOR == 8
    .cache = &cache
#endif
};

extern const lv_font_t ui_font_emoji_14;


/*-----------------
 *  PUBLIC FONT
 *----------------*/

/*Initialize a public general font descriptor*/
#if LVGL_VERSION_MAJOR >= 8
const lv_font_t ui_font_pipboy_16 = {
#else
lv_font_t ui_font_pipboy_16 = {
#endif
    .get_glyph_dsc = lv_font_get_glyph_dsc_fmt_txt,    /*Function pointer to get glyph's data*/
    .get_glyph_bitmap = lv_font_get_bitmap_fmt_txt,    /*Function pointer to get glyph's bitmap*/
    .line_height = 20,          /*The maximum line height required by the font*/
    .base_line = 4,             /*Baseline measured from the bottom of the line*/
#if !(LVGL_VERSION_MAJOR == 6 && LVGL_VERSION_MINOR == 0)
    .subpx = LV_FONT_SUBPX_NONE,
#endif
#if LV_VERSION_CHECK(7, 4, 0) || LVGL_VERSION_MAJOR >= 8
    .underline_position = -2,
    .underline_thickness = 0,
#endif
    .dsc = &font_dsc,          /*The custom font data. Will be accessed by `get_glyph_bitmap/dsc` */
#if LV_VERSION_CHECK(8, 2, 0) || LVGL_VERSION_MAJOR >= 9
    .fallback = &ui_font_emoji_14,
#endif
    .user_data = NULL,
};



#endif /*#if UI_FONT_PIPBOY_16*/

