/*******************************************************************************
 * Size: 18 px
 * Bpp: 4
 * Opts: --bpp 4 --size 18 --no-compress --font ../documents/monofonto rg.otf --range 0x20-0x2EFF --lv-fallback ui_font_emoji_14 --format lvgl -o ui_font_pipboy_18.c
 ******************************************************************************/

#ifdef __has_include
    #if __has_include("lvgl.h")
        #ifndef LV_LVGL_H_INCLUDE_SIMPLE
            #define LV_LVGL_H_INCLUDE_SIMPLE
        #endif
    #endif
#endif

#ifdef LV_LVGL_H_INCLUDE_SIMPLE
#include "lvgl.h"
#else
#include "lvgl/lvgl.h"
#endif

#ifndef UI_FONT_PIPBOY_18
#define UI_FONT_PIPBOY_18 1
#endif

#if UI_FONT_PIPBOY_18

/*-----------------
 *    BITMAPS
 *----------------*/

/*Store the image of the glyphs*/
static LV_ATTRIBUTE_LARGE_CONST const uint8_t glyph_bitmap[] = {
    /* U+0020 " " */

    /* U+0021 "!" */
    0xaf, 0xaa, 0xfa, 0xaf, 0xaa, 0xfa, 0xaf, 0xaa,
    0xfa, 0xaf, 0xaa, 0xfa, 0x35, 0x30, 0x0, 0x3b,
    0x4b, 0xfb, 0x6e, 0x60,

    /* U+0022 "\"" */
    0x2f, 0x90, 0x9f, 0x32, 0xf9, 0x9, 0xf3, 0x2f,
    0x90, 0x9f, 0x32, 0xf9, 0x9, 0xf3, 0x2a, 0x60,
    0x6a, 0x20,

    /* U+0023 "#" */
    0x0, 0x6, 0xf0, 0x5f, 0x0, 0x0, 0x9c, 0x8,
    0xd0, 0x0, 0xc, 0x90, 0xba, 0x0, 0x0, 0xf6,
    0xe, 0x70, 0x9, 0xff, 0xff, 0xff, 0x80, 0x6b,
    0xf8, 0xbf, 0x83, 0x0, 0xab, 0x9, 0xd0, 0x0,
    0xe, 0x70, 0xc9, 0x0, 0x7f, 0xff, 0xff, 0xfb,
    0x5, 0xbf, 0x8a, 0xf9, 0x40, 0x8, 0xd0, 0x7e,
    0x0, 0x0, 0xc9, 0xb, 0xa0, 0x0, 0xf, 0x60,
    0xe7, 0x0, 0x0,

    /* U+0024 "$" */
    0x0, 0x3, 0x80, 0x0, 0x0, 0x0, 0x5f, 0x10,
    0x0, 0x0, 0x7d, 0xfc, 0x60, 0x0, 0x9f, 0xff,
    0xff, 0x70, 0xf, 0xf7, 0x19, 0xfd, 0x2, 0xff,
    0x20, 0x17, 0x60, 0xf, 0xf9, 0x0, 0x0, 0x0,
    0xbf, 0xfd, 0x30, 0x0, 0x1, 0xcf, 0xff, 0x80,
    0x0, 0x0, 0x6e, 0xff, 0x80, 0x0, 0x0, 0x1c,
    0xff, 0x0, 0x22, 0x0, 0x3f, 0xf3, 0x1f, 0xf3,
    0x3, 0xff, 0x20, 0xdf, 0xea, 0xef, 0xc0, 0x3,
    0xef, 0xff, 0xd2, 0x0, 0x0, 0x8f, 0x40, 0x0,
    0x0, 0x5, 0xf1, 0x0, 0x0,

    /* U+0025 "%" */
    0x8, 0xfe, 0x40, 0x0, 0xbb, 0x0, 0xf8, 0xca,
    0x0, 0x4f, 0x20, 0x2f, 0x39, 0xc0, 0xd, 0x80,
    0x2, 0xf3, 0x9c, 0x7, 0xe0, 0x0, 0x2f, 0x39,
    0xc1, 0xf5, 0x0, 0x1, 0xf5, 0xbb, 0x9c, 0x0,
    0x0, 0xb, 0xff, 0x9f, 0x7e, 0xf9, 0x0, 0x2,
    0x1c, 0xaa, 0xc7, 0xf1, 0x0, 0x5, 0xf1, 0xc9,
    0x3f, 0x20, 0x0, 0xe7, 0xc, 0x93, 0xf2, 0x0,
    0x8d, 0x0, 0xc9, 0x3f, 0x20, 0x2f, 0x40, 0xa,
    0xc8, 0xf1, 0xb, 0xb0, 0x0, 0x3e, 0xf9, 0x0,

    /* U+0026 "&" */
    0x0, 0x9e, 0xe6, 0x0, 0x0, 0x6f, 0xab, 0xf2,
    0x0, 0x9, 0xf1, 0x3f, 0x50, 0x0, 0x7f, 0x58,
    0xf2, 0x0, 0x2, 0xfe, 0xfc, 0x0, 0x0, 0xc,
    0xfd, 0x10, 0x0, 0xa, 0xff, 0xf1, 0x3, 0x5,
    0xfc, 0x8f, 0xa2, 0xfa, 0xaf, 0x40, 0xef, 0xef,
    0x6c, 0xf2, 0x5, 0xff, 0x90, 0xaf, 0x93, 0xcf,
    0xf5, 0x5, 0xff, 0xff, 0xcf, 0xe0, 0x7, 0xee,
    0x90, 0xaf, 0x80,

    /* U+0027 "'" */
    0x5f, 0x65, 0xf6, 0x5f, 0x65, 0xf6, 0x4a, 0x40,

    /* U+0028 "(" */
    0x0, 0x3, 0x0, 0x2, 0xf7, 0x0, 0xaf, 0x40,
    0xf, 0xe0, 0x5, 0xf8, 0x0, 0x9f, 0x30, 0xc,
    0xf0, 0x0, 0xfe, 0x0, 0xf, 0xd0, 0x1, 0xfb,
    0x0, 0xf, 0xc0, 0x0, 0xfe, 0x0, 0xc, 0xf0,
    0x0, 0x9f, 0x20, 0x5, 0xf7, 0x0, 0xf, 0xd0,
    0x0, 0xaf, 0x30, 0x3, 0xf7, 0x0, 0x4, 0x0,

    /* U+0029 ")" */
    0x3, 0x0, 0x6, 0xf3, 0x0, 0x3f, 0xa0, 0x0,
    0xdf, 0x0, 0x8, 0xf5, 0x0, 0x3f, 0x90, 0x0,
    0xfc, 0x0, 0xe, 0xf0, 0x0, 0xdf, 0x0, 0xb,
    0xf1, 0x0, 0xcf, 0x0, 0xe, 0xf0, 0x0, 0xfc,
    0x0, 0x2f, 0x90, 0x7, 0xf5, 0x0, 0xdf, 0x0,
    0x3f, 0xa0, 0x7, 0xf3, 0x0, 0x4, 0x0, 0x0,

    /* U+002A "*" */
    0x0, 0x7, 0xf6, 0x0, 0x0, 0x0, 0x4f, 0x40,
    0x0, 0x67, 0x12, 0xf2, 0x29, 0x8d, 0xff, 0x9f,
    0xaf, 0xfd, 0x3, 0x6c, 0xfc, 0x52, 0x0, 0x3,
    0xe9, 0xf5, 0x0, 0x2, 0xed, 0xa, 0xf4, 0x0,
    0x6f, 0x50, 0x2f, 0x80, 0x0, 0x20, 0x0, 0x20,
    0x0,

    /* U+002B "+" */
    0x0, 0x3, 0xe3, 0x0, 0x0, 0x0, 0x3f, 0x30,
    0x0, 0x1, 0x14, 0xf4, 0x11, 0x8, 0xff, 0xff,
    0xff, 0xf8, 0x24, 0x47, 0xf7, 0x44, 0x20, 0x0,
    0x3f, 0x30, 0x0, 0x0, 0x3, 0xf3, 0x0, 0x0,
    0x0, 0x3f, 0x30, 0x0,

    /* U+002C "," */
    0x6, 0x82, 0xb, 0xf5, 0xd, 0xf1, 0xf, 0xc0,
    0x1f, 0x70, 0x3, 0x10,

    /* U+002D "-" */
    0x4e, 0xee, 0xee, 0x34, 0xff, 0xff, 0xf4,

    /* U+002E "." */
    0x4b, 0x4b, 0xfb, 0x6e, 0x60,

    /* U+002F "/" */
    0x0, 0x0, 0x0, 0xe, 0xa0, 0x0, 0x0, 0x6,
    0xf3, 0x0, 0x0, 0x0, 0xcd, 0x0, 0x0, 0x0,
    0x3f, 0x60, 0x0, 0x0, 0xa, 0xe0, 0x0, 0x0,
    0x1, 0xf8, 0x0, 0x0, 0x0, 0x7f, 0x20, 0x0,
    0x0, 0xe, 0xb0, 0x0, 0x0, 0x5, 0xf4, 0x0,
    0x0, 0x0, 0xbe, 0x0, 0x0, 0x0, 0x2f, 0x70,
    0x0, 0x0, 0x9, 0xf1, 0x0, 0x0, 0x0, 0xfa,
    0x0, 0x0, 0x0, 0x6f, 0x30, 0x0, 0x0, 0xd,
    0xc0, 0x0, 0x0, 0x3, 0xf6, 0x0, 0x0, 0x0,
    0xae, 0x0, 0x0, 0x0, 0x0,

    /* U+0030 "0" */
    0x19, 0xef, 0xe9, 0x19, 0xff, 0xdf, 0xf9, 0xdf,
    0x50, 0x5f, 0xde, 0xf4, 0x4, 0xfe, 0xef, 0x40,
    0x4f, 0xee, 0xf4, 0x4, 0xfe, 0xef, 0x40, 0x4f,
    0xee, 0xf4, 0x4, 0xfe, 0xef, 0x40, 0x4f, 0xee,
    0xf4, 0x4, 0xfe, 0xdf, 0x50, 0x5f, 0xd9, 0xff,
    0xdf, 0xf9, 0x1a, 0xef, 0xea, 0x10,

    /* U+0031 "1" */
    0x0, 0x3, 0xb0, 0x2a, 0xff, 0x2f, 0xff, 0xf3,
    0xfb, 0xff, 0x13, 0x1f, 0xf0, 0x1, 0xff, 0x0,
    0x1f, 0xf0, 0x1, 0xff, 0x0, 0x1f, 0xf0, 0x1,
    0xff, 0x0, 0x1f, 0xf0, 0x1, 0xff, 0x0, 0x1f,
    0xf0,

    /* U+0032 "2" */
    0x0, 0x8d, 0xfc, 0x50, 0x9, 0xff, 0xff, 0xf5,
    0xf, 0xf4, 0x9, 0xfc, 0x1a, 0xa0, 0x4, 0xff,
    0x0, 0x0, 0x5, 0xfd, 0x0, 0x0, 0xc, 0xf9,
    0x0, 0x0, 0x5f, 0xf2, 0x0, 0x0, 0xdf, 0x90,
    0x0, 0x6, 0xfe, 0x10, 0x0, 0xe, 0xf7, 0x0,
    0x0, 0x8f, 0xe2, 0x22, 0x1, 0xff, 0xff, 0xfe,
    0xa, 0xff, 0xff, 0xfe,

    /* U+0033 "3" */
    0x0, 0x8d, 0xfc, 0x60, 0x0, 0xaf, 0xff, 0xff,
    0x70, 0x1f, 0xf4, 0x7, 0xff, 0x1, 0x44, 0x0,
    0x1f, 0xf1, 0x0, 0x0, 0x4, 0xfe, 0x0, 0x0,
    0xb, 0xff, 0x50, 0x0, 0x0, 0xff, 0xf4, 0x0,
    0x0, 0x1, 0x8f, 0xf0, 0x0, 0x0, 0x0, 0xff,
    0x31, 0x66, 0x0, 0x1f, 0xf3, 0xf, 0xf6, 0x7,
    0xff, 0x10, 0x9f, 0xff, 0xff, 0x80, 0x0, 0x8d,
    0xfd, 0x60, 0x0,

    /* U+0034 "4" */
    0x0, 0x0, 0xbf, 0xf2, 0x0, 0x0, 0x4f, 0xff,
    0x20, 0x0, 0xc, 0xff, 0xf2, 0x0, 0x5, 0xfd,
    0xff, 0x20, 0x0, 0xdf, 0x4f, 0xf2, 0x0, 0x6f,
    0x92, 0xff, 0x20, 0xe, 0xf1, 0x2f, 0xf2, 0x7,
    0xf7, 0x2, 0xff, 0x20, 0xaf, 0xff, 0xff, 0xff,
    0xaa, 0xff, 0xff, 0xff, 0xfa, 0x12, 0x22, 0x4f,
    0xf4, 0x10, 0x0, 0x2, 0xff, 0x20, 0x0, 0x0,
    0x2f, 0xf2, 0x0,

    /* U+0035 "5" */
    0xc, 0xff, 0xff, 0xfc, 0x0, 0xdf, 0xff, 0xff,
    0xc0, 0xd, 0xf5, 0x22, 0x21, 0x0, 0xef, 0x20,
    0x0, 0x0, 0xf, 0xf1, 0x0, 0x0, 0x0, 0xff,
    0xbf, 0xe9, 0x0, 0x1f, 0xff, 0xff, 0xfa, 0x1,
    0xcb, 0x21, 0x8f, 0xf1, 0x0, 0x0, 0x0, 0xff,
    0x31, 0x44, 0x0, 0x1f, 0xf3, 0x1f, 0xf5, 0x7,
    0xff, 0x0, 0x9f, 0xff, 0xff, 0x80, 0x0, 0x7d,
    0xfd, 0x70, 0x0,

    /* U+0036 "6" */
    0x0, 0x0, 0x8f, 0xf1, 0x0, 0x0, 0x2f, 0xf7,
    0x0, 0x0, 0xa, 0xfd, 0x0, 0x0, 0x3, 0xff,
    0x40, 0x0, 0x0, 0xcf, 0xb0, 0x0, 0x0, 0x5f,
    0xff, 0xea, 0x10, 0xc, 0xff, 0xdf, 0xfc, 0x1,
    0xff, 0x50, 0x5f, 0xf2, 0x4f, 0xf0, 0x0, 0xff,
    0x54, 0xff, 0x10, 0x1f, 0xf4, 0x2f, 0xf7, 0x7,
    0xff, 0x10, 0x9f, 0xff, 0xff, 0x90, 0x0, 0x7d,
    0xfd, 0x70, 0x0,

    /* U+0037 "7" */
    0x4f, 0xff, 0xff, 0xff, 0x54, 0xff, 0xff, 0xff,
    0xf0, 0x2, 0x22, 0x2d, 0xfa, 0x0, 0x0, 0x2,
    0xff, 0x50, 0x0, 0x0, 0x8f, 0xf0, 0x0, 0x0,
    0xe, 0xfa, 0x0, 0x0, 0x4, 0xff, 0x40, 0x0,
    0x0, 0xaf, 0xe0, 0x0, 0x0, 0xf, 0xf9, 0x0,
    0x0, 0x5, 0xff, 0x40, 0x0, 0x0, 0xbf, 0xe0,
    0x0, 0x0, 0x1f, 0xf8, 0x0, 0x0, 0x7, 0xff,
    0x30, 0x0, 0x0,

    /* U+0038 "8" */
    0x0, 0x8d, 0xfd, 0x80, 0x0, 0x9f, 0xff, 0xff,
    0x90, 0xf, 0xf8, 0x8, 0xff, 0x2, 0xff, 0x10,
    0x1f, 0xf2, 0xf, 0xf4, 0x5, 0xff, 0x0, 0x7f,
    0xfc, 0xff, 0x70, 0x5, 0xff, 0xff, 0xf5, 0x1,
    0xff, 0x80, 0x8f, 0xf1, 0x4f, 0xf1, 0x1, 0xff,
    0x45, 0xff, 0x10, 0x1f, 0xf5, 0x2f, 0xf7, 0x7,
    0xff, 0x20, 0xaf, 0xff, 0xff, 0xa0, 0x0, 0x8d,
    0xfd, 0x70, 0x0,

    /* U+0039 "9" */
    0x0, 0x7d, 0xfd, 0x70, 0x0, 0x9f, 0xff, 0xff,
    0x90, 0x2f, 0xf7, 0x7, 0xff, 0x24, 0xff, 0x10,
    0x1f, 0xf4, 0x5f, 0xf1, 0x1, 0xff, 0x42, 0xff,
    0x80, 0x8f, 0xf1, 0x9, 0xff, 0xff, 0xfd, 0x0,
    0x5, 0x9c, 0xff, 0x50, 0x0, 0x0, 0xcf, 0xc0,
    0x0, 0x0, 0x5f, 0xf3, 0x0, 0x0, 0xd, 0xfa,
    0x0, 0x0, 0x7, 0xff, 0x20, 0x0, 0x1, 0xff,
    0x80, 0x0, 0x0,

    /* U+003A ":" */
    0x6e, 0x6b, 0xfb, 0x4b, 0x40, 0x0, 0x0, 0x4,
    0xb4, 0xbf, 0xb6, 0xe6,

    /* U+003B ";" */
    0x4, 0xb4, 0xb, 0xfb, 0x6, 0xe6, 0x0, 0x0,
    0x0, 0x0, 0x3, 0x30, 0xa, 0xf6, 0xc, 0xf2,
    0xe, 0xd0, 0xf, 0x90, 0x8, 0x30,

    /* U+003C "<" */
    0x0, 0x0, 0x0, 0x0, 0x0, 0x0, 0x0, 0x2,
    0x97, 0x0, 0x0, 0x2a, 0xfe, 0x40, 0x2, 0xaf,
    0xe6, 0x0, 0x2a, 0xfd, 0x60, 0x0, 0x8, 0xf8,
    0x0, 0x0, 0x0, 0x4e, 0xfa, 0x20, 0x0, 0x0,
    0x6, 0xef, 0xa3, 0x0, 0x0, 0x0, 0x6d, 0xfb,
    0x20, 0x0, 0x0, 0x6, 0xd7, 0x0, 0x0, 0x0,
    0x0, 0x10,

    /* U+003D "=" */
    0x8f, 0xff, 0xff, 0xff, 0x83, 0x66, 0x66, 0x66,
    0x63, 0x0, 0x0, 0x0, 0x0, 0x0, 0x11, 0x11,
    0x11, 0x10, 0x8f, 0xff, 0xff, 0xff, 0x82, 0x44,
    0x44, 0x44, 0x42,

    /* U+003E ">" */
    0x0, 0x0, 0x0, 0x0, 0x7, 0x92, 0x0, 0x0,
    0x0, 0x4e, 0xfa, 0x20, 0x0, 0x0, 0x7, 0xef,
    0xa2, 0x0, 0x0, 0x0, 0x6e, 0xfa, 0x20, 0x0,
    0x0, 0x8, 0xf7, 0x0, 0x0, 0x2a, 0xfe, 0x40,
    0x3, 0xaf, 0xe6, 0x0, 0x2b, 0xfd, 0x60, 0x0,
    0x8, 0xd5, 0x0, 0x0, 0x0, 0x10, 0x0, 0x0,
    0x0, 0x0,

    /* U+003F "?" */
    0x0, 0x8e, 0xfc, 0x50, 0x9, 0xff, 0xff, 0xf4,
    0xf, 0xf4, 0xc, 0xfa, 0x1a, 0x90, 0x9, 0xfb,
    0x0, 0x0, 0x2e, 0xf6, 0x0, 0x2, 0xff, 0xa0,
    0x0, 0xd, 0xfa, 0x0, 0x0, 0x1f, 0xf0, 0x0,
    0x0, 0x3, 0x30, 0x0, 0x0, 0x0, 0x0, 0x0,
    0x0, 0x9, 0x80, 0x0, 0x0, 0x4f, 0xf3, 0x0,
    0x0, 0x1d, 0xc0, 0x0,

    /* U+0040 "@" */
    0x0, 0x7c, 0xee, 0xc3, 0x0, 0xcf, 0xfe, 0xef,
    0xf2, 0x5f, 0xe2, 0x0, 0x4f, 0x78, 0xf8, 0x2,
    0x74, 0xe9, 0xaf, 0x71, 0xff, 0xff, 0xaa, 0xf7,
    0x6f, 0x65, 0xfa, 0xaf, 0x78, 0xf1, 0xf, 0xaa,
    0xf7, 0x7f, 0x20, 0xfa, 0xaf, 0x73, 0xfc, 0xdf,
    0xaa, 0xf8, 0x8, 0xeb, 0xea, 0x8f, 0xb0, 0x0,
    0x0, 0x4, 0xff, 0x83, 0x22, 0x21, 0xb, 0xff,
    0xff, 0xff, 0xa0, 0x7, 0xcf, 0xff, 0xfa,

    /* U+0041 "A" */
    0x0, 0xc, 0xfc, 0x0, 0x0, 0x0, 0xff, 0xf0,
    0x0, 0x0, 0x4f, 0xff, 0x30, 0x0, 0x7, 0xff,
    0xf7, 0x0, 0x0, 0xbf, 0xff, 0xb0, 0x0, 0xe,
    0xf9, 0xfe, 0x0, 0x2, 0xff, 0x2f, 0xf2, 0x0,
    0x6f, 0xc0, 0xef, 0x60, 0xa, 0xf9, 0xb, 0xfa,
    0x0, 0xdf, 0xff, 0xff, 0xd0, 0x1f, 0xff, 0xff,
    0xff, 0x15, 0xff, 0x22, 0x3f, 0xf5, 0x8f, 0xb0,
    0x0, 0xef, 0x80,

    /* U+0042 "B" */
    0x1f, 0xff, 0xfe, 0x80, 0x1, 0xff, 0xde, 0xff,
    0x80, 0x1f, 0xf3, 0x8, 0xfe, 0x1, 0xff, 0x30,
    0x3f, 0xf0, 0x1f, 0xf3, 0x4, 0xfe, 0x1, 0xff,
    0x52, 0xbf, 0x90, 0x1f, 0xff, 0xff, 0xf1, 0x1,
    0xff, 0x75, 0xbf, 0xb0, 0x1f, 0xf3, 0x2, 0xff,
    0x21, 0xff, 0x30, 0x1f, 0xf4, 0x1f, 0xf3, 0x18,
    0xff, 0x21, 0xff, 0xff, 0xff, 0xc0, 0x1f, 0xff,
    0xfe, 0xa1, 0x0,

    /* U+0043 "C" */
    0x0, 0x7d, 0xfd, 0x80, 0x0, 0x9f, 0xff, 0xff,
    0x80, 0x1f, 0xf7, 0x7, 0xff, 0x3, 0xff, 0x10,
    0x5, 0x50, 0x4f, 0xf0, 0x0, 0x0, 0x4, 0xff,
    0x0, 0x0, 0x0, 0x4f, 0xf0, 0x0, 0x0, 0x4,
    0xff, 0x0, 0x0, 0x0, 0x4f, 0xf0, 0x0, 0x0,
    0x3, 0xff, 0x10, 0x5, 0x50, 0x1f, 0xf7, 0x7,
    0xff, 0x0, 0x9f, 0xff, 0xff, 0x80, 0x0, 0x7d,
    0xfd, 0x80, 0x0,

    /* U+0044 "D" */
    0x1f, 0xff, 0xfd, 0x80, 0x1, 0xff, 0xff, 0xff,
    0x90, 0x1f, 0xf5, 0x2a, 0xff, 0x1, 0xff, 0x30,
    0x4f, 0xf2, 0x1f, 0xf3, 0x1, 0xff, 0x31, 0xff,
    0x30, 0x1f, 0xf3, 0x1f, 0xf3, 0x1, 0xff, 0x31,
    0xff, 0x30, 0x1f, 0xf3, 0x1f, 0xf3, 0x1, 0xff,
    0x31, 0xff, 0x30, 0x3f, 0xf2, 0x1f, 0xf5, 0x3b,
    0xff, 0x1, 0xff, 0xff, 0xff, 0x90, 0x1f, 0xff,
    0xfd, 0x80, 0x0,

    /* U+0045 "E" */
    0xcf, 0xff, 0xff, 0xdc, 0xff, 0xff, 0xfd, 0xcf,
    0x92, 0x22, 0x2c, 0xf8, 0x0, 0x0, 0xcf, 0x80,
    0x0, 0xc, 0xf8, 0x0, 0x0, 0xcf, 0xff, 0xff,
    0x7c, 0xff, 0xff, 0xf7, 0xcf, 0x80, 0x0, 0xc,
    0xf8, 0x0, 0x0, 0xcf, 0x92, 0x22, 0x2c, 0xff,
    0xff, 0xfd, 0xcf, 0xff, 0xff, 0xd0,

    /* U+0046 "F" */
    0x1f, 0xff, 0xff, 0xff, 0x21, 0xff, 0xff, 0xff,
    0xf2, 0x1f, 0xf5, 0x22, 0x22, 0x1, 0xff, 0x30,
    0x0, 0x0, 0x1f, 0xf3, 0x0, 0x0, 0x1, 0xff,
    0x41, 0x11, 0x0, 0x1f, 0xff, 0xff, 0xfc, 0x1,
    0xff, 0xff, 0xff, 0xc0, 0x1f, 0xf3, 0x0, 0x0,
    0x1, 0xff, 0x30, 0x0, 0x0, 0x1f, 0xf3, 0x0,
    0x0, 0x1, 0xff, 0x30, 0x0, 0x0, 0x1f, 0xf3,
    0x0, 0x0, 0x0,

    /* U+0047 "G" */
    0x0, 0x7d, 0xfd, 0x70, 0x0, 0x9f, 0xff, 0xff,
    0x80, 0x1f, 0xf7, 0x7, 0xff, 0x3, 0xff, 0x10,
    0x7, 0x70, 0x4f, 0xf0, 0x0, 0x0, 0x4, 0xff,
    0x0, 0x0, 0x0, 0x4f, 0xf0, 0x6f, 0xff, 0x4,
    0xff, 0x5, 0xef, 0xf0, 0x4f, 0xf0, 0x5, 0xff,
    0x3, 0xff, 0x10, 0x6f, 0xf0, 0x1f, 0xf7, 0xb,
    0xff, 0x0, 0xaf, 0xff, 0xff, 0xf0, 0x0, 0x9e,
    0xe7, 0xff, 0x0,

    /* U+0048 "H" */
    0xf, 0xf3, 0x3, 0xff, 0x0, 0xff, 0x30, 0x3f,
    0xf0, 0xf, 0xf3, 0x3, 0xff, 0x0, 0xff, 0x30,
    0x3f, 0xf0, 0xf, 0xf3, 0x3, 0xff, 0x0, 0xff,
    0xff, 0xff, 0xf0, 0xf, 0xff, 0xff, 0xff, 0x0,
    0xff, 0x52, 0x5f, 0xf0, 0xf, 0xf3, 0x3, 0xff,
    0x0, 0xff, 0x30, 0x3f, 0xf0, 0xf, 0xf3, 0x3,
    0xff, 0x0, 0xff, 0x30, 0x3f, 0xf0, 0xf, 0xf3,
    0x3, 0xff, 0x0,

    /* U+0049 "I" */
    0x8f, 0xff, 0xff, 0x88, 0xff, 0xff, 0xf8, 0x12,
    0xbf, 0xb2, 0x10, 0xa, 0xfa, 0x0, 0x0, 0xaf,
    0xa0, 0x0, 0xa, 0xfa, 0x0, 0x0, 0xaf, 0xa0,
    0x0, 0xa, 0xfa, 0x0, 0x0, 0xaf, 0xa0, 0x0,
    0xa, 0xfa, 0x0, 0x12, 0xbf, 0xb2, 0x18, 0xff,
    0xff, 0xf8, 0x8f, 0xff, 0xff, 0x80,

    /* U+004A "J" */
    0x0, 0x7, 0xff, 0xf2, 0x0, 0x7, 0xff, 0xf2,
    0x0, 0x0, 0x3f, 0xf2, 0x0, 0x0, 0x2f, 0xf2,
    0x0, 0x0, 0x2f, 0xf2, 0x0, 0x0, 0x2f, 0xf2,
    0x0, 0x0, 0x2f, 0xf2, 0x0, 0x0, 0x2f, 0xf2,
    0x0, 0x0, 0x2f, 0xf2, 0x0, 0x0, 0x5f, 0xf0,
    0x22, 0x24, 0xdf, 0xd0, 0xdf, 0xff, 0xff, 0x50,
    0xdf, 0xff, 0xc5, 0x0,

    /* U+004B "K" */
    0x1f, 0xf3, 0x3, 0xff, 0x11, 0xff, 0x30, 0xbf,
    0x80, 0x1f, 0xf3, 0x3f, 0xf1, 0x1, 0xff, 0x3b,
    0xf8, 0x0, 0x1f, 0xf6, 0xfe, 0x10, 0x1, 0xff,
    0xdf, 0x70, 0x0, 0x1f, 0xff, 0xf6, 0x0, 0x1,
    0xff, 0xbf, 0xd0, 0x0, 0x1f, 0xf4, 0xff, 0x60,
    0x1, 0xff, 0x39, 0xfd, 0x0, 0x1f, 0xf3, 0x2f,
    0xf5, 0x1, 0xff, 0x30, 0xaf, 0xd0, 0x1f, 0xf3,
    0x3, 0xff, 0x50,

    /* U+004C "L" */
    0x1f, 0xf3, 0x0, 0x0, 0x1, 0xff, 0x30, 0x0,
    0x0, 0x1f, 0xf3, 0x0, 0x0, 0x1, 0xff, 0x30,
    0x0, 0x0, 0x1f, 0xf3, 0x0, 0x0, 0x1, 0xff,
    0x30, 0x0, 0x0, 0x1f, 0xf3, 0x0, 0x0, 0x1,
    0xff, 0x30, 0x0, 0x0, 0x1f, 0xf3, 0x0, 0x0,
    0x1, 0xff, 0x30, 0x0, 0x0, 0x1f, 0xf5, 0x22,
    0x22, 0x1, 0xff, 0xff, 0xff, 0xf1, 0x1f, 0xff,
    0xff, 0xff, 0x10,

    /* U+004D "M" */
    0x5f, 0xf2, 0x0, 0xff, 0x55, 0xff, 0x70, 0x5f,
    0xf5, 0x5f, 0xfc, 0xa, 0xff, 0x55, 0xff, 0xf1,
    0xff, 0xf5, 0x5f, 0xff, 0xaf, 0xff, 0x55, 0xfd,
    0xff, 0xfd, 0xf5, 0x5f, 0x9e, 0xfe, 0x9f, 0x55,
    0xf9, 0x9f, 0x98, 0xf5, 0x5f, 0x93, 0xf4, 0x8f,
    0x55, 0xf9, 0xc, 0x8, 0xf5, 0x5f, 0x90, 0x20,
    0x8f, 0x55, 0xf9, 0x0, 0x8, 0xf5, 0x5f, 0x90,
    0x0, 0x8f, 0x50,

    /* U+004E "N" */
    0x1f, 0xfb, 0x0, 0xff, 0x11, 0xff, 0xf1, 0xf,
    0xf1, 0x1f, 0xff, 0x60, 0xff, 0x11, 0xff, 0xfc,
    0xf, 0xf1, 0x1f, 0xff, 0xf2, 0xff, 0x11, 0xff,
    0xff, 0x7f, 0xf1, 0x1f, 0xf9, 0xfd, 0xff, 0x11,
    0xff, 0x3f, 0xff, 0xf1, 0x1f, 0xf0, 0xdf, 0xff,
    0x11, 0xff, 0x7, 0xff, 0xf1, 0x1f, 0xf0, 0x1f,
    0xff, 0x11, 0xff, 0x0, 0xaf, 0xf1, 0x1f, 0xf0,
    0x4, 0xff, 0x10,

    /* U+004F "O" */
    0x0, 0x7d, 0xfd, 0x70, 0x0, 0x8f, 0xff, 0xff,
    0x80, 0xf, 0xf7, 0x7, 0xff, 0x3, 0xff, 0x10,
    0x1f, 0xf3, 0x4f, 0xf0, 0x0, 0xff, 0x44, 0xff,
    0x0, 0xf, 0xf4, 0x4f, 0xf0, 0x0, 0xff, 0x44,
    0xff, 0x0, 0xf, 0xf4, 0x4f, 0xf0, 0x0, 0xff,
    0x43, 0xff, 0x10, 0x1f, 0xf3, 0xf, 0xf7, 0x7,
    0xff, 0x0, 0x8f, 0xff, 0xff, 0x80, 0x0, 0x7d,
    0xfd, 0x70, 0x0,

    /* U+0050 "P" */
    0x1f, 0xff, 0xfc, 0x60, 0x1, 0xff, 0xff, 0xff,
    0x80, 0x1f, 0xf5, 0x3a, 0xff, 0x11, 0xff, 0x30,
    0xf, 0xf4, 0x1f, 0xf3, 0x0, 0xff, 0x61, 0xff,
    0x30, 0x1f, 0xf5, 0x1f, 0xf5, 0x3a, 0xff, 0x21,
    0xff, 0xff, 0xff, 0x90, 0x1f, 0xff, 0xfc, 0x70,
    0x1, 0xff, 0x30, 0x0, 0x0, 0x1f, 0xf3, 0x0,
    0x0, 0x1, 0xff, 0x30, 0x0, 0x0, 0x1f, 0xf3,
    0x0, 0x0, 0x0,

    /* U+0051 "Q" */
    0x0, 0x7d, 0xfd, 0x70, 0x0, 0x8f, 0xff, 0xff,
    0x80, 0xf, 0xf7, 0x7, 0xff, 0x3, 0xff, 0x10,
    0x1f, 0xf3, 0x4f, 0xf0, 0x0, 0xff, 0x44, 0xff,
    0x0, 0xf, 0xf4, 0x4f, 0xf0, 0x0, 0xff, 0x44,
    0xff, 0x0, 0xf, 0xf4, 0x4f, 0xf0, 0x0, 0xff,
    0x43, 0xff, 0x10, 0x1f, 0xf2, 0xf, 0xf7, 0x7,
    0xff, 0x0, 0x8f, 0xff, 0xff, 0x70, 0x0, 0x7d,
    0xff, 0xc0, 0x0, 0x0, 0x6, 0xff, 0x0, 0x0,
    0x0, 0x1f, 0xf6, 0x0,

    /* U+0052 "R" */
    0x1f, 0xff, 0xfd, 0x80, 0x1, 0xff, 0xff, 0xff,
    0xa0, 0x1f, 0xf5, 0x3a, 0xff, 0x21, 0xff, 0x30,
    0x1f, 0xf4, 0x1f, 0xf3, 0x0, 0xff, 0x41, 0xff,
    0x30, 0x5f, 0xf2, 0x1f, 0xfb, 0xaf, 0xfa, 0x1,
    0xff, 0xff, 0xf8, 0x0, 0x1f, 0xf9, 0xff, 0x40,
    0x1, 0xff, 0x3d, 0xfc, 0x0, 0x1f, 0xf3, 0x5f,
    0xf5, 0x1, 0xff, 0x30, 0xdf, 0xd0, 0x1f, 0xf3,
    0x4, 0xff, 0x60,

    /* U+0053 "S" */
    0x0, 0x8d, 0xfd, 0x70, 0x0, 0xaf, 0xff, 0xff,
    0x70, 0xf, 0xf6, 0x8, 0xfd, 0x2, 0xff, 0x20,
    0x5, 0x50, 0xf, 0xfb, 0x10, 0x0, 0x0, 0x8f,
    0xfe, 0x60, 0x0, 0x0, 0x8f, 0xff, 0xb0, 0x0,
    0x0, 0x2b, 0xff, 0xb0, 0x0, 0x0, 0x9, 0xff,
    0x11, 0x77, 0x0, 0x2f, 0xf3, 0xf, 0xf7, 0x7,
    0xff, 0x10, 0x9f, 0xff, 0xff, 0x90, 0x0, 0x8d,
    0xfd, 0x70, 0x0,

    /* U+0054 "T" */
    0x8f, 0xff, 0xff, 0xff, 0x88, 0xff, 0xff, 0xff,
    0xf8, 0x12, 0x2b, 0xfb, 0x22, 0x10, 0x0, 0xaf,
    0xa0, 0x0, 0x0, 0xa, 0xfa, 0x0, 0x0, 0x0,
    0xaf, 0xa0, 0x0, 0x0, 0xa, 0xfa, 0x0, 0x0,
    0x0, 0xaf, 0xa0, 0x0, 0x0, 0xa, 0xfa, 0x0,
    0x0, 0x0, 0xaf, 0xa0, 0x0, 0x0, 0xa, 0xfa,
    0x0, 0x0, 0x0, 0xaf, 0xa0, 0x0, 0x0, 0xa,
    0xfa, 0x0, 0x0,

    /* U+0055 "U" */
    0x5f, 0xe0, 0x0, 0xdf, 0x55, 0xfe, 0x0, 0xd,
    0xf5, 0x5f, 0xe0, 0x0, 0xdf, 0x55, 0xfe, 0x0,
    0xd, 0xf5, 0x5f, 0xe0, 0x0, 0xdf, 0x55, 0xfe,
    0x0, 0xd, 0xf5, 0x5f, 0xe0, 0x0, 0xdf, 0x55,
    0xfe, 0x0, 0xd, 0xf5, 0x5f, 0xe0, 0x0, 0xdf,
    0x55, 0xff, 0x0, 0xe, 0xf5, 0x2f, 0xf8, 0x27,
    0xff, 0x20, 0xbf, 0xff, 0xff, 0xb0, 0x0, 0x8d,
    0xfd, 0x80, 0x0,

    /* U+0056 "V" */
    0x8f, 0xd0, 0x0, 0xbf, 0x85, 0xff, 0x10, 0xf,
    0xf5, 0x1f, 0xf4, 0x2, 0xff, 0x10, 0xdf, 0x70,
    0x5f, 0xd0, 0xa, 0xfb, 0x9, 0xfa, 0x0, 0x6f,
    0xe0, 0xcf, 0x60, 0x2, 0xff, 0x2f, 0xf2, 0x0,
    0xe, 0xf8, 0xfe, 0x0, 0x0, 0xbf, 0xef, 0xb0,
    0x0, 0x7, 0xff, 0xf7, 0x0, 0x0, 0x3f, 0xff,
    0x30, 0x0, 0x0, 0xff, 0xf0, 0x0, 0x0, 0xc,
    0xfc, 0x0, 0x0,

    /* U+0057 "W" */
    0xdf, 0x80, 0x0, 0x7f, 0xdb, 0xf9, 0x0, 0x9,
    0xfb, 0x9f, 0xb0, 0x30, 0xaf, 0x97, 0xfc, 0xc,
    0xc, 0xf7, 0x6f, 0xe2, 0xf2, 0xdf, 0x64, 0xff,
    0x6f, 0x6f, 0xf4, 0x2f, 0xfc, 0xfc, 0xff, 0x21,
    0xff, 0xff, 0xff, 0xf0, 0xf, 0xff, 0x9f, 0xfe,
    0x0, 0xdf, 0xf2, 0xff, 0xd0, 0xb, 0xfd, 0xd,
    0xfb, 0x0, 0xaf, 0xa0, 0xaf, 0x90, 0x8, 0xf6,
    0x6, 0xf7, 0x0,

    /* U+0058 "X" */
    0x4f, 0xf4, 0x3, 0xff, 0x40, 0xef, 0xa0, 0x8f,
    0xe0, 0x8, 0xff, 0x1e, 0xf8, 0x0, 0x2f, 0xf9,
    0xff, 0x20, 0x0, 0xbf, 0xff, 0xb0, 0x0, 0x5,
    0xff, 0xf5, 0x0, 0x0, 0x1f, 0xff, 0x10, 0x0,
    0x5, 0xff, 0xf6, 0x0, 0x0, 0xcf, 0xff, 0xc0,
    0x0, 0x2f, 0xf9, 0xff, 0x20, 0x8, 0xfe, 0xf,
    0xf8, 0x0, 0xef, 0x90, 0xaf, 0xe0, 0x4f, 0xf4,
    0x5, 0xff, 0x40,

    /* U+0059 "Y" */
    0x9f, 0xf1, 0x0, 0xff, 0x92, 0xff, 0x70, 0x5f,
    0xf3, 0xc, 0xfc, 0xb, 0xfc, 0x0, 0x6f, 0xf3,
    0xff, 0x60, 0x0, 0xff, 0xdf, 0xf0, 0x0, 0x9,
    0xff, 0xf9, 0x0, 0x0, 0x2f, 0xff, 0x20, 0x0,
    0x0, 0xcf, 0xc0, 0x0, 0x0, 0xa, 0xfa, 0x0,
    0x0, 0x0, 0xaf, 0xa0, 0x0, 0x0, 0xa, 0xfa,
    0x0, 0x0, 0x0, 0xaf, 0xa0, 0x0, 0x0, 0xa,
    0xfa, 0x0, 0x0,

    /* U+005A "Z" */
    0x4f, 0xff, 0xff, 0xff, 0x44, 0xff, 0xff, 0xff,
    0xd0, 0x2, 0x22, 0x4f, 0xf6, 0x0, 0x0, 0x8,
    0xff, 0x0, 0x0, 0x0, 0xef, 0x90, 0x0, 0x0,
    0x6f, 0xf2, 0x0, 0x0, 0xc, 0xfb, 0x0, 0x0,
    0x3, 0xff, 0x50, 0x0, 0x0, 0xaf, 0xe0, 0x0,
    0x0, 0x1f, 0xf7, 0x0, 0x0, 0x8, 0xff, 0x32,
    0x22, 0x0, 0xef, 0xff, 0xff, 0xf4, 0x6f, 0xff,
    0xff, 0xff, 0x40,

    /* U+005B "[" */
    0x1, 0x11, 0x5, 0xff, 0xf0, 0x5f, 0x84, 0x5,
    0xf5, 0x0, 0x5f, 0x50, 0x5, 0xf5, 0x0, 0x5f,
    0x50, 0x5, 0xf5, 0x0, 0x5f, 0x50, 0x5, 0xf5,
    0x0, 0x5f, 0x50, 0x5, 0xf5, 0x0, 0x5f, 0x50,
    0x5, 0xf5, 0x0, 0x5f, 0x50, 0x5, 0xf5, 0x0,
    0x5f, 0x50, 0x5, 0xfa, 0x60, 0x5f, 0xff, 0x0,

    /* U+005C "\\" */
    0xae, 0x0, 0x0, 0x0, 0x3, 0xf6, 0x0, 0x0,
    0x0, 0xd, 0xc0, 0x0, 0x0, 0x0, 0x6f, 0x30,
    0x0, 0x0, 0x0, 0xfa, 0x0, 0x0, 0x0, 0x9,
    0xf1, 0x0, 0x0, 0x0, 0x2f, 0x70, 0x0, 0x0,
    0x0, 0xbe, 0x0, 0x0, 0x0, 0x5, 0xf4, 0x0,
    0x0, 0x0, 0xe, 0xb0, 0x0, 0x0, 0x0, 0x7f,
    0x20, 0x0, 0x0, 0x1, 0xf8, 0x0, 0x0, 0x0,
    0xa, 0xe0, 0x0, 0x0, 0x0, 0x3f, 0x60, 0x0,
    0x0, 0x0, 0xcd, 0x0, 0x0, 0x0, 0x6, 0xf3,
    0x0, 0x0, 0x0, 0xe, 0xa0,

    /* U+005D "]" */
    0x1, 0x11, 0x0, 0xff, 0xf6, 0x4, 0x8f, 0x60,
    0x5, 0xf6, 0x0, 0x5f, 0x60, 0x5, 0xf6, 0x0,
    0x5f, 0x60, 0x5, 0xf6, 0x0, 0x5f, 0x60, 0x5,
    0xf6, 0x0, 0x5f, 0x60, 0x5, 0xf6, 0x0, 0x5f,
    0x60, 0x5, 0xf6, 0x0, 0x5f, 0x60, 0x5, 0xf6,
    0x0, 0x5f, 0x60, 0x69, 0xf6, 0xf, 0xff, 0x60,

    /* U+005E "^" */
    0x0, 0x9, 0xf9, 0x0, 0x0, 0x1, 0xff, 0xf1,
    0x0, 0x0, 0x9f, 0x3f, 0x80, 0x0, 0x1f, 0x90,
    0x9f, 0x10, 0x8, 0xf1, 0x1, 0xf8, 0x1, 0xf8,
    0x0, 0x8, 0xf1,

    /* U+005F "_" */
    0x11, 0x11, 0x11, 0x11, 0x1f, 0xff, 0xff, 0xff,
    0xff, 0x44, 0x44, 0x44, 0x44, 0x40,

    /* U+0060 "`" */
    0x36, 0x60, 0x1, 0xef, 0x50, 0x5, 0xfd, 0x0,
    0xa, 0xf5,

    /* U+0061 "a" */
    0x0, 0x6b, 0xfe, 0x91, 0x0, 0x8f, 0xff, 0xff,
    0xb0, 0x3, 0xa4, 0x6, 0xff, 0x10, 0x0, 0x1,
    0xf, 0xf3, 0x5, 0xef, 0xfe, 0xff, 0x32, 0xff,
    0x85, 0x7f, 0xf3, 0x5f, 0xe0, 0x4, 0xff, 0x32,
    0xff, 0xee, 0xff, 0xf3, 0x4, 0xcf, 0xd8, 0xcf,
    0x30,

    /* U+0062 "b" */
    0x1f, 0xf1, 0x0, 0x0, 0x1, 0xff, 0x10, 0x0,
    0x0, 0x1f, 0xf1, 0x0, 0x0, 0x1, 0xff, 0x10,
    0x0, 0x0, 0x1f, 0xf8, 0xde, 0xb1, 0x1, 0xff,
    0xfe, 0xff, 0xc0, 0x1f, 0xf8, 0x2, 0xff, 0x21,
    0xff, 0x10, 0xe, 0xf5, 0x1f, 0xf1, 0x0, 0xdf,
    0x61, 0xff, 0x10, 0xd, 0xf5, 0x1f, 0xf5, 0x1,
    0xff, 0x21, 0xff, 0xfb, 0xdf, 0xc0, 0x1f, 0xf9,
    0xef, 0xb1, 0x0,

    /* U+0063 "c" */
    0x0, 0x4b, 0xee, 0xa1, 0x0, 0x6f, 0xff, 0xff,
    0xd0, 0xe, 0xf8, 0x1, 0xa6, 0x3, 0xff, 0x0,
    0x0, 0x0, 0x5f, 0xd0, 0x0, 0x0, 0x3, 0xff,
    0x0, 0x0, 0x0, 0xe, 0xf8, 0x1, 0xa6, 0x0,
    0x5f, 0xff, 0xff, 0xd0, 0x0, 0x4b, 0xee, 0xa1,
    0x0,

    /* U+0064 "d" */
    0x0, 0x0, 0x1, 0xff, 0x10, 0x0, 0x0, 0x1f,
    0xf1, 0x0, 0x0, 0x1, 0xff, 0x10, 0x0, 0x0,
    0x1f, 0xf1, 0x1, 0xbe, 0xd8, 0xff, 0x10, 0xcf,
    0xfe, 0xff, 0xf1, 0x2f, 0xf2, 0x7, 0xff, 0x15,
    0xfd, 0x0, 0x1f, 0xf1, 0x6f, 0xc0, 0x1, 0xff,
    0x15, 0xfd, 0x0, 0x1f, 0xf1, 0x2f, 0xf2, 0x7,
    0xff, 0x10, 0xcf, 0xee, 0xff, 0xf1, 0x1, 0xbf,
    0xd7, 0xff, 0x10,

    /* U+0065 "e" */
    0x0, 0x5c, 0xfd, 0x70, 0x0, 0x6f, 0xff, 0xff,
    0x90, 0xe, 0xf5, 0x4, 0xff, 0x13, 0xfe, 0x0,
    0xd, 0xf4, 0x5f, 0xff, 0xff, 0xff, 0x63, 0xfe,
    0x32, 0x22, 0x21, 0xf, 0xf7, 0x1, 0x96, 0x0,
    0x7f, 0xff, 0xff, 0xd0, 0x0, 0x5c, 0xfe, 0xa1,
    0x0,

    /* U+0066 "f" */
    0x0, 0x5, 0xdf, 0xff, 0x50, 0x0, 0xff, 0xff,
    0xf5, 0x0, 0x3f, 0xf3, 0x0, 0x0, 0x4, 0xfe,
    0x0, 0x0, 0x2f, 0xff, 0xff, 0xf0, 0x2, 0xff,
    0xff, 0xff, 0x0, 0x0, 0x4f, 0xe0, 0x0, 0x0,
    0x4, 0xfe, 0x0, 0x0, 0x0, 0x4f, 0xe0, 0x0,
    0x0, 0x4, 0xfe, 0x0, 0x0, 0x0, 0x4f, 0xe0,
    0x0, 0x0, 0x4, 0xfe, 0x0, 0x0, 0x0, 0x4f,
    0xe0, 0x0, 0x0,

    /* U+0067 "g" */
    0x1, 0xbf, 0xd7, 0xff, 0x10, 0xcf, 0xfe, 0xff,
    0xf1, 0x2f, 0xf2, 0x7, 0xff, 0x15, 0xfd, 0x0,
    0x1f, 0xf1, 0x6f, 0xc0, 0x1, 0xff, 0x15, 0xfd,
    0x0, 0x1f, 0xf1, 0x2f, 0xf2, 0x8, 0xff, 0x10,
    0xcf, 0xfe, 0xff, 0xf1, 0x1, 0xbf, 0xd7, 0xff,
    0x10, 0x0, 0x0, 0x2f, 0xf0, 0xc, 0x60, 0x9,
    0xfd, 0x3, 0xff, 0xff, 0xff, 0x50, 0x4, 0xbe,
    0xec, 0x40, 0x0,

    /* U+0068 "h" */
    0x1f, 0xf1, 0x0, 0x0, 0x1, 0xff, 0x10, 0x0,
    0x0, 0x1f, 0xf1, 0x0, 0x0, 0x1, 0xff, 0x10,
    0x0, 0x0, 0x1f, 0xf8, 0xdf, 0xd4, 0x1, 0xff,
    0xfe, 0xff, 0xf1, 0x1f, 0xf8, 0x1, 0xff, 0x31,
    0xff, 0x10, 0xe, 0xf4, 0x1f, 0xf1, 0x0, 0xdf,
    0x41, 0xff, 0x10, 0xd, 0xf4, 0x1f, 0xf1, 0x0,
    0xdf, 0x41, 0xff, 0x10, 0xd, 0xf4, 0x1f, 0xf1,
    0x0, 0xdf, 0x40,

    /* U+0069 "i" */
    0x0, 0x6e, 0x60, 0x0, 0xb, 0xfb, 0x0, 0x0,
    0x39, 0x30, 0x0, 0x0, 0x0, 0x0, 0x5f, 0xff,
    0xa0, 0x5, 0xff, 0xfa, 0x0, 0x0, 0x8f, 0xa0,
    0x0, 0x8, 0xfa, 0x0, 0x0, 0x8f, 0xa0, 0x0,
    0x8, 0xfa, 0x0, 0x0, 0x8f, 0xa0, 0x5, 0xff,
    0xff, 0xf5, 0x5f, 0xff, 0xff, 0x50,

    /* U+006A "j" */
    0x0, 0x3, 0xd9, 0x0, 0x0, 0x7f, 0xf0, 0x0,
    0x1, 0x95, 0x0, 0x0, 0x0, 0x0, 0xd, 0xff,
    0xfc, 0x0, 0xdf, 0xff, 0xc0, 0x0, 0x6, 0xfc,
    0x0, 0x0, 0x6f, 0xc0, 0x0, 0x6, 0xfc, 0x0,
    0x0, 0x6f, 0xc0, 0x0, 0x6, 0xfc, 0x0, 0x0,
    0x6f, 0xc0, 0x0, 0x6, 0xfc, 0x0, 0x0, 0x6f,
    0xc0, 0x12, 0x2b, 0xfa, 0x8, 0xff, 0xff, 0x60,
    0x8f, 0xfe, 0x90, 0x0,

    /* U+006B "k" */
    0x1f, 0xf1, 0x0, 0x0, 0x1, 0xff, 0x10, 0x0,
    0x0, 0x1f, 0xf1, 0x0, 0x0, 0x1, 0xff, 0x10,
    0x0, 0x0, 0x1f, 0xf1, 0xb, 0xf8, 0x1, 0xff,
    0x16, 0xfc, 0x0, 0x1f, 0xf3, 0xff, 0x20, 0x1,
    0xff, 0xcf, 0x70, 0x0, 0x1f, 0xff, 0xf7, 0x0,
    0x1, 0xff, 0x8f, 0xf2, 0x0, 0x1f, 0xf1, 0xdf,
    0xb0, 0x1, 0xff, 0x14, 0xff, 0x40, 0x1f, 0xf1,
    0xa, 0xfe, 0x0,

    /* U+006C "l" */
    0xf, 0xff, 0xf0, 0xf, 0xff, 0xf0, 0x0, 0x2f,
    0xf0, 0x0, 0x1f, 0xf0, 0x0, 0x1f, 0xf0, 0x0,
    0x1f, 0xf0, 0x0, 0x1f, 0xf0, 0x0, 0x1f, 0xf0,
    0x0, 0x1f, 0xf0, 0x0, 0x1f, 0xf0, 0x0, 0x1f,
    0xf0, 0x0, 0x1f, 0xf0, 0x0, 0x1f, 0xf0,

    /* U+006D "m" */
    0x8f, 0x9c, 0xd4, 0xcd, 0x38, 0xff, 0xef, 0xef,
    0xf7, 0x8f, 0x84, 0xf4, 0x8f, 0x88, 0xf8, 0x4f,
    0x48, 0xf8, 0x8f, 0x84, 0xf4, 0x8f, 0x88, 0xf8,
    0x4f, 0x48, 0xf8, 0x8f, 0x84, 0xf4, 0x8f, 0x88,
    0xf8, 0x4f, 0x48, 0xf8, 0x8f, 0x84, 0xf4, 0x8f,
    0x80,

    /* U+006E "n" */
    0x1f, 0xf7, 0xdf, 0xd4, 0x1, 0xff, 0xfe, 0xff,
    0xf1, 0x1f, 0xf8, 0x1, 0xff, 0x31, 0xff, 0x10,
    0xe, 0xf4, 0x1f, 0xf1, 0x0, 0xdf, 0x41, 0xff,
    0x10, 0xd, 0xf4, 0x1f, 0xf1, 0x0, 0xdf, 0x41,
    0xff, 0x10, 0xd, 0xf4, 0x1f, 0xf1, 0x0, 0xdf,
    0x40,

    /* U+006F "o" */
    0x0, 0x5c, 0xfc, 0x50, 0x0, 0x6f, 0xff, 0xff,
    0x60, 0xe, 0xf7, 0x7, 0xfe, 0x3, 0xff, 0x0,
    0xf, 0xf3, 0x5f, 0xd0, 0x0, 0xdf, 0x53, 0xff,
    0x0, 0xf, 0xf3, 0xe, 0xf7, 0x7, 0xfe, 0x0,
    0x6f, 0xff, 0xff, 0x60, 0x0, 0x5c, 0xfc, 0x50,
    0x0,

    /* U+0070 "p" */
    0x1f, 0xf7, 0xde, 0xb1, 0x1, 0xff, 0xfe, 0xff,
    0xc0, 0x1f, 0xf7, 0x2, 0xff, 0x21, 0xff, 0x10,
    0xe, 0xf5, 0x1f, 0xf1, 0x0, 0xdf, 0x61, 0xff,
    0x10, 0xe, 0xf5, 0x1f, 0xf7, 0x2, 0xff, 0x21,
    0xff, 0xfe, 0xef, 0xc0, 0x1f, 0xf8, 0xef, 0xb1,
    0x1, 0xff, 0x10, 0x0, 0x0, 0x1f, 0xf1, 0x0,
    0x0, 0x1, 0xff, 0x10, 0x0, 0x0, 0x1f, 0xf1,
    0x0, 0x0, 0x0,

    /* U+0071 "q" */
    0x1, 0xbe, 0xd7, 0xff, 0x10, 0xcf, 0xfe, 0xff,
    0xf1, 0x2f, 0xf2, 0x7, 0xff, 0x15, 0xfd, 0x0,
    0x1f, 0xf1, 0x6f, 0xc0, 0x1, 0xff, 0x15, 0xfd,
    0x0, 0x1f, 0xf1, 0x2f, 0xf2, 0x7, 0xff, 0x10,
    0xcf, 0xee, 0xff, 0xf1, 0x1, 0xbf, 0xe8, 0xff,
    0x10, 0x0, 0x0, 0x1f, 0xf1, 0x0, 0x0, 0x1,
    0xff, 0x10, 0x0, 0x0, 0x1f, 0xf1, 0x0, 0x0,
    0x1, 0xff, 0x10,

    /* U+0072 "r" */
    0xef, 0x3b, 0xed, 0x40, 0xef, 0xee, 0xff, 0xf0,
    0xef, 0xa0, 0x1c, 0x50, 0xef, 0x30, 0x0, 0x0,
    0xef, 0x20, 0x0, 0x0, 0xef, 0x20, 0x0, 0x0,
    0xef, 0x20, 0x0, 0x0, 0xef, 0x20, 0x0, 0x0,
    0xef, 0x20, 0x0, 0x0,

    /* U+0073 "s" */
    0x8, 0xef, 0xd7, 0x8, 0xfd, 0xae, 0xf5, 0xbf,
    0x70, 0x36, 0x36, 0xff, 0x92, 0x0, 0x6, 0xef,
    0xfb, 0x0, 0x0, 0x6f, 0xf9, 0x79, 0x50, 0x6f,
    0xd7, 0xff, 0xbe, 0xf9, 0x8, 0xdf, 0xe9, 0x0,

    /* U+0074 "t" */
    0x0, 0x2f, 0xf0, 0x0, 0x0, 0x2f, 0xf0, 0x0,
    0x1f, 0xff, 0xff, 0xf0, 0x1e, 0xef, 0xfe, 0xe0,
    0x0, 0x2f, 0xf0, 0x0, 0x0, 0x2f, 0xf0, 0x0,
    0x0, 0x2f, 0xf0, 0x0, 0x0, 0x2f, 0xf0, 0x0,
    0x0, 0x2f, 0xf4, 0x0, 0x0, 0xf, 0xff, 0xfc,
    0x0, 0x6, 0xef, 0xfc,

    /* U+0075 "u" */
    0x4f, 0xe0, 0x0, 0xdf, 0x44, 0xfe, 0x0, 0xd,
    0xf4, 0x4f, 0xe0, 0x0, 0xdf, 0x44, 0xfe, 0x0,
    0xd, 0xf4, 0x4f, 0xe0, 0x0, 0xdf, 0x44, 0xff,
    0x0, 0xe, 0xf4, 0x1f, 0xf6, 0x5, 0xff, 0x10,
    0xaf, 0xff, 0xff, 0xa0, 0x0, 0x7d, 0xfd, 0x80,
    0x0,

    /* U+0076 "v" */
    0x6f, 0xf0, 0x0, 0xcf, 0x61, 0xff, 0x40, 0x1f,
    0xf1, 0xc, 0xf8, 0x5, 0xfc, 0x0, 0x7f, 0xd0,
    0xaf, 0x70, 0x2, 0xff, 0x2e, 0xf2, 0x0, 0xd,
    0xfa, 0xfd, 0x0, 0x0, 0x7f, 0xff, 0x80, 0x0,
    0x2, 0xff, 0xf3, 0x0, 0x0, 0xd, 0xfe, 0x0,
    0x0,

    /* U+0077 "w" */
    0xbf, 0x90, 0x30, 0x7f, 0xb8, 0xfc, 0xa, 0xa,
    0xf8, 0x5f, 0xf0, 0xf2, 0xdf, 0x52, 0xff, 0x6f,
    0x6f, 0xf2, 0xe, 0xfc, 0xfd, 0xff, 0x0, 0xbf,
    0xff, 0xff, 0xc0, 0x8, 0xff, 0x8f, 0xf8, 0x0,
    0x5f, 0xf1, 0xff, 0x50, 0x2, 0xfc, 0xc, 0xf2,
    0x0,

    /* U+0078 "x" */
    0xd, 0xf5, 0x5, 0xfe, 0x0, 0x5f, 0xd0, 0xdf,
    0x50, 0x0, 0xcf, 0xbf, 0xc0, 0x0, 0x4, 0xff,
    0xf3, 0x0, 0x0, 0xe, 0xfe, 0x0, 0x0, 0x6,
    0xff, 0xf6, 0x0, 0x0, 0xef, 0x6f, 0xe0, 0x0,
    0x7f, 0xc0, 0xbf, 0x70, 0x1f, 0xf4, 0x4, 0xff,
    0x10,

    /* U+0079 "y" */
    0x6f, 0xe0, 0x0, 0xbf, 0x61, 0xff, 0x30, 0xf,
    0xf1, 0xc, 0xf8, 0x4, 0xfd, 0x0, 0x7f, 0xc0,
    0x9f, 0x80, 0x2, 0xff, 0x1d, 0xf3, 0x0, 0xd,
    0xf7, 0xfe, 0x0, 0x0, 0x8f, 0xff, 0xa0, 0x0,
    0x4, 0xff, 0xf5, 0x0, 0x0, 0xe, 0xff, 0x10,
    0x0, 0x0, 0xaf, 0xc0, 0x0, 0x0, 0xc, 0xf8,
    0x0, 0x0, 0x1, 0xff, 0x30, 0x0, 0x0, 0x6f,
    0xe0, 0x0, 0x0,

    /* U+007A "z" */
    0xe, 0xff, 0xff, 0xfd, 0x0, 0xef, 0xff, 0xff,
    0x40, 0x0, 0x0, 0xaf, 0xb0, 0x0, 0x0, 0x3f,
    0xf2, 0x0, 0x0, 0xb, 0xf9, 0x0, 0x0, 0x4,
    0xff, 0x10, 0x0, 0x0, 0xdf, 0x80, 0x0, 0x0,
    0x6f, 0xff, 0xff, 0xf0, 0x1e, 0xff, 0xff, 0xff,
    0x0,

    /* U+007B "{" */
    0x0, 0x5d, 0xf0, 0x0, 0xfe, 0x90, 0x1, 0xf9,
    0x0, 0x1, 0xf8, 0x0, 0x0, 0xf9, 0x0, 0x0,
    0xf9, 0x0, 0x0, 0xf9, 0x0, 0x3, 0xf7, 0x0,
    0x9f, 0xe2, 0x0, 0xcf, 0xb0, 0x0, 0x5, 0xf6,
    0x0, 0x0, 0xf9, 0x0, 0x0, 0xf9, 0x0, 0x0,
    0xf9, 0x0, 0x1, 0xf8, 0x0, 0x2, 0xf9, 0x0,
    0x0, 0xfe, 0x90, 0x0, 0x5d, 0xf0,

    /* U+007C "|" */
    0x3e, 0x33, 0xf3, 0x3f, 0x33, 0xf3, 0x3f, 0x33,
    0xf3, 0x3f, 0x33, 0xf3, 0x3f, 0x33, 0xf3, 0x3f,
    0x33, 0xf3, 0x3f, 0x33, 0xf3, 0x3f, 0x33, 0xf3,
    0x3f, 0x30,

    /* U+007D "}" */
    0xf, 0xd5, 0x0, 0x9, 0xef, 0x0, 0x0, 0x9f,
    0x20, 0x0, 0x8f, 0x10, 0x0, 0x8f, 0x0, 0x0,
    0x9f, 0x0, 0x0, 0x9f, 0x0, 0x0, 0x7f, 0x30,
    0x0, 0x1e, 0xf9, 0x0, 0xb, 0xfc, 0x0, 0x6f,
    0x50, 0x0, 0x9f, 0x0, 0x0, 0x9f, 0x0, 0x0,
    0x8f, 0x0, 0x0, 0x8f, 0x10, 0x0, 0x9f, 0x20,
    0x9, 0xef, 0x0, 0xf, 0xd5, 0x0,

    /* U+007E "~" */
    0x0, 0x10, 0x0, 0x0, 0x4, 0xef, 0xea, 0x52,
    0x58, 0x98, 0x58, 0xdf, 0xff, 0x50, 0x0, 0x0,
    0x14, 0x10,

    /* U+00A0 " " */

    /* U+00A1 "¡" */
    0x6e, 0x6b, 0xfb, 0x4b, 0x30, 0x0, 0x35, 0x3a,
    0xfa, 0xaf, 0xaa, 0xfa, 0xaf, 0xaa, 0xfa, 0xaf,
    0xaa, 0xfa, 0xaf, 0xa0,

    /* U+00A2 "¢" */
    0x0, 0x1, 0x82, 0x0, 0x0, 0x0, 0x2f, 0x40,
    0x0, 0x0, 0x6c, 0xfd, 0x70, 0x0, 0x8f, 0xff,
    0xff, 0x80, 0xf, 0xf8, 0x18, 0xff, 0x3, 0xff,
    0x10, 0x7, 0x70, 0x4f, 0xf0, 0x0, 0x0, 0x4,
    0xff, 0x0, 0x0, 0x0, 0x4f, 0xf0, 0x0, 0x0,
    0x4, 0xff, 0x0, 0x0, 0x0, 0x4f, 0xf0, 0x0,
    0x0, 0x3, 0xff, 0x0, 0x0, 0x0, 0x2f, 0xf3,
    0x3, 0xff, 0x10, 0xcf, 0xe9, 0xef, 0xc0, 0x2,
    0xdf, 0xff, 0xe2, 0x0, 0x0, 0x5f, 0x70, 0x0,
    0x0, 0x2, 0xf4, 0x0, 0x0,

    /* U+00A3 "£" */
    0x0, 0x4c, 0xfe, 0x91, 0x0, 0x4f, 0xff, 0xff,
    0xc0, 0xa, 0xfc, 0x14, 0xff, 0x20, 0xdf, 0x70,
    0x5, 0x52, 0xb, 0xf7, 0x0, 0x0, 0x0, 0x9f,
    0xa1, 0x11, 0x0, 0x3f, 0xff, 0xff, 0xf5, 0x1,
    0x4d, 0xf7, 0x44, 0x10, 0x0, 0xaf, 0x60, 0x0,
    0x0, 0x7, 0xf8, 0x0, 0x0, 0x2, 0xaf, 0x72,
    0x22, 0x5, 0xff, 0xff, 0xff, 0xf5, 0x5f, 0xff,
    0xff, 0xff, 0x50,

    /* U+00A4 "¤" */
    0x5, 0x20, 0x0, 0x0, 0x35, 0x0, 0xde, 0x6d,
    0xfd, 0x6f, 0xc0, 0x1, 0xdf, 0xc5, 0xcf, 0xd1,
    0x0, 0x7, 0xf2, 0x2, 0xf6, 0x0, 0x0, 0x9e,
    0x0, 0xe, 0x90, 0x0, 0x9, 0xe0, 0x0, 0xea,
    0x0, 0x0, 0x7f, 0x20, 0x1f, 0x70, 0x0, 0xc,
    0xfb, 0x2a, 0xfb, 0x0, 0xc, 0xf9, 0xff, 0xf9,
    0xfb, 0x0, 0x74, 0x1, 0x31, 0x4, 0x70,

    /* U+00A5 "¥" */
    0x9f, 0xf2, 0x1, 0xff, 0x93, 0xff, 0x70, 0x5f,
    0xf3, 0xd, 0xfc, 0xb, 0xfd, 0x0, 0x6f, 0xf3,
    0xff, 0x60, 0x1, 0xff, 0xcf, 0xf1, 0x0, 0xa,
    0xff, 0xfa, 0x0, 0x1, 0x5f, 0xff, 0x51, 0x8,
    0xff, 0xff, 0xff, 0xf8, 0x24, 0x4c, 0xfc, 0x44,
    0x20, 0x11, 0xbf, 0xb1, 0x10, 0x8f, 0xff, 0xff,
    0xff, 0x82, 0x44, 0xcf, 0xc4, 0x42, 0x0, 0xa,
    0xfa, 0x0, 0x0,

    /* U+00A6 "¦" */
    0x3f, 0x33, 0xf3, 0x3f, 0x33, 0xf3, 0x3f, 0x33,
    0xf3, 0x3, 0x0, 0x0, 0x0, 0x0, 0x0, 0x3,
    0x3, 0xf3, 0x3f, 0x33, 0xf3, 0x3f, 0x33, 0xf3,
    0x3f, 0x30,

    /* U+00A7 "§" */
    0x0, 0x1a, 0xee, 0xa1, 0x0, 0xc, 0xfe, 0xff,
    0xb0, 0x2, 0xfb, 0x0, 0xff, 0x0, 0x4f, 0xb0,
    0x1, 0x10, 0x2, 0xff, 0xa2, 0x0, 0x0, 0x1e,
    0xff, 0xf8, 0x0, 0xb, 0xfd, 0xff, 0xfa, 0x0,
    0xfd, 0x1, 0xaf, 0xf2, 0x1f, 0xe0, 0x0, 0xcf,
    0x40, 0xef, 0xd5, 0xd, 0xf2, 0x4, 0xff, 0xff,
    0xfd, 0x0, 0x2, 0xcf, 0xff, 0x30, 0x0, 0x0,
    0x5f, 0xf4, 0x0, 0x32, 0x0, 0x9f, 0x70, 0x1f,
    0xf3, 0x1c, 0xf5, 0x0, 0xbf, 0xff, 0xfe, 0x0,
    0x1, 0xae, 0xeb, 0x20, 0x0,

    /* U+00A8 "¨" */
    0x49, 0x20, 0x29, 0x4e, 0xf8, 0x9, 0xfd, 0x8e,
    0x40, 0x4e, 0x80,

    /* U+00A9 "©" */
    0x0, 0x8c, 0xec, 0x80, 0x0, 0xcb, 0x42, 0x4b,
    0xc0, 0x6d, 0x0, 0x0, 0xc, 0x69, 0x70, 0x8d,
    0x80, 0x79, 0xa6, 0x3f, 0x3b, 0x16, 0xaa, 0x64,
    0xd0, 0x0, 0x6a, 0xa6, 0x4c, 0x0, 0x6, 0xaa,
    0x64, 0xc0, 0x0, 0x6a, 0xa6, 0x3e, 0x8, 0x16,
    0xa9, 0x70, 0xbf, 0xb0, 0x79, 0x7b, 0x0, 0x0,
    0xb, 0x70, 0xe9, 0x10, 0x19, 0xe0, 0x2, 0xbf,
    0xff, 0xb2, 0x0, 0x0, 0x1, 0x0, 0x0,

    /* U+00AA "ª" */
    0x2, 0xbf, 0xd5, 0x0, 0xae, 0x8d, 0xf1, 0x0,
    0x10, 0x6f, 0x30, 0x6d, 0xed, 0xf3, 0x2f, 0x93,
    0x9f, 0x32, 0xfb, 0x6d, 0xf3, 0x8, 0xee, 0xaf,
    0x30, 0x0, 0x0, 0x0, 0x2f, 0xff, 0xff, 0x11,
    0x88, 0x88, 0x81,

    /* U+00AB "«" */
    0x0, 0x1, 0x80, 0x0, 0x80, 0x2, 0xdc, 0x2,
    0xdd, 0x4, 0xff, 0x63, 0xef, 0x66, 0xff, 0x46,
    0xff, 0x40, 0xdf, 0x30, 0xcf, 0x40, 0x9, 0xfd,
    0x28, 0xfd, 0x20, 0x6, 0xfe, 0x36, 0xff, 0x40,
    0x4, 0xfc, 0x3, 0xed, 0x0, 0x2, 0xa0, 0x2,
    0xa0, 0x0, 0x0, 0x0, 0x0,

    /* U+00AC "¬" */
    0x11, 0x11, 0x11, 0x11, 0x18, 0xff, 0xff, 0xff,
    0xf8, 0x24, 0x44, 0x44, 0x4f, 0x80, 0x0, 0x0,
    0x0, 0xe8, 0x0, 0x0, 0x0, 0xe, 0x80, 0x0,
    0x0, 0x0, 0xe8, 0x0, 0x0, 0x0, 0xe, 0x80,
    0x0, 0x0, 0x0, 0x42,

    /* U+00AE "®" */
    0x0, 0x8c, 0xec, 0x80, 0x0, 0xcb, 0x42, 0x4b,
    0xc0, 0x6d, 0x0, 0x0, 0xc, 0x69, 0x74, 0xee,
    0xa0, 0x79, 0xa6, 0x4d, 0x3f, 0x56, 0xaa, 0x64,
    0xd0, 0xd4, 0x6a, 0xa6, 0x4f, 0xca, 0x6, 0xaa,
    0x64, 0xee, 0x70, 0x6a, 0xa6, 0x4d, 0x7e, 0x6,
    0xa9, 0x73, 0x90, 0xa4, 0x79, 0x7b, 0x0, 0x0,
    0xb, 0x70, 0xe9, 0x10, 0x19, 0xe0, 0x2, 0xbf,
    0xff, 0xb2, 0x0, 0x0, 0x1, 0x0, 0x0,

    /* U+00AF "¯" */
    0x1c, 0xcc, 0xcc, 0xcc, 0x12, 0xff, 0xff, 0xff,
    0xf2,

    /* U+00B0 "°" */
    0x2, 0xbe, 0xb2, 0x0, 0xc9, 0x39, 0xc0, 0xf,
    0x20, 0x2f, 0x0, 0xe7, 0x7, 0xd0, 0x4, 0xef,
    0xe4, 0x0, 0x0, 0x10, 0x0,

    /* U+00B1 "±" */
    0x0, 0x3, 0xf3, 0x0, 0x0, 0x0, 0x3f, 0x30,
    0x0, 0x1, 0x14, 0xf4, 0x11, 0x8, 0xff, 0xff,
    0xff, 0xf8, 0x24, 0x47, 0xf7, 0x44, 0x20, 0x0,
    0x3f, 0x30, 0x0, 0x0, 0x3, 0xf3, 0x0, 0x0,
    0x0, 0x3e, 0x30, 0x0, 0x0, 0x0, 0x0, 0x0,
    0x1, 0x11, 0x11, 0x11, 0x11, 0x8f, 0xff, 0xff,
    0xff, 0x82, 0x44, 0x44, 0x44, 0x42,

    /* U+00B2 "²" */
    0xa, 0xfb, 0x5, 0xf8, 0xf6, 0x25, 0xf, 0x50,
    0x7, 0xe0, 0x1, 0xf6, 0x0, 0xaf, 0x83, 0x3f,
    0xff, 0x70,

    /* U+00B3 "³" */
    0xa, 0xfb, 0x3, 0xe5, 0xe6, 0x0, 0x2e, 0x50,
    0x8, 0xf2, 0x34, 0xd, 0x97, 0xe7, 0xf8, 0x1b,
    0xfb, 0x10,

    /* U+00B4 "´" */
    0x0, 0x66, 0x30, 0x5f, 0xe1, 0xd, 0xf4, 0x5,
    0xf9, 0x0,

    /* U+00B6 "¶" */
    0xa, 0xff, 0xff, 0xff, 0x26, 0xff, 0xff, 0x57,
    0xf2, 0x9f, 0xff, 0xf1, 0x4f, 0x28, 0xff, 0xff,
    0x14, 0xf2, 0x2e, 0xff, 0xf1, 0x4f, 0x20, 0x14,
    0x9f, 0x14, 0xf2, 0x0, 0x5, 0xf1, 0x4f, 0x20,
    0x0, 0x5f, 0x14, 0xf2, 0x0, 0x5, 0xf1, 0x4f,
    0x20, 0x0, 0x5f, 0x14, 0xf2, 0x0, 0x5, 0xf1,
    0x4f, 0x20, 0x0, 0x5f, 0x14, 0xf2, 0x0, 0x5,
    0xf1, 0x4f, 0x20, 0x0, 0x5f, 0x14, 0xf2, 0x0,
    0x5, 0xf1, 0x4f, 0x20, 0x0, 0x14, 0x1, 0x40,

    /* U+00B7 "·" */
    0x4b, 0x4b, 0xfb, 0x6e, 0x60,

    /* U+00B8 "¸" */
    0x38, 0x37, 0xf6, 0xaf, 0x2d, 0xd0, 0x1, 0x0,

    /* U+00B9 "¹" */
    0x0, 0x22, 0xbb, 0xbf, 0xb3, 0x9b, 0x9, 0xb0,
    0x9b, 0x9, 0xb0, 0x9b,

    /* U+00BA "º" */
    0x1, 0xbf, 0xb1, 0x0, 0xce, 0x8e, 0xc0, 0x2f,
    0x70, 0x7f, 0x24, 0xf4, 0x4, 0xf4, 0x2f, 0x70,
    0x7f, 0x20, 0xce, 0x7e, 0xc0, 0x2, 0xbf, 0xb2,
    0x0, 0x0, 0x0, 0x0, 0x2f, 0xff, 0xff, 0x11,
    0x88, 0x88, 0x81,

    /* U+00BB "»" */
    0x80, 0x0, 0x80, 0x0, 0xd, 0xd1, 0xc, 0xd2,
    0x0, 0x7f, 0xe3, 0x6f, 0xe4, 0x0, 0x4f, 0xf5,
    0x4f, 0xf6, 0x0, 0x4f, 0xc0, 0x3f, 0xd0, 0x2d,
    0xf7, 0x2d, 0xf8, 0x4f, 0xf5, 0x4e, 0xf6, 0xd,
    0xe3, 0xc, 0xe4, 0x0, 0xa1, 0x0, 0xa2, 0x0,
    0x0, 0x0, 0x0, 0x0, 0x0,

    /* U+00BC "¼" */
    0x0, 0x5, 0x0, 0x0, 0x23, 0x0, 0x2c, 0xf0,
    0x0, 0xd, 0x80, 0x6, 0xdf, 0x0, 0x7, 0xe0,
    0x0, 0x4, 0xf0, 0x1, 0xf5, 0x0, 0x0, 0x4f,
    0x0, 0xac, 0x0, 0x0, 0x4, 0xf0, 0x3f, 0x30,
    0x0, 0x0, 0x4f, 0xc, 0x91, 0x41, 0x0, 0x3,
    0xb6, 0xf1, 0xbf, 0x50, 0x0, 0x0, 0xe7, 0x3e,
    0xf5, 0x0, 0x0, 0x8d, 0xb, 0x6e, 0x50, 0x0,
    0x2f, 0x43, 0xe1, 0xe5, 0x0, 0xb, 0xb0, 0x6f,
    0xff, 0xf0, 0x4, 0xf2, 0x1, 0x33, 0xf7, 0x0,
    0x97, 0x0, 0x0, 0xb, 0x30,

    /* U+00BD "½" */
    0x0, 0x0, 0x0, 0x0, 0x0, 0x0, 0x3, 0xc1,
    0x0, 0x8, 0x80, 0x4, 0xff, 0x10, 0x3, 0xf3,
    0x0, 0x26, 0xf1, 0x0, 0xc9, 0x0, 0x0, 0x3f,
    0x10, 0x5f, 0x10, 0x0, 0x3, 0xf1, 0xe, 0x70,
    0x0, 0x0, 0x3f, 0x18, 0xd0, 0x0, 0x0, 0x3,
    0xf4, 0xf8, 0xff, 0x60, 0x0, 0x0, 0xbb, 0xcb,
    0x9f, 0x0, 0x0, 0x4f, 0x23, 0x16, 0xf0, 0x0,
    0xd, 0x80, 0x0, 0xdb, 0x0, 0x7, 0xe0, 0x0,
    0x6f, 0x30, 0x1, 0xf5, 0x0, 0xe, 0xa1, 0x0,
    0xac, 0x0, 0x8, 0xff, 0xf0, 0x3, 0x10, 0x0,
    0x33, 0x33, 0x0,

    /* U+00BE "¾" */
    0x0, 0x0, 0x0, 0x0, 0x0, 0x0, 0x6f, 0xd3,
    0x0, 0x5, 0xb0, 0xe, 0x6b, 0xb0, 0x0, 0xe7,
    0x0, 0x0, 0xab, 0x0, 0x7e, 0x0, 0x0, 0x3f,
    0x60, 0x1f, 0x50, 0x0, 0x10, 0xad, 0x9, 0xc0,
    0x0, 0x3f, 0x4a, 0xe2, 0xf3, 0x0, 0x0, 0xbf,
    0xf6, 0xba, 0x4f, 0x90, 0x0, 0x21, 0x4f, 0x2b,
    0xf9, 0x0, 0x0, 0xd, 0x81, 0xeb, 0x90, 0x0,
    0x6, 0xe1, 0x89, 0xa9, 0x0, 0x1, 0xe6, 0xe,
    0x3a, 0xa0, 0x0, 0x8d, 0x1, 0xff, 0xff, 0x50,
    0x2f, 0x40, 0x3, 0x3c, 0xb1, 0x7, 0x90, 0x0,
    0x0, 0x87, 0x0,

    /* U+00BF "¿" */
    0x0, 0xc, 0xc1, 0x0, 0x0, 0x3f, 0xf4, 0x0,
    0x0, 0x9, 0x90, 0x0, 0x0, 0x0, 0x0, 0x0,
    0x0, 0x3, 0x30, 0x0, 0x0, 0x1f, 0xf0, 0x0,
    0x0, 0xbf, 0xd0, 0x0, 0xb, 0xfe, 0x20, 0x0,
    0x7f, 0xe2, 0x0, 0x0, 0xbf, 0x90, 0xa, 0xa1,
    0xbf, 0xb0, 0x5f, 0xf0, 0x5f, 0xff, 0xff, 0x80,
    0x6, 0xdf, 0xe8, 0x0,

    /* U+00C0 "À" */
    0x0, 0xcf, 0x90, 0x0, 0x0, 0x1, 0xef, 0x20,
    0x0, 0x0, 0x4, 0xfb, 0x0, 0x0, 0x0, 0x1,
    0x10, 0x0, 0x0, 0xc, 0xfc, 0x0, 0x0, 0x0,
    0xff, 0xf0, 0x0, 0x0, 0x4f, 0xff, 0x30, 0x0,
    0x7, 0xff, 0xf7, 0x0, 0x0, 0xbf, 0xff, 0xb0,
    0x0, 0xe, 0xf9, 0xfe, 0x0, 0x2, 0xff, 0x2f,
    0xf2, 0x0, 0x6f, 0xc0, 0xef, 0x60, 0xa, 0xf9,
    0xb, 0xfa, 0x0, 0xdf, 0xff, 0xff, 0xd0, 0x1f,
    0xff, 0xff, 0xff, 0x15, 0xff, 0x22, 0x3f, 0xf5,
    0x8f, 0xb0, 0x0, 0xef, 0x80,

    /* U+00C1 "Á" */
    0x0, 0x0, 0xaf, 0xc0, 0x0, 0x0, 0x3f, 0xe1,
    0x0, 0x0, 0xb, 0xf4, 0x0, 0x0, 0x0, 0x11,
    0x0, 0x0, 0x0, 0xc, 0xfc, 0x0, 0x0, 0x0,
    0xff, 0xf0, 0x0, 0x0, 0x4f, 0xff, 0x30, 0x0,
    0x7, 0xff, 0xf7, 0x0, 0x0, 0xbf, 0xff, 0xb0,
    0x0, 0xe, 0xf9, 0xfe, 0x0, 0x2, 0xff, 0x2f,
    0xf2, 0x0, 0x6f, 0xc0, 0xef, 0x60, 0xa, 0xf9,
    0xb, 0xfa, 0x0, 0xdf, 0xff, 0xff, 0xd0, 0x1f,
    0xff, 0xff, 0xff, 0x15, 0xff, 0x22, 0x3f, 0xf5,
    0x8f, 0xb0, 0x0, 0xef, 0x80,

    /* U+00C2 "Â" */
    0x0, 0x4f, 0xff, 0x40, 0x0, 0x1e, 0xf7, 0xfe,
    0x0, 0x9, 0xf5, 0x6, 0xf9, 0x0, 0x0, 0x0,
    0x0, 0x0, 0x0, 0xc, 0xfc, 0x0, 0x0, 0x0,
    0xff, 0xf0, 0x0, 0x0, 0x4f, 0xff, 0x30, 0x0,
    0x7, 0xff, 0xf7, 0x0, 0x0, 0xbf, 0xff, 0xb0,
    0x0, 0xe, 0xf9, 0xfe, 0x0, 0x2, 0xff, 0x2f,
    0xf2, 0x0, 0x6f, 0xc0, 0xef, 0x60, 0xa, 0xf9,
    0xb, 0xfa, 0x0, 0xdf, 0xff, 0xff, 0xd0, 0x1f,
    0xff, 0xff, 0xff, 0x15, 0xff, 0x22, 0x3f, 0xf5,
    0x8f, 0xb0, 0x0, 0xef, 0x80,

    /* U+00C3 "Ã" */
    0xa, 0xfc, 0x50, 0x2, 0x46, 0xfd, 0xef, 0xed,
    0xf5, 0x42, 0x0, 0x6d, 0xfa, 0x0, 0x0, 0x0,
    0x0, 0x0, 0x0, 0xc, 0xfc, 0x0, 0x0, 0x0,
    0xff, 0xf0, 0x0, 0x0, 0x4f, 0xff, 0x30, 0x0,
    0x7, 0xff, 0xf7, 0x0, 0x0, 0xbf, 0xff, 0xb0,
    0x0, 0xe, 0xf9, 0xfe, 0x0, 0x2, 0xff, 0x2f,
    0xf2, 0x0, 0x6f, 0xc0, 0xef, 0x60, 0xa, 0xf9,
    0xb, 0xfa, 0x0, 0xdf, 0xff, 0xff, 0xd0, 0x1f,
    0xff, 0xff, 0xff, 0x15, 0xff, 0x22, 0x3f, 0xf5,
    0x8f, 0xb0, 0x0, 0xef, 0x80,

    /* U+00C4 "Ä" */
    0x8, 0xe4, 0x4, 0xe8, 0x0, 0xef, 0x90, 0x9f,
    0xe0, 0x5, 0x92, 0x2, 0x95, 0x0, 0x0, 0x0,
    0x0, 0x0, 0x0, 0xc, 0xfc, 0x0, 0x0, 0x0,
    0xff, 0xf0, 0x0, 0x0, 0x4f, 0xff, 0x30, 0x0,
    0x7, 0xff, 0xf7, 0x0, 0x0, 0xbf, 0xff, 0xb0,
    0x0, 0xe, 0xf9, 0xfe, 0x0, 0x2, 0xff, 0x2f,
    0xf2, 0x0, 0x6f, 0xc0, 0xef, 0x60, 0xa, 0xf9,
    0xb, 0xfa, 0x0, 0xdf, 0xff, 0xff, 0xd0, 0x1f,
    0xff, 0xff, 0xff, 0x15, 0xff, 0x22, 0x3f, 0xf5,
    0x8f, 0xb0, 0x0, 0xef, 0x80,

    /* U+00C5 "Å" */
    0x0, 0x5d, 0xfd, 0x50, 0x0, 0xf, 0x91, 0x9f,
    0x0, 0x0, 0xf8, 0x8, 0xf0, 0x0, 0x5, 0xdf,
    0xd5, 0x0, 0x0, 0xc, 0xfc, 0x0, 0x0, 0x0,
    0xff, 0xf0, 0x0, 0x0, 0x4f, 0xff, 0x30, 0x0,
    0x7, 0xff, 0xf7, 0x0, 0x0, 0xbf, 0xff, 0xb0,
    0x0, 0xe, 0xf9, 0xfe, 0x0, 0x2, 0xff, 0x2f,
    0xf2, 0x0, 0x6f, 0xc0, 0xef, 0x60, 0xa, 0xf9,
    0xb, 0xfa, 0x0, 0xdf, 0xff, 0xff, 0xd0, 0x1f,
    0xff, 0xff, 0xff, 0x15, 0xff, 0x22, 0x3f, 0xf5,
    0x8f, 0xb0, 0x0, 0xef, 0x80,

    /* U+00C6 "Æ" */
    0x2, 0xff, 0xff, 0xff, 0xd0, 0x4f, 0xff, 0xff,
    0xfd, 0x6, 0xf9, 0x9f, 0xa2, 0x20, 0x9f, 0x68,
    0xf8, 0x0, 0xb, 0xf4, 0x8f, 0x80, 0x0, 0xdf,
    0x28, 0xf9, 0x0, 0xf, 0xf1, 0x8f, 0xff, 0x72,
    0xff, 0x8, 0xff, 0xf7, 0x4f, 0xd1, 0x9f, 0x80,
    0x6, 0xff, 0xff, 0xf8, 0x0, 0x8f, 0xff, 0xff,
    0xa2, 0x2b, 0xf7, 0x8, 0xff, 0xfd, 0xdf, 0x50,
    0x8f, 0xff, 0xd0,

    /* U+00C7 "Ç" */
    0x0, 0x7d, 0xfd, 0x80, 0x0, 0x9f, 0xff, 0xff,
    0x80, 0x1f, 0xf7, 0x7, 0xff, 0x3, 0xff, 0x10,
    0x5, 0x50, 0x4f, 0xf0, 0x0, 0x0, 0x4, 0xff,
    0x0, 0x0, 0x0, 0x4f, 0xf0, 0x0, 0x0, 0x4,
    0xff, 0x0, 0x0, 0x0, 0x4f, 0xf0, 0x0, 0x0,
    0x3, 0xff, 0x10, 0x5, 0x50, 0x1f, 0xf7, 0x7,
    0xff, 0x0, 0x9f, 0xff, 0xff, 0x80, 0x0, 0x7d,
    0xfd, 0x80, 0x0, 0x0, 0x2b, 0x50, 0x0, 0x0,
    0x5, 0xf8, 0x0, 0x0, 0x0, 0x8f, 0x30, 0x0,
    0x0, 0x9, 0xe0, 0x0, 0x0, 0x0, 0x0, 0x0,
    0x0,

    /* U+00C8 "È" */
    0xc, 0xf9, 0x0, 0x0, 0x1e, 0xf2, 0x0, 0x0,
    0x4f, 0xb0, 0x0, 0x0, 0x11, 0x0, 0xcf, 0xff,
    0xff, 0xdc, 0xff, 0xff, 0xfd, 0xcf, 0x92, 0x22,
    0x2c, 0xf8, 0x0, 0x0, 0xcf, 0x80, 0x0, 0xc,
    0xf8, 0x0, 0x0, 0xcf, 0xff, 0xff, 0x7c, 0xff,
    0xff, 0xf7, 0xcf, 0x80, 0x0, 0xc, 0xf8, 0x0,
    0x0, 0xcf, 0x92, 0x22, 0x2c, 0xff, 0xff, 0xfd,
    0xcf, 0xff, 0xff, 0xd0,

    /* U+00C9 "É" */
    0x0, 0x2f, 0xf3, 0x0, 0xb, 0xf7, 0x0, 0x4,
    0xfb, 0x0, 0x0, 0x11, 0x0, 0x0, 0xcf, 0xff,
    0xff, 0xdc, 0xff, 0xff, 0xfd, 0xcf, 0x92, 0x22,
    0x2c, 0xf8, 0x0, 0x0, 0xcf, 0x80, 0x0, 0xc,
    0xf8, 0x0, 0x0, 0xcf, 0xff, 0xff, 0x7c, 0xff,
    0xff, 0xf7, 0xcf, 0x80, 0x0, 0xc, 0xf8, 0x0,
    0x0, 0xcf, 0x92, 0x22, 0x2c, 0xff, 0xff, 0xfd,
    0xcf, 0xff, 0xff, 0xd0,

    /* U+00CA "Ê" */
    0x4, 0xff, 0xf4, 0x1, 0xef, 0x7f, 0xe0, 0x9f,
    0x50, 0x6f, 0x90, 0x0, 0x0, 0x0, 0xcf, 0xff,
    0xff, 0xdc, 0xff, 0xff, 0xfd, 0xcf, 0x92, 0x22,
    0x2c, 0xf8, 0x0, 0x0, 0xcf, 0x80, 0x0, 0xc,
    0xf8, 0x0, 0x0, 0xcf, 0xff, 0xff, 0x7c, 0xff,
    0xff, 0xf7, 0xcf, 0x80, 0x0, 0xc, 0xf8, 0x0,
    0x0, 0xcf, 0x92, 0x22, 0x2c, 0xff, 0xff, 0xfd,
    0xcf, 0xff, 0xff, 0xd0,

    /* U+00CB "Ë" */
    0x8e, 0x40, 0x4e, 0x8e, 0xf9, 0x9, 0xfe, 0x59,
    0x20, 0x29, 0x50, 0x0, 0x0, 0x0, 0xcf, 0xff,
    0xff, 0xdc, 0xff, 0xff, 0xfd, 0xcf, 0x92, 0x22,
    0x2c, 0xf8, 0x0, 0x0, 0xcf, 0x80, 0x0, 0xc,
    0xf8, 0x0, 0x0, 0xcf, 0xff, 0xff, 0x7c, 0xff,
    0xff, 0xf7, 0xcf, 0x80, 0x0, 0xc, 0xf8, 0x0,
    0x0, 0xcf, 0x92, 0x22, 0x2c, 0xff, 0xff, 0xfd,
    0xcf, 0xff, 0xff, 0xd0,

    /* U+00CC "Ì" */
    0xc, 0xf9, 0x0, 0x0, 0x1e, 0xf2, 0x0, 0x0,
    0x4f, 0xb0, 0x0, 0x0, 0x11, 0x0, 0x8f, 0xff,
    0xff, 0x88, 0xff, 0xff, 0xf8, 0x12, 0xbf, 0xb2,
    0x10, 0xa, 0xfa, 0x0, 0x0, 0xaf, 0xa0, 0x0,
    0xa, 0xfa, 0x0, 0x0, 0xaf, 0xa0, 0x0, 0xa,
    0xfa, 0x0, 0x0, 0xaf, 0xa0, 0x0, 0xa, 0xfa,
    0x0, 0x12, 0xbf, 0xb2, 0x18, 0xff, 0xff, 0xf8,
    0x8f, 0xff, 0xff, 0x80,

    /* U+00CD "Í" */
    0x0, 0xa, 0xfc, 0x0, 0x3, 0xfe, 0x10, 0x0,
    0xbf, 0x40, 0x0, 0x1, 0x10, 0x0, 0x8f, 0xff,
    0xff, 0x88, 0xff, 0xff, 0xf8, 0x12, 0xbf, 0xb2,
    0x10, 0xa, 0xfa, 0x0, 0x0, 0xaf, 0xa0, 0x0,
    0xa, 0xfa, 0x0, 0x0, 0xaf, 0xa0, 0x0, 0xa,
    0xfa, 0x0, 0x0, 0xaf, 0xa0, 0x0, 0xa, 0xfa,
    0x0, 0x12, 0xbf, 0xb2, 0x18, 0xff, 0xff, 0xf8,
    0x8f, 0xff, 0xff, 0x80,

    /* U+00CE "Î" */
    0x4, 0xff, 0xf4, 0x1, 0xef, 0x7f, 0xe0, 0x9f,
    0x50, 0x6f, 0x90, 0x0, 0x0, 0x0, 0x8f, 0xff,
    0xff, 0x88, 0xff, 0xff, 0xf8, 0x12, 0xbf, 0xb2,
    0x10, 0xa, 0xfa, 0x0, 0x0, 0xaf, 0xa0, 0x0,
    0xa, 0xfa, 0x0, 0x0, 0xaf, 0xa0, 0x0, 0xa,
    0xfa, 0x0, 0x0, 0xaf, 0xa0, 0x0, 0xa, 0xfa,
    0x0, 0x12, 0xbf, 0xb2, 0x18, 0xff, 0xff, 0xf8,
    0x8f, 0xff, 0xff, 0x80,

    /* U+00CF "Ï" */
    0x8e, 0x40, 0x4e, 0x8e, 0xf9, 0x9, 0xfe, 0x59,
    0x20, 0x29, 0x50, 0x0, 0x0, 0x0, 0x8f, 0xff,
    0xff, 0x88, 0xff, 0xff, 0xf8, 0x12, 0xbf, 0xb2,
    0x10, 0xa, 0xfa, 0x0, 0x0, 0xaf, 0xa0, 0x0,
    0xa, 0xfa, 0x0, 0x0, 0xaf, 0xa0, 0x0, 0xa,
    0xfa, 0x0, 0x0, 0xaf, 0xa0, 0x0, 0xa, 0xfa,
    0x0, 0x12, 0xbf, 0xb2, 0x18, 0xff, 0xff, 0xf8,
    0x8f, 0xff, 0xff, 0x80,

    /* U+00D0 "Ð" */
    0x1f, 0xff, 0xfd, 0x80, 0x1, 0xff, 0xff, 0xff,
    0x90, 0x1f, 0xf5, 0x2a, 0xff, 0x1, 0xff, 0x30,
    0x4f, 0xf2, 0x1f, 0xf3, 0x1, 0xff, 0x32, 0xff,
    0x40, 0x1f, 0xf3, 0xcf, 0xff, 0xf2, 0xff, 0x3c,
    0xff, 0xff, 0x2f, 0xf3, 0x1f, 0xf3, 0x1, 0xff,
    0x31, 0xff, 0x30, 0x3f, 0xf2, 0x1f, 0xf5, 0x3b,
    0xff, 0x1, 0xff, 0xff, 0xff, 0x90, 0x1f, 0xff,
    0xfd, 0x80, 0x0,

    /* U+00D1 "Ñ" */
    0xa, 0xfc, 0x50, 0x2, 0x46, 0xfd, 0xef, 0xed,
    0xf5, 0x42, 0x0, 0x6d, 0xfa, 0x0, 0x0, 0x0,
    0x0, 0x0, 0x1f, 0xfb, 0x0, 0xff, 0x11, 0xff,
    0xf1, 0xf, 0xf1, 0x1f, 0xff, 0x60, 0xff, 0x11,
    0xff, 0xfc, 0xf, 0xf1, 0x1f, 0xff, 0xf2, 0xff,
    0x11, 0xff, 0xff, 0x7f, 0xf1, 0x1f, 0xf9, 0xfd,
    0xff, 0x11, 0xff, 0x3f, 0xff, 0xf1, 0x1f, 0xf0,
    0xdf, 0xff, 0x11, 0xff, 0x7, 0xff, 0xf1, 0x1f,
    0xf0, 0x1f, 0xff, 0x11, 0xff, 0x0, 0xaf, 0xf1,
    0x1f, 0xf0, 0x4, 0xff, 0x10,

    /* U+00D2 "Ò" */
    0x0, 0x11, 0x0, 0x0, 0x0, 0xb, 0xfa, 0x0,
    0x0, 0x0, 0x1e, 0xf3, 0x0, 0x0, 0x0, 0x3f,
    0xc0, 0x0, 0x0, 0x0, 0x0, 0x0, 0x0, 0x7,
    0xdf, 0xd7, 0x0, 0x8, 0xff, 0xff, 0xf8, 0x0,
    0xff, 0x70, 0x7f, 0xf0, 0x3f, 0xf1, 0x1, 0xff,
    0x34, 0xff, 0x0, 0xf, 0xf4, 0x4f, 0xf0, 0x0,
    0xff, 0x44, 0xff, 0x0, 0xf, 0xf4, 0x4f, 0xf0,
    0x0, 0xff, 0x44, 0xff, 0x0, 0xf, 0xf4, 0x3f,
    0xf1, 0x1, 0xff, 0x30, 0xff, 0x70, 0x7f, 0xf0,
    0x8, 0xff, 0xff, 0xf8, 0x0, 0x7, 0xdf, 0xd7,
    0x0,

    /* U+00D3 "Ó" */
    0x0, 0x0, 0x1, 0x10, 0x0, 0x0, 0xb, 0xfa,
    0x0, 0x0, 0x4, 0xfd, 0x10, 0x0, 0x0, 0xcf,
    0x30, 0x0, 0x0, 0x0, 0x0, 0x0, 0x0, 0x7,
    0xdf, 0xd7, 0x0, 0x8, 0xff, 0xff, 0xf8, 0x0,
    0xff, 0x70, 0x7f, 0xf0, 0x3f, 0xf1, 0x1, 0xff,
    0x34, 0xff, 0x0, 0xf, 0xf4, 0x4f, 0xf0, 0x0,
    0xff, 0x44, 0xff, 0x0, 0xf, 0xf4, 0x4f, 0xf0,
    0x0, 0xff, 0x44, 0xff, 0x0, 0xf, 0xf4, 0x3f,
    0xf1, 0x1, 0xff, 0x30, 0xff, 0x70, 0x7f, 0xf0,
    0x8, 0xff, 0xff, 0xf8, 0x0, 0x7, 0xdf, 0xd7,
    0x0,

    /* U+00D4 "Ô" */
    0x0, 0x4f, 0xff, 0x40, 0x0, 0x1e, 0xf7, 0xfe,
    0x0, 0x9, 0xf5, 0x6, 0xf9, 0x0, 0x0, 0x0,
    0x0, 0x0, 0x0, 0x7d, 0xfd, 0x70, 0x0, 0x8f,
    0xff, 0xff, 0x80, 0xf, 0xf7, 0x7, 0xff, 0x3,
    0xff, 0x10, 0x1f, 0xf3, 0x4f, 0xf0, 0x0, 0xff,
    0x44, 0xff, 0x0, 0xf, 0xf4, 0x4f, 0xf0, 0x0,
    0xff, 0x44, 0xff, 0x0, 0xf, 0xf4, 0x4f, 0xf0,
    0x0, 0xff, 0x43, 0xff, 0x10, 0x1f, 0xf3, 0xf,
    0xf7, 0x7, 0xff, 0x0, 0x8f, 0xff, 0xff, 0x80,
    0x0, 0x7d, 0xfd, 0x70, 0x0,

    /* U+00D5 "Õ" */
    0x1b, 0xfc, 0x73, 0x5, 0x46, 0xfc, 0xff, 0xff,
    0xf5, 0x31, 0x0, 0x48, 0xb7, 0x0, 0x0, 0x0,
    0x0, 0x0, 0x0, 0x7d, 0xfd, 0x70, 0x0, 0x8f,
    0xff, 0xff, 0x80, 0xf, 0xf7, 0x7, 0xff, 0x3,
    0xff, 0x10, 0x1f, 0xf3, 0x4f, 0xf0, 0x0, 0xff,
    0x44, 0xff, 0x0, 0xf, 0xf4, 0x4f, 0xf0, 0x0,
    0xff, 0x44, 0xff, 0x0, 0xf, 0xf4, 0x4f, 0xf0,
    0x0, 0xff, 0x43, 0xff, 0x10, 0x1f, 0xf3, 0xf,
    0xf7, 0x7, 0xff, 0x0, 0x8f, 0xff, 0xff, 0x80,
    0x0, 0x7d, 0xfd, 0x70, 0x0,

    /* U+00D6 "Ö" */
    0x8, 0xe4, 0x4, 0xe8, 0x0, 0xef, 0x90, 0x9f,
    0xe0, 0x5, 0x92, 0x2, 0x95, 0x0, 0x0, 0x0,
    0x0, 0x0, 0x0, 0x7d, 0xfd, 0x70, 0x0, 0x8f,
    0xff, 0xff, 0x80, 0xf, 0xf7, 0x7, 0xff, 0x3,
    0xff, 0x10, 0x1f, 0xf3, 0x4f, 0xf0, 0x0, 0xff,
    0x44, 0xff, 0x0, 0xf, 0xf4, 0x4f, 0xf0, 0x0,
    0xff, 0x44, 0xff, 0x0, 0xf, 0xf4, 0x4f, 0xf0,
    0x0, 0xff, 0x43, 0xff, 0x10, 0x1f, 0xf3, 0xf,
    0xf7, 0x7, 0xff, 0x0, 0x8f, 0xff, 0xff, 0x80,
    0x0, 0x7d, 0xfd, 0x70, 0x0,

    /* U+00D7 "×" */
    0x15, 0x0, 0x4, 0x18, 0xf5, 0x5, 0xf9, 0x9,
    0xf9, 0xfa, 0x0, 0xb, 0xfc, 0x0, 0x5, 0xfd,
    0xf6, 0x6, 0xfa, 0x9, 0xf6, 0x49, 0x0, 0x9,
    0x40,

    /* U+00D8 "Ø" */
    0x0, 0x0, 0x0, 0xa, 0x40, 0x7, 0xdf, 0xd9,
    0xf4, 0x8, 0xff, 0xef, 0xfd, 0x0, 0xff, 0x40,
    0x6f, 0xf0, 0x3f, 0xd0, 0xc, 0xff, 0x34, 0xfc,
    0x4, 0xff, 0xf4, 0x4f, 0xc0, 0xcc, 0xdf, 0x44,
    0xfc, 0x4f, 0x4c, 0xf4, 0x4f, 0xdc, 0xc0, 0xcf,
    0x44, 0xff, 0xf4, 0xc, 0xf4, 0x3f, 0xfb, 0x0,
    0xef, 0x31, 0xff, 0x60, 0x4f, 0xf0, 0xd, 0xff,
    0xef, 0xf8, 0x4, 0xfa, 0xef, 0xd7, 0x0, 0x4a,
    0x0, 0x0, 0x0, 0x0,

    /* U+00D9 "Ù" */
    0x0, 0x11, 0x0, 0x0, 0x0, 0xb, 0xfa, 0x0,
    0x0, 0x0, 0x1e, 0xf3, 0x0, 0x0, 0x0, 0x3f,
    0xc0, 0x0, 0x0, 0x0, 0x0, 0x0, 0x5, 0xfe,
    0x0, 0xd, 0xf5, 0x5f, 0xe0, 0x0, 0xdf, 0x55,
    0xfe, 0x0, 0xd, 0xf5, 0x5f, 0xe0, 0x0, 0xdf,
    0x55, 0xfe, 0x0, 0xd, 0xf5, 0x5f, 0xe0, 0x0,
    0xdf, 0x55, 0xfe, 0x0, 0xd, 0xf5, 0x5f, 0xe0,
    0x0, 0xdf, 0x55, 0xfe, 0x0, 0xd, 0xf5, 0x5f,
    0xf0, 0x0, 0xef, 0x52, 0xff, 0x82, 0x7f, 0xf2,
    0xb, 0xff, 0xff, 0xfb, 0x0, 0x8, 0xdf, 0xd8,
    0x0,

    /* U+00DA "Ú" */
    0x0, 0x0, 0x1, 0x10, 0x0, 0x0, 0xb, 0xfa,
    0x0, 0x0, 0x4, 0xfd, 0x10, 0x0, 0x0, 0xcf,
    0x30, 0x0, 0x0, 0x0, 0x0, 0x0, 0x5, 0xfe,
    0x0, 0xd, 0xf5, 0x5f, 0xe0, 0x0, 0xdf, 0x55,
    0xfe, 0x0, 0xd, 0xf5, 0x5f, 0xe0, 0x0, 0xdf,
    0x55, 0xfe, 0x0, 0xd, 0xf5, 0x5f, 0xe0, 0x0,
    0xdf, 0x55, 0xfe, 0x0, 0xd, 0xf5, 0x5f, 0xe0,
    0x0, 0xdf, 0x55, 0xfe, 0x0, 0xd, 0xf5, 0x5f,
    0xf0, 0x0, 0xef, 0x52, 0xff, 0x82, 0x7f, 0xf2,
    0xb, 0xff, 0xff, 0xfb, 0x0, 0x8, 0xdf, 0xd8,
    0x0,

    /* U+00DB "Û" */
    0x0, 0x4f, 0xff, 0x40, 0x0, 0x1e, 0xf7, 0xfe,
    0x0, 0x9, 0xf5, 0x6, 0xf9, 0x0, 0x0, 0x0,
    0x0, 0x0, 0x5f, 0xe0, 0x0, 0xdf, 0x55, 0xfe,
    0x0, 0xd, 0xf5, 0x5f, 0xe0, 0x0, 0xdf, 0x55,
    0xfe, 0x0, 0xd, 0xf5, 0x5f, 0xe0, 0x0, 0xdf,
    0x55, 0xfe, 0x0, 0xd, 0xf5, 0x5f, 0xe0, 0x0,
    0xdf, 0x55, 0xfe, 0x0, 0xd, 0xf5, 0x5f, 0xe0,
    0x0, 0xdf, 0x55, 0xff, 0x0, 0xe, 0xf5, 0x2f,
    0xf8, 0x27, 0xff, 0x20, 0xbf, 0xff, 0xff, 0xb0,
    0x0, 0x8d, 0xfd, 0x80, 0x0,

    /* U+00DC "Ü" */
    0x8, 0xe4, 0x4, 0xe8, 0x0, 0xef, 0x90, 0x9f,
    0xe0, 0x5, 0x92, 0x2, 0x95, 0x0, 0x0, 0x0,
    0x0, 0x0, 0x5f, 0xe0, 0x0, 0xdf, 0x55, 0xfe,
    0x0, 0xd, 0xf5, 0x5f, 0xe0, 0x0, 0xdf, 0x55,
    0xfe, 0x0, 0xd, 0xf5, 0x5f, 0xe0, 0x0, 0xdf,
    0x55, 0xfe, 0x0, 0xd, 0xf5, 0x5f, 0xe0, 0x0,
    0xdf, 0x55, 0xfe, 0x0, 0xd, 0xf5, 0x5f, 0xe0,
    0x0, 0xdf, 0x55, 0xff, 0x0, 0xe, 0xf5, 0x2f,
    0xf8, 0x27, 0xff, 0x20, 0xbf, 0xff, 0xff, 0xb0,
    0x0, 0x8d, 0xfd, 0x80, 0x0,

    /* U+00DD "Ý" */
    0x0, 0x0, 0xaf, 0xc0, 0x0, 0x0, 0x3f, 0xe1,
    0x0, 0x0, 0xb, 0xf4, 0x0, 0x0, 0x0, 0x11,
    0x0, 0x0, 0x9f, 0xf1, 0x0, 0xff, 0x92, 0xff,
    0x70, 0x5f, 0xf3, 0xc, 0xfc, 0xb, 0xfc, 0x0,
    0x6f, 0xf3, 0xff, 0x60, 0x0, 0xff, 0xdf, 0xf0,
    0x0, 0x9, 0xff, 0xf9, 0x0, 0x0, 0x2f, 0xff,
    0x20, 0x0, 0x0, 0xcf, 0xc0, 0x0, 0x0, 0xa,
    0xfa, 0x0, 0x0, 0x0, 0xaf, 0xa0, 0x0, 0x0,
    0xa, 0xfa, 0x0, 0x0, 0x0, 0xaf, 0xa0, 0x0,
    0x0, 0xa, 0xfa, 0x0, 0x0,

    /* U+00DE "Þ" */
    0x1f, 0xf3, 0x0, 0x0, 0x1, 0xff, 0x30, 0x0,
    0x0, 0x1f, 0xff, 0xfc, 0x60, 0x1, 0xff, 0xff,
    0xff, 0x80, 0x1f, 0xf5, 0x3a, 0xff, 0x11, 0xff,
    0x30, 0x1f, 0xf4, 0x1f, 0xf3, 0x0, 0xff, 0x61,
    0xff, 0x30, 0xf, 0xf4, 0x1f, 0xf5, 0x3a, 0xff,
    0x11, 0xff, 0xff, 0xff, 0x90, 0x1f, 0xff, 0xfc,
    0x70, 0x1, 0xff, 0x30, 0x0, 0x0, 0x1f, 0xf3,
    0x0, 0x0, 0x0,

    /* U+00DF "ß" */
    0x0, 0x8d, 0xfd, 0x70, 0x0, 0x9f, 0xff, 0xff,
    0x70, 0xf, 0xf8, 0x8, 0xfd, 0x1, 0xff, 0x20,
    0x2f, 0xf0, 0x1f, 0xf1, 0x5, 0xfd, 0x1, 0xff,
    0x18, 0xff, 0x60, 0x1f, 0xf1, 0xcf, 0xe4, 0x1,
    0xff, 0x10, 0x6f, 0xf1, 0x1f, 0xf1, 0x0, 0xdf,
    0x51, 0xff, 0x10, 0xd, 0xf6, 0x1f, 0xf1, 0x17,
    0xff, 0x41, 0xff, 0x2f, 0xff, 0xc0, 0x1f, 0xf2,
    0xfd, 0x80, 0x0,

    /* U+00E0 "à" */
    0x0, 0x66, 0x30, 0x0, 0x0, 0x7, 0xfd, 0x0,
    0x0, 0x0, 0xc, 0xf5, 0x0, 0x0, 0x0, 0x2f,
    0xd0, 0x0, 0x0, 0x0, 0x0, 0x0, 0x0, 0x6,
    0xbf, 0xe9, 0x10, 0x8, 0xff, 0xff, 0xfb, 0x0,
    0x3a, 0x40, 0x6f, 0xf1, 0x0, 0x0, 0x10, 0xff,
    0x30, 0x5e, 0xff, 0xef, 0xf3, 0x2f, 0xf8, 0x57,
    0xff, 0x35, 0xfe, 0x0, 0x4f, 0xf3, 0x2f, 0xfe,
    0xef, 0xff, 0x30, 0x4c, 0xfd, 0x8c, 0xf3,

    /* U+00E1 "á" */
    0x0, 0x0, 0x26, 0x60, 0x0, 0x0, 0xb, 0xf9,
    0x0, 0x0, 0x4, 0xfd, 0x0, 0x0, 0x0, 0xcf,
    0x30, 0x0, 0x0, 0x0, 0x0, 0x0, 0x0, 0x6,
    0xbf, 0xe9, 0x10, 0x8, 0xff, 0xff, 0xfb, 0x0,
    0x3a, 0x40, 0x6f, 0xf1, 0x0, 0x0, 0x10, 0xff,
    0x30, 0x5e, 0xff, 0xef, 0xf3, 0x2f, 0xf8, 0x57,
    0xff, 0x35, 0xfe, 0x0, 0x4f, 0xf3, 0x2f, 0xfe,
    0xef, 0xff, 0x30, 0x4c, 0xfd, 0x8c, 0xf3,

    /* U+00E2 "â" */
    0x0, 0x7, 0x77, 0x10, 0x0, 0x7, 0xff, 0xf9,
    0x0, 0x1, 0xfe, 0x2e, 0xf2, 0x0, 0x9f, 0x50,
    0x3f, 0xb0, 0x0, 0x0, 0x0, 0x0, 0x0, 0x6,
    0xbf, 0xe9, 0x10, 0x8, 0xff, 0xff, 0xfb, 0x0,
    0x3a, 0x40, 0x6f, 0xf1, 0x0, 0x0, 0x10, 0xff,
    0x30, 0x5e, 0xff, 0xef, 0xf3, 0x2f, 0xf8, 0x57,
    0xff, 0x35, 0xfe, 0x0, 0x4f, 0xf3, 0x2f, 0xfe,
    0xef, 0xff, 0x30, 0x4c, 0xfd, 0x8c, 0xf3,

    /* U+00E3 "ã" */
    0x1b, 0xfc, 0x83, 0x4, 0x54, 0xfc, 0xff, 0xff,
    0xf6, 0x22, 0x0, 0x38, 0xb8, 0x0, 0x0, 0x0,
    0x0, 0x0, 0x0, 0x6b, 0xfe, 0x91, 0x0, 0x8f,
    0xff, 0xff, 0xb0, 0x3, 0xa4, 0x6, 0xff, 0x10,
    0x0, 0x1, 0xf, 0xf3, 0x5, 0xef, 0xfe, 0xff,
    0x32, 0xff, 0x85, 0x7f, 0xf3, 0x5f, 0xe0, 0x4,
    0xff, 0x32, 0xff, 0xee, 0xff, 0xf3, 0x4, 0xcf,
    0xd8, 0xcf, 0x30,

    /* U+00E4 "ä" */
    0x7, 0xe5, 0x3, 0xd9, 0x0, 0xdf, 0xa0, 0x7f,
    0xf0, 0x4, 0x92, 0x1, 0x95, 0x0, 0x0, 0x0,
    0x0, 0x0, 0x0, 0x6b, 0xfe, 0x91, 0x0, 0x8f,
    0xff, 0xff, 0xb0, 0x3, 0xa4, 0x6, 0xff, 0x10,
    0x0, 0x1, 0xf, 0xf3, 0x5, 0xef, 0xfe, 0xff,
    0x32, 0xff, 0x85, 0x7f, 0xf3, 0x5f, 0xe0, 0x4,
    0xff, 0x32, 0xff, 0xee, 0xff, 0xf3, 0x4, 0xcf,
    0xd8, 0xcf, 0x30,

    /* U+00E5 "å" */
    0x0, 0x4d, 0xfd, 0x50, 0x0, 0xe, 0xb2, 0x9f,
    0x0, 0x0, 0xe9, 0x7, 0xf0, 0x0, 0x4, 0xdf,
    0xd5, 0x0, 0x0, 0x6b, 0xfe, 0x91, 0x0, 0x8f,
    0xff, 0xff, 0xb0, 0x3, 0xa4, 0x6, 0xff, 0x10,
    0x0, 0x1, 0xf, 0xf3, 0x5, 0xef, 0xfe, 0xff,
    0x32, 0xff, 0x85, 0x7f, 0xf3, 0x5f, 0xe0, 0x4,
    0xff, 0x32, 0xff, 0xee, 0xff, 0xf3, 0x4, 0xcf,
    0xd8, 0xcf, 0x30,

    /* U+00E6 "æ" */
    0x8, 0xfc, 0x5d, 0xe9, 0x4, 0xff, 0xff, 0xfe,
    0xf5, 0x29, 0x19, 0xf8, 0xf, 0xa0, 0x23, 0x7f,
    0x50, 0xcc, 0x5f, 0xff, 0xff, 0xff, 0xda, 0xf4,
    0xaf, 0x72, 0x22, 0xdf, 0x8, 0xf8, 0x8, 0x2a,
    0xfd, 0xff, 0xfd, 0xf4, 0x2d, 0xea, 0x2c, 0xe8,
    0x0,

    /* U+00E7 "ç" */
    0x0, 0x4b, 0xee, 0xa1, 0x0, 0x6f, 0xff, 0xff,
    0xd0, 0xe, 0xf8, 0x1, 0xa6, 0x3, 0xff, 0x0,
    0x0, 0x0, 0x5f, 0xd0, 0x0, 0x0, 0x3, 0xff,
    0x0, 0x0, 0x0, 0xe, 0xf8, 0x1, 0xa6, 0x0,
    0x5f, 0xff, 0xff, 0xd0, 0x0, 0x4b, 0xee, 0xa1,
    0x0, 0x0, 0x2b, 0x50, 0x0, 0x0, 0x5, 0xf8,
    0x0, 0x0, 0x0, 0x8f, 0x30, 0x0, 0x0, 0x9,
    0xe0, 0x0, 0x0, 0x0, 0x0, 0x0, 0x0,

    /* U+00E8 "è" */
    0x0, 0x66, 0x30, 0x0, 0x0, 0x7, 0xfd, 0x0,
    0x0, 0x0, 0xc, 0xf5, 0x0, 0x0, 0x0, 0x2f,
    0xd0, 0x0, 0x0, 0x0, 0x0, 0x0, 0x0, 0x5,
    0xcf, 0xd7, 0x0, 0x6, 0xff, 0xff, 0xf9, 0x0,
    0xef, 0x50, 0x4f, 0xf1, 0x3f, 0xe0, 0x0, 0xdf,
    0x45, 0xff, 0xff, 0xff, 0xf6, 0x3f, 0xe3, 0x22,
    0x22, 0x10, 0xff, 0x70, 0x19, 0x60, 0x7, 0xff,
    0xff, 0xfd, 0x0, 0x5, 0xcf, 0xea, 0x10,

    /* U+00E9 "é" */
    0x0, 0x0, 0x26, 0x60, 0x0, 0x0, 0xb, 0xf9,
    0x0, 0x0, 0x4, 0xfd, 0x0, 0x0, 0x0, 0xcf,
    0x30, 0x0, 0x0, 0x0, 0x0, 0x0, 0x0, 0x5,
    0xcf, 0xd7, 0x0, 0x6, 0xff, 0xff, 0xf9, 0x0,
    0xef, 0x50, 0x4f, 0xf1, 0x3f, 0xe0, 0x0, 0xdf,
    0x45, 0xff, 0xff, 0xff, 0xf6, 0x3f, 0xe3, 0x22,
    0x22, 0x10, 0xff, 0x70, 0x19, 0x60, 0x7, 0xff,
    0xff, 0xfd, 0x0, 0x5, 0xcf, 0xea, 0x10,

    /* U+00EA "ê" */
    0x0, 0x7, 0x77, 0x10, 0x0, 0x7, 0xff, 0xf9,
    0x0, 0x1, 0xfe, 0x2e, 0xf2, 0x0, 0x9f, 0x50,
    0x3f, 0xb0, 0x0, 0x0, 0x0, 0x0, 0x0, 0x5,
    0xcf, 0xd7, 0x0, 0x6, 0xff, 0xff, 0xf9, 0x0,
    0xef, 0x50, 0x4f, 0xf1, 0x3f, 0xe0, 0x0, 0xdf,
    0x45, 0xff, 0xff, 0xff, 0xf6, 0x3f, 0xe3, 0x22,
    0x22, 0x10, 0xff, 0x70, 0x19, 0x60, 0x7, 0xff,
    0xff, 0xfd, 0x0, 0x5, 0xcf, 0xea, 0x10,

    /* U+00EB "ë" */
    0x7, 0xe5, 0x3, 0xd9, 0x0, 0xdf, 0xa0, 0x7f,
    0xf0, 0x4, 0x92, 0x1, 0x95, 0x0, 0x0, 0x0,
    0x0, 0x0, 0x0, 0x5c, 0xfd, 0x70, 0x0, 0x6f,
    0xff, 0xff, 0x90, 0xe, 0xf5, 0x4, 0xff, 0x13,
    0xfe, 0x0, 0xd, 0xf4, 0x5f, 0xff, 0xff, 0xff,
    0x63, 0xfe, 0x32, 0x22, 0x21, 0xf, 0xf7, 0x1,
    0x96, 0x0, 0x7f, 0xff, 0xff, 0xd0, 0x0, 0x5c,
    0xfe, 0xa1, 0x0,

    /* U+00EC "ì" */
    0x36, 0x60, 0x0, 0x1, 0xef, 0x40, 0x0, 0x5,
    0xfc, 0x0, 0x0, 0xa, 0xf4, 0x0, 0x0, 0x0,
    0x0, 0x5, 0xff, 0xfa, 0x0, 0x5f, 0xff, 0xa0,
    0x0, 0x8, 0xfa, 0x0, 0x0, 0x8f, 0xa0, 0x0,
    0x8, 0xfa, 0x0, 0x0, 0x8f, 0xa0, 0x0, 0x8,
    0xfa, 0x0, 0x5f, 0xff, 0xff, 0x55, 0xff, 0xff,
    0xf5,

    /* U+00ED "í" */
    0x0, 0x3, 0x66, 0x0, 0x0, 0xcf, 0x80, 0x0,
    0x5f, 0xd0, 0x0, 0xd, 0xf2, 0x0, 0x0, 0x0,
    0x0, 0x5, 0xff, 0xfa, 0x0, 0x5f, 0xff, 0xa0,
    0x0, 0x8, 0xfa, 0x0, 0x0, 0x8f, 0xa0, 0x0,
    0x8, 0xfa, 0x0, 0x0, 0x8f, 0xa0, 0x0, 0x8,
    0xfa, 0x0, 0x5f, 0xff, 0xff, 0x55, 0xff, 0xff,
    0xf5,

    /* U+00EE "î" */
    0x0, 0x27, 0x77, 0x0, 0x0, 0xcf, 0xff, 0x40,
    0x5, 0xfb, 0x3f, 0xd0, 0xd, 0xe1, 0x8, 0xf6,
    0x0, 0x0, 0x0, 0x0, 0x5, 0xff, 0xfa, 0x0,
    0x5, 0xff, 0xfa, 0x0, 0x0, 0x8, 0xfa, 0x0,
    0x0, 0x8, 0xfa, 0x0, 0x0, 0x8, 0xfa, 0x0,
    0x0, 0x8, 0xfa, 0x0, 0x0, 0x8, 0xfa, 0x0,
    0x5, 0xff, 0xff, 0xf5, 0x5, 0xff, 0xff, 0xf5,

    /* U+00EF "ï" */
    0xb, 0xd2, 0x6, 0xe6, 0x1f, 0xf6, 0xb, 0xfb,
    0x6, 0x91, 0x3, 0x93, 0x0, 0x0, 0x0, 0x0,
    0x5, 0xff, 0xfa, 0x0, 0x5, 0xff, 0xfa, 0x0,
    0x0, 0x8, 0xfa, 0x0, 0x0, 0x8, 0xfa, 0x0,
    0x0, 0x8, 0xfa, 0x0, 0x0, 0x8, 0xfa, 0x0,
    0x0, 0x8, 0xfa, 0x0, 0x5, 0xff, 0xff, 0xf5,
    0x5, 0xff, 0xff, 0xf5,

    /* U+00F0 "ð" */
    0x0, 0x52, 0x3, 0x40, 0x0, 0xf, 0xfc, 0xe4,
    0x0, 0x0, 0x2d, 0xfe, 0x20, 0x0, 0x6, 0xd8,
    0xfd, 0x0, 0x0, 0x11, 0x9, 0xf6, 0x0, 0x7,
    0xde, 0xcf, 0xc0, 0x7, 0xff, 0xff, 0xff, 0x10,
    0xff, 0x70, 0x7f, 0xf3, 0x3f, 0xf0, 0x0, 0xff,
    0x55, 0xff, 0x0, 0xf, 0xf4, 0x3f, 0xf0, 0x0,
    0xff, 0x20, 0xef, 0x80, 0x8f, 0xe0, 0x6, 0xff,
    0xff, 0xf6, 0x0, 0x5, 0xcf, 0xd6, 0x0,

    /* U+00F1 "ñ" */
    0x1b, 0xfc, 0x73, 0x5, 0x46, 0xfc, 0xff, 0xff,
    0xf5, 0x31, 0x0, 0x48, 0xb7, 0x0, 0x0, 0x0,
    0x0, 0x0, 0x1f, 0xf7, 0xdf, 0xd4, 0x1, 0xff,
    0xfe, 0xff, 0xf1, 0x1f, 0xf8, 0x1, 0xff, 0x31,
    0xff, 0x10, 0xe, 0xf4, 0x1f, 0xf1, 0x0, 0xdf,
    0x41, 0xff, 0x10, 0xd, 0xf4, 0x1f, 0xf1, 0x0,
    0xdf, 0x41, 0xff, 0x10, 0xd, 0xf4, 0x1f, 0xf1,
    0x0, 0xdf, 0x40,

    /* U+00F2 "ò" */
    0x0, 0x66, 0x20, 0x0, 0x0, 0x8, 0xfc, 0x0,
    0x0, 0x0, 0xd, 0xf4, 0x0, 0x0, 0x0, 0x3f,
    0xc0, 0x0, 0x0, 0x0, 0x0, 0x0, 0x0, 0x5,
    0xcf, 0xc5, 0x0, 0x6, 0xff, 0xff, 0xf6, 0x0,
    0xef, 0x70, 0x7f, 0xe0, 0x3f, 0xf0, 0x0, 0xff,
    0x35, 0xfd, 0x0, 0xd, 0xf5, 0x3f, 0xf0, 0x0,
    0xff, 0x30, 0xef, 0x70, 0x7f, 0xe0, 0x6, 0xff,
    0xff, 0xf6, 0x0, 0x5, 0xcf, 0xc5, 0x0,

    /* U+00F3 "ó" */
    0x0, 0x0, 0x36, 0x60, 0x0, 0x0, 0xc, 0xf8,
    0x0, 0x0, 0x5, 0xfd, 0x0, 0x0, 0x0, 0xdf,
    0x20, 0x0, 0x0, 0x0, 0x0, 0x0, 0x0, 0x5,
    0xcf, 0xc5, 0x0, 0x6, 0xff, 0xff, 0xf6, 0x0,
    0xef, 0x70, 0x7f, 0xe0, 0x3f, 0xf0, 0x0, 0xff,
    0x35, 0xfd, 0x0, 0xd, 0xf5, 0x3f, 0xf0, 0x0,
    0xff, 0x30, 0xef, 0x70, 0x7f, 0xe0, 0x6, 0xff,
    0xff, 0xf6, 0x0, 0x5, 0xcf, 0xc5, 0x0,

    /* U+00F4 "ô" */
    0x0, 0x7, 0x77, 0x0, 0x0, 0x8, 0xff, 0xf8,
    0x0, 0x2, 0xfe, 0x2e, 0xf1, 0x0, 0xaf, 0x40,
    0x4f, 0xa0, 0x0, 0x0, 0x0, 0x0, 0x0, 0x5,
    0xcf, 0xc5, 0x0, 0x6, 0xff, 0xff, 0xf6, 0x0,
    0xef, 0x70, 0x7f, 0xe0, 0x3f, 0xf0, 0x0, 0xff,
    0x35, 0xfd, 0x0, 0xd, 0xf5, 0x3f, 0xf0, 0x0,
    0xff, 0x30, 0xef, 0x70, 0x7f, 0xe0, 0x6, 0xff,
    0xff, 0xf6, 0x0, 0x5, 0xcf, 0xc5, 0x0,

    /* U+00F5 "õ" */
    0x1b, 0xfc, 0x73, 0x5, 0x46, 0xfc, 0xff, 0xff,
    0xf5, 0x31, 0x0, 0x48, 0xb7, 0x0, 0x0, 0x0,
    0x0, 0x0, 0x0, 0x5c, 0xfc, 0x50, 0x0, 0x6f,
    0xff, 0xff, 0x60, 0xe, 0xf7, 0x7, 0xfe, 0x3,
    0xff, 0x0, 0xf, 0xf3, 0x5f, 0xd0, 0x0, 0xdf,
    0x53, 0xff, 0x0, 0xf, 0xf3, 0xe, 0xf7, 0x7,
    0xfe, 0x0, 0x6f, 0xff, 0xff, 0x60, 0x0, 0x5c,
    0xfc, 0x50, 0x0,

    /* U+00F6 "ö" */
    0x8, 0xe4, 0x4, 0xe8, 0x0, 0xef, 0x80, 0x9f,
    0xe0, 0x4, 0x92, 0x2, 0x94, 0x0, 0x0, 0x0,
    0x0, 0x0, 0x0, 0x5c, 0xfc, 0x50, 0x0, 0x6f,
    0xff, 0xff, 0x60, 0xe, 0xf7, 0x7, 0xfe, 0x3,
    0xff, 0x0, 0xf, 0xf3, 0x5f, 0xd0, 0x0, 0xdf,
    0x53, 0xff, 0x0, 0xf, 0xf3, 0xe, 0xf7, 0x7,
    0xfe, 0x0, 0x6f, 0xff, 0xff, 0x60, 0x0, 0x5c,
    0xfc, 0x50, 0x0,

    /* U+00F7 "÷" */
    0x0, 0x4, 0xb4, 0x0, 0x0, 0x0, 0xbf, 0xb0,
    0x0, 0x0, 0x6, 0xe6, 0x0, 0x0, 0x0, 0x0,
    0x0, 0x0, 0x1, 0x11, 0x11, 0x11, 0x8, 0xff,
    0xff, 0xff, 0xf8, 0x24, 0x44, 0x44, 0x44, 0x20,
    0x0, 0x0, 0x0, 0x0, 0x0, 0x4, 0xb4, 0x0,
    0x0, 0x0, 0xbf, 0xb0, 0x0, 0x0, 0x6, 0xe6,
    0x0, 0x0,

    /* U+00F8 "ø" */
    0x0, 0x0, 0x0, 0x3c, 0x10, 0x5, 0xcf, 0xcd,
    0xc0, 0x6, 0xff, 0xef, 0xf7, 0x0, 0xef, 0x41,
    0xff, 0xe0, 0x3f, 0xb0, 0xbe, 0xcf, 0x35, 0xf8,
    0x5f, 0x48, 0xf5, 0x3f, 0xce, 0xa0, 0xaf, 0x30,
    0xef, 0xe1, 0x3f, 0xe0, 0x7, 0xff, 0xef, 0xf6,
    0x0, 0xdd, 0xcf, 0xc5, 0x0, 0x1b, 0x20, 0x0,
    0x0, 0x0,

    /* U+00F9 "ù" */
    0x0, 0x66, 0x20, 0x0, 0x0, 0x8, 0xfc, 0x0,
    0x0, 0x0, 0xd, 0xf4, 0x0, 0x0, 0x0, 0x3f,
    0xc0, 0x0, 0x0, 0x0, 0x0, 0x0, 0x4, 0xfe,
    0x0, 0xd, 0xf4, 0x4f, 0xe0, 0x0, 0xdf, 0x44,
    0xfe, 0x0, 0xd, 0xf4, 0x4f, 0xe0, 0x0, 0xdf,
    0x44, 0xfe, 0x0, 0xd, 0xf4, 0x4f, 0xf0, 0x0,
    0xef, 0x41, 0xff, 0x60, 0x5f, 0xf1, 0xa, 0xff,
    0xff, 0xfa, 0x0, 0x7, 0xdf, 0xd8, 0x0,

    /* U+00FA "ú" */
    0x0, 0x0, 0x36, 0x60, 0x0, 0x0, 0xc, 0xf8,
    0x0, 0x0, 0x5, 0xfd, 0x0, 0x0, 0x0, 0xdf,
    0x20, 0x0, 0x0, 0x0, 0x0, 0x0, 0x4, 0xfe,
    0x0, 0xd, 0xf4, 0x4f, 0xe0, 0x0, 0xdf, 0x44,
    0xfe, 0x0, 0xd, 0xf4, 0x4f, 0xe0, 0x0, 0xdf,
    0x44, 0xfe, 0x0, 0xd, 0xf4, 0x4f, 0xf0, 0x0,
    0xef, 0x41, 0xff, 0x60, 0x5f, 0xf1, 0xa, 0xff,
    0xff, 0xfa, 0x0, 0x7, 0xdf, 0xd8, 0x0,

    /* U+00FB "û" */
    0x0, 0x7, 0x77, 0x0, 0x0, 0x8, 0xff, 0xf8,
    0x0, 0x2, 0xfe, 0x2e, 0xf1, 0x0, 0xaf, 0x40,
    0x4f, 0xa0, 0x0, 0x0, 0x0, 0x0, 0x4, 0xfe,
    0x0, 0xd, 0xf4, 0x4f, 0xe0, 0x0, 0xdf, 0x44,
    0xfe, 0x0, 0xd, 0xf4, 0x4f, 0xe0, 0x0, 0xdf,
    0x44, 0xfe, 0x0, 0xd, 0xf4, 0x4f, 0xf0, 0x0,
    0xef, 0x41, 0xff, 0x60, 0x5f, 0xf1, 0xa, 0xff,
    0xff, 0xfa, 0x0, 0x7, 0xdf, 0xd8, 0x0,

    /* U+00FC "ü" */
    0x8, 0xe4, 0x4, 0xe8, 0x0, 0xef, 0x80, 0x9f,
    0xe0, 0x4, 0x92, 0x2, 0x94, 0x0, 0x0, 0x0,
    0x0, 0x0, 0x4f, 0xe0, 0x0, 0xdf, 0x44, 0xfe,
    0x0, 0xd, 0xf4, 0x4f, 0xe0, 0x0, 0xdf, 0x44,
    0xfe, 0x0, 0xd, 0xf4, 0x4f, 0xe0, 0x0, 0xdf,
    0x44, 0xff, 0x0, 0xe, 0xf4, 0x1f, 0xf6, 0x5,
    0xff, 0x10, 0xaf, 0xff, 0xff, 0xa0, 0x0, 0x7d,
    0xfd, 0x80, 0x0,

    /* U+00FD "ý" */
    0x0, 0x0, 0x9f, 0xc0, 0x0, 0x0, 0x2f, 0xf2,
    0x0, 0x0, 0x9, 0xf6, 0x0, 0x0, 0x0, 0x66,
    0x0, 0x0, 0x6f, 0xe0, 0x0, 0xbf, 0x61, 0xff,
    0x30, 0xf, 0xf1, 0xc, 0xf8, 0x4, 0xfd, 0x0,
    0x7f, 0xc0, 0x9f, 0x80, 0x2, 0xff, 0x1d, 0xf3,
    0x0, 0xd, 0xf7, 0xfe, 0x0, 0x0, 0x8f, 0xff,
    0xa0, 0x0, 0x4, 0xff, 0xf5, 0x0, 0x0, 0xe,
    0xff, 0x10, 0x0, 0x0, 0xaf, 0xc0, 0x0, 0x0,
    0xc, 0xf8, 0x0, 0x0, 0x1, 0xff, 0x30, 0x0,
    0x0, 0x6f, 0xe0, 0x0, 0x0,

    /* U+00FE "þ" */
    0x1f, 0xf1, 0x0, 0x0, 0x1, 0xff, 0x10, 0x0,
    0x0, 0x1f, 0xf1, 0x0, 0x0, 0x1, 0xff, 0x10,
    0x0, 0x0, 0x1f, 0xf8, 0xde, 0xb1, 0x1, 0xff,
    0xfe, 0xff, 0xc0, 0x1f, 0xf7, 0x2, 0xff, 0x21,
    0xff, 0x10, 0xe, 0xf5, 0x1f, 0xf1, 0x0, 0xdf,
    0x61, 0xff, 0x10, 0xe, 0xf5, 0x1f, 0xf7, 0x2,
    0xff, 0x21, 0xff, 0xfe, 0xef, 0xc0, 0x1f, 0xf8,
    0xef, 0xb1, 0x1, 0xff, 0x10, 0x0, 0x0, 0x1f,
    0xf1, 0x0, 0x0, 0x1, 0xff, 0x10, 0x0, 0x0,
    0x1f, 0xf1, 0x0, 0x0, 0x0,

    /* U+00FF "ÿ" */
    0x8, 0xe4, 0x4, 0xe8, 0x0, 0xef, 0x80, 0x9f,
    0xe0, 0x4, 0x92, 0x2, 0x94, 0x0, 0x0, 0x0,
    0x0, 0x0, 0x6f, 0xe0, 0x0, 0xbf, 0x61, 0xff,
    0x30, 0xf, 0xf1, 0xc, 0xf8, 0x4, 0xfd, 0x0,
    0x7f, 0xc0, 0x9f, 0x80, 0x2, 0xff, 0x1d, 0xf3,
    0x0, 0xd, 0xf7, 0xfe, 0x0, 0x0, 0x8f, 0xff,
    0xa0, 0x0, 0x4, 0xff, 0xf5, 0x0, 0x0, 0xe,
    0xff, 0x10, 0x0, 0x0, 0xaf, 0xc0, 0x0, 0x0,
    0xc, 0xf8, 0x0, 0x0, 0x1, 0xff, 0x30, 0x0,
    0x0, 0x6f, 0xe0, 0x0, 0x0,

    /* U+0100 "Ā" */
    0x1c, 0xcc, 0xcc, 0xcc, 0x12, 0xff, 0xff, 0xff,
    0xf2, 0x0, 0x0, 0x0, 0x0, 0x0, 0x0, 0x0,
    0x0, 0x0, 0x0, 0xc, 0xfc, 0x0, 0x0, 0x0,
    0xff, 0xf0, 0x0, 0x0, 0x4f, 0xff, 0x30, 0x0,
    0x7, 0xff, 0xf7, 0x0, 0x0, 0xbf, 0xff, 0xb0,
    0x0, 0xe, 0xf9, 0xfe, 0x0, 0x2, 0xff, 0x2f,
    0xf2, 0x0, 0x6f, 0xc0, 0xef, 0x60, 0xa, 0xf9,
    0xb, 0xfa, 0x0, 0xdf, 0xff, 0xff, 0xd0, 0x1f,
    0xff, 0xff, 0xff, 0x15, 0xff, 0x22, 0x3f, 0xf5,
    0x8f, 0xb0, 0x0, 0xef, 0x80,

    /* U+0101 "ā" */
    0x1f, 0xff, 0xff, 0xff, 0x30, 0xcc, 0xcc, 0xcc,
    0xc2, 0x0, 0x0, 0x0, 0x0, 0x0, 0x0, 0x0,
    0x0, 0x0, 0x0, 0x6b, 0xfe, 0x91, 0x0, 0x8f,
    0xff, 0xff, 0xb0, 0x3, 0xa4, 0x6, 0xff, 0x10,
    0x0, 0x1, 0xf, 0xf3, 0x5, 0xef, 0xfe, 0xff,
    0x32, 0xff, 0x85, 0x7f, 0xf3, 0x5f, 0xe0, 0x4,
    0xff, 0x32, 0xff, 0xee, 0xff, 0xf3, 0x4, 0xcf,
    0xd8, 0xcf, 0x30,

    /* U+0102 "Ă" */
    0xf, 0xf0, 0x0, 0xff, 0x0, 0xcf, 0x71, 0x7f,
    0xc0, 0x2, 0xdf, 0xff, 0xd2, 0x0, 0x0, 0x12,
    0x10, 0x0, 0x0, 0xc, 0xfc, 0x0, 0x0, 0x0,
    0xff, 0xf0, 0x0, 0x0, 0x4f, 0xff, 0x30, 0x0,
    0x7, 0xff, 0xf7, 0x0, 0x0, 0xbf, 0xff, 0xb0,
    0x0, 0xe, 0xf9, 0xfe, 0x0, 0x2, 0xff, 0x2f,
    0xf2, 0x0, 0x6f, 0xc0, 0xef, 0x60, 0xa, 0xf9,
    0xb, 0xfa, 0x0, 0xdf, 0xff, 0xff, 0xd0, 0x1f,
    0xff, 0xff, 0xff, 0x15, 0xff, 0x22, 0x3f, 0xf5,
    0x8f, 0xb0, 0x0, 0xef, 0x80,

    /* U+0103 "ă" */
    0x7, 0x70, 0x0, 0x77, 0x0, 0xcf, 0x30, 0xf,
    0xe0, 0x8, 0xf9, 0x17, 0xfa, 0x0, 0x1b, 0xff,
    0xfc, 0x20, 0x0, 0x0, 0x21, 0x0, 0x0, 0x6,
    0xbf, 0xe9, 0x10, 0x8, 0xff, 0xff, 0xfb, 0x0,
    0x3a, 0x40, 0x6f, 0xf1, 0x0, 0x0, 0x10, 0xff,
    0x30, 0x5e, 0xff, 0xef, 0xf3, 0x2f, 0xf8, 0x57,
    0xff, 0x35, 0xfe, 0x0, 0x4f, 0xf3, 0x2f, 0xfe,
    0xef, 0xff, 0x30, 0x4c, 0xfd, 0x8c, 0xf3,

    /* U+0104 "Ą" */
    0x0, 0xc, 0xfc, 0x0, 0x0, 0x0, 0xff, 0xf0,
    0x0, 0x0, 0x4f, 0xff, 0x30, 0x0, 0x7, 0xff,
    0xf7, 0x0, 0x0, 0xbf, 0xff, 0xb0, 0x0, 0xe,
    0xf9, 0xfe, 0x0, 0x2, 0xff, 0x2f, 0xf2, 0x0,
    0x6f, 0xc0, 0xef, 0x60, 0xa, 0xf9, 0xb, 0xfa,
    0x0, 0xdf, 0xff, 0xff, 0xd0, 0x1f, 0xff, 0xff,
    0xff, 0x15, 0xff, 0x22, 0x3f, 0xf5, 0x8f, 0xb0,
    0x0, 0xef, 0x80, 0x0, 0x0, 0x7e, 0x91, 0x0,
    0x1, 0xde, 0x10, 0x0, 0x0, 0x5f, 0xff, 0xfa,
    0x0, 0x1, 0xdf, 0xff, 0xa0, 0x0, 0x0, 0x11,
    0x11,

    /* U+0105 "ą" */
    0x0, 0x6b, 0xfe, 0x91, 0x0, 0x8f, 0xff, 0xff,
    0xc0, 0x3, 0xa4, 0x6, 0xff, 0x10, 0x0, 0x1,
    0xf, 0xf3, 0x5, 0xef, 0xfe, 0xff, 0x32, 0xff,
    0x85, 0x7f, 0xf3, 0x5f, 0xe0, 0x4, 0xff, 0x32,
    0xff, 0xee, 0xff, 0xf3, 0x4, 0xcf, 0xd8, 0xdf,
    0x20, 0x0, 0x5, 0xdb, 0x30, 0x0, 0x8, 0xf8,
    0x0, 0x0, 0x0, 0xdf, 0xff, 0xf3, 0x0, 0x6,
    0xff, 0xff, 0x30, 0x0, 0x0, 0x11, 0x10,

    /* U+0106 "Ć" */
    0x0, 0x0, 0x1, 0x10, 0x0, 0x0, 0xb, 0xfa,
    0x0, 0x0, 0x4, 0xfd, 0x10, 0x0, 0x0, 0xcf,
    0x30, 0x0, 0x0, 0x0, 0x0, 0x0, 0x0, 0x7,
    0xdf, 0xd8, 0x0, 0x9, 0xff, 0xff, 0xf8, 0x1,
    0xff, 0x70, 0x7f, 0xf0, 0x3f, 0xf1, 0x0, 0x55,
    0x4, 0xff, 0x0, 0x0, 0x0, 0x4f, 0xf0, 0x0,
    0x0, 0x4, 0xff, 0x0, 0x0, 0x0, 0x4f, 0xf0,
    0x0, 0x0, 0x4, 0xff, 0x0, 0x0, 0x0, 0x3f,
    0xf1, 0x0, 0x55, 0x1, 0xff, 0x70, 0x7f, 0xf0,
    0x9, 0xff, 0xff, 0xf8, 0x0, 0x7, 0xdf, 0xd8,
    0x0,

    /* U+0107 "ć" */
    0x0, 0x0, 0x16, 0x61, 0x0, 0x0, 0xa, 0xfb,
    0x0, 0x0, 0x2, 0xfe, 0x10, 0x0, 0x0, 0xaf,
    0x50, 0x0, 0x0, 0x0, 0x0, 0x0, 0x0, 0x4,
    0xbe, 0xea, 0x10, 0x6, 0xff, 0xff, 0xfd, 0x0,
    0xef, 0x80, 0x1a, 0x60, 0x3f, 0xf0, 0x0, 0x0,
    0x5, 0xfd, 0x0, 0x0, 0x0, 0x3f, 0xf0, 0x0,
    0x0, 0x0, 0xef, 0x80, 0x1a, 0x60, 0x5, 0xff,
    0xff, 0xfd, 0x0, 0x4, 0xbe, 0xea, 0x10,

    /* U+010A "Ċ" */
    0x0, 0x6, 0xe6, 0x0, 0x0, 0x0, 0xbf, 0xb0,
    0x0, 0x0, 0x3, 0xa3, 0x0, 0x0, 0x0, 0x0,
    0x0, 0x0, 0x0, 0x7d, 0xfd, 0x80, 0x0, 0x9f,
    0xff, 0xff, 0x80, 0x1f, 0xf7, 0x7, 0xff, 0x3,
    0xff, 0x10, 0x5, 0x50, 0x4f, 0xf0, 0x0, 0x0,
    0x4, 0xff, 0x0, 0x0, 0x0, 0x4f, 0xf0, 0x0,
    0x0, 0x4, 0xff, 0x0, 0x0, 0x0, 0x4f, 0xf0,
    0x0, 0x0, 0x3, 0xff, 0x10, 0x5, 0x50, 0x1f,
    0xf7, 0x7, 0xff, 0x0, 0x9f, 0xff, 0xff, 0x80,
    0x0, 0x7d, 0xfd, 0x80, 0x0,

    /* U+010B "ċ" */
    0x0, 0x4, 0xe8, 0x0, 0x0, 0x0, 0x8f, 0xe0,
    0x0, 0x0, 0x2, 0x95, 0x0, 0x0, 0x0, 0x0,
    0x0, 0x0, 0x0, 0x4b, 0xee, 0xa1, 0x0, 0x6f,
    0xff, 0xff, 0xd0, 0xe, 0xf8, 0x1, 0xa6, 0x3,
    0xff, 0x0, 0x0, 0x0, 0x5f, 0xd0, 0x0, 0x0,
    0x3, 0xff, 0x0, 0x0, 0x0, 0xe, 0xf8, 0x1,
    0xa6, 0x0, 0x5f, 0xff, 0xff, 0xd0, 0x0, 0x4b,
    0xee, 0xa1, 0x0,

    /* U+010C "Č" */
    0x9, 0xf5, 0x5, 0xf9, 0x0, 0x1e, 0xf7, 0xfe,
    0x0, 0x0, 0x4f, 0xff, 0x40, 0x0, 0x0, 0x0,
    0x0, 0x0, 0x0, 0x7d, 0xfd, 0x80, 0x0, 0x9f,
    0xff, 0xff, 0x80, 0x1f, 0xf7, 0x7, 0xff, 0x3,
    0xff, 0x10, 0x5, 0x50, 0x4f, 0xf0, 0x0, 0x0,
    0x4, 0xff, 0x0, 0x0, 0x0, 0x4f, 0xf0, 0x0,
    0x0, 0x4, 0xff, 0x0, 0x0, 0x0, 0x4f, 0xf0,
    0x0, 0x0, 0x3, 0xff, 0x10, 0x5, 0x50, 0x1f,
    0xf7, 0x7, 0xff, 0x0, 0x9f, 0xff, 0xff, 0x80,
    0x0, 0x7d, 0xfd, 0x80, 0x0,

    /* U+010D "č" */
    0x5, 0x72, 0x0, 0x77, 0x0, 0x3f, 0xc0, 0x7f,
    0x80, 0x0, 0xaf, 0xaf, 0xe1, 0x0, 0x1, 0xff,
    0xf6, 0x0, 0x0, 0x0, 0x0, 0x0, 0x0, 0x4,
    0xbe, 0xea, 0x10, 0x6, 0xff, 0xff, 0xfd, 0x0,
    0xef, 0x80, 0x1a, 0x60, 0x3f, 0xf0, 0x0, 0x0,
    0x5, 0xfd, 0x0, 0x0, 0x0, 0x3f, 0xf0, 0x0,
    0x0, 0x0, 0xef, 0x80, 0x1a, 0x60, 0x5, 0xff,
    0xff, 0xfd, 0x0, 0x4, 0xbe, 0xea, 0x10,

    /* U+010E "Ď" */
    0xc, 0xf3, 0x8, 0xf6, 0x0, 0x2f, 0xe7, 0xfc,
    0x0, 0x0, 0x7f, 0xff, 0x20, 0x0, 0x0, 0x0,
    0x0, 0x0, 0x1f, 0xff, 0xfd, 0x80, 0x1, 0xff,
    0xff, 0xff, 0x90, 0x1f, 0xf5, 0x2a, 0xff, 0x1,
    0xff, 0x30, 0x4f, 0xf2, 0x1f, 0xf3, 0x1, 0xff,
    0x31, 0xff, 0x30, 0x1f, 0xf3, 0x1f, 0xf3, 0x1,
    0xff, 0x31, 0xff, 0x30, 0x1f, 0xf3, 0x1f, 0xf3,
    0x1, 0xff, 0x31, 0xff, 0x30, 0x3f, 0xf2, 0x1f,
    0xf5, 0x3b, 0xff, 0x1, 0xff, 0xff, 0xff, 0x90,
    0x1f, 0xff, 0xfd, 0x80, 0x0,

    /* U+010F "ď" */
    0x0, 0x0, 0x0, 0x0, 0x0, 0x0, 0x0, 0x0,
    0xaf, 0x8f, 0xd1, 0x0, 0x0, 0xa, 0xf9, 0xfe,
    0x0, 0x0, 0x0, 0xaf, 0xbf, 0xa0, 0x0, 0x0,
    0xa, 0xfc, 0xf5, 0x0, 0x7d, 0xea, 0xcf, 0xdf,
    0x10, 0x6f, 0xfd, 0xff, 0xf7, 0x0, 0xc, 0xf9,
    0x2, 0xef, 0x70, 0x0, 0xef, 0x40, 0xa, 0xf7,
    0x0, 0xf, 0xf3, 0x0, 0xaf, 0x70, 0x0, 0xef,
    0x40, 0xa, 0xf7, 0x0, 0xc, 0xf8, 0x2, 0xef,
    0x70, 0x0, 0x6f, 0xfd, 0xff, 0xf7, 0x0, 0x0,
    0x7d, 0xea, 0xbf, 0x70, 0x0,

    /* U+0110 "Đ" */
    0x1f, 0xff, 0xfd, 0x80, 0x1, 0xff, 0xff, 0xff,
    0x90, 0x1f, 0xf5, 0x2a, 0xff, 0x1, 0xff, 0x30,
    0x4f, 0xf2, 0x1f, 0xf3, 0x1, 0xff, 0x32, 0xff,
    0x40, 0x1f, 0xf3, 0xcf, 0xff, 0xf2, 0xff, 0x3c,
    0xff, 0xff, 0x2f, 0xf3, 0x1f, 0xf3, 0x1, 0xff,
    0x31, 0xff, 0x30, 0x3f, 0xf2, 0x1f, 0xf5, 0x3b,
    0xff, 0x1, 0xff, 0xff, 0xff, 0x90, 0x1f, 0xff,
    0xfd, 0x80, 0x0,

    /* U+0111 "đ" */
    0x0, 0x0, 0x1, 0xff, 0x10, 0x3c, 0xcc, 0xcf,
    0xfc, 0x4, 0xff, 0xff, 0xff, 0xf0, 0x0, 0x0,
    0x1f, 0xf1, 0x1, 0xbe, 0xd8, 0xff, 0x10, 0xcf,
    0xfe, 0xff, 0xf1, 0x2f, 0xf2, 0x7, 0xff, 0x15,
    0xfd, 0x0, 0x1f, 0xf1, 0x6f, 0xc0, 0x1, 0xff,
    0x15, 0xfd, 0x0, 0x1f, 0xf1, 0x2f, 0xf2, 0x7,
    0xff, 0x10, 0xcf, 0xee, 0xff, 0xf1, 0x1, 0xbf,
    0xd7, 0xff, 0x10,

    /* U+0112 "Ē" */
    0x1c, 0xcc, 0xcc, 0xcc, 0x12, 0xff, 0xff, 0xff,
    0xf2, 0x0, 0x0, 0x0, 0x0, 0x0, 0x0, 0x0,
    0x0, 0x0, 0xc, 0xff, 0xff, 0xfd, 0x0, 0xcf,
    0xff, 0xff, 0xd0, 0xc, 0xf9, 0x22, 0x22, 0x0,
    0xcf, 0x80, 0x0, 0x0, 0xc, 0xf8, 0x0, 0x0,
    0x0, 0xcf, 0x80, 0x0, 0x0, 0xc, 0xff, 0xff,
    0xf7, 0x0, 0xcf, 0xff, 0xff, 0x70, 0xc, 0xf8,
    0x0, 0x0, 0x0, 0xcf, 0x80, 0x0, 0x0, 0xc,
    0xf9, 0x22, 0x22, 0x0, 0xcf, 0xff, 0xff, 0xd0,
    0xc, 0xff, 0xff, 0xfd, 0x0,

    /* U+0113 "ē" */
    0x1f, 0xff, 0xff, 0xff, 0x30, 0xcc, 0xcc, 0xcc,
    0xc2, 0x0, 0x0, 0x0, 0x0, 0x0, 0x0, 0x0,
    0x0, 0x0, 0x0, 0x5c, 0xfd, 0x70, 0x0, 0x6f,
    0xff, 0xff, 0x90, 0xe, 0xf5, 0x4, 0xff, 0x13,
    0xfe, 0x0, 0xd, 0xf4, 0x5f, 0xff, 0xff, 0xff,
    0x63, 0xfe, 0x32, 0x22, 0x21, 0xf, 0xf7, 0x1,
    0x96, 0x0, 0x7f, 0xff, 0xff, 0xd0, 0x0, 0x5c,
    0xfe, 0xa1, 0x0,

    /* U+0116 "Ė" */
    0x0, 0x6e, 0x60, 0x0, 0xb, 0xfb, 0x0, 0x0,
    0x3a, 0x30, 0x0, 0x0, 0x0, 0x0, 0xcf, 0xff,
    0xff, 0xdc, 0xff, 0xff, 0xfd, 0xcf, 0x92, 0x22,
    0x2c, 0xf8, 0x0, 0x0, 0xcf, 0x80, 0x0, 0xc,
    0xf8, 0x0, 0x0, 0xcf, 0xff, 0xff, 0x7c, 0xff,
    0xff, 0xf7, 0xcf, 0x80, 0x0, 0xc, 0xf8, 0x0,
    0x0, 0xcf, 0x92, 0x22, 0x2c, 0xff, 0xff, 0xfd,
    0xcf, 0xff, 0xff, 0xd0,

    /* U+0117 "ė" */
    0x0, 0x5, 0xe7, 0x0, 0x0, 0x0, 0xaf, 0xc0,
    0x0, 0x0, 0x2, 0x94, 0x0, 0x0, 0x0, 0x0,
    0x0, 0x0, 0x0, 0x5c, 0xfd, 0x70, 0x0, 0x6f,
    0xff, 0xff, 0x90, 0xe, 0xf5, 0x4, 0xff, 0x13,
    0xfe, 0x0, 0xd, 0xf4, 0x5f, 0xff, 0xff, 0xff,
    0x63, 0xfe, 0x32, 0x22, 0x21, 0xf, 0xf7, 0x1,
    0x96, 0x0, 0x7f, 0xff, 0xff, 0xd0, 0x0, 0x5c,
    0xfe, 0xa1, 0x0,

    /* U+0118 "Ę" */
    0xcf, 0xff, 0xff, 0xdc, 0xff, 0xff, 0xfd, 0xcf,
    0x92, 0x22, 0x2c, 0xf8, 0x0, 0x0, 0xcf, 0x80,
    0x0, 0xc, 0xf8, 0x0, 0x0, 0xcf, 0xff, 0xff,
    0x7c, 0xff, 0xff, 0xf7, 0xcf, 0x80, 0x0, 0xc,
    0xf8, 0x0, 0x0, 0xcf, 0x92, 0x22, 0x2c, 0xff,
    0xff, 0xfd, 0xcf, 0xff, 0xff, 0xd0, 0x0, 0x5d,
    0xa2, 0x0, 0xcf, 0x30, 0x0, 0x3f, 0xff, 0xfd,
    0x0, 0xcf, 0xff, 0xd0, 0x0, 0x11, 0x11,

    /* U+0119 "ę" */
    0x0, 0x5c, 0xfd, 0x70, 0x0, 0x6f, 0xff, 0xff,
    0x90, 0xe, 0xf5, 0x4, 0xff, 0x13, 0xfe, 0x0,
    0xd, 0xf4, 0x5f, 0xff, 0xff, 0xff, 0x64, 0xfd,
    0x22, 0x22, 0x21, 0x1f, 0xf4, 0x0, 0x74, 0x0,
    0x8f, 0xfe, 0xff, 0xe1, 0x0, 0x7d, 0xff, 0xc2,
    0x0, 0x1, 0xae, 0x60, 0x0, 0x2, 0xed, 0x0,
    0x0, 0x0, 0x7f, 0xff, 0xf9, 0x0, 0x1, 0xef,
    0xff, 0x90, 0x0, 0x0, 0x11, 0x10, 0x0,

    /* U+011A "Ě" */
    0x9f, 0x50, 0x5f, 0x91, 0xef, 0x7f, 0xe0, 0x4,
    0xff, 0xf4, 0x0, 0x0, 0x0, 0x0, 0xcf, 0xff,
    0xff, 0xdc, 0xff, 0xff, 0xfd, 0xcf, 0x92, 0x22,
    0x2c, 0xf8, 0x0, 0x0, 0xcf, 0x80, 0x0, 0xc,
    0xf8, 0x0, 0x0, 0xcf, 0xff, 0xff, 0x7c, 0xff,
    0xff, 0xf7, 0xcf, 0x80, 0x0, 0xc, 0xf8, 0x0,
    0x0, 0xcf, 0x92, 0x22, 0x2c, 0xff, 0xff, 0xfd,
    0xcf, 0xff, 0xff, 0xd0,

    /* U+011B "ě" */
    0x5, 0x71, 0x0, 0x76, 0x0, 0x5f, 0xb0, 0x8f,
    0x70, 0x0, 0xcf, 0xaf, 0xd0, 0x0, 0x3, 0xff,
    0xf5, 0x0, 0x0, 0x0, 0x0, 0x0, 0x0, 0x5,
    0xcf, 0xd7, 0x0, 0x6, 0xff, 0xff, 0xf9, 0x0,
    0xef, 0x50, 0x4f, 0xf1, 0x3f, 0xe0, 0x0, 0xdf,
    0x45, 0xff, 0xff, 0xff, 0xf6, 0x3f, 0xe3, 0x22,
    0x22, 0x10, 0xff, 0x70, 0x19, 0x60, 0x7, 0xff,
    0xff, 0xfd, 0x0, 0x5, 0xcf, 0xea, 0x10,

    /* U+011E "Ğ" */
    0xf, 0xf0, 0x0, 0xff, 0x0, 0xcf, 0x71, 0x7f,
    0xc0, 0x2, 0xdf, 0xff, 0xd2, 0x0, 0x0, 0x12,
    0x10, 0x0, 0x0, 0x7d, 0xfd, 0x70, 0x0, 0x9f,
    0xff, 0xff, 0x80, 0x1f, 0xf7, 0x7, 0xff, 0x3,
    0xff, 0x10, 0x7, 0x70, 0x4f, 0xf0, 0x0, 0x0,
    0x4, 0xff, 0x0, 0x0, 0x0, 0x4f, 0xf0, 0x6f,
    0xff, 0x4, 0xff, 0x5, 0xef, 0xf0, 0x4f, 0xf0,
    0x5, 0xff, 0x3, 0xff, 0x10, 0x6f, 0xf0, 0x1f,
    0xf7, 0xb, 0xff, 0x0, 0xaf, 0xff, 0xff, 0xf0,
    0x0, 0x9e, 0xe7, 0xff, 0x0,

    /* U+011F "ğ" */
    0xe, 0xf1, 0x1, 0xfe, 0x0, 0xbf, 0x81, 0x8f,
    0xb0, 0x2, 0xcf, 0xff, 0xc2, 0x0, 0x0, 0x12,
    0x10, 0x0, 0x1, 0xbf, 0xd7, 0xff, 0x10, 0xcf,
    0xfe, 0xff, 0xf1, 0x2f, 0xf2, 0x7, 0xff, 0x15,
    0xfd, 0x0, 0x1f, 0xf1, 0x6f, 0xc0, 0x1, 0xff,
    0x15, 0xfd, 0x0, 0x1f, 0xf1, 0x2f, 0xf2, 0x8,
    0xff, 0x10, 0xcf, 0xfe, 0xff, 0xf1, 0x1, 0xbf,
    0xd7, 0xff, 0x10, 0x0, 0x0, 0x2f, 0xf0, 0xc,
    0x60, 0x9, 0xfd, 0x3, 0xff, 0xff, 0xff, 0x50,
    0x4, 0xbe, 0xec, 0x40, 0x0,

    /* U+0120 "Ġ" */
    0x0, 0x6, 0xe6, 0x0, 0x0, 0x0, 0xbf, 0xb0,
    0x0, 0x0, 0x3, 0xa3, 0x0, 0x0, 0x0, 0x0,
    0x0, 0x0, 0x0, 0x7d, 0xfd, 0x70, 0x0, 0x9f,
    0xff, 0xff, 0x80, 0x1f, 0xf7, 0x7, 0xff, 0x3,
    0xff, 0x10, 0x7, 0x70, 0x4f, 0xf0, 0x0, 0x0,
    0x4, 0xff, 0x0, 0x0, 0x0, 0x4f, 0xf0, 0x6f,
    0xff, 0x4, 0xff, 0x5, 0xef, 0xf0, 0x4f, 0xf0,
    0x5, 0xff, 0x3, 0xff, 0x10, 0x6f, 0xf0, 0x1f,
    0xf7, 0xb, 0xff, 0x0, 0xaf, 0xff, 0xff, 0xf0,
    0x0, 0x9e, 0xe7, 0xff, 0x0,

    /* U+0121 "ġ" */
    0x0, 0x6, 0xe6, 0x0, 0x0, 0x0, 0xbf, 0xb0,
    0x0, 0x0, 0x3, 0x93, 0x0, 0x0, 0x0, 0x0,
    0x0, 0x0, 0x1, 0xbf, 0xd7, 0xff, 0x10, 0xcf,
    0xfe, 0xff, 0xf1, 0x2f, 0xf2, 0x7, 0xff, 0x15,
    0xfd, 0x0, 0x1f, 0xf1, 0x6f, 0xc0, 0x1, 0xff,
    0x15, 0xfd, 0x0, 0x1f, 0xf1, 0x2f, 0xf2, 0x8,
    0xff, 0x10, 0xcf, 0xfe, 0xff, 0xf1, 0x1, 0xbf,
    0xd7, 0xff, 0x10, 0x0, 0x0, 0x2f, 0xf0, 0xc,
    0x60, 0x9, 0xfd, 0x3, 0xff, 0xff, 0xff, 0x50,
    0x4, 0xbe, 0xec, 0x40, 0x0,

    /* U+0122 "Ģ" */
    0x0, 0x7d, 0xfd, 0x70, 0x0, 0x9f, 0xff, 0xff,
    0x80, 0x1f, 0xf7, 0x7, 0xff, 0x3, 0xff, 0x10,
    0x7, 0x70, 0x4f, 0xf0, 0x0, 0x0, 0x4, 0xff,
    0x0, 0x0, 0x0, 0x4f, 0xf0, 0x6f, 0xff, 0x4,
    0xff, 0x5, 0xef, 0xf0, 0x4f, 0xf0, 0x5, 0xff,
    0x3, 0xff, 0x10, 0x6f, 0xf0, 0x1f, 0xf7, 0xb,
    0xff, 0x0, 0xaf, 0xff, 0xff, 0xf0, 0x0, 0x9e,
    0xe7, 0xff, 0x0, 0x0, 0x2b, 0x50, 0x0, 0x0,
    0x5, 0xf8, 0x0, 0x0, 0x0, 0x8f, 0x30, 0x0,
    0x0, 0x9, 0xe0, 0x0, 0x0, 0x0, 0x0, 0x0,
    0x0,

    /* U+0123 "ģ" */
    0x0, 0x1, 0xb7, 0x0, 0x0, 0x0, 0x3f, 0xc0,
    0x0, 0x0, 0x5, 0xf8, 0x0, 0x0, 0x0, 0x7f,
    0x30, 0x0, 0x0, 0x9, 0xe0, 0x0, 0x0, 0x0,
    0x2, 0x0, 0x0, 0x1, 0xbf, 0xd7, 0xff, 0x10,
    0xcf, 0xfe, 0xff, 0xf1, 0x2f, 0xf2, 0x7, 0xff,
    0x15, 0xfd, 0x0, 0x1f, 0xf1, 0x6f, 0xc0, 0x1,
    0xff, 0x15, 0xfd, 0x0, 0x1f, 0xf1, 0x2f, 0xf2,
    0x8, 0xff, 0x10, 0xcf, 0xfe, 0xff, 0xf1, 0x1,
    0xbf, 0xd7, 0xff, 0x10, 0x0, 0x0, 0x2f, 0xf0,
    0xc, 0x60, 0x9, 0xfd, 0x3, 0xff, 0xff, 0xff,
    0x50, 0x4, 0xbe, 0xec, 0x40, 0x0,

    /* U+0126 "Ħ" */
    0xf, 0xf3, 0x3, 0xff, 0x0, 0xff, 0x30, 0x3f,
    0xf0, 0xff, 0xff, 0xff, 0xff, 0xfc, 0xff, 0xdc,
    0xdf, 0xfc, 0xf, 0xf3, 0x3, 0xff, 0x0, 0xff,
    0xff, 0xff, 0xf0, 0xf, 0xff, 0xff, 0xff, 0x0,
    0xff, 0x52, 0x5f, 0xf0, 0xf, 0xf3, 0x3, 0xff,
    0x0, 0xff, 0x30, 0x3f, 0xf0, 0xf, 0xf3, 0x3,
    0xff, 0x0, 0xff, 0x30, 0x3f, 0xf0, 0xf, 0xf3,
    0x3, 0xff, 0x0,

    /* U+0127 "ħ" */
    0x1f, 0xf1, 0x0, 0x0, 0xc, 0xff, 0xcc, 0xcc,
    0x30, 0xff, 0xff, 0xff, 0xf4, 0x1, 0xff, 0x10,
    0x0, 0x0, 0x1f, 0xf8, 0xdf, 0xd4, 0x1, 0xff,
    0xfe, 0xff, 0xf1, 0x1f, 0xf8, 0x1, 0xff, 0x31,
    0xff, 0x10, 0xe, 0xf4, 0x1f, 0xf1, 0x0, 0xdf,
    0x41, 0xff, 0x10, 0xd, 0xf4, 0x1f, 0xf1, 0x0,
    0xdf, 0x41, 0xff, 0x10, 0xd, 0xf4, 0x1f, 0xf1,
    0x0, 0xdf, 0x40,

    /* U+0128 "Ĩ" */
    0xa, 0xfc, 0x50, 0x2, 0x46, 0xfd, 0xef, 0xed,
    0xf5, 0x42, 0x0, 0x6d, 0xfa, 0x0, 0x0, 0x0,
    0x0, 0x0, 0x8, 0xff, 0xff, 0xf8, 0x0, 0x8f,
    0xff, 0xff, 0x80, 0x1, 0x2b, 0xfb, 0x21, 0x0,
    0x0, 0xaf, 0xa0, 0x0, 0x0, 0xa, 0xfa, 0x0,
    0x0, 0x0, 0xaf, 0xa0, 0x0, 0x0, 0xa, 0xfa,
    0x0, 0x0, 0x0, 0xaf, 0xa0, 0x0, 0x0, 0xa,
    0xfa, 0x0, 0x0, 0x0, 0xaf, 0xa0, 0x0, 0x1,
    0x2b, 0xfb, 0x21, 0x0, 0x8f, 0xff, 0xff, 0x80,
    0x8, 0xff, 0xff, 0xf8, 0x0,

    /* U+0129 "ĩ" */
    0x1b, 0xfc, 0x73, 0x5, 0x46, 0xfc, 0xff, 0xff,
    0xf5, 0x31, 0x0, 0x48, 0xb7, 0x0, 0x0, 0x0,
    0x0, 0x0, 0x5, 0xff, 0xfa, 0x0, 0x0, 0x5f,
    0xff, 0xa0, 0x0, 0x0, 0x8, 0xfa, 0x0, 0x0,
    0x0, 0x8f, 0xa0, 0x0, 0x0, 0x8, 0xfa, 0x0,
    0x0, 0x0, 0x8f, 0xa0, 0x0, 0x0, 0x8, 0xfa,
    0x0, 0x0, 0x5f, 0xff, 0xff, 0x50, 0x5, 0xff,
    0xff, 0xf5, 0x0,

    /* U+012A "Ī" */
    0x1c, 0xcc, 0xcc, 0xcc, 0x12, 0xff, 0xff, 0xff,
    0xf2, 0x0, 0x0, 0x0, 0x0, 0x0, 0x0, 0x0,
    0x0, 0x0, 0x8, 0xff, 0xff, 0xf8, 0x0, 0x8f,
    0xff, 0xff, 0x80, 0x1, 0x2b, 0xfb, 0x21, 0x0,
    0x0, 0xaf, 0xa0, 0x0, 0x0, 0xa, 0xfa, 0x0,
    0x0, 0x0, 0xaf, 0xa0, 0x0, 0x0, 0xa, 0xfa,
    0x0, 0x0, 0x0, 0xaf, 0xa0, 0x0, 0x0, 0xa,
    0xfa, 0x0, 0x0, 0x0, 0xaf, 0xa0, 0x0, 0x1,
    0x2b, 0xfb, 0x21, 0x0, 0x8f, 0xff, 0xff, 0x80,
    0x8, 0xff, 0xff, 0xf8, 0x0,

    /* U+012B "ī" */
    0x2f, 0xff, 0xff, 0xff, 0x21, 0xcc, 0xcc, 0xcc,
    0xc1, 0x0, 0x0, 0x0, 0x0, 0x0, 0x0, 0x0,
    0x0, 0x0, 0x5, 0xff, 0xfa, 0x0, 0x0, 0x5f,
    0xff, 0xa0, 0x0, 0x0, 0x8, 0xfa, 0x0, 0x0,
    0x0, 0x8f, 0xa0, 0x0, 0x0, 0x8, 0xfa, 0x0,
    0x0, 0x0, 0x8f, 0xa0, 0x0, 0x0, 0x8, 0xfa,
    0x0, 0x0, 0x5f, 0xff, 0xff, 0x50, 0x5, 0xff,
    0xff, 0xf5, 0x0,

    /* U+012C "Ĭ" */
    0xf, 0xf0, 0x0, 0xff, 0x0, 0xcf, 0x71, 0x7f,
    0xc0, 0x2, 0xdf, 0xff, 0xd2, 0x0, 0x0, 0x12,
    0x10, 0x0, 0x8, 0xff, 0xff, 0xf8, 0x0, 0x8f,
    0xff, 0xff, 0x80, 0x1, 0x2b, 0xfb, 0x21, 0x0,
    0x0, 0xaf, 0xa0, 0x0, 0x0, 0xa, 0xfa, 0x0,
    0x0, 0x0, 0xaf, 0xa0, 0x0, 0x0, 0xa, 0xfa,
    0x0, 0x0, 0x0, 0xaf, 0xa0, 0x0, 0x0, 0xa,
    0xfa, 0x0, 0x0, 0x0, 0xaf, 0xa0, 0x0, 0x1,
    0x2b, 0xfb, 0x21, 0x0, 0x8f, 0xff, 0xff, 0x80,
    0x8, 0xff, 0xff, 0xf8, 0x0,

    /* U+012D "ĭ" */
    0x77, 0x0, 0x7, 0x7d, 0xf2, 0x2, 0xfd, 0x9f,
    0x80, 0x8f, 0x91, 0xbf, 0xff, 0xb1, 0x0, 0x12,
    0x10, 0x5, 0xff, 0xfa, 0x0, 0x5f, 0xff, 0xa0,
    0x0, 0x8, 0xfa, 0x0, 0x0, 0x8f, 0xa0, 0x0,
    0x8, 0xfa, 0x0, 0x0, 0x8f, 0xa0, 0x0, 0x8,
    0xfa, 0x0, 0x5f, 0xff, 0xff, 0x55, 0xff, 0xff,
    0xf5,

    /* U+012E "Į" */
    0x8f, 0xff, 0xff, 0x88, 0xff, 0xff, 0xf8, 0x12,
    0xbf, 0xb2, 0x10, 0xa, 0xfa, 0x0, 0x0, 0xaf,
    0xa0, 0x0, 0xa, 0xfa, 0x0, 0x0, 0xaf, 0xa0,
    0x0, 0xa, 0xfa, 0x0, 0x0, 0xaf, 0xa0, 0x0,
    0xa, 0xfa, 0x0, 0x12, 0xbf, 0xb2, 0x18, 0xff,
    0xff, 0xf8, 0x8f, 0xff, 0xff, 0x80, 0x4, 0xcc,
    0x40, 0x9, 0xf6, 0x0, 0x0, 0xff, 0xff, 0xf0,
    0x8, 0xff, 0xff, 0x0, 0x0, 0x11, 0x10,

    /* U+012F "į" */
    0x0, 0x6e, 0x60, 0x0, 0xb, 0xfb, 0x0, 0x0,
    0x39, 0x30, 0x0, 0x0, 0x0, 0x0, 0x5f, 0xff,
    0xa0, 0x5, 0xff, 0xfa, 0x0, 0x0, 0x8f, 0xa0,
    0x0, 0x8, 0xfa, 0x0, 0x0, 0x8f, 0xa0, 0x0,
    0x8, 0xfa, 0x0, 0x0, 0x8f, 0xa0, 0x5, 0xff,
    0xff, 0xf5, 0x5f, 0xff, 0xff, 0x50, 0x4, 0xcc,
    0x40, 0x9, 0xf6, 0x0, 0x0, 0xff, 0xff, 0xf0,
    0x8, 0xff, 0xff, 0x0, 0x0, 0x11, 0x10,

    /* U+0130 "İ" */
    0x0, 0x6e, 0x60, 0x0, 0xb, 0xfb, 0x0, 0x0,
    0x3a, 0x30, 0x0, 0x0, 0x0, 0x0, 0x8f, 0xff,
    0xff, 0x88, 0xff, 0xff, 0xf8, 0x12, 0xbf, 0xb2,
    0x10, 0xa, 0xfa, 0x0, 0x0, 0xaf, 0xa0, 0x0,
    0xa, 0xfa, 0x0, 0x0, 0xaf, 0xa0, 0x0, 0xa,
    0xfa, 0x0, 0x0, 0xaf, 0xa0, 0x0, 0xa, 0xfa,
    0x0, 0x12, 0xbf, 0xb2, 0x18, 0xff, 0xff, 0xf8,
    0x8f, 0xff, 0xff, 0x80,

    /* U+0131 "ı" */
    0x5f, 0xff, 0xa0, 0x5, 0xff, 0xfa, 0x0, 0x0,
    0x8f, 0xa0, 0x0, 0x8, 0xfa, 0x0, 0x0, 0x8f,
    0xa0, 0x0, 0x8, 0xfa, 0x0, 0x0, 0x8f, 0xa0,
    0x5, 0xff, 0xff, 0xf5, 0x5f, 0xff, 0xff, 0x50,

    /* U+0132 "Ĳ" */
    0xaf, 0xa0, 0xf, 0xff, 0x9a, 0xfa, 0x0, 0xff,
    0xf9, 0xaf, 0xa0, 0x0, 0xbf, 0x9a, 0xfa, 0x0,
    0xb, 0xf9, 0xaf, 0xa0, 0x0, 0xbf, 0x9a, 0xfa,
    0x0, 0xb, 0xf9, 0xaf, 0xa0, 0x0, 0xbf, 0x9a,
    0xfa, 0x0, 0xb, 0xf9, 0xaf, 0xa0, 0x0, 0xbf,
    0x9a, 0xfa, 0x0, 0xe, 0xf7, 0xaf, 0xa1, 0x28,
    0xff, 0x4a, 0xfa, 0xaf, 0xff, 0xc0, 0xaf, 0xaa,
    0xfd, 0x90, 0x0,

    /* U+0133 "ĳ" */
    0x4e, 0x80, 0x0, 0x8e, 0x48, 0xfe, 0x0, 0xe,
    0xf8, 0x29, 0x50, 0x0, 0x59, 0x20, 0x0, 0x0,
    0x0, 0x0, 0x5f, 0xd0, 0x1f, 0xff, 0x65, 0xfd,
    0x1, 0xff, 0xf6, 0x5f, 0xd0, 0x0, 0xdf, 0x65,
    0xfd, 0x0, 0xc, 0xf6, 0x5f, 0xd0, 0x0, 0xcf,
    0x65, 0xfd, 0x0, 0xc, 0xf6, 0x5f, 0xd0, 0x0,
    0xcf, 0x65, 0xfd, 0x0, 0xc, 0xf6, 0x5f, 0xd0,
    0x0, 0xcf, 0x60, 0x0, 0x0, 0xd, 0xf5, 0x0,
    0x2, 0x24, 0xff, 0x40, 0x0, 0xff, 0xff, 0xf0,
    0x0, 0xf, 0xff, 0xd4, 0x0,

    /* U+0136 "Ķ" */
    0x1f, 0xf3, 0x3, 0xff, 0x11, 0xff, 0x30, 0xbf,
    0x80, 0x1f, 0xf3, 0x3f, 0xf1, 0x1, 0xff, 0x3b,
    0xf8, 0x0, 0x1f, 0xf6, 0xfe, 0x10, 0x1, 0xff,
    0xdf, 0x70, 0x0, 0x1f, 0xff, 0xf6, 0x0, 0x1,
    0xff, 0xbf, 0xd0, 0x0, 0x1f, 0xf4, 0xff, 0x60,
    0x1, 0xff, 0x39, 0xfd, 0x0, 0x1f, 0xf3, 0x2f,
    0xf5, 0x1, 0xff, 0x30, 0xaf, 0xd0, 0x1f, 0xf3,
    0x3, 0xff, 0x50, 0x0, 0x37, 0x20, 0x0, 0x0,
    0x8, 0xf5, 0x0, 0x0, 0x0, 0xbf, 0x10, 0x0,
    0x0, 0xd, 0xc0, 0x0, 0x0, 0x0, 0x1, 0x0,
    0x0,

    /* U+0137 "ķ" */
    0x1f, 0xf1, 0x0, 0x0, 0x1, 0xff, 0x10, 0x0,
    0x0, 0x1f, 0xf1, 0x0, 0x0, 0x1, 0xff, 0x10,
    0x0, 0x0, 0x1f, 0xf1, 0xb, 0xf8, 0x1, 0xff,
    0x16, 0xfc, 0x0, 0x1f, 0xf3, 0xff, 0x20, 0x1,
    0xff, 0xcf, 0x70, 0x0, 0x1f, 0xff, 0xf7, 0x0,
    0x1, 0xff, 0x8f, 0xf2, 0x0, 0x1f, 0xf1, 0xdf,
    0xb0, 0x1, 0xff, 0x14, 0xff, 0x40, 0x1f, 0xf1,
    0xa, 0xfe, 0x0, 0x0, 0x57, 0x10, 0x0, 0x0,
    0xa, 0xf3, 0x0, 0x0, 0x0, 0xde, 0x0, 0x0,
    0x0, 0xf, 0xa0, 0x0, 0x0, 0x0, 0x1, 0x0,
    0x0,

    /* U+0139 "Ĺ" */
    0x0, 0x6f, 0xe1, 0x0, 0x0, 0x1e, 0xf3, 0x0,
    0x0, 0x8, 0xf7, 0x0, 0x0, 0x0, 0x11, 0x0,
    0x0, 0x0, 0x1f, 0xf3, 0x0, 0x0, 0x1, 0xff,
    0x30, 0x0, 0x0, 0x1f, 0xf3, 0x0, 0x0, 0x1,
    0xff, 0x30, 0x0, 0x0, 0x1f, 0xf3, 0x0, 0x0,
    0x1, 0xff, 0x30, 0x0, 0x0, 0x1f, 0xf3, 0x0,
    0x0, 0x1, 0xff, 0x30, 0x0, 0x0, 0x1f, 0xf3,
    0x0, 0x0, 0x1, 0xff, 0x30, 0x0, 0x0, 0x1f,
    0xf5, 0x22, 0x22, 0x1, 0xff, 0xff, 0xff, 0xf1,
    0x1f, 0xff, 0xff, 0xff, 0x10,

    /* U+013A "ĺ" */
    0x0, 0x4, 0xff, 0x20, 0x0, 0xdf, 0x50, 0x0,
    0x6f, 0xa0, 0x0, 0x1, 0x10, 0x0, 0xf, 0xff,
    0xf0, 0x0, 0xff, 0xff, 0x0, 0x0, 0x2f, 0xf0,
    0x0, 0x1, 0xff, 0x0, 0x0, 0x1f, 0xf0, 0x0,
    0x1, 0xff, 0x0, 0x0, 0x1f, 0xf0, 0x0, 0x1,
    0xff, 0x0, 0x0, 0x1f, 0xf0, 0x0, 0x1, 0xff,
    0x0, 0x0, 0x1f, 0xf0, 0x0, 0x1, 0xff, 0x0,
    0x0, 0x1f, 0xf0, 0x0,

    /* U+013B "Ļ" */
    0x1f, 0xf3, 0x0, 0x0, 0x1, 0xff, 0x30, 0x0,
    0x0, 0x1f, 0xf3, 0x0, 0x0, 0x1, 0xff, 0x30,
    0x0, 0x0, 0x1f, 0xf3, 0x0, 0x0, 0x1, 0xff,
    0x30, 0x0, 0x0, 0x1f, 0xf3, 0x0, 0x0, 0x1,
    0xff, 0x30, 0x0, 0x0, 0x1f, 0xf3, 0x0, 0x0,
    0x1, 0xff, 0x30, 0x0, 0x0, 0x1f, 0xf5, 0x22,
    0x22, 0x1, 0xff, 0xff, 0xff, 0xf1, 0x1f, 0xff,
    0xff, 0xff, 0x10, 0x0, 0x18, 0x30, 0x0, 0x0,
    0x5, 0xf8, 0x0, 0x0, 0x0, 0x8f, 0x40, 0x0,
    0x0, 0xa, 0xf0, 0x0, 0x0, 0x0, 0x2, 0x0,
    0x0,

    /* U+013C "ļ" */
    0xf, 0xff, 0xf0, 0xf, 0xff, 0xf0, 0x0, 0x2f,
    0xf0, 0x0, 0x1f, 0xf0, 0x0, 0x1f, 0xf0, 0x0,
    0x1f, 0xf0, 0x0, 0x1f, 0xf0, 0x0, 0x1f, 0xf0,
    0x0, 0x1f, 0xf0, 0x0, 0x1f, 0xf0, 0x0, 0x1f,
    0xf0, 0x0, 0x1f, 0xf0, 0x0, 0x1f, 0xf0, 0x0,
    0x9, 0x40, 0x0, 0x3f, 0xa0, 0x0, 0x6f, 0x50,
    0x0, 0x9f, 0x10, 0x0, 0x2, 0x0,

    /* U+013D "Ľ" */
    0x0, 0x0, 0x0, 0x0, 0x1, 0xff, 0x30, 0xf,
    0xd1, 0x1f, 0xf3, 0x1, 0xfd, 0x1, 0xff, 0x30,
    0x3f, 0x90, 0x1f, 0xf3, 0x5, 0xf4, 0x1, 0xff,
    0x30, 0x6e, 0x0, 0x1f, 0xf3, 0x0, 0x0, 0x1,
    0xff, 0x30, 0x0, 0x0, 0x1f, 0xf3, 0x0, 0x0,
    0x1, 0xff, 0x30, 0x0, 0x0, 0x1f, 0xf3, 0x0,
    0x0, 0x1, 0xff, 0x52, 0x22, 0x20, 0x1f, 0xff,
    0xff, 0xff, 0x11, 0xff, 0xff, 0xff, 0xf1,

    /* U+013E "ľ" */
    0x0, 0x0, 0x1, 0x0, 0x9f, 0xff, 0x8a, 0xe5,
    0x9f, 0xff, 0x8c, 0xf3, 0x0, 0xaf, 0x8e, 0xe0,
    0x0, 0xaf, 0x9f, 0xa0, 0x0, 0xaf, 0xad, 0x50,
    0x0, 0xaf, 0x80, 0x0, 0x0, 0xaf, 0x80, 0x0,
    0x0, 0xaf, 0x80, 0x0, 0x0, 0xaf, 0x80, 0x0,
    0x0, 0xaf, 0x80, 0x0, 0x0, 0xaf, 0x80, 0x0,
    0x0, 0xaf, 0x80, 0x0, 0x0, 0xaf, 0x80, 0x0,

    /* U+0141 "Ł" */
    0x1f, 0xf3, 0x0, 0x0, 0x1, 0xff, 0x30, 0x0,
    0x0, 0x1f, 0xf3, 0x0, 0x0, 0x1, 0xff, 0x30,
    0x62, 0x0, 0x1f, 0xf5, 0xcf, 0x30, 0x1, 0xff,
    0xff, 0xa0, 0x0, 0x3f, 0xfe, 0x50, 0x0, 0xf,
    0xff, 0x30, 0x0, 0x0, 0xef, 0xf3, 0x0, 0x0,
    0x2, 0xff, 0x30, 0x0, 0x0, 0x1f, 0xf5, 0x22,
    0x22, 0x1, 0xff, 0xff, 0xff, 0xf1, 0x1f, 0xff,
    0xff, 0xff, 0x10,

    /* U+0142 "ł" */
    0xf, 0xff, 0xf0, 0x0, 0xff, 0xff, 0x0, 0x0,
    0x2f, 0xf0, 0x0, 0x1, 0xff, 0x15, 0x0, 0x1f,
    0xfc, 0xe0, 0x1, 0xff, 0xfb, 0x1, 0xbf, 0xf6,
    0x2, 0xff, 0xff, 0x0, 0x4e, 0x7f, 0xf0, 0x1,
    0x11, 0xff, 0x0, 0x0, 0x1f, 0xf0, 0x0, 0x1,
    0xff, 0x0, 0x0, 0x1f, 0xf0, 0x0,

    /* U+0143 "Ń" */
    0x0, 0x0, 0xaf, 0xc0, 0x0, 0x0, 0x3f, 0xe1,
    0x0, 0x0, 0xb, 0xf4, 0x0, 0x0, 0x0, 0x11,
    0x0, 0x0, 0x1f, 0xfb, 0x0, 0xff, 0x11, 0xff,
    0xf1, 0xf, 0xf1, 0x1f, 0xff, 0x60, 0xff, 0x11,
    0xff, 0xfc, 0xf, 0xf1, 0x1f, 0xff, 0xf2, 0xff,
    0x11, 0xff, 0xff, 0x7f, 0xf1, 0x1f, 0xf9, 0xfd,
    0xff, 0x11, 0xff, 0x3f, 0xff, 0xf1, 0x1f, 0xf0,
    0xdf, 0xff, 0x11, 0xff, 0x7, 0xff, 0xf1, 0x1f,
    0xf0, 0x1f, 0xff, 0x11, 0xff, 0x0, 0xaf, 0xf1,
    0x1f, 0xf0, 0x4, 0xff, 0x10,

    /* U+0144 "ń" */
    0x0, 0x0, 0x36, 0x60, 0x0, 0x0, 0xc, 0xf8,
    0x0, 0x0, 0x5, 0xfd, 0x0, 0x0, 0x0, 0xdf,
    0x20, 0x0, 0x0, 0x0, 0x0, 0x0, 0x1, 0xff,
    0x7d, 0xfd, 0x40, 0x1f, 0xff, 0xef, 0xff, 0x11,
    0xff, 0x80, 0x1f, 0xf3, 0x1f, 0xf1, 0x0, 0xef,
    0x41, 0xff, 0x10, 0xd, 0xf4, 0x1f, 0xf1, 0x0,
    0xdf, 0x41, 0xff, 0x10, 0xd, 0xf4, 0x1f, 0xf1,
    0x0, 0xdf, 0x41, 0xff, 0x10, 0xd, 0xf4,

    /* U+0145 "Ņ" */
    0x1f, 0xfb, 0x0, 0xff, 0x11, 0xff, 0xf1, 0xf,
    0xf1, 0x1f, 0xff, 0x60, 0xff, 0x11, 0xff, 0xfc,
    0xf, 0xf1, 0x1f, 0xff, 0xf2, 0xff, 0x11, 0xff,
    0xff, 0x7f, 0xf1, 0x1f, 0xf9, 0xfd, 0xff, 0x11,
    0xff, 0x3f, 0xff, 0xf1, 0x1f, 0xf0, 0xdf, 0xff,
    0x11, 0xff, 0x7, 0xff, 0xf1, 0x1f, 0xf0, 0x1f,
    0xff, 0x11, 0xff, 0x0, 0xaf, 0xf1, 0x1f, 0xf0,
    0x4, 0xff, 0x10, 0x0, 0x28, 0x30, 0x0, 0x0,
    0x6, 0xf7, 0x0, 0x0, 0x0, 0xaf, 0x20, 0x0,
    0x0, 0xc, 0xd0, 0x0, 0x0, 0x0, 0x1, 0x0,
    0x0,

    /* U+0146 "ņ" */
    0x1f, 0xf7, 0xdf, 0xd4, 0x1, 0xff, 0xfe, 0xff,
    0xf1, 0x1f, 0xf8, 0x1, 0xff, 0x31, 0xff, 0x10,
    0xe, 0xf4, 0x1f, 0xf1, 0x0, 0xdf, 0x41, 0xff,
    0x10, 0xd, 0xf4, 0x1f, 0xf1, 0x0, 0xdf, 0x41,
    0xff, 0x10, 0xd, 0xf4, 0x1f, 0xf1, 0x0, 0xdf,
    0x40, 0x0, 0x47, 0x20, 0x0, 0x0, 0x8, 0xf5,
    0x0, 0x0, 0x0, 0xbf, 0x10, 0x0, 0x0, 0xe,
    0xb0, 0x0, 0x0, 0x0, 0x1, 0x0, 0x0,

    /* U+0147 "Ň" */
    0x9, 0xf5, 0x5, 0xf9, 0x0, 0x1e, 0xf7, 0xfe,
    0x0, 0x0, 0x4f, 0xff, 0x40, 0x0, 0x0, 0x0,
    0x0, 0x0, 0x1f, 0xfb, 0x0, 0xff, 0x11, 0xff,
    0xf1, 0xf, 0xf1, 0x1f, 0xff, 0x60, 0xff, 0x11,
    0xff, 0xfc, 0xf, 0xf1, 0x1f, 0xff, 0xf2, 0xff,
    0x11, 0xff, 0xff, 0x7f, 0xf1, 0x1f, 0xf9, 0xfd,
    0xff, 0x11, 0xff, 0x3f, 0xff, 0xf1, 0x1f, 0xf0,
    0xdf, 0xff, 0x11, 0xff, 0x7, 0xff, 0xf1, 0x1f,
    0xf0, 0x1f, 0xff, 0x11, 0xff, 0x0, 0xaf, 0xf1,
    0x1f, 0xf0, 0x4, 0xff, 0x10,

    /* U+0148 "ň" */
    0x6, 0x70, 0x0, 0x76, 0x0, 0x6f, 0xa0, 0xaf,
    0x50, 0x0, 0xcf, 0x9f, 0xc0, 0x0, 0x4, 0xff,
    0xf3, 0x0, 0x0, 0x0, 0x0, 0x0, 0x1, 0xff,
    0x7d, 0xfd, 0x40, 0x1f, 0xff, 0xef, 0xff, 0x11,
    0xff, 0x80, 0x1f, 0xf3, 0x1f, 0xf1, 0x0, 0xef,
    0x41, 0xff, 0x10, 0xd, 0xf4, 0x1f, 0xf1, 0x0,
    0xdf, 0x41, 0xff, 0x10, 0xd, 0xf4, 0x1f, 0xf1,
    0x0, 0xdf, 0x41, 0xff, 0x10, 0xd, 0xf4,

    /* U+014A "Ŋ" */
    0xf, 0xf6, 0xcf, 0xc2, 0x0, 0xff, 0xff, 0xff,
    0xc0, 0xf, 0xfb, 0x5, 0xff, 0x0, 0xff, 0x30,
    0x4f, 0xf0, 0xf, 0xf3, 0x4, 0xff, 0x0, 0xff,
    0x30, 0x4f, 0xf0, 0xf, 0xf3, 0x4, 0xff, 0x0,
    0xff, 0x30, 0x4f, 0xf0, 0xf, 0xf3, 0x4, 0xff,
    0x0, 0xff, 0x30, 0x4f, 0xf0, 0xf, 0xf3, 0x4,
    0xff, 0x0, 0xff, 0x30, 0x4f, 0xf0, 0xf, 0xf3,
    0x4, 0xff, 0x0, 0x0, 0x0, 0x4f, 0xf0, 0x0,
    0x0, 0x29, 0xff, 0x0, 0x0, 0x2f, 0xff, 0xa0,
    0x0, 0x2, 0xff, 0xb1, 0x0,

    /* U+014B "ŋ" */
    0x1f, 0xf7, 0xdf, 0xd4, 0x1, 0xff, 0xfe, 0xff,
    0xe0, 0x1f, 0xf8, 0x1, 0xff, 0x31, 0xff, 0x10,
    0xe, 0xf4, 0x1f, 0xf1, 0x0, 0xdf, 0x41, 0xff,
    0x10, 0xd, 0xf4, 0x1f, 0xf1, 0x0, 0xdf, 0x41,
    0xff, 0x10, 0xd, 0xf4, 0x1f, 0xf1, 0x0, 0xdf,
    0x40, 0x0, 0x0, 0xe, 0xf4, 0x0, 0x2, 0x24,
    0xff, 0x30, 0x0, 0xff, 0xff, 0xe0, 0x0, 0xf,
    0xff, 0xd3, 0x0,

    /* U+014C "Ō" */
    0x1c, 0xcc, 0xcc, 0xcc, 0x12, 0xff, 0xff, 0xff,
    0xf2, 0x0, 0x0, 0x0, 0x0, 0x0, 0x0, 0x0,
    0x0, 0x0, 0x0, 0x7d, 0xfd, 0x70, 0x0, 0x8f,
    0xff, 0xff, 0x80, 0xf, 0xf7, 0x7, 0xff, 0x3,
    0xff, 0x10, 0x1f, 0xf3, 0x4f, 0xf0, 0x0, 0xff,
    0x44, 0xff, 0x0, 0xf, 0xf4, 0x4f, 0xf0, 0x0,
    0xff, 0x44, 0xff, 0x0, 0xf, 0xf4, 0x4f, 0xf0,
    0x0, 0xff, 0x43, 0xff, 0x10, 0x1f, 0xf3, 0xf,
    0xf7, 0x7, 0xff, 0x0, 0x8f, 0xff, 0xff, 0x80,
    0x0, 0x7d, 0xfd, 0x70, 0x0,

    /* U+014D "ō" */
    0x2f, 0xff, 0xff, 0xff, 0x21, 0xcc, 0xcc, 0xcc,
    0xc1, 0x0, 0x0, 0x0, 0x0, 0x0, 0x0, 0x0,
    0x0, 0x0, 0x0, 0x5c, 0xfc, 0x50, 0x0, 0x6f,
    0xff, 0xff, 0x60, 0xe, 0xf7, 0x7, 0xfe, 0x3,
    0xff, 0x0, 0xf, 0xf3, 0x5f, 0xd0, 0x0, 0xdf,
    0x53, 0xff, 0x0, 0xf, 0xf3, 0xe, 0xf7, 0x7,
    0xfe, 0x0, 0x6f, 0xff, 0xff, 0x60, 0x0, 0x5c,
    0xfc, 0x50, 0x0,

    /* U+0150 "Ő" */
    0x0, 0x1, 0x10, 0x1, 0x10, 0x0, 0xaf, 0xb0,
    0xbf, 0xa0, 0x3, 0xfe, 0x14, 0xfd, 0x0, 0xc,
    0xf3, 0xd, 0xf3, 0x0, 0x0, 0x0, 0x0, 0x0,
    0x0, 0x0, 0x7d, 0xfd, 0x70, 0x0, 0x8, 0xff,
    0xff, 0xf8, 0x0, 0xf, 0xf7, 0x7, 0xff, 0x0,
    0x3f, 0xf1, 0x1, 0xff, 0x30, 0x4f, 0xf0, 0x0,
    0xff, 0x40, 0x4f, 0xf0, 0x0, 0xff, 0x40, 0x4f,
    0xf0, 0x0, 0xff, 0x40, 0x4f, 0xf0, 0x0, 0xff,
    0x40, 0x4f, 0xf0, 0x0, 0xff, 0x40, 0x3f, 0xf1,
    0x1, 0xff, 0x30, 0xf, 0xf7, 0x7, 0xff, 0x0,
    0x8, 0xff, 0xff, 0xf8, 0x0, 0x0, 0x7d, 0xfd,
    0x70, 0x0,

    /* U+0151 "ő" */
    0x0, 0x26, 0x60, 0x36, 0x60, 0x0, 0xcf, 0x80,
    0xdf, 0x70, 0x4, 0xfd, 0x5, 0xfc, 0x0, 0xc,
    0xf3, 0xd, 0xf2, 0x0, 0x0, 0x0, 0x0, 0x0,
    0x0, 0x0, 0x5c, 0xfc, 0x50, 0x0, 0x6, 0xff,
    0xff, 0xf6, 0x0, 0xe, 0xf7, 0x7, 0xfe, 0x0,
    0x3f, 0xf0, 0x0, 0xff, 0x30, 0x5f, 0xd0, 0x0,
    0xdf, 0x50, 0x3f, 0xf0, 0x0, 0xff, 0x30, 0xe,
    0xf7, 0x7, 0xfe, 0x0, 0x6, 0xff, 0xff, 0xf6,
    0x0, 0x0, 0x5c, 0xfc, 0x50, 0x0,

    /* U+0152 "Œ" */
    0x3, 0xcf, 0xff, 0xff, 0xd2, 0xff, 0xff, 0xff,
    0xfd, 0x8f, 0xf4, 0xbf, 0xa2, 0x2a, 0xfb, 0xa,
    0xf9, 0x0, 0xbf, 0x90, 0xaf, 0x90, 0xb, 0xf9,
    0xa, 0xfa, 0x0, 0xbf, 0x90, 0xaf, 0xff, 0x7b,
    0xf9, 0xa, 0xff, 0xf7, 0xbf, 0x90, 0xaf, 0x90,
    0xa, 0xfb, 0xa, 0xf9, 0x0, 0x8f, 0xf4, 0xbf,
    0xa2, 0x22, 0xff, 0xff, 0xff, 0xfd, 0x3, 0xcf,
    0xff, 0xff, 0xd0,

    /* U+0153 "œ" */
    0x7, 0xea, 0x2c, 0xe9, 0x2, 0xfd, 0xef, 0xfc,
    0xf5, 0x7f, 0x26, 0xf7, 0xe, 0xa9, 0xf0, 0x3f,
    0x50, 0xcc, 0xaf, 0x2, 0xff, 0xff, 0xd9, 0xf0,
    0x3f, 0x72, 0x22, 0x7f, 0x36, 0xf8, 0x8, 0x23,
    0xfe, 0xff, 0xfd, 0xf4, 0x8, 0xea, 0x2c, 0xe8,
    0x0,

    /* U+0154 "Ŕ" */
    0x0, 0x0, 0xaf, 0xc0, 0x0, 0x0, 0x3f, 0xe1,
    0x0, 0x0, 0xb, 0xf4, 0x0, 0x0, 0x0, 0x11,
    0x0, 0x0, 0x1f, 0xff, 0xfd, 0x80, 0x1, 0xff,
    0xff, 0xff, 0xa0, 0x1f, 0xf5, 0x3a, 0xff, 0x21,
    0xff, 0x30, 0x1f, 0xf4, 0x1f, 0xf3, 0x0, 0xff,
    0x41, 0xff, 0x30, 0x5f, 0xf2, 0x1f, 0xfb, 0xaf,
    0xfa, 0x1, 0xff, 0xff, 0xf8, 0x0, 0x1f, 0xf9,
    0xff, 0x40, 0x1, 0xff, 0x3d, 0xfc, 0x0, 0x1f,
    0xf3, 0x5f, 0xf5, 0x1, 0xff, 0x30, 0xdf, 0xd0,
    0x1f, 0xf3, 0x4, 0xff, 0x60,

    /* U+0155 "ŕ" */
    0x0, 0x1, 0x66, 0x10, 0x0, 0xa, 0xfb, 0x0,
    0x0, 0x2f, 0xe1, 0x0, 0x0, 0xaf, 0x50, 0x0,
    0x0, 0x0, 0x0, 0x0, 0xef, 0x3b, 0xed, 0x40,
    0xef, 0xee, 0xff, 0xf0, 0xef, 0xa0, 0x1c, 0x50,
    0xef, 0x30, 0x0, 0x0, 0xef, 0x20, 0x0, 0x0,
    0xef, 0x20, 0x0, 0x0, 0xef, 0x20, 0x0, 0x0,
    0xef, 0x20, 0x0, 0x0, 0xef, 0x20, 0x0, 0x0,

    /* U+0156 "Ŗ" */
    0x1f, 0xff, 0xfd, 0x80, 0x1, 0xff, 0xff, 0xff,
    0xa0, 0x1f, 0xf5, 0x3a, 0xff, 0x21, 0xff, 0x30,
    0x1f, 0xf4, 0x1f, 0xf3, 0x0, 0xff, 0x41, 0xff,
    0x30, 0x5f, 0xf2, 0x1f, 0xfb, 0xaf, 0xfa, 0x1,
    0xff, 0xff, 0xf8, 0x0, 0x1f, 0xf9, 0xff, 0x40,
    0x1, 0xff, 0x3d, 0xfc, 0x0, 0x1f, 0xf3, 0x5f,
    0xf5, 0x1, 0xff, 0x30, 0xdf, 0xd0, 0x1f, 0xf3,
    0x4, 0xff, 0x60, 0x0, 0x38, 0x20, 0x0, 0x0,
    0x8, 0xf6, 0x0, 0x0, 0x0, 0xbf, 0x10, 0x0,
    0x0, 0xd, 0xc0, 0x0, 0x0, 0x0, 0x1, 0x0,
    0x0,

    /* U+0157 "ŗ" */
    0xe, 0xf3, 0xbe, 0xd4, 0x0, 0xef, 0xee, 0xff,
    0xf0, 0xe, 0xfa, 0x1, 0xc5, 0x0, 0xef, 0x30,
    0x0, 0x0, 0xe, 0xf2, 0x0, 0x0, 0x0, 0xef,
    0x20, 0x0, 0x0, 0xe, 0xf2, 0x0, 0x0, 0x0,
    0xef, 0x20, 0x0, 0x0, 0xe, 0xf2, 0x0, 0x0,
    0x0, 0x85, 0x0, 0x0, 0x0, 0x1f, 0xc0, 0x0,
    0x0, 0x4, 0xf7, 0x0, 0x0, 0x0, 0x7f, 0x30,
    0x0, 0x0, 0x0, 0x20, 0x0, 0x0, 0x0,

    /* U+0158 "Ř" */
    0xc, 0xf3, 0x8, 0xf6, 0x0, 0x2f, 0xe7, 0xfc,
    0x0, 0x0, 0x7f, 0xff, 0x20, 0x0, 0x0, 0x0,
    0x0, 0x0, 0x1f, 0xff, 0xfd, 0x80, 0x1, 0xff,
    0xff, 0xff, 0xa0, 0x1f, 0xf5, 0x3a, 0xff, 0x21,
    0xff, 0x30, 0x1f, 0xf4, 0x1f, 0xf3, 0x0, 0xff,
    0x41, 0xff, 0x30, 0x5f, 0xf2, 0x1f, 0xfb, 0xaf,
    0xfa, 0x1, 0xff, 0xff, 0xf8, 0x0, 0x1f, 0xf9,
    0xff, 0x40, 0x1, 0xff, 0x3d, 0xfc, 0x0, 0x1f,
    0xf3, 0x5f, 0xf5, 0x1, 0xff, 0x30, 0xdf, 0xd0,
    0x1f, 0xf3, 0x4, 0xff, 0x60,

    /* U+0159 "ř" */
    0x57, 0x20, 0x7, 0x70, 0x3f, 0xc0, 0x7f, 0x80,
    0xa, 0xfa, 0xfe, 0x10, 0x1, 0xff, 0xf6, 0x0,
    0x0, 0x0, 0x0, 0x0, 0xef, 0x3b, 0xed, 0x40,
    0xef, 0xee, 0xff, 0xf0, 0xef, 0xa0, 0x1c, 0x50,
    0xef, 0x30, 0x0, 0x0, 0xef, 0x20, 0x0, 0x0,
    0xef, 0x20, 0x0, 0x0, 0xef, 0x20, 0x0, 0x0,
    0xef, 0x20, 0x0, 0x0, 0xef, 0x20, 0x0, 0x0,

    /* U+015A "Ś" */
    0x0, 0x0, 0x1, 0x10, 0x0, 0x0, 0xb, 0xfa,
    0x0, 0x0, 0x4, 0xfd, 0x10, 0x0, 0x0, 0xcf,
    0x30, 0x0, 0x0, 0x0, 0x0, 0x0, 0x0, 0x8,
    0xdf, 0xd7, 0x0, 0xa, 0xff, 0xff, 0xf7, 0x0,
    0xff, 0x60, 0x8f, 0xd0, 0x2f, 0xf2, 0x0, 0x55,
    0x0, 0xff, 0xb1, 0x0, 0x0, 0x8, 0xff, 0xe6,
    0x0, 0x0, 0x8, 0xff, 0xfb, 0x0, 0x0, 0x2,
    0xbf, 0xfb, 0x0, 0x0, 0x0, 0x9f, 0xf1, 0x17,
    0x70, 0x2, 0xff, 0x30, 0xff, 0x70, 0x7f, 0xf1,
    0x9, 0xff, 0xff, 0xf9, 0x0, 0x8, 0xdf, 0xd7,
    0x0,

    /* U+015B "ś" */
    0x0, 0x3, 0x66, 0x0, 0x0, 0xcf, 0x80, 0x0,
    0x5f, 0xd0, 0x0, 0xd, 0xf2, 0x0, 0x0, 0x0,
    0x0, 0x0, 0x8e, 0xfd, 0x70, 0x8f, 0xda, 0xef,
    0x5b, 0xf7, 0x3, 0x63, 0x6f, 0xf9, 0x20, 0x0,
    0x6e, 0xff, 0xb0, 0x0, 0x6, 0xff, 0x97, 0x95,
    0x6, 0xfd, 0x7f, 0xfb, 0xef, 0x90, 0x8d, 0xfe,
    0x90,

    /* U+015E "Ş" */
    0x0, 0x8d, 0xfd, 0x70, 0x0, 0xaf, 0xff, 0xff,
    0x70, 0xf, 0xf6, 0x8, 0xfd, 0x2, 0xff, 0x20,
    0x5, 0x50, 0xf, 0xfb, 0x10, 0x0, 0x0, 0x8f,
    0xfe, 0x60, 0x0, 0x0, 0x8f, 0xff, 0xb0, 0x0,
    0x0, 0x2b, 0xff, 0xb0, 0x0, 0x0, 0x9, 0xff,
    0x11, 0x77, 0x0, 0x2f, 0xf3, 0xf, 0xf7, 0x7,
    0xff, 0x10, 0x9f, 0xff, 0xff, 0x90, 0x0, 0x8d,
    0xfd, 0x70, 0x0, 0x0, 0x5a, 0x40, 0x0, 0x0,
    0x8, 0xf4, 0x0, 0x0, 0x0, 0xbf, 0x0, 0x0,
    0x0, 0xc, 0xb0, 0x0, 0x0, 0x0, 0x0, 0x0,
    0x0,

    /* U+015F "ş" */
    0x8, 0xef, 0xd7, 0x8, 0xfd, 0xae, 0xf5, 0xbf,
    0x70, 0x36, 0x36, 0xff, 0x92, 0x0, 0x6, 0xef,
    0xfb, 0x0, 0x0, 0x6f, 0xf9, 0x79, 0x50, 0x6f,
    0xd7, 0xff, 0xbe, 0xf9, 0x8, 0xdf, 0xe9, 0x0,
    0x5, 0xa3, 0x0, 0x0, 0x9f, 0x40, 0x0, 0xc,
    0xf0, 0x0, 0x0, 0xcb, 0x0, 0x0, 0x0, 0x0,
    0x0,

    /* U+0160 "Š" */
    0x9, 0xf5, 0x5, 0xf9, 0x0, 0x1e, 0xf7, 0xfe,
    0x0, 0x0, 0x4f, 0xff, 0x40, 0x0, 0x0, 0x0,
    0x0, 0x0, 0x0, 0x8d, 0xfd, 0x70, 0x0, 0xaf,
    0xff, 0xff, 0x70, 0xf, 0xf6, 0x8, 0xfd, 0x2,
    0xff, 0x20, 0x5, 0x50, 0xf, 0xfb, 0x10, 0x0,
    0x0, 0x8f, 0xfe, 0x60, 0x0, 0x0, 0x8f, 0xff,
    0xb0, 0x0, 0x0, 0x2b, 0xff, 0xb0, 0x0, 0x0,
    0x9, 0xff, 0x11, 0x77, 0x0, 0x2f, 0xf3, 0xf,
    0xf7, 0x7, 0xff, 0x10, 0x9f, 0xff, 0xff, 0x90,
    0x0, 0x8d, 0xfd, 0x70, 0x0,

    /* U+0161 "š" */
    0x67, 0x0, 0x7, 0x66, 0xfa, 0xa, 0xf5, 0xc,
    0xf9, 0xfc, 0x0, 0x4f, 0xff, 0x30, 0x0, 0x0,
    0x0, 0x0, 0x8e, 0xfd, 0x70, 0x8f, 0xda, 0xef,
    0x5b, 0xf7, 0x3, 0x63, 0x6f, 0xf9, 0x20, 0x0,
    0x6e, 0xff, 0xb0, 0x0, 0x6, 0xff, 0x97, 0x95,
    0x6, 0xfd, 0x7f, 0xfb, 0xef, 0x90, 0x8d, 0xfe,
    0x90,

    /* U+0162 "Ţ" */
    0x8f, 0xff, 0xff, 0xff, 0x88, 0xff, 0xff, 0xff,
    0xf8, 0x12, 0x2b, 0xfb, 0x22, 0x10, 0x0, 0xaf,
    0xa0, 0x0, 0x0, 0xa, 0xfa, 0x0, 0x0, 0x0,
    0xaf, 0xa0, 0x0, 0x0, 0xa, 0xfa, 0x0, 0x0,
    0x0, 0xaf, 0xa0, 0x0, 0x0, 0xa, 0xfa, 0x0,
    0x0, 0x0, 0xaf, 0xa0, 0x0, 0x0, 0xa, 0xfa,
    0x0, 0x0, 0x0, 0xaf, 0xa0, 0x0, 0x0, 0xa,
    0xfa, 0x0, 0x0, 0x0, 0x57, 0x10, 0x0, 0x0,
    0xb, 0xf2, 0x0, 0x0, 0x0, 0xed, 0x0, 0x0,
    0x0, 0x1f, 0x80, 0x0, 0x0, 0x0, 0x1, 0x0,
    0x0,

    /* U+0163 "ţ" */
    0x0, 0x2f, 0xf0, 0x0, 0x0, 0x2f, 0xf0, 0x0,
    0x1f, 0xff, 0xff, 0xf0, 0x1e, 0xef, 0xfe, 0xe0,
    0x0, 0x2f, 0xf0, 0x0, 0x0, 0x2f, 0xf0, 0x0,
    0x0, 0x2f, 0xf0, 0x0, 0x0, 0x2f, 0xf0, 0x0,
    0x0, 0x2f, 0xf4, 0x0, 0x0, 0xf, 0xff, 0xfc,
    0x0, 0x6, 0xef, 0xfc, 0x0, 0x0, 0x76, 0x0,
    0x0, 0x0, 0xfe, 0x0, 0x0, 0x2, 0xf9, 0x0,
    0x0, 0x5, 0xf5, 0x0, 0x0, 0x0, 0x10, 0x0,

    /* U+0164 "Ť" */
    0x9, 0xf5, 0x5, 0xf9, 0x0, 0x1e, 0xf7, 0xfe,
    0x0, 0x0, 0x4f, 0xff, 0x40, 0x0, 0x0, 0x0,
    0x0, 0x0, 0x8f, 0xff, 0xff, 0xff, 0x88, 0xff,
    0xff, 0xff, 0xf8, 0x12, 0x2b, 0xfb, 0x22, 0x10,
    0x0, 0xaf, 0xa0, 0x0, 0x0, 0xa, 0xfa, 0x0,
    0x0, 0x0, 0xaf, 0xa0, 0x0, 0x0, 0xa, 0xfa,
    0x0, 0x0, 0x0, 0xaf, 0xa0, 0x0, 0x0, 0xa,
    0xfa, 0x0, 0x0, 0x0, 0xaf, 0xa0, 0x0, 0x0,
    0xa, 0xfa, 0x0, 0x0, 0x0, 0xaf, 0xa0, 0x0,
    0x0, 0xa, 0xfa, 0x0, 0x0,

    /* U+0165 "ť" */
    0x0, 0x0, 0x0, 0x29, 0x60, 0x0, 0x0, 0x4,
    0xfb, 0x0, 0xff, 0x20, 0x6f, 0x60, 0xf, 0xf2,
    0x9, 0xf2, 0xff, 0xff, 0xff, 0x9b, 0xe, 0xef,
    0xfe, 0xe1, 0x0, 0x0, 0xff, 0x20, 0x0, 0x0,
    0xf, 0xf2, 0x0, 0x0, 0x0, 0xff, 0x20, 0x0,
    0x0, 0xf, 0xf2, 0x0, 0x0, 0x0, 0xff, 0x50,
    0x0, 0x0, 0xe, 0xff, 0xfd, 0x0, 0x0, 0x5e,
    0xff, 0xd0, 0x0,

    /* U+0166 "Ŧ" */
    0x8f, 0xff, 0xff, 0xff, 0x88, 0xff, 0xff, 0xff,
    0xf8, 0x12, 0x2b, 0xfb, 0x22, 0x10, 0x0, 0xaf,
    0xa0, 0x0, 0x0, 0xa, 0xfa, 0x0, 0x0, 0x0,
    0xaf, 0xa0, 0x0, 0x1c, 0xce, 0xfe, 0xcc, 0x12,
    0xff, 0xff, 0xff, 0xf2, 0x0, 0xa, 0xfa, 0x0,
    0x0, 0x0, 0xaf, 0xa0, 0x0, 0x0, 0xa, 0xfa,
    0x0, 0x0, 0x0, 0xaf, 0xa0, 0x0, 0x0, 0xa,
    0xfa, 0x0, 0x0,

    /* U+0167 "ŧ" */
    0x0, 0x2f, 0xf0, 0x0, 0x0, 0x2f, 0xf0, 0x0,
    0x1f, 0xff, 0xff, 0xf0, 0x1e, 0xef, 0xfe, 0xe0,
    0x0, 0x2f, 0xf0, 0x0, 0x6c, 0xcf, 0xfc, 0xc9,
    0x8f, 0xff, 0xff, 0xfc, 0x0, 0x2f, 0xf1, 0x0,
    0x0, 0x1f, 0xf4, 0x0, 0x0, 0xf, 0xff, 0xfc,
    0x0, 0x6, 0xef, 0xfc,

    /* U+0168 "Ũ" */
    0x1b, 0xfc, 0x73, 0x5, 0x46, 0xfc, 0xff, 0xff,
    0xf5, 0x31, 0x0, 0x48, 0xb7, 0x0, 0x0, 0x0,
    0x0, 0x0, 0x5f, 0xe0, 0x0, 0xdf, 0x55, 0xfe,
    0x0, 0xd, 0xf5, 0x5f, 0xe0, 0x0, 0xdf, 0x55,
    0xfe, 0x0, 0xd, 0xf5, 0x5f, 0xe0, 0x0, 0xdf,
    0x55, 0xfe, 0x0, 0xd, 0xf5, 0x5f, 0xe0, 0x0,
    0xdf, 0x55, 0xfe, 0x0, 0xd, 0xf5, 0x5f, 0xe0,
    0x0, 0xdf, 0x55, 0xff, 0x0, 0xe, 0xf5, 0x2f,
    0xf8, 0x27, 0xff, 0x20, 0xbf, 0xff, 0xff, 0xb0,
    0x0, 0x8d, 0xfd, 0x80, 0x0,

    /* U+0169 "ũ" */
    0x1b, 0xfc, 0x73, 0x5, 0x46, 0xfc, 0xff, 0xff,
    0xf5, 0x31, 0x0, 0x48, 0xb7, 0x0, 0x0, 0x0,
    0x0, 0x0, 0x4f, 0xe0, 0x0, 0xdf, 0x44, 0xfe,
    0x0, 0xd, 0xf4, 0x4f, 0xe0, 0x0, 0xdf, 0x44,
    0xfe, 0x0, 0xd, 0xf4, 0x4f, 0xe0, 0x0, 0xdf,
    0x44, 0xff, 0x0, 0xe, 0xf4, 0x1f, 0xf6, 0x5,
    0xff, 0x10, 0xaf, 0xff, 0xff, 0xa0, 0x0, 0x7d,
    0xfd, 0x80, 0x0,

    /* U+016A "Ū" */
    0x1c, 0xcc, 0xcc, 0xcc, 0x12, 0xff, 0xff, 0xff,
    0xf2, 0x0, 0x0, 0x0, 0x0, 0x0, 0x0, 0x0,
    0x0, 0x0, 0x5f, 0xe0, 0x0, 0xdf, 0x55, 0xfe,
    0x0, 0xd, 0xf5, 0x5f, 0xe0, 0x0, 0xdf, 0x55,
    0xfe, 0x0, 0xd, 0xf5, 0x5f, 0xe0, 0x0, 0xdf,
    0x55, 0xfe, 0x0, 0xd, 0xf5, 0x5f, 0xe0, 0x0,
    0xdf, 0x55, 0xfe, 0x0, 0xd, 0xf5, 0x5f, 0xe0,
    0x0, 0xdf, 0x55, 0xff, 0x0, 0xe, 0xf5, 0x2f,
    0xf8, 0x27, 0xff, 0x20, 0xbf, 0xff, 0xff, 0xb0,
    0x0, 0x8d, 0xfd, 0x80, 0x0,

    /* U+016B "ū" */
    0x2f, 0xff, 0xff, 0xff, 0x21, 0xcc, 0xcc, 0xcc,
    0xc1, 0x0, 0x0, 0x0, 0x0, 0x0, 0x0, 0x0,
    0x0, 0x0, 0x4f, 0xe0, 0x0, 0xdf, 0x44, 0xfe,
    0x0, 0xd, 0xf4, 0x4f, 0xe0, 0x0, 0xdf, 0x44,
    0xfe, 0x0, 0xd, 0xf4, 0x4f, 0xe0, 0x0, 0xdf,
    0x44, 0xff, 0x0, 0xe, 0xf4, 0x1f, 0xf6, 0x5,
    0xff, 0x10, 0xaf, 0xff, 0xff, 0xa0, 0x0, 0x7d,
    0xfd, 0x80, 0x0,

    /* U+016E "Ů" */
    0x0, 0x5d, 0xfd, 0x50, 0x0, 0xf, 0x91, 0x9f,
    0x0, 0x0, 0xf8, 0x8, 0xf0, 0x0, 0x5, 0xdf,
    0xd5, 0x0, 0x5f, 0xe0, 0x0, 0xdf, 0x55, 0xfe,
    0x0, 0xd, 0xf5, 0x5f, 0xe0, 0x0, 0xdf, 0x55,
    0xfe, 0x0, 0xd, 0xf5, 0x5f, 0xe0, 0x0, 0xdf,
    0x55, 0xfe, 0x0, 0xd, 0xf5, 0x5f, 0xe0, 0x0,
    0xdf, 0x55, 0xfe, 0x0, 0xd, 0xf5, 0x5f, 0xe0,
    0x0, 0xdf, 0x55, 0xff, 0x0, 0xe, 0xf5, 0x2f,
    0xf8, 0x27, 0xff, 0x20, 0xbf, 0xff, 0xff, 0xb0,
    0x0, 0x8d, 0xfd, 0x80, 0x0,

    /* U+016F "ů" */
    0x0, 0x5d, 0xfd, 0x50, 0x0, 0xf, 0xa2, 0xaf,
    0x0, 0x0, 0xf8, 0x8, 0xf0, 0x0, 0x5, 0xdf,
    0xd5, 0x0, 0x4f, 0xe0, 0x0, 0xdf, 0x44, 0xfe,
    0x0, 0xd, 0xf4, 0x4f, 0xe0, 0x0, 0xdf, 0x44,
    0xfe, 0x0, 0xd, 0xf4, 0x4f, 0xe0, 0x0, 0xdf,
    0x44, 0xff, 0x0, 0xe, 0xf4, 0x1f, 0xf6, 0x5,
    0xff, 0x10, 0xaf, 0xff, 0xff, 0xa0, 0x0, 0x7d,
    0xfd, 0x80, 0x0,

    /* U+0170 "Ű" */
    0x0, 0x1, 0x10, 0x1, 0x10, 0x0, 0xaf, 0xb0,
    0xbf, 0xa0, 0x3, 0xfe, 0x14, 0xfd, 0x0, 0xc,
    0xf3, 0xd, 0xf3, 0x0, 0x0, 0x0, 0x0, 0x0,
    0x0, 0x5f, 0xe0, 0x0, 0xdf, 0x50, 0x5f, 0xe0,
    0x0, 0xdf, 0x50, 0x5f, 0xe0, 0x0, 0xdf, 0x50,
    0x5f, 0xe0, 0x0, 0xdf, 0x50, 0x5f, 0xe0, 0x0,
    0xdf, 0x50, 0x5f, 0xe0, 0x0, 0xdf, 0x50, 0x5f,
    0xe0, 0x0, 0xdf, 0x50, 0x5f, 0xe0, 0x0, 0xdf,
    0x50, 0x5f, 0xe0, 0x0, 0xdf, 0x50, 0x5f, 0xf0,
    0x0, 0xef, 0x50, 0x2f, 0xf8, 0x27, 0xff, 0x20,
    0xb, 0xff, 0xff, 0xfb, 0x0, 0x0, 0x8d, 0xfd,
    0x80, 0x0,

    /* U+0171 "ű" */
    0x0, 0x26, 0x60, 0x36, 0x60, 0x0, 0xcf, 0x80,
    0xdf, 0x70, 0x4, 0xfd, 0x5, 0xfc, 0x0, 0xc,
    0xf3, 0xd, 0xf2, 0x0, 0x0, 0x0, 0x0, 0x0,
    0x0, 0x4f, 0xe0, 0x0, 0xdf, 0x40, 0x4f, 0xe0,
    0x0, 0xdf, 0x40, 0x4f, 0xe0, 0x0, 0xdf, 0x40,
    0x4f, 0xe0, 0x0, 0xdf, 0x40, 0x4f, 0xe0, 0x0,
    0xdf, 0x40, 0x4f, 0xf0, 0x0, 0xef, 0x40, 0x1f,
    0xf6, 0x5, 0xff, 0x10, 0xa, 0xff, 0xff, 0xfa,
    0x0, 0x0, 0x7d, 0xfd, 0x80, 0x0,

    /* U+0172 "Ų" */
    0x5f, 0xe0, 0x0, 0xdf, 0x55, 0xfe, 0x0, 0xd,
    0xf5, 0x5f, 0xe0, 0x0, 0xdf, 0x55, 0xfe, 0x0,
    0xd, 0xf5, 0x5f, 0xe0, 0x0, 0xdf, 0x55, 0xfe,
    0x0, 0xd, 0xf5, 0x5f, 0xe0, 0x0, 0xdf, 0x55,
    0xfe, 0x0, 0xd, 0xf5, 0x5f, 0xe0, 0x0, 0xdf,
    0x55, 0xff, 0x0, 0xe, 0xf5, 0x2f, 0xf8, 0x17,
    0xff, 0x20, 0xbf, 0xff, 0xff, 0xb0, 0x0, 0x9e,
    0xff, 0xa0, 0x0, 0x1, 0xbe, 0x40, 0x0, 0x1,
    0xee, 0x0, 0x0, 0x0, 0x5f, 0xff, 0xfa, 0x0,
    0x1, 0xdf, 0xff, 0xa0, 0x0, 0x0, 0x11, 0x10,
    0x0,

    /* U+0173 "ų" */
    0x4f, 0xe0, 0x0, 0xdf, 0x44, 0xfe, 0x0, 0xd,
    0xf4, 0x4f, 0xe0, 0x0, 0xdf, 0x44, 0xfe, 0x0,
    0xd, 0xf4, 0x4f, 0xe0, 0x0, 0xdf, 0x44, 0xff,
    0x0, 0xe, 0xf4, 0x1f, 0xf6, 0x5, 0xff, 0x10,
    0xaf, 0xff, 0xff, 0xa0, 0x0, 0x8e, 0xff, 0xa0,
    0x0, 0x2, 0xbd, 0x40, 0x0, 0x2, 0xee, 0x0,
    0x0, 0x0, 0x6f, 0xff, 0xf9, 0x0, 0x1, 0xdf,
    0xff, 0x90, 0x0, 0x0, 0x11, 0x10, 0x0,

    /* U+0174 "Ŵ" */
    0x0, 0x4f, 0xff, 0x40, 0x0, 0x1e, 0xf7, 0xfe,
    0x0, 0x9, 0xf5, 0x6, 0xf9, 0x0, 0x0, 0x0,
    0x0, 0x0, 0xdf, 0x80, 0x0, 0x7f, 0xdb, 0xf9,
    0x0, 0x9, 0xfb, 0x9f, 0xb0, 0x30, 0xaf, 0x97,
    0xfc, 0xc, 0xc, 0xf7, 0x6f, 0xe2, 0xf2, 0xdf,
    0x64, 0xff, 0x6f, 0x6f, 0xf4, 0x2f, 0xfc, 0xfc,
    0xff, 0x21, 0xff, 0xff, 0xff, 0xf0, 0xf, 0xff,
    0x9f, 0xfe, 0x0, 0xdf, 0xf2, 0xff, 0xd0, 0xb,
    0xfd, 0xd, 0xfb, 0x0, 0xaf, 0xa0, 0xaf, 0x90,
    0x8, 0xf6, 0x6, 0xf7, 0x0,

    /* U+0175 "ŵ" */
    0x0, 0x7, 0x77, 0x0, 0x0, 0x8, 0xff, 0xf8,
    0x0, 0x2, 0xfe, 0x2e, 0xf1, 0x0, 0xaf, 0x40,
    0x4f, 0xa0, 0x0, 0x0, 0x0, 0x0, 0xb, 0xf9,
    0x3, 0x7, 0xfb, 0x8f, 0xc0, 0xa0, 0xaf, 0x85,
    0xff, 0xf, 0x2d, 0xf5, 0x2f, 0xf6, 0xf6, 0xff,
    0x20, 0xef, 0xcf, 0xdf, 0xf0, 0xb, 0xff, 0xff,
    0xfc, 0x0, 0x8f, 0xf8, 0xff, 0x80, 0x5, 0xff,
    0x1f, 0xf5, 0x0, 0x2f, 0xc0, 0xcf, 0x20,

    /* U+0176 "Ŷ" */
    0x0, 0x4f, 0xff, 0x40, 0x0, 0xe, 0xf7, 0xfe,
    0x0, 0x9, 0xf5, 0x6, 0xf9, 0x0, 0x0, 0x0,
    0x0, 0x0, 0x9f, 0xf1, 0x0, 0xff, 0x92, 0xff,
    0x70, 0x5f, 0xf3, 0xc, 0xfc, 0xb, 0xfc, 0x0,
    0x6f, 0xf3, 0xff, 0x60, 0x0, 0xff, 0xdf, 0xf0,
    0x0, 0x9, 0xff, 0xf9, 0x0, 0x0, 0x2f, 0xff,
    0x20, 0x0, 0x0, 0xcf, 0xc0, 0x0, 0x0, 0xa,
    0xfa, 0x0, 0x0, 0x0, 0xaf, 0xa0, 0x0, 0x0,
    0xa, 0xfa, 0x0, 0x0, 0x0, 0xaf, 0xa0, 0x0,
    0x0, 0xa, 0xfa, 0x0, 0x0,

    /* U+0177 "ŷ" */
    0x0, 0x4f, 0xff, 0x30, 0x0, 0xc, 0xfa, 0xfc,
    0x0, 0x6, 0xf9, 0xa, 0xf5, 0x0, 0x67, 0x0,
    0x17, 0x60, 0x6f, 0xe0, 0x0, 0xbf, 0x61, 0xff,
    0x30, 0xf, 0xf1, 0xc, 0xf8, 0x4, 0xfd, 0x0,
    0x7f, 0xc0, 0x9f, 0x80, 0x2, 0xff, 0x1d, 0xf3,
    0x0, 0xd, 0xf7, 0xfe, 0x0, 0x0, 0x8f, 0xff,
    0xa0, 0x0, 0x4, 0xff, 0xf5, 0x0, 0x0, 0xe,
    0xff, 0x10, 0x0, 0x0, 0xaf, 0xc0, 0x0, 0x0,
    0xc, 0xf8, 0x0, 0x0, 0x1, 0xff, 0x30, 0x0,
    0x0, 0x6f, 0xe0, 0x0, 0x0,

    /* U+0178 "Ÿ" */
    0x8, 0xe4, 0x4, 0xe8, 0x0, 0xef, 0x90, 0x9f,
    0xe0, 0x5, 0x92, 0x2, 0x95, 0x0, 0x0, 0x0,
    0x0, 0x0, 0x9f, 0xf1, 0x0, 0xff, 0x92, 0xff,
    0x70, 0x5f, 0xf3, 0xc, 0xfc, 0xb, 0xfc, 0x0,
    0x6f, 0xf3, 0xff, 0x60, 0x0, 0xff, 0xdf, 0xf0,
    0x0, 0x9, 0xff, 0xf9, 0x0, 0x0, 0x2f, 0xff,
    0x20, 0x0, 0x0, 0xcf, 0xc0, 0x0, 0x0, 0xa,
    0xfa, 0x0, 0x0, 0x0, 0xaf, 0xa0, 0x0, 0x0,
    0xa, 0xfa, 0x0, 0x0, 0x0, 0xaf, 0xa0, 0x0,
    0x0, 0xa, 0xfa, 0x0, 0x0,

    /* U+0179 "Ź" */
    0x0, 0x0, 0xaf, 0xc0, 0x0, 0x0, 0x3f, 0xe1,
    0x0, 0x0, 0xb, 0xf4, 0x0, 0x0, 0x0, 0x11,
    0x0, 0x0, 0x4f, 0xff, 0xff, 0xff, 0x44, 0xff,
    0xff, 0xff, 0xd0, 0x2, 0x22, 0x4f, 0xf6, 0x0,
    0x0, 0x8, 0xff, 0x0, 0x0, 0x0, 0xef, 0x90,
    0x0, 0x0, 0x6f, 0xf2, 0x0, 0x0, 0xc, 0xfb,
    0x0, 0x0, 0x3, 0xff, 0x50, 0x0, 0x0, 0xaf,
    0xe0, 0x0, 0x0, 0x1f, 0xf7, 0x0, 0x0, 0x8,
    0xff, 0x32, 0x22, 0x0, 0xef, 0xff, 0xff, 0xf4,
    0x6f, 0xff, 0xff, 0xff, 0x40,

    /* U+017A "ź" */
    0x0, 0x0, 0x36, 0x60, 0x0, 0x0, 0xc, 0xf8,
    0x0, 0x0, 0x5, 0xfd, 0x0, 0x0, 0x0, 0xdf,
    0x20, 0x0, 0x0, 0x0, 0x0, 0x0, 0x0, 0xef,
    0xff, 0xff, 0xd0, 0xe, 0xff, 0xff, 0xf4, 0x0,
    0x0, 0xa, 0xfb, 0x0, 0x0, 0x3, 0xff, 0x20,
    0x0, 0x0, 0xbf, 0x90, 0x0, 0x0, 0x4f, 0xf1,
    0x0, 0x0, 0xd, 0xf8, 0x0, 0x0, 0x6, 0xff,
    0xff, 0xff, 0x1, 0xef, 0xff, 0xff, 0xf0,

    /* U+017B "Ż" */
    0x0, 0x6, 0xe6, 0x0, 0x0, 0x0, 0xbf, 0xb0,
    0x0, 0x0, 0x3, 0xa3, 0x0, 0x0, 0x0, 0x0,
    0x0, 0x0, 0x4f, 0xff, 0xff, 0xff, 0x44, 0xff,
    0xff, 0xff, 0xd0, 0x2, 0x22, 0x4f, 0xf6, 0x0,
    0x0, 0x8, 0xff, 0x0, 0x0, 0x0, 0xef, 0x90,
    0x0, 0x0, 0x6f, 0xf2, 0x0, 0x0, 0xc, 0xfb,
    0x0, 0x0, 0x3, 0xff, 0x50, 0x0, 0x0, 0xaf,
    0xe0, 0x0, 0x0, 0x1f, 0xf7, 0x0, 0x0, 0x8,
    0xff, 0x32, 0x22, 0x0, 0xef, 0xff, 0xff, 0xf4,
    0x6f, 0xff, 0xff, 0xff, 0x40,

    /* U+017C "ż" */
    0x0, 0x6, 0xe6, 0x0, 0x0, 0x0, 0xbf, 0xb0,
    0x0, 0x0, 0x3, 0x93, 0x0, 0x0, 0x0, 0x0,
    0x0, 0x0, 0xe, 0xff, 0xff, 0xfd, 0x0, 0xef,
    0xff, 0xff, 0x40, 0x0, 0x0, 0xaf, 0xb0, 0x0,
    0x0, 0x3f, 0xf2, 0x0, 0x0, 0xb, 0xf9, 0x0,
    0x0, 0x4, 0xff, 0x10, 0x0, 0x0, 0xdf, 0x80,
    0x0, 0x0, 0x6f, 0xff, 0xff, 0xf0, 0x1e, 0xff,
    0xff, 0xff, 0x0,

    /* U+017D "Ž" */
    0x9, 0xf5, 0x5, 0xf9, 0x0, 0x1e, 0xf7, 0xfe,
    0x0, 0x0, 0x4f, 0xff, 0x40, 0x0, 0x0, 0x0,
    0x0, 0x0, 0x4f, 0xff, 0xff, 0xff, 0x44, 0xff,
    0xff, 0xff, 0xd0, 0x2, 0x22, 0x4f, 0xf6, 0x0,
    0x0, 0x8, 0xff, 0x0, 0x0, 0x0, 0xef, 0x90,
    0x0, 0x0, 0x6f, 0xf2, 0x0, 0x0, 0xc, 0xfb,
    0x0, 0x0, 0x3, 0xff, 0x50, 0x0, 0x0, 0xaf,
    0xe0, 0x0, 0x0, 0x1f, 0xf7, 0x0, 0x0, 0x8,
    0xff, 0x32, 0x22, 0x0, 0xef, 0xff, 0xff, 0xf4,
    0x6f, 0xff, 0xff, 0xff, 0x40,

    /* U+017E "ž" */
    0x6, 0x70, 0x0, 0x76, 0x0, 0x6f, 0xa0, 0xaf,
    0x50, 0x0, 0xcf, 0x9f, 0xc0, 0x0, 0x4, 0xff,
    0xf3, 0x0, 0x0, 0x0, 0x0, 0x0, 0x0, 0xef,
    0xff, 0xff, 0xd0, 0xe, 0xff, 0xff, 0xf4, 0x0,
    0x0, 0xa, 0xfb, 0x0, 0x0, 0x3, 0xff, 0x20,
    0x0, 0x0, 0xbf, 0x90, 0x0, 0x0, 0x4f, 0xf1,
    0x0, 0x0, 0xd, 0xf8, 0x0, 0x0, 0x6, 0xff,
    0xff, 0xff, 0x1, 0xef, 0xff, 0xff, 0xf0,

    /* U+0186 "Ɔ" */
    0x0, 0x8d, 0xfc, 0x70, 0x0, 0x9f, 0xff, 0xff,
    0x80, 0xf, 0xf6, 0x8, 0xff, 0x1, 0x55, 0x0,
    0x2f, 0xf2, 0x0, 0x0, 0x1, 0xff, 0x30, 0x0,
    0x0, 0x1f, 0xf3, 0x0, 0x0, 0x1, 0xff, 0x30,
    0x0, 0x0, 0x1f, 0xf3, 0x0, 0x0, 0x1, 0xff,
    0x31, 0x55, 0x0, 0x2f, 0xf2, 0xf, 0xf6, 0x8,
    0xff, 0x0, 0x9f, 0xff, 0xff, 0x80, 0x0, 0x8d,
    0xfd, 0x70, 0x0,

    /* U+018E "Ǝ" */
    0x8f, 0xff, 0xff, 0xf1, 0x8f, 0xff, 0xff, 0xf1,
    0x12, 0x22, 0x5f, 0xf1, 0x0, 0x0, 0x3f, 0xf1,
    0x0, 0x0, 0x3f, 0xf1, 0x0, 0x0, 0x4f, 0xf1,
    0x2f, 0xff, 0xff, 0xf1, 0x2f, 0xff, 0xff, 0xf1,
    0x0, 0x0, 0x3f, 0xf1, 0x0, 0x0, 0x3f, 0xf1,
    0x12, 0x22, 0x5f, 0xf1, 0x8f, 0xff, 0xff, 0xf1,
    0x8f, 0xff, 0xff, 0xf1,

    /* U+018F "Ə" */
    0x0, 0x7d, 0xfd, 0x70, 0x0, 0x8f, 0xff, 0xff,
    0x90, 0xf, 0xf7, 0x7, 0xff, 0x0, 0x66, 0x0,
    0x1f, 0xf3, 0x0, 0x0, 0x0, 0xff, 0x40, 0x0,
    0x0, 0xf, 0xf4, 0x4f, 0xff, 0xff, 0xff, 0x44,
    0xff, 0xee, 0xef, 0xf4, 0x4f, 0xf0, 0x0, 0xff,
    0x43, 0xff, 0x10, 0x1f, 0xf3, 0xf, 0xf7, 0x7,
    0xff, 0x0, 0x9f, 0xff, 0xff, 0x80, 0x0, 0x7d,
    0xfd, 0x70, 0x0,

    /* U+0190 "Ɛ" */
    0x0, 0x5c, 0xfd, 0x80, 0x0, 0x6f, 0xff, 0xff,
    0xb0, 0xe, 0xf8, 0x3, 0xff, 0x20, 0xff, 0x20,
    0x4, 0x41, 0xd, 0xf5, 0x0, 0x0, 0x0, 0x4f,
    0xfb, 0x70, 0x0, 0x3, 0xef, 0xfb, 0x0, 0x0,
    0xef, 0x91, 0x0, 0x0, 0x2f, 0xf1, 0x0, 0x0,
    0x2, 0xff, 0x20, 0x6, 0x61, 0xf, 0xf8, 0x5,
    0xff, 0x10, 0x7f, 0xff, 0xff, 0xb0, 0x0, 0x6c,
    0xfe, 0x90, 0x0,

    /* U+0192 "ƒ" */
    0x0, 0x5, 0xdf, 0xff, 0x50, 0x0, 0xff, 0xff,
    0xf5, 0x0, 0x3f, 0xf3, 0x0, 0x0, 0x4, 0xfe,
    0x0, 0x0, 0x2f, 0xff, 0xff, 0xf0, 0x2, 0xff,
    0xff, 0xff, 0x0, 0x0, 0x4f, 0xe0, 0x0, 0x0,
    0x4, 0xfe, 0x0, 0x0, 0x0, 0x4f, 0xe0, 0x0,
    0x0, 0x4, 0xfe, 0x0, 0x0, 0x0, 0x4f, 0xe0,
    0x0, 0x0, 0x4, 0xfe, 0x0, 0x0, 0x0, 0x4f,
    0xe0, 0x0, 0x0, 0x4, 0xfe, 0x0, 0x0, 0x12,
    0xaf, 0xc0, 0x0, 0xa, 0xff, 0xf7, 0x0, 0x0,
    0xaf, 0xe9, 0x0, 0x0, 0x0,

    /* U+0194 "Ɣ" */
    0x8f, 0xd0, 0x0, 0xbf, 0x85, 0xff, 0x10, 0xf,
    0xf5, 0x1f, 0xf4, 0x2, 0xff, 0x10, 0xef, 0x70,
    0x5f, 0xe0, 0xa, 0xfb, 0x9, 0xfa, 0x0, 0x6f,
    0xe0, 0xcf, 0x60, 0x3, 0xff, 0x2f, 0xf3, 0x0,
    0xf, 0xf8, 0xff, 0x0, 0x0, 0xcf, 0xef, 0xc0,
    0x0, 0x8, 0xff, 0xf8, 0x0, 0x0, 0x4f, 0xff,
    0x40, 0x0, 0x2, 0xff, 0xf2, 0x0, 0x3, 0xef,
    0xff, 0xe2, 0x0, 0x9f, 0x61, 0x6f, 0x90, 0xb,
    0xf2, 0x2, 0xfb, 0x0, 0x7f, 0xd9, 0xdf, 0x60,
    0x0, 0x8d, 0xfd, 0x70, 0x0,

    /* U+019D "Ɲ" */
    0x1, 0xff, 0xb0, 0xf, 0xf1, 0x1, 0xff, 0xf1,
    0xf, 0xf1, 0x1, 0xff, 0xf6, 0xf, 0xf1, 0x1,
    0xff, 0xfc, 0xf, 0xf1, 0x1, 0xff, 0xff, 0x2f,
    0xf1, 0x1, 0xff, 0xff, 0x7f, 0xf1, 0x1, 0xff,
    0x9f, 0xdf, 0xf1, 0x1, 0xff, 0x3f, 0xff, 0xf1,
    0x1, 0xff, 0xd, 0xff, 0xf1, 0x1, 0xff, 0x7,
    0xff, 0xf1, 0x1, 0xff, 0x1, 0xff, 0xf1, 0x1,
    0xff, 0x0, 0xaf, 0xf1, 0x1, 0xff, 0x0, 0x4f,
    0xf1, 0x1, 0xff, 0x0, 0x0, 0x0, 0x7, 0xfd,
    0x0, 0x0, 0x0, 0x5f, 0xf9, 0x0, 0x0, 0x0,
    0x5f, 0xb1, 0x0, 0x0, 0x0,

    /* U+01A0 "Ơ" */
    0x0, 0x0, 0x0, 0x4, 0x75, 0x0, 0x0, 0x0,
    0x0, 0x4f, 0xe0, 0x0, 0x0, 0x0, 0x7, 0xfd,
    0x0, 0x7, 0xdf, 0xff, 0xeb, 0x30, 0x8, 0xff,
    0xdf, 0xf9, 0x0, 0x0, 0xff, 0x50, 0x5f, 0xf1,
    0x0, 0x3f, 0xf1, 0x1, 0xff, 0x30, 0x4, 0xff,
    0x0, 0xf, 0xf4, 0x0, 0x4f, 0xf0, 0x0, 0xff,
    0x40, 0x4, 0xff, 0x0, 0xf, 0xf4, 0x0, 0x4f,
    0xf0, 0x0, 0xff, 0x40, 0x4, 0xff, 0x0, 0xf,
    0xf4, 0x0, 0x3f, 0xf1, 0x1, 0xff, 0x30, 0x0,
    0xff, 0x70, 0x7f, 0xf0, 0x0, 0x8, 0xff, 0xff,
    0xf8, 0x0, 0x0, 0x7, 0xdf, 0xd7, 0x0, 0x0,

    /* U+01A1 "ơ" */
    0x0, 0x0, 0x0, 0x2f, 0xf1, 0x0, 0x0, 0x0,
    0xe, 0xf4, 0x0, 0x0, 0x0, 0x3f, 0xf2, 0x0,
    0x8d, 0xff, 0xff, 0xa0, 0xc, 0xff, 0xff, 0xf3,
    0x0, 0x5f, 0xf2, 0x1c, 0xf9, 0x0, 0x9f, 0xa0,
    0x6, 0xfd, 0x0, 0xbf, 0x70, 0x2, 0xff, 0x0,
    0x9f, 0xa0, 0x6, 0xfd, 0x0, 0x5f, 0xe2, 0xc,
    0xf9, 0x0, 0xc, 0xff, 0xff, 0xe1, 0x0, 0x0,
    0x9d, 0xeb, 0x20, 0x0,

    /* U+01AF "Ư" */
    0x0, 0x0, 0x0, 0x4, 0x75, 0x0, 0x0, 0x0,
    0x0, 0x3f, 0xe0, 0x0, 0x0, 0x0, 0x6, 0xfd,
    0x5, 0xfe, 0x0, 0xd, 0xfc, 0x20, 0x5f, 0xe0,
    0x0, 0xdf, 0x50, 0x5, 0xfe, 0x0, 0xd, 0xf5,
    0x0, 0x5f, 0xe0, 0x0, 0xdf, 0x50, 0x5, 0xfe,
    0x0, 0xd, 0xf5, 0x0, 0x5f, 0xe0, 0x0, 0xdf,
    0x50, 0x5, 0xfe, 0x0, 0xd, 0xf5, 0x0, 0x5f,
    0xe0, 0x0, 0xdf, 0x50, 0x5, 0xfe, 0x0, 0xd,
    0xf5, 0x0, 0x5f, 0xf0, 0x0, 0xef, 0x50, 0x2,
    0xff, 0x82, 0x7f, 0xf2, 0x0, 0xb, 0xff, 0xff,
    0xfb, 0x0, 0x0, 0x8, 0xdf, 0xd8, 0x0, 0x0,

    /* U+01B0 "ư" */
    0x0, 0x0, 0x0, 0x2f, 0xf0, 0x0, 0x0, 0x0,
    0xe, 0xf3, 0x0, 0x0, 0x0, 0x2f, 0xf1, 0x7f,
    0xb0, 0x0, 0xff, 0x70, 0x7f, 0xb0, 0x0, 0xff,
    0x10, 0x7f, 0xb0, 0x0, 0xff, 0x10, 0x7f, 0xb0,
    0x0, 0xff, 0x10, 0x7f, 0xb0, 0x0, 0xff, 0x10,
    0x6f, 0xc0, 0x1, 0xff, 0x10, 0x4f, 0xf4, 0x18,
    0xfe, 0x0, 0xc, 0xff, 0xff, 0xf7, 0x0, 0x1,
    0x9d, 0xfd, 0x60, 0x0,

    /* U+01B7 "Ʒ" */
    0x4f, 0xff, 0xff, 0xff, 0x44, 0xff, 0xff, 0xff,
    0xd0, 0x2, 0x22, 0x4f, 0xf6, 0x0, 0x0, 0x8,
    0xfe, 0x0, 0x0, 0x0, 0xef, 0x80, 0x0, 0x0,
    0x6f, 0xf7, 0x0, 0x0, 0xa, 0xff, 0xf9, 0x0,
    0x0, 0x0, 0x6f, 0xf3, 0x0, 0x0, 0x0, 0xdf,
    0x61, 0x66, 0x0, 0xe, 0xf6, 0x1f, 0xf6, 0x6,
    0xff, 0x30, 0x9f, 0xff, 0xff, 0xa0, 0x0, 0x8d,
    0xfd, 0x70, 0x0,

    /* U+01DD "ǝ" */
    0x1, 0xae, 0xfc, 0x50, 0x0, 0xdf, 0xff, 0xff,
    0x60, 0x7, 0xa1, 0x6, 0xff, 0x0, 0x0, 0x0,
    0xd, 0xf3, 0x6f, 0xff, 0xff, 0xff, 0x55, 0xfd,
    0x22, 0x3e, 0xf3, 0x2f, 0xf3, 0x5, 0xfe, 0x0,
    0x9f, 0xfe, 0xff, 0x60, 0x0, 0x7d, 0xfc, 0x50,
    0x0,

    /* U+01E6 "Ǧ" */
    0x9, 0xf5, 0x5, 0xf9, 0x0, 0x1e, 0xf7, 0xfe,
    0x0, 0x0, 0x4f, 0xff, 0x40, 0x0, 0x0, 0x0,
    0x0, 0x0, 0x0, 0x7d, 0xfd, 0x70, 0x0, 0x9f,
    0xff, 0xff, 0x80, 0x1f, 0xf7, 0x7, 0xff, 0x3,
    0xff, 0x10, 0x7, 0x70, 0x4f, 0xf0, 0x0, 0x0,
    0x4, 0xff, 0x0, 0x0, 0x0, 0x4f, 0xf0, 0x6f,
    0xff, 0x4, 0xff, 0x5, 0xef, 0xf0, 0x4f, 0xf0,
    0x5, 0xff, 0x3, 0xff, 0x10, 0x6f, 0xf0, 0x1f,
    0xf7, 0xb, 0xff, 0x0, 0xaf, 0xff, 0xff, 0xf0,
    0x0, 0x9e, 0xe7, 0xff, 0x0,

    /* U+01E7 "ǧ" */
    0xa, 0xf4, 0x4, 0xfa, 0x0, 0x2f, 0xe2, 0xef,
    0x10, 0x0, 0x8f, 0xff, 0x80, 0x0, 0x0, 0x77,
    0x70, 0x0, 0x1, 0xbf, 0xd7, 0xff, 0x10, 0xcf,
    0xfe, 0xff, 0xf1, 0x2f, 0xf2, 0x7, 0xff, 0x15,
    0xfd, 0x0, 0x1f, 0xf1, 0x6f, 0xc0, 0x1, 0xff,
    0x15, 0xfd, 0x0, 0x1f, 0xf1, 0x2f, 0xf2, 0x8,
    0xff, 0x10, 0xcf, 0xfe, 0xff, 0xf1, 0x1, 0xbf,
    0xd7, 0xff, 0x10, 0x0, 0x0, 0x2f, 0xf0, 0xc,
    0x60, 0x9, 0xfd, 0x3, 0xff, 0xff, 0xff, 0x50,
    0x4, 0xbe, 0xec, 0x40, 0x0,

    /* U+01EE "Ǯ" */
    0x7, 0xf8, 0x3, 0xfc, 0x0, 0xc, 0xf7, 0xef,
    0x20, 0x0, 0x2f, 0xff, 0x70, 0x0, 0x0, 0x0,
    0x0, 0x0, 0x4f, 0xff, 0xff, 0xff, 0x44, 0xff,
    0xff, 0xff, 0xd0, 0x2, 0x22, 0x4f, 0xf6, 0x0,
    0x0, 0x8, 0xfe, 0x0, 0x0, 0x0, 0xef, 0x80,
    0x0, 0x0, 0x6f, 0xf7, 0x0, 0x0, 0xa, 0xff,
    0xf9, 0x0, 0x0, 0x0, 0x6f, 0xf3, 0x0, 0x0,
    0x0, 0xdf, 0x61, 0x66, 0x0, 0xe, 0xf6, 0x1f,
    0xf6, 0x6, 0xff, 0x30, 0x9f, 0xff, 0xff, 0xa0,
    0x0, 0x8d, 0xfd, 0x70, 0x0,

    /* U+01EF "ǯ" */
    0x7, 0xf7, 0x2, 0xfd, 0x0, 0xe, 0xf3, 0xcf,
    0x40, 0x0, 0x5f, 0xff, 0xb0, 0x0, 0x0, 0x77,
    0x72, 0x0, 0x4f, 0xff, 0xff, 0xff, 0x44, 0xff,
    0xff, 0xff, 0xc0, 0x0, 0x0, 0x1f, 0xf5, 0x0,
    0x0, 0x7, 0xfd, 0x0, 0x0, 0x0, 0xdf, 0x60,
    0x0, 0x0, 0x4f, 0xf9, 0x0, 0x0, 0x8, 0xef,
    0xfc, 0x0, 0x0, 0x0, 0x4f, 0xf3, 0x0, 0x0,
    0x0, 0xcf, 0x61, 0x55, 0x0, 0xd, 0xf6, 0x1f,
    0xf5, 0x4, 0xff, 0x20, 0xaf, 0xfe, 0xff, 0xa0,
    0x0, 0x8d, 0xfd, 0x70, 0x0,

    /* U+01F4 "Ǵ" */
    0x0, 0x0, 0x1, 0x10, 0x0, 0x0, 0xb, 0xfa,
    0x0, 0x0, 0x4, 0xfd, 0x10, 0x0, 0x0, 0xcf,
    0x30, 0x0, 0x0, 0x0, 0x0, 0x0, 0x0, 0x7,
    0xdf, 0xd7, 0x0, 0x9, 0xff, 0xff, 0xf8, 0x1,
    0xff, 0x70, 0x7f, 0xf0, 0x3f, 0xf1, 0x0, 0x77,
    0x4, 0xff, 0x0, 0x0, 0x0, 0x4f, 0xf0, 0x0,
    0x0, 0x4, 0xff, 0x6, 0xff, 0xf0, 0x4f, 0xf0,
    0x5e, 0xff, 0x4, 0xff, 0x0, 0x5f, 0xf0, 0x3f,
    0xf1, 0x6, 0xff, 0x1, 0xff, 0x70, 0xbf, 0xf0,
    0xa, 0xff, 0xff, 0xff, 0x0, 0x9, 0xee, 0x7f,
    0xf0,

    /* U+01F5 "ǵ" */
    0x0, 0x0, 0x9f, 0xc0, 0x0, 0x0, 0x2f, 0xf2,
    0x0, 0x0, 0x9, 0xf6, 0x0, 0x0, 0x0, 0x66,
    0x0, 0x0, 0x1, 0xbf, 0xd7, 0xff, 0x10, 0xcf,
    0xfe, 0xff, 0xf1, 0x2f, 0xf2, 0x7, 0xff, 0x15,
    0xfd, 0x0, 0x1f, 0xf1, 0x6f, 0xc0, 0x1, 0xff,
    0x15, 0xfd, 0x0, 0x1f, 0xf1, 0x2f, 0xf2, 0x8,
    0xff, 0x10, 0xcf, 0xfe, 0xff, 0xf1, 0x1, 0xbf,
    0xd7, 0xff, 0x10, 0x0, 0x0, 0x2f, 0xf0, 0xc,
    0x60, 0x9, 0xfd, 0x3, 0xff, 0xff, 0xff, 0x50,
    0x4, 0xbe, 0xec, 0x40, 0x0,

    /* U+01F8 "Ǹ" */
    0x0, 0xcf, 0x90, 0x0, 0x0, 0x1, 0xef, 0x20,
    0x0, 0x0, 0x4, 0xfb, 0x0, 0x0, 0x0, 0x1,
    0x10, 0x0, 0x1f, 0xfb, 0x0, 0xff, 0x11, 0xff,
    0xf1, 0xf, 0xf1, 0x1f, 0xff, 0x60, 0xff, 0x11,
    0xff, 0xfc, 0xf, 0xf1, 0x1f, 0xff, 0xf2, 0xff,
    0x11, 0xff, 0xff, 0x7f, 0xf1, 0x1f, 0xf9, 0xfd,
    0xff, 0x11, 0xff, 0x3f, 0xff, 0xf1, 0x1f, 0xf0,
    0xdf, 0xff, 0x11, 0xff, 0x7, 0xff, 0xf1, 0x1f,
    0xf0, 0x1f, 0xff, 0x11, 0xff, 0x0, 0xaf, 0xf1,
    0x1f, 0xf0, 0x4, 0xff, 0x10,

    /* U+01F9 "ǹ" */
    0x0, 0x56, 0x40, 0x0, 0x0, 0x5, 0xfe, 0x0,
    0x0, 0x0, 0xa, 0xf7, 0x0, 0x0, 0x0, 0x1e,
    0xe0, 0x0, 0x0, 0x0, 0x0, 0x0, 0x1, 0xff,
    0x7d, 0xfd, 0x40, 0x1f, 0xff, 0xef, 0xff, 0x11,
    0xff, 0x80, 0x1f, 0xf3, 0x1f, 0xf1, 0x0, 0xef,
    0x41, 0xff, 0x10, 0xd, 0xf4, 0x1f, 0xf1, 0x0,
    0xdf, 0x41, 0xff, 0x10, 0xd, 0xf4, 0x1f, 0xf1,
    0x0, 0xdf, 0x41, 0xff, 0x10, 0xd, 0xf4,

    /* U+0216 "Ȗ" */
    0x0, 0x7d, 0xfd, 0x70, 0x0, 0x8f, 0xff, 0xff,
    0x80, 0x1f, 0xf7, 0x7, 0xff, 0x3, 0xff, 0x10,
    0x1f, 0xf3, 0x4f, 0xf0, 0x0, 0xff, 0x44, 0xff,
    0x0, 0xf, 0xf4, 0x4f, 0xf0, 0x0, 0xff, 0x31,
    0xff, 0x20, 0x2f, 0xf1, 0xc, 0xfa, 0xa, 0xfb,
    0x0, 0x2e, 0xf1, 0xfe, 0x20, 0x24, 0x7f, 0x1f,
    0x74, 0x28, 0xff, 0xf1, 0xff, 0xf8, 0x8f, 0xff,
    0x1f, 0xff, 0x80,

    /* U+0241 "Ɂ" */
    0x5, 0xcf, 0xd9, 0x0, 0x3f, 0xff, 0xff, 0xa0,
    0x9f, 0xa0, 0x7f, 0xf0, 0x8a, 0x30, 0x3f, 0xf1,
    0x0, 0x0, 0xaf, 0xd0, 0x0, 0xa, 0xff, 0x30,
    0x0, 0x8f, 0xf4, 0x0, 0x0, 0xef, 0x70, 0x0,
    0x0, 0xff, 0x40, 0x0, 0x0, 0xff, 0x40, 0x0,
    0x0, 0xff, 0x40, 0x0, 0x0, 0xff, 0x40, 0x0,
    0x0, 0xff, 0x40, 0x0,

    /* U+0242 "ɂ" */
    0x5, 0xcf, 0xd9, 0x0, 0x3f, 0xff, 0xff, 0xa0,
    0x9f, 0x90, 0x6f, 0xf0, 0x8a, 0x20, 0x2f, 0xf1,
    0x0, 0x0, 0xaf, 0xd0, 0x0, 0xa, 0xff, 0x30,
    0x0, 0x8f, 0xf4, 0x0, 0x0, 0xdf, 0x70, 0x0,
    0x0, 0xff, 0x40, 0x0,

    /* U+024C "Ɍ" */
    0xb, 0xff, 0xfe, 0xa2, 0x0, 0xbf, 0xff, 0xff,
    0xe1, 0xb, 0xfa, 0x37, 0xff, 0x80, 0xbf, 0x90,
    0xb, 0xfa, 0xb, 0xf9, 0x0, 0xbf, 0xa0, 0xbf,
    0x90, 0x1e, 0xf6, 0xcf, 0xfe, 0xcf, 0xfd, 0xf,
    0xff, 0xff, 0xfa, 0x10, 0xb, 0xfa, 0xef, 0xb0,
    0x0, 0xbf, 0x97, 0xff, 0x30, 0xb, 0xf9, 0xe,
    0xfb, 0x0, 0xbf, 0x90, 0x7f, 0xf3, 0xb, 0xf9,
    0x0, 0xef, 0xb0,

    /* U+024D "ɍ" */
    0x9, 0xf6, 0x9e, 0xe7, 0x0, 0x9f, 0xef, 0xef,
    0xf3, 0x9, 0xfe, 0x10, 0xa7, 0x0, 0x9f, 0x70,
    0x0, 0x0, 0xce, 0xfd, 0xcc, 0xc3, 0xf, 0xff,
    0xff, 0xff, 0x40, 0x9, 0xf6, 0x0, 0x0, 0x0,
    0x9f, 0x60, 0x0, 0x0, 0x9, 0xf6, 0x0, 0x0,
    0x0,

    /* U+0254 "ɔ" */
    0x2, 0xbe, 0xeb, 0x30, 0x1, 0xef, 0xff, 0xff,
    0x40, 0x17, 0x91, 0x9, 0xfd, 0x0, 0x0, 0x0,
    0xf, 0xf2, 0x0, 0x0, 0x0, 0xef, 0x40, 0x0,
    0x0, 0xf, 0xf2, 0x17, 0x91, 0x9, 0xfd, 0x1,
    0xef, 0xff, 0xff, 0x50, 0x2, 0xbe, 0xeb, 0x30,
    0x0,

    /* U+025B "ɛ" */
    0x1, 0x9d, 0xfe, 0xb2, 0x0, 0xcf, 0xfd, 0xff,
    0xe1, 0xf, 0xf4, 0x0, 0x63, 0x0, 0x7f, 0xfd,
    0xa0, 0x0, 0x9, 0xff, 0xfc, 0x0, 0x1, 0xff,
    0x60, 0x0, 0x0, 0x2f, 0xf4, 0x0, 0xa6, 0x0,
    0xcf, 0xfd, 0xff, 0xe1, 0x1, 0x9d, 0xfe, 0xa2,
    0x0,

    /* U+0263 "ɣ" */
    0x6f, 0xf0, 0x0, 0xcf, 0x61, 0xff, 0x40, 0xf,
    0xf1, 0xc, 0xf8, 0x5, 0xfc, 0x0, 0x7f, 0xd0,
    0x9f, 0x70, 0x2, 0xff, 0x2e, 0xf2, 0x0, 0xd,
    0xfa, 0xfd, 0x0, 0x0, 0x8f, 0xff, 0x80, 0x0,
    0x4, 0xff, 0xf4, 0x0, 0x1, 0xdf, 0xff, 0xd1,
    0x0, 0x7f, 0x71, 0x7f, 0x70, 0x9, 0xf2, 0x2,
    0xf9, 0x0, 0x5f, 0xc8, 0xcf, 0x50, 0x0, 0x7d,
    0xfd, 0x70, 0x0,

    /* U+0272 "ɲ" */
    0x0, 0x1f, 0xf7, 0xdf, 0xd4, 0x0, 0x1, 0xff,
    0xfe, 0xff, 0xf1, 0x0, 0x1f, 0xf8, 0x1, 0xff,
    0x30, 0x1, 0xff, 0x10, 0xe, 0xf4, 0x0, 0x1f,
    0xf1, 0x0, 0xdf, 0x40, 0x1, 0xff, 0x10, 0xd,
    0xf4, 0x0, 0x1f, 0xf1, 0x0, 0xdf, 0x40, 0x1,
    0xff, 0x10, 0xd, 0xf4, 0x0, 0x1f, 0xf1, 0x0,
    0xdf, 0x40, 0x1, 0xff, 0x10, 0x0, 0x0, 0x2,
    0x7f, 0xf0, 0x0, 0x0, 0x2, 0xff, 0xfb, 0x0,
    0x0, 0x0, 0x2f, 0xfb, 0x10, 0x0, 0x0, 0x0,

    /* U+0292 "ʒ" */
    0x4f, 0xff, 0xff, 0xff, 0x44, 0xff, 0xff, 0xff,
    0xc0, 0x0, 0x0, 0x1f, 0xf5, 0x0, 0x0, 0x7,
    0xfd, 0x0, 0x0, 0x0, 0xdf, 0x60, 0x0, 0x0,
    0x4f, 0xf9, 0x0, 0x0, 0x8, 0xef, 0xfc, 0x0,
    0x0, 0x0, 0x4f, 0xf3, 0x0, 0x0, 0x0, 0xcf,
    0x61, 0x55, 0x0, 0xd, 0xf6, 0x1f, 0xf5, 0x4,
    0xff, 0x20, 0xaf, 0xfe, 0xff, 0xa0, 0x0, 0x8d,
    0xfd, 0x70, 0x0,

    /* U+02C6 "ˆ" */
    0x0, 0x77, 0x70, 0x0, 0x8f, 0xff, 0x80, 0x2f,
    0xe2, 0xef, 0x1a, 0xf4, 0x4, 0xfa,

    /* U+02C7 "ˇ" */
    0x67, 0x0, 0x7, 0x66, 0xfa, 0xa, 0xf5, 0xc,
    0xf9, 0xfc, 0x0, 0x4f, 0xff, 0x30,

    /* U+02D8 "˘" */
    0x44, 0x0, 0x4, 0x4e, 0xf1, 0x1, 0xfd, 0xaf,
    0x80, 0x8f, 0xa1, 0xcf, 0xff, 0xc1, 0x0, 0x12,
    0x10, 0x0,

    /* U+02D9 "˙" */
    0x39, 0x3b, 0xfb, 0x6e, 0x60,

    /* U+02DA "˚" */
    0x4, 0xce, 0xc4, 0x0, 0xea, 0x3a, 0xe0, 0xf,
    0x80, 0x8f, 0x0, 0x6f, 0xff, 0x60, 0x0, 0x1,
    0x0, 0x0,

    /* U+02DB "˛" */
    0x0, 0x4, 0x74, 0x2, 0xbe, 0x50, 0xe, 0xf4,
    0x11, 0x1f, 0xff, 0xff, 0x8, 0xff, 0xff,

    /* U+02DC "˜" */
    0xa, 0xfc, 0x50, 0x2, 0x46, 0xfd, 0xef, 0xed,
    0xf5, 0x42, 0x0, 0x6d, 0xfa, 0x0,

    /* U+02DD "˝" */
    0x0, 0x66, 0x30, 0x66, 0x20, 0x5f, 0xe1, 0x6f,
    0xe1, 0xd, 0xf5, 0xd, 0xf4, 0x5, 0xf9, 0x6,
    0xf9, 0x0,

    /* U+0300 "̀" */
    0x36, 0x60, 0x1, 0xef, 0x50, 0x5, 0xfd, 0x0,
    0xa, 0xf5,

    /* U+0301 "́" */
    0x0, 0x66, 0x30, 0x5f, 0xe1, 0xd, 0xf4, 0x5,
    0xf9, 0x0,

    /* U+0302 "̂" */
    0x0, 0x77, 0x70, 0x0, 0x8f, 0xff, 0x80, 0x2f,
    0xe2, 0xef, 0x1a, 0xf4, 0x4, 0xfa,

    /* U+0303 "̃" */
    0xa, 0xfc, 0x50, 0x2, 0x46, 0xfd, 0xef, 0xed,
    0xf5, 0x42, 0x0, 0x6d, 0xfa, 0x0,

    /* U+0304 "̄" */
    0x1c, 0xcc, 0xcc, 0xcc, 0x12, 0xff, 0xff, 0xff,
    0xf2,

    /* U+0306 "̆" */
    0x44, 0x0, 0x4, 0x4e, 0xf1, 0x1, 0xfd, 0xaf,
    0x80, 0x8f, 0xa1, 0xcf, 0xff, 0xc1, 0x0, 0x12,
    0x10, 0x0,

    /* U+0307 "̇" */
    0x39, 0x3b, 0xfb, 0x6e, 0x60,

    /* U+0308 "̈" */
    0x49, 0x20, 0x29, 0x4e, 0xf8, 0x9, 0xfd, 0x8e,
    0x40, 0x4e, 0x80,

    /* U+0309 "̉" */
    0x0, 0x10, 0x5, 0xdf, 0xf7, 0x99, 0x4f, 0xc0,
    0x1e, 0xb2, 0x0, 0x10, 0x0,

    /* U+030A "̊" */
    0x4, 0xce, 0xc4, 0x0, 0xea, 0x3a, 0xe0, 0xf,
    0x80, 0x8f, 0x0, 0x6f, 0xff, 0x60, 0x0, 0x1,
    0x0, 0x0,

    /* U+030B "̋" */
    0x0, 0x66, 0x30, 0x66, 0x20, 0x5f, 0xe1, 0x6f,
    0xe1, 0xd, 0xf5, 0xd, 0xf4, 0x5, 0xf9, 0x6,
    0xf9, 0x0,

    /* U+030C "̌" */
    0x67, 0x0, 0x7, 0x66, 0xfa, 0xa, 0xf5, 0xc,
    0xf9, 0xfc, 0x0, 0x4f, 0xff, 0x30,

    /* U+0313 "̓" */
    0x2b, 0x74, 0xfb, 0x6f, 0x78, 0xf2, 0xae, 0x0,
    0x20,

    /* U+031B "̛" */
    0x2, 0x55, 0x0, 0x1f, 0xf2, 0x0, 0xff, 0x30,
    0x3f, 0xf1, 0x3f, 0xf6, 0x0, 0x10, 0x0,

    /* U+0323 "̣" */
    0x3a, 0x3b, 0xfb, 0x6e, 0x60,

    /* U+0326 "̦" */
    0x38, 0x37, 0xf6, 0xaf, 0x2d, 0xd0, 0x1, 0x0,

    /* U+0327 "̧" */
    0x38, 0x37, 0xf6, 0xaf, 0x2d, 0xd0, 0x1, 0x0,

    /* U+0328 "̨" */
    0x0, 0x4, 0x74, 0x2, 0xbe, 0x50, 0xe, 0xf4,
    0x11, 0x1f, 0xff, 0xff, 0x8, 0xff, 0xff,

    /* U+032D "̭" */
    0x0, 0x77, 0x70, 0x0, 0x8f, 0xff, 0x80, 0x2f,
    0xe2, 0xef, 0x1a, 0xf4, 0x4, 0xfa,

    /* U+0384 "΄" */
    0x46, 0x29, 0xf8, 0x5f, 0x91, 0xfb,

    /* U+0385 "΅" */
    0x0, 0x4, 0x62, 0x0, 0x8, 0xe3, 0x9f, 0x84,
    0xe8, 0xef, 0x85, 0xf9, 0x8f, 0xe5, 0x92, 0x1f,
    0xb2, 0x95,

    /* U+0386 "Ά" */
    0x66, 0x10, 0x0, 0x0, 0xc, 0xf5, 0x7f, 0xf1,
    0x0, 0x8f, 0x6b, 0xff, 0x50, 0x4, 0xf8, 0xef,
    0xf8, 0x0, 0x0, 0x2f, 0xff, 0xc0, 0x0, 0x6,
    0xff, 0xff, 0x0, 0x0, 0x9f, 0x9f, 0xf3, 0x0,
    0xd, 0xf5, 0xdf, 0x70, 0x1, 0xff, 0x19, 0xfb,
    0x0, 0x5f, 0xe0, 0x6f, 0xf0, 0x8, 0xff, 0xff,
    0xff, 0x20, 0xcf, 0xff, 0xff, 0xf6, 0xf, 0xf5,
    0x22, 0xcf, 0xa3, 0xff, 0x0, 0x8, 0xfe,

    /* U+0387 "·" */
    0x6e, 0x6b, 0xfb, 0x4b, 0x40,

    /* U+0388 "Έ" */
    0x26, 0x50, 0x0, 0x0, 0x0, 0x2f, 0xf9, 0xff,
    0xff, 0xff, 0xe, 0xfa, 0xff, 0xff, 0xff, 0xa,
    0xfc, 0xfb, 0x22, 0x22, 0x0, 0x9, 0xfa, 0x0,
    0x0, 0x0, 0x9, 0xfa, 0x0, 0x0, 0x0, 0x9,
    0xfb, 0x0, 0x0, 0x0, 0x9, 0xff, 0xff, 0xfa,
    0x0, 0x9, 0xff, 0xff, 0xfa, 0x0, 0x9, 0xfa,
    0x0, 0x0, 0x0, 0x9, 0xfa, 0x0, 0x0, 0x0,
    0x9, 0xfb, 0x22, 0x22, 0x0, 0x9, 0xff, 0xff,
    0xff, 0x0, 0x9, 0xff, 0xff, 0xff,

    /* U+0389 "Ή" */
    0x56, 0x20, 0x0, 0x0, 0x0, 0xaf, 0x8f, 0xf2,
    0x4, 0xff, 0x6f, 0xaf, 0xf2, 0x4, 0xff, 0x2f,
    0xcf, 0xf2, 0x4, 0xff, 0x0, 0x1f, 0xf2, 0x4,
    0xff, 0x0, 0x1f, 0xf2, 0x4, 0xff, 0x0, 0x1f,
    0xff, 0xff, 0xff, 0x0, 0x1f, 0xff, 0xff, 0xff,
    0x0, 0x1f, 0xf5, 0x26, 0xff, 0x0, 0x1f, 0xf2,
    0x4, 0xff, 0x0, 0x1f, 0xf2, 0x4, 0xff, 0x0,
    0x1f, 0xf2, 0x4, 0xff, 0x0, 0x1f, 0xf2, 0x4,
    0xff, 0x0, 0x1f, 0xf2, 0x4, 0xff,

    /* U+038A "Ί" */
    0x66, 0x10, 0x0, 0x0, 0xc, 0xf9, 0xff, 0xff,
    0xfd, 0x8f, 0xaf, 0xff, 0xff, 0xd4, 0xf9, 0x27,
    0xff, 0x22, 0x0, 0x0, 0x5f, 0xf0, 0x0, 0x0,
    0x5, 0xff, 0x0, 0x0, 0x0, 0x5f, 0xf0, 0x0,
    0x0, 0x5, 0xff, 0x0, 0x0, 0x0, 0x5f, 0xf0,
    0x0, 0x0, 0x5, 0xff, 0x0, 0x0, 0x0, 0x5f,
    0xf0, 0x0, 0x0, 0x27, 0xff, 0x22, 0x0, 0x3f,
    0xff, 0xff, 0xd0, 0x3, 0xff, 0xff, 0xfd,

    /* U+038C "Ό" */
    0x16, 0x60, 0x0, 0x0, 0x0, 0x0, 0xff, 0x11,
    0x9d, 0xfc, 0x40, 0xc, 0xf2, 0xdf, 0xff, 0xff,
    0x40, 0x8f, 0x9f, 0xf3, 0xb, 0xfb, 0x0, 0x7,
    0xfc, 0x0, 0x5f, 0xe0, 0x0, 0x8f, 0xc0, 0x4,
    0xff, 0x0, 0x8, 0xfb, 0x0, 0x4f, 0xf0, 0x0,
    0x8f, 0xb0, 0x4, 0xff, 0x0, 0x8, 0xfb, 0x0,
    0x4f, 0xf0, 0x0, 0x8f, 0xc0, 0x4, 0xff, 0x0,
    0x7, 0xfc, 0x0, 0x5f, 0xe0, 0x0, 0x4f, 0xf3,
    0xb, 0xfb, 0x0, 0x0, 0xdf, 0xff, 0xff, 0x40,
    0x0, 0x1, 0x9e, 0xfc, 0x40,

    /* U+038E "Ύ" */
    0x6, 0x61, 0x0, 0x0, 0x0, 0x0, 0xd, 0xfa,
    0xff, 0x40, 0xd, 0xfc, 0x9, 0xf6, 0xff, 0xa0,
    0x2f, 0xf6, 0x5, 0xf7, 0x9f, 0xf0, 0x7f, 0xf0,
    0x0, 0x0, 0x3f, 0xf5, 0xdf, 0x90, 0x0, 0x0,
    0xc, 0xfd, 0xff, 0x20, 0x0, 0x0, 0x6, 0xff,
    0xfc, 0x0, 0x0, 0x0, 0x0, 0xff, 0xf5, 0x0,
    0x0, 0x0, 0x0, 0x9f, 0xf0, 0x0, 0x0, 0x0,
    0x0, 0x7f, 0xd0, 0x0, 0x0, 0x0, 0x0, 0x7f,
    0xd0, 0x0, 0x0, 0x0, 0x0, 0x7f, 0xd0, 0x0,
    0x0, 0x0, 0x0, 0x7f, 0xd0, 0x0, 0x0, 0x0,
    0x0, 0x7f, 0xd0, 0x0,

    /* U+038F "Ώ" */
    0x26, 0x40, 0x0, 0x0, 0x0, 0x4, 0xfd, 0x2,
    0xbe, 0xeb, 0x20, 0xf, 0xe1, 0xff, 0xff, 0xff,
    0x10, 0xcf, 0x9f, 0xd1, 0x1e, 0xf8, 0x0, 0xb,
    0xf8, 0x0, 0x9f, 0xb0, 0x0, 0xcf, 0x70, 0x8,
    0xfc, 0x0, 0xc, 0xf7, 0x0, 0x8f, 0xc0, 0x0,
    0xcf, 0x70, 0x8, 0xfb, 0x0, 0x9, 0xfa, 0x0,
    0xaf, 0x90, 0x0, 0x4f, 0xf3, 0x4f, 0xf3, 0x0,
    0x0, 0x8f, 0x88, 0xf8, 0x0, 0x0, 0x44, 0xd8,
    0x8d, 0x44, 0x0, 0xf, 0xff, 0x88, 0xff, 0xf0,
    0x0, 0xff, 0xf8, 0x8f, 0xff,

    /* U+0390 "ΐ" */
    0x0, 0x4, 0x62, 0x0, 0x8, 0xe3, 0x9f, 0x84,
    0xe8, 0xef, 0x85, 0xf9, 0x8f, 0xe5, 0x92, 0x1f,
    0xb2, 0x95, 0x0, 0x0, 0x0, 0x0, 0x0, 0x7f,
    0xff, 0xc0, 0x0, 0x6, 0xef, 0xfc, 0x0, 0x0,
    0x0, 0x6f, 0xc0, 0x0, 0x0, 0x6, 0xfc, 0x0,
    0x0, 0x0, 0x6f, 0xc0, 0x0, 0x0, 0x6, 0xfc,
    0x0, 0x0, 0x0, 0x6f, 0xe1, 0x0, 0x0, 0x4,
    0xff, 0xfc, 0x0, 0x0, 0xa, 0xff, 0xc0,

    /* U+0391 "Α" */
    0x0, 0xc, 0xfc, 0x0, 0x0, 0x0, 0xff, 0xf0,
    0x0, 0x0, 0x4f, 0xff, 0x30, 0x0, 0x7, 0xff,
    0xf7, 0x0, 0x0, 0xbf, 0xff, 0xb0, 0x0, 0xe,
    0xf9, 0xfe, 0x0, 0x2, 0xff, 0x2f, 0xf2, 0x0,
    0x6f, 0xc0, 0xef, 0x60, 0xa, 0xf9, 0xb, 0xfa,
    0x0, 0xdf, 0xff, 0xff, 0xd0, 0x1f, 0xff, 0xff,
    0xff, 0x15, 0xff, 0x22, 0x3f, 0xf5, 0x8f, 0xb0,
    0x0, 0xef, 0x80,

    /* U+0392 "Β" */
    0x1f, 0xff, 0xfe, 0x80, 0x1, 0xff, 0xde, 0xff,
    0x80, 0x1f, 0xf3, 0x8, 0xfe, 0x1, 0xff, 0x30,
    0x3f, 0xf0, 0x1f, 0xf3, 0x4, 0xfe, 0x1, 0xff,
    0x52, 0xbf, 0x90, 0x1f, 0xff, 0xff, 0xf1, 0x1,
    0xff, 0x75, 0xbf, 0xb0, 0x1f, 0xf3, 0x2, 0xff,
    0x21, 0xff, 0x30, 0x1f, 0xf4, 0x1f, 0xf3, 0x18,
    0xff, 0x21, 0xff, 0xff, 0xff, 0xc0, 0x1f, 0xff,
    0xfe, 0xa1, 0x0,

    /* U+0393 "Γ" */
    0x1f, 0xff, 0xff, 0xff, 0x11, 0xff, 0xff, 0xff,
    0xf1, 0x1f, 0xf5, 0x22, 0x22, 0x1, 0xff, 0x30,
    0x0, 0x0, 0x1f, 0xf3, 0x0, 0x0, 0x1, 0xff,
    0x30, 0x0, 0x0, 0x1f, 0xf3, 0x0, 0x0, 0x1,
    0xff, 0x30, 0x0, 0x0, 0x1f, 0xf3, 0x0, 0x0,
    0x1, 0xff, 0x30, 0x0, 0x0, 0x1f, 0xf3, 0x0,
    0x0, 0x1, 0xff, 0x30, 0x0, 0x0, 0x1f, 0xf3,
    0x0, 0x0, 0x0,

    /* U+0394 "Δ" */
    0x0, 0xc, 0xfc, 0x0, 0x0, 0x0, 0xff, 0xf0,
    0x0, 0x0, 0x4f, 0xff, 0x30, 0x0, 0x7, 0xff,
    0xf7, 0x0, 0x0, 0xbf, 0xbf, 0xb0, 0x0, 0xe,
    0xf5, 0xfe, 0x0, 0x2, 0xfc, 0x1f, 0xf2, 0x0,
    0x6f, 0x80, 0xef, 0x60, 0xa, 0xf5, 0xb, 0xfa,
    0x0, 0xdf, 0x20, 0x7f, 0xd0, 0x1f, 0xf2, 0x26,
    0xff, 0x15, 0xff, 0xff, 0xff, 0xf5, 0x8f, 0xff,
    0xff, 0xff, 0x80,

    /* U+0395 "Ε" */
    0xcf, 0xff, 0xff, 0xdc, 0xff, 0xff, 0xfd, 0xcf,
    0x92, 0x22, 0x2c, 0xf8, 0x0, 0x0, 0xcf, 0x80,
    0x0, 0xc, 0xf8, 0x0, 0x0, 0xcf, 0xff, 0xff,
    0x7c, 0xff, 0xff, 0xf7, 0xcf, 0x80, 0x0, 0xc,
    0xf8, 0x0, 0x0, 0xcf, 0x92, 0x22, 0x2c, 0xff,
    0xff, 0xfd, 0xcf, 0xff, 0xff, 0xd0,

    /* U+0396 "Ζ" */
    0x4f, 0xff, 0xff, 0xff, 0x44, 0xff, 0xff, 0xff,
    0xd0, 0x2, 0x22, 0x4f, 0xf6, 0x0, 0x0, 0x8,
    0xff, 0x0, 0x0, 0x0, 0xef, 0x90, 0x0, 0x0,
    0x6f, 0xf2, 0x0, 0x0, 0xc, 0xfb, 0x0, 0x0,
    0x3, 0xff, 0x50, 0x0, 0x0, 0xaf, 0xe0, 0x0,
    0x0, 0x1f, 0xf7, 0x0, 0x0, 0x8, 0xff, 0x32,
    0x22, 0x0, 0xef, 0xff, 0xff, 0xf4, 0x6f, 0xff,
    0xff, 0xff, 0x40,

    /* U+0397 "Η" */
    0xf, 0xf3, 0x3, 0xff, 0x0, 0xff, 0x30, 0x3f,
    0xf0, 0xf, 0xf3, 0x3, 0xff, 0x0, 0xff, 0x30,
    0x3f, 0xf0, 0xf, 0xf3, 0x3, 0xff, 0x0, 0xff,
    0xff, 0xff, 0xf0, 0xf, 0xff, 0xff, 0xff, 0x0,
    0xff, 0x52, 0x5f, 0xf0, 0xf, 0xf3, 0x3, 0xff,
    0x0, 0xff, 0x30, 0x3f, 0xf0, 0xf, 0xf3, 0x3,
    0xff, 0x0, 0xff, 0x30, 0x3f, 0xf0, 0xf, 0xf3,
    0x3, 0xff, 0x0,

    /* U+0398 "Θ" */
    0x0, 0x7d, 0xfd, 0x70, 0x0, 0x8f, 0xff, 0xff,
    0x80, 0xf, 0xf5, 0x5, 0xff, 0x3, 0xfe, 0x0,
    0xe, 0xf3, 0x4f, 0xc0, 0x0, 0xcf, 0x44, 0xfc,
    0x9f, 0x9c, 0xf4, 0x4f, 0xc9, 0xf9, 0xcf, 0x44,
    0xfc, 0x0, 0xc, 0xf4, 0x4f, 0xc0, 0x0, 0xcf,
    0x43, 0xfe, 0x0, 0xe, 0xf3, 0xf, 0xf5, 0x5,
    0xff, 0x0, 0x8f, 0xff, 0xff, 0x80, 0x0, 0x7d,
    0xfd, 0x70, 0x0,

    /* U+0399 "Ι" */
    0x8f, 0xff, 0xff, 0x88, 0xff, 0xff, 0xf8, 0x12,
    0xbf, 0xb2, 0x10, 0xa, 0xfa, 0x0, 0x0, 0xaf,
    0xa0, 0x0, 0xa, 0xfa, 0x0, 0x0, 0xaf, 0xa0,
    0x0, 0xa, 0xfa, 0x0, 0x0, 0xaf, 0xa0, 0x0,
    0xa, 0xfa, 0x0, 0x12, 0xbf, 0xb2, 0x18, 0xff,
    0xff, 0xf8, 0x8f, 0xff, 0xff, 0x80,

    /* U+039A "Κ" */
    0x1f, 0xf3, 0x3, 0xff, 0x11, 0xff, 0x30, 0xbf,
    0x80, 0x1f, 0xf3, 0x3f, 0xf1, 0x1, 0xff, 0x3b,
    0xf8, 0x0, 0x1f, 0xf6, 0xfe, 0x10, 0x1, 0xff,
    0xdf, 0x70, 0x0, 0x1f, 0xff, 0xf6, 0x0, 0x1,
    0xff, 0xbf, 0xd0, 0x0, 0x1f, 0xf4, 0xff, 0x60,
    0x1, 0xff, 0x39, 0xfd, 0x0, 0x1f, 0xf3, 0x2f,
    0xf5, 0x1, 0xff, 0x30, 0xaf, 0xd0, 0x1f, 0xf3,
    0x3, 0xff, 0x50,

    /* U+039B "Λ" */
    0x0, 0xc, 0xfc, 0x0, 0x0, 0x0, 0xff, 0xf0,
    0x0, 0x0, 0x4f, 0xff, 0x30, 0x0, 0x7, 0xff,
    0xf7, 0x0, 0x0, 0xbf, 0xef, 0xb0, 0x0, 0xe,
    0xf8, 0xfe, 0x0, 0x2, 0xff, 0x2f, 0xf2, 0x0,
    0x6f, 0xc0, 0xef, 0x60, 0xa, 0xf9, 0xb, 0xfa,
    0x0, 0xdf, 0x50, 0x7f, 0xd0, 0x1f, 0xf2, 0x4,
    0xff, 0x15, 0xff, 0x0, 0x1f, 0xf5, 0x8f, 0xb0,
    0x0, 0xdf, 0x80,

    /* U+039C "Μ" */
    0x5f, 0xf2, 0x0, 0xff, 0x55, 0xff, 0x70, 0x5f,
    0xf5, 0x5f, 0xfc, 0xa, 0xff, 0x55, 0xff, 0xf1,
    0xff, 0xf5, 0x5f, 0xff, 0xaf, 0xff, 0x55, 0xfd,
    0xff, 0xfd, 0xf5, 0x5f, 0x9e, 0xfe, 0x9f, 0x55,
    0xf9, 0x9f, 0x98, 0xf5, 0x5f, 0x93, 0xf4, 0x8f,
    0x55, 0xf9, 0xc, 0x8, 0xf5, 0x5f, 0x90, 0x20,
    0x8f, 0x55, 0xf9, 0x0, 0x8, 0xf5, 0x5f, 0x90,
    0x0, 0x8f, 0x50,

    /* U+039D "Ν" */
    0x1f, 0xfb, 0x0, 0xff, 0x11, 0xff, 0xf1, 0xf,
    0xf1, 0x1f, 0xff, 0x60, 0xff, 0x11, 0xff, 0xfc,
    0xf, 0xf1, 0x1f, 0xff, 0xf2, 0xff, 0x11, 0xff,
    0xff, 0x7f, 0xf1, 0x1f, 0xf9, 0xfd, 0xff, 0x11,
    0xff, 0x3f, 0xff, 0xf1, 0x1f, 0xf0, 0xdf, 0xff,
    0x11, 0xff, 0x7, 0xff, 0xf1, 0x1f, 0xf0, 0x1f,
    0xff, 0x11, 0xff, 0x0, 0xaf, 0xf1, 0x1f, 0xf0,
    0x4, 0xff, 0x10,

    /* U+039E "Ξ" */
    0xdf, 0xff, 0xff, 0xdd, 0xff, 0xff, 0xfd, 0x22,
    0x22, 0x22, 0x20, 0x0, 0x0, 0x0, 0x0, 0x0,
    0x0, 0x0, 0x0, 0x0, 0x0, 0x7f, 0xff, 0xff,
    0x77, 0xff, 0xff, 0xf7, 0x0, 0x0, 0x0, 0x0,
    0x0, 0x0, 0x0, 0x22, 0x22, 0x22, 0x2d, 0xff,
    0xff, 0xfd, 0xdf, 0xff, 0xff, 0xd0,

    /* U+039F "Ο" */
    0x0, 0x7d, 0xfd, 0x70, 0x0, 0x8f, 0xff, 0xff,
    0x80, 0xf, 0xf7, 0x7, 0xff, 0x3, 0xff, 0x10,
    0x1f, 0xf3, 0x4f, 0xf0, 0x0, 0xff, 0x44, 0xff,
    0x0, 0xf, 0xf4, 0x4f, 0xf0, 0x0, 0xff, 0x44,
    0xff, 0x0, 0xf, 0xf4, 0x4f, 0xf0, 0x0, 0xff,
    0x43, 0xff, 0x10, 0x1f, 0xf3, 0xf, 0xf7, 0x7,
    0xff, 0x0, 0x8f, 0xff, 0xff, 0x80, 0x0, 0x7d,
    0xfd, 0x70, 0x0,

    /* U+03A0 "Π" */
    0xf, 0xff, 0xff, 0xff, 0x0, 0xff, 0xff, 0xff,
    0xf0, 0xf, 0xf5, 0x25, 0xff, 0x0, 0xff, 0x30,
    0x3f, 0xf0, 0xf, 0xf3, 0x3, 0xff, 0x0, 0xff,
    0x30, 0x3f, 0xf0, 0xf, 0xf3, 0x3, 0xff, 0x0,
    0xff, 0x30, 0x3f, 0xf0, 0xf, 0xf3, 0x3, 0xff,
    0x0, 0xff, 0x30, 0x3f, 0xf0, 0xf, 0xf3, 0x3,
    0xff, 0x0, 0xff, 0x30, 0x3f, 0xf0, 0xf, 0xf3,
    0x3, 0xff, 0x0,

    /* U+03A1 "Ρ" */
    0x1f, 0xff, 0xfc, 0x60, 0x1, 0xff, 0xff, 0xff,
    0x80, 0x1f, 0xf5, 0x3a, 0xff, 0x11, 0xff, 0x30,
    0xf, 0xf4, 0x1f, 0xf3, 0x0, 0xff, 0x61, 0xff,
    0x30, 0x1f, 0xf5, 0x1f, 0xf5, 0x3a, 0xff, 0x21,
    0xff, 0xff, 0xff, 0x90, 0x1f, 0xff, 0xfc, 0x70,
    0x1, 0xff, 0x30, 0x0, 0x0, 0x1f, 0xf3, 0x0,
    0x0, 0x1, 0xff, 0x30, 0x0, 0x0, 0x1f, 0xf3,
    0x0, 0x0, 0x0,

    /* U+03A3 "Σ" */
    0x5f, 0xff, 0xff, 0xfc, 0xe, 0xff, 0xff, 0xfc,
    0x7, 0xff, 0x32, 0x22, 0x1, 0xff, 0x70, 0x0,
    0x0, 0xaf, 0xe0, 0x0, 0x0, 0x3f, 0xf5, 0x0,
    0x0, 0xd, 0xf9, 0x0, 0x0, 0x1f, 0xf3, 0x0,
    0x0, 0x8f, 0xd0, 0x0, 0x0, 0xff, 0x60, 0x0,
    0x7, 0xff, 0x32, 0x22, 0xd, 0xff, 0xff, 0xfc,
    0x5f, 0xff, 0xff, 0xfc,

    /* U+03A4 "Τ" */
    0x8f, 0xff, 0xff, 0xff, 0x88, 0xff, 0xff, 0xff,
    0xf8, 0x12, 0x2b, 0xfb, 0x22, 0x10, 0x0, 0xaf,
    0xa0, 0x0, 0x0, 0xa, 0xfa, 0x0, 0x0, 0x0,
    0xaf, 0xa0, 0x0, 0x0, 0xa, 0xfa, 0x0, 0x0,
    0x0, 0xaf, 0xa0, 0x0, 0x0, 0xa, 0xfa, 0x0,
    0x0, 0x0, 0xaf, 0xa0, 0x0, 0x0, 0xa, 0xfa,
    0x0, 0x0, 0x0, 0xaf, 0xa0, 0x0, 0x0, 0xa,
    0xfa, 0x0, 0x0,

    /* U+03A5 "Υ" */
    0x9f, 0xf1, 0x0, 0xff, 0x92, 0xff, 0x70, 0x5f,
    0xf3, 0xc, 0xfc, 0xb, 0xfc, 0x0, 0x6f, 0xf3,
    0xff, 0x60, 0x0, 0xff, 0xdf, 0xf0, 0x0, 0x9,
    0xff, 0xf9, 0x0, 0x0, 0x2f, 0xff, 0x20, 0x0,
    0x0, 0xcf, 0xc0, 0x0, 0x0, 0xa, 0xfa, 0x0,
    0x0, 0x0, 0xaf, 0xa0, 0x0, 0x0, 0xa, 0xfa,
    0x0, 0x0, 0x0, 0xaf, 0xa0, 0x0, 0x0, 0xa,
    0xfa, 0x0, 0x0,

    /* U+03A6 "Φ" */
    0x0, 0x9, 0xf9, 0x0, 0x0, 0x0, 0xaf, 0xa0,
    0x0, 0x7, 0xff, 0xff, 0xf7, 0x5, 0xff, 0xff,
    0xff, 0xf5, 0xaf, 0xb8, 0xf8, 0xbf, 0xac, 0xf6,
    0x8f, 0x86, 0xfc, 0xcf, 0x58, 0xf8, 0x5f, 0xcc,
    0xf6, 0x8f, 0x86, 0xfc, 0xaf, 0xa8, 0xf8, 0xaf,
    0xa5, 0xff, 0xff, 0xff, 0xf5, 0x8, 0xff, 0xff,
    0xf8, 0x0, 0x0, 0xbf, 0xb0, 0x0, 0x0, 0x9,
    0xf9, 0x0, 0x0,

    /* U+03A7 "Χ" */
    0x4f, 0xf4, 0x3, 0xff, 0x40, 0xef, 0xa0, 0x8f,
    0xe0, 0x8, 0xff, 0x1e, 0xf8, 0x0, 0x2f, 0xf9,
    0xff, 0x20, 0x0, 0xbf, 0xff, 0xb0, 0x0, 0x5,
    0xff, 0xf5, 0x0, 0x0, 0x1f, 0xff, 0x10, 0x0,
    0x5, 0xff, 0xf6, 0x0, 0x0, 0xcf, 0xff, 0xc0,
    0x0, 0x2f, 0xf9, 0xff, 0x20, 0x8, 0xfe, 0xf,
    0xf8, 0x0, 0xef, 0x90, 0xaf, 0xe0, 0x4f, 0xf4,
    0x5, 0xff, 0x40,

    /* U+03A8 "Ψ" */
    0x0, 0x8, 0xf8, 0x0, 0x4, 0x52, 0x8f, 0x82,
    0x54, 0xcf, 0x58, 0xf8, 0x5f, 0xcc, 0xf5, 0x8f,
    0x85, 0xfc, 0xcf, 0x58, 0xf8, 0x5f, 0xcc, 0xf6,
    0x8f, 0x86, 0xfc, 0xbf, 0x98, 0xf8, 0x9f, 0xb6,
    0xff, 0xdf, 0xdf, 0xf6, 0xb, 0xff, 0xff, 0xfb,
    0x0, 0x4, 0xcf, 0xc3, 0x0, 0x0, 0x9, 0xf9,
    0x0, 0x0, 0x0, 0x9f, 0x90, 0x0, 0x0, 0x9,
    0xf9, 0x0, 0x0,

    /* U+03A9 "Ω" */
    0x0, 0x7d, 0xfd, 0x70, 0x0, 0x8f, 0xff, 0xff,
    0x80, 0x1f, 0xf7, 0x7, 0xff, 0x3, 0xff, 0x10,
    0x1f, 0xf3, 0x4f, 0xf0, 0x0, 0xff, 0x44, 0xff,
    0x0, 0xf, 0xf4, 0x4f, 0xf0, 0x0, 0xff, 0x31,
    0xff, 0x20, 0x2f, 0xf1, 0xc, 0xfa, 0xa, 0xfb,
    0x0, 0x2e, 0xf1, 0xfe, 0x20, 0x24, 0x7f, 0x1f,
    0x74, 0x28, 0xff, 0xf1, 0xff, 0xf8, 0x8f, 0xff,
    0x1f, 0xff, 0x80,

    /* U+03AA "Ϊ" */
    0x8e, 0x40, 0x4e, 0x8e, 0xf9, 0x9, 0xfe, 0x59,
    0x20, 0x29, 0x50, 0x0, 0x0, 0x0, 0x8f, 0xff,
    0xff, 0x88, 0xff, 0xff, 0xf8, 0x12, 0xbf, 0xb2,
    0x10, 0xa, 0xfa, 0x0, 0x0, 0xaf, 0xa0, 0x0,
    0xa, 0xfa, 0x0, 0x0, 0xaf, 0xa0, 0x0, 0xa,
    0xfa, 0x0, 0x0, 0xaf, 0xa0, 0x0, 0xa, 0xfa,
    0x0, 0x12, 0xbf, 0xb2, 0x18, 0xff, 0xff, 0xf8,
    0x8f, 0xff, 0xff, 0x80,

    /* U+03AB "Ϋ" */
    0x8, 0xe4, 0x4, 0xe8, 0x0, 0xef, 0x90, 0x9f,
    0xe0, 0x5, 0x92, 0x2, 0x95, 0x0, 0x0, 0x0,
    0x0, 0x0, 0x9f, 0xf1, 0x0, 0xff, 0x92, 0xff,
    0x70, 0x5f, 0xf3, 0xc, 0xfc, 0xb, 0xfc, 0x0,
    0x6f, 0xf3, 0xff, 0x60, 0x0, 0xff, 0xdf, 0xf0,
    0x0, 0x9, 0xff, 0xf9, 0x0, 0x0, 0x2f, 0xff,
    0x20, 0x0, 0x0, 0xcf, 0xc0, 0x0, 0x0, 0xa,
    0xfa, 0x0, 0x0, 0x0, 0xaf, 0xa0, 0x0, 0x0,
    0xa, 0xfa, 0x0, 0x0, 0x0, 0xaf, 0xa0, 0x0,
    0x0, 0xa, 0xfa, 0x0, 0x0,

    /* U+03AC "ά" */
    0x0, 0x6, 0x61, 0x0, 0x0, 0x0, 0xdf, 0x40,
    0x0, 0x0, 0x9, 0xf6, 0x0, 0x0, 0x0, 0x5f,
    0x70, 0x0, 0x0, 0x0, 0x0, 0x0, 0x0, 0x3c,
    0xfd, 0x8f, 0xe0, 0xe, 0xfe, 0xff, 0xfe, 0x5,
    0xfe, 0x0, 0xaf, 0xe0, 0x8f, 0xa0, 0x4, 0xfe,
    0x9, 0xf9, 0x0, 0x4f, 0xe0, 0x8f, 0xa0, 0x4,
    0xfe, 0x5, 0xfe, 0x0, 0xaf, 0xf3, 0xf, 0xfe,
    0xef, 0xff, 0xc0, 0x3c, 0xfc, 0x44, 0xdc,

    /* U+03AD "έ" */
    0x0, 0x5, 0x62, 0x0, 0x0, 0x0, 0xbf, 0x60,
    0x0, 0x0, 0x7, 0xf7, 0x0, 0x0, 0x0, 0x3f,
    0x90, 0x0, 0x0, 0x0, 0x0, 0x0, 0x0, 0x19,
    0xdf, 0xea, 0x10, 0xc, 0xff, 0xdf, 0xfd, 0x0,
    0xff, 0x30, 0x6, 0x30, 0x8, 0xff, 0xd1, 0x0,
    0x0, 0x9f, 0xff, 0x10, 0x0, 0x2f, 0xf5, 0x0,
    0x0, 0x3, 0xff, 0x30, 0x1a, 0x70, 0xd, 0xff,
    0xdf, 0xfe, 0x10, 0x19, 0xdf, 0xea, 0x20,

    /* U+03AE "ή" */
    0x0, 0xc, 0xf6, 0x0, 0x0, 0x0, 0x8f, 0x80,
    0x0, 0x0, 0x4, 0xf9, 0x0, 0x0, 0x0, 0x6,
    0x40, 0x0, 0x1f, 0xf7, 0xdf, 0xd4, 0x1, 0xff,
    0xfe, 0xff, 0xe0, 0x1f, 0xf8, 0x1, 0xff, 0x31,
    0xff, 0x10, 0xe, 0xf4, 0x1f, 0xf1, 0x0, 0xdf,
    0x41, 0xff, 0x10, 0xd, 0xf4, 0x1f, 0xf1, 0x0,
    0xdf, 0x41, 0xff, 0x10, 0xd, 0xf4, 0x1f, 0xf1,
    0x0, 0xdf, 0x40, 0x0, 0x0, 0xd, 0xf4, 0x0,
    0x0, 0x0, 0xdf, 0x40, 0x0, 0x0, 0xd, 0xf4,
    0x0, 0x0, 0x0, 0xdf, 0x40,

    /* U+03AF "ί" */
    0x0, 0x56, 0x20, 0x0, 0xa, 0xf7, 0x0, 0x0,
    0x6f, 0x80, 0x0, 0x2, 0xfa, 0x0, 0x0, 0x0,
    0x0, 0x9, 0xff, 0xf9, 0x0, 0x8e, 0xff, 0x90,
    0x0, 0x9, 0xf9, 0x0, 0x0, 0x9f, 0x90, 0x0,
    0x9, 0xf9, 0x0, 0x0, 0x9f, 0x90, 0x0, 0x9,
    0xfb, 0x10, 0x0, 0x7f, 0xff, 0x90, 0x1, 0xbf,
    0xf9,

    /* U+03B0 "ΰ" */
    0x0, 0x4, 0x62, 0x0, 0x8, 0xe3, 0x9f, 0x84,
    0xe8, 0xef, 0x85, 0xf9, 0x8f, 0xe5, 0x92, 0x1f,
    0xb2, 0x95, 0x0, 0x0, 0x0, 0x0, 0xe, 0xe8,
    0x0, 0x9, 0xf8, 0xef, 0xf1, 0x0, 0x9f, 0x82,
    0xff, 0x20, 0x9, 0xf8, 0xf, 0xf2, 0x0, 0x9f,
    0x80, 0xff, 0x20, 0x9, 0xf8, 0xf, 0xf3, 0x0,
    0xaf, 0x70, 0xdf, 0x91, 0x3e, 0xf5, 0x6, 0xff,
    0xff, 0xfd, 0x0, 0x5, 0xcf, 0xea, 0x10,

    /* U+03B1 "α" */
    0x3, 0xcf, 0xd8, 0xfe, 0x0, 0xef, 0xef, 0xff,
    0xe0, 0x5f, 0xe0, 0xa, 0xfe, 0x8, 0xfa, 0x0,
    0x4f, 0xe0, 0x9f, 0x90, 0x4, 0xfe, 0x8, 0xfa,
    0x0, 0x4f, 0xe0, 0x5f, 0xe0, 0xa, 0xff, 0x30,
    0xff, 0xee, 0xff, 0xfc, 0x3, 0xcf, 0xc4, 0x4d,
    0xc0,

    /* U+03B2 "β" */
    0x0, 0x8d, 0xfd, 0x60, 0x0, 0x9f, 0xff, 0xff,
    0x60, 0xf, 0xf8, 0x7, 0xfd, 0x1, 0xff, 0x20,
    0x2f, 0xf0, 0x1f, 0xf1, 0x3, 0xff, 0x1, 0xff,
    0x10, 0x9f, 0xb0, 0x1f, 0xf1, 0xcf, 0xe1, 0x1,
    0xff, 0x18, 0xef, 0xa0, 0x1f, 0xf1, 0x0, 0xef,
    0x41, 0xff, 0x10, 0xd, 0xf6, 0x1f, 0xf2, 0x16,
    0xff, 0x41, 0xff, 0xff, 0xff, 0xd0, 0x1f, 0xff,
    0xfd, 0x91, 0x1, 0xff, 0x10, 0x0, 0x0, 0x1f,
    0xf1, 0x0, 0x0, 0x1, 0xff, 0x10, 0x0, 0x0,
    0x1f, 0xf1, 0x0, 0x0, 0x0,

    /* U+03B3 "γ" */
    0x6f, 0xf0, 0x0, 0xcf, 0x61, 0xff, 0x30, 0xf,
    0xf1, 0xc, 0xf8, 0x5, 0xfc, 0x0, 0x7f, 0xd0,
    0x9f, 0x70, 0x2, 0xff, 0x1e, 0xf2, 0x0, 0xd,
    0xf9, 0xfd, 0x0, 0x0, 0x8f, 0xff, 0x80, 0x0,
    0x3, 0xff, 0xf3, 0x0, 0x0, 0xe, 0xfe, 0x0,
    0x0, 0x0, 0xaf, 0xa0, 0x0, 0x0, 0x9, 0xf9,
    0x0, 0x0, 0x0, 0x9f, 0x90, 0x0, 0x0, 0x9,
    0xf9, 0x0, 0x0,

    /* U+03B4 "δ" */
    0x1, 0x9e, 0xfd, 0x70, 0x0, 0xbf, 0xda, 0xef,
    0x60, 0xe, 0xf3, 0x3, 0x64, 0x0, 0x9f, 0xd4,
    0x0, 0x0, 0x0, 0x8f, 0xfb, 0x20, 0x0, 0x4f,
    0xff, 0xff, 0x30, 0xe, 0xf8, 0x18, 0xfd, 0x3,
    0xff, 0x0, 0xf, 0xf2, 0x5f, 0xd0, 0x0, 0xdf,
    0x53, 0xff, 0x0, 0xf, 0xf3, 0xf, 0xf7, 0x7,
    0xfe, 0x0, 0x7f, 0xff, 0xff, 0x60, 0x0, 0x5c,
    0xfc, 0x50, 0x0,

    /* U+03B5 "ε" */
    0x1, 0x9d, 0xfe, 0xa1, 0x0, 0xcf, 0xfd, 0xff,
    0xd0, 0xf, 0xf3, 0x0, 0x63, 0x0, 0x8f, 0xfd,
    0x10, 0x0, 0x9, 0xff, 0xf1, 0x0, 0x2, 0xff,
    0x50, 0x0, 0x0, 0x3f, 0xf3, 0x1, 0xa7, 0x0,
    0xdf, 0xfd, 0xff, 0xe1, 0x1, 0x9d, 0xfe, 0xa2,
    0x0,

    /* U+03B6 "ζ" */
    0x3f, 0xff, 0xff, 0xf7, 0x3, 0xff, 0xff, 0xfd,
    0x0, 0x0, 0x4, 0xff, 0x30, 0x0, 0x0, 0xdf,
    0x80, 0x0, 0x0, 0x8f, 0xd0, 0x0, 0x0, 0x2f,
    0xf4, 0x0, 0x0, 0xb, 0xfb, 0x0, 0x0, 0x1,
    0xff, 0x30, 0x0, 0x0, 0x3f, 0xf0, 0x0, 0x0,
    0x5, 0xfd, 0x0, 0x0, 0x0, 0x3f, 0xf2, 0x0,
    0x0, 0x0, 0xcf, 0xf9, 0x51, 0x0, 0x2, 0xcf,
    0xff, 0xf6, 0x0, 0x0, 0x38, 0xcf, 0xe0, 0x0,
    0x1, 0x24, 0xff, 0x0, 0x0, 0xcf, 0xff, 0xc0,
    0x0, 0xc, 0xff, 0xc2, 0x0,

    /* U+03B7 "η" */
    0x1f, 0xf7, 0xdf, 0xd4, 0x1, 0xff, 0xfe, 0xff,
    0xe0, 0x1f, 0xf8, 0x1, 0xff, 0x31, 0xff, 0x10,
    0xe, 0xf4, 0x1f, 0xf1, 0x0, 0xdf, 0x41, 0xff,
    0x10, 0xd, 0xf4, 0x1f, 0xf1, 0x0, 0xdf, 0x41,
    0xff, 0x10, 0xd, 0xf4, 0x1f, 0xf1, 0x0, 0xdf,
    0x40, 0x0, 0x0, 0xd, 0xf4, 0x0, 0x0, 0x0,
    0xdf, 0x40, 0x0, 0x0, 0xd, 0xf4, 0x0, 0x0,
    0x0, 0xdf, 0x40,

    /* U+03B8 "θ" */
    0x0, 0x7d, 0xfd, 0x70, 0x0, 0x8f, 0xff, 0xff,
    0x80, 0xf, 0xf7, 0x17, 0xff, 0x3, 0xfe, 0x0,
    0xe, 0xf3, 0x4f, 0xd0, 0x0, 0xdf, 0x44, 0xff,
    0xff, 0xff, 0xf4, 0x4f, 0xff, 0xff, 0xff, 0x44,
    0xfd, 0x0, 0xd, 0xf4, 0x4f, 0xd0, 0x0, 0xdf,
    0x43, 0xff, 0x0, 0xf, 0xf3, 0xf, 0xf8, 0x18,
    0xff, 0x0, 0x8f, 0xff, 0xff, 0x80, 0x0, 0x7d,
    0xfd, 0x70, 0x0,

    /* U+03B9 "ι" */
    0x9f, 0xff, 0x90, 0x8, 0xef, 0xf9, 0x0, 0x0,
    0x9f, 0x90, 0x0, 0x9, 0xf9, 0x0, 0x0, 0x9f,
    0x90, 0x0, 0x9, 0xf9, 0x0, 0x0, 0x9f, 0xb1,
    0x0, 0x7, 0xff, 0xf9, 0x0, 0x1b, 0xff, 0x90,

    /* U+03BA "κ" */
    0x1f, 0xf1, 0xc, 0xf8, 0x1, 0xff, 0x16, 0xfd,
    0x0, 0x1f, 0xf2, 0xef, 0x40, 0x1, 0xff, 0xbf,
    0x90, 0x0, 0x1f, 0xff, 0xf7, 0x0, 0x1, 0xff,
    0x9f, 0xf1, 0x0, 0x1f, 0xf1, 0xdf, 0xa0, 0x1,
    0xff, 0x13, 0xff, 0x40, 0x1f, 0xf1, 0x8, 0xfd,
    0x0,

    /* U+03BB "λ" */
    0x0, 0x9f, 0xc0, 0x0, 0x0, 0x4, 0xff, 0x10,
    0x0, 0x0, 0xf, 0xf6, 0x0, 0x0, 0x0, 0xbf,
    0xb0, 0x0, 0x0, 0xd, 0xff, 0x0, 0x0, 0x2,
    0xff, 0xf4, 0x0, 0x0, 0x7f, 0xff, 0x90, 0x0,
    0xc, 0xf9, 0xfe, 0x0, 0x1, 0xff, 0x1f, 0xf3,
    0x0, 0x6f, 0xc0, 0xaf, 0x70, 0xc, 0xf7, 0x6,
    0xfc, 0x1, 0xff, 0x20, 0x1f, 0xf1, 0x6f, 0xe0,
    0x0, 0xcf, 0x60,

    /* U+03BC "μ" */
    0x4f, 0xd0, 0x4, 0xfe, 0x4, 0xfd, 0x0, 0x4f,
    0xe0, 0x4f, 0xd0, 0x4, 0xfe, 0x4, 0xfd, 0x0,
    0x4f, 0xe0, 0x4f, 0xd0, 0x4, 0xfe, 0x4, 0xfd,
    0x0, 0x5f, 0xe0, 0x4f, 0xf5, 0x8, 0xfe, 0x4,
    0xff, 0xfd, 0xff, 0xfb, 0x4f, 0xb9, 0xee, 0x7b,
    0xb4, 0xfb, 0x0, 0x0, 0x0, 0x4f, 0xc0, 0x0,
    0x0, 0x4, 0xfd, 0x0, 0x0, 0x0, 0x4f, 0xe0,
    0x0, 0x0, 0x0,

    /* U+03BD "ν" */
    0xbf, 0xa0, 0x0, 0xaf, 0x8b, 0xff, 0x50, 0xe,
    0xf3, 0xb, 0xfb, 0x3, 0xfe, 0x0, 0x5f, 0xf0,
    0x8f, 0x90, 0x0, 0xff, 0x4c, 0xf4, 0x0, 0xb,
    0xfb, 0xfe, 0x0, 0x0, 0x5f, 0xff, 0xa0, 0x0,
    0x1, 0xff, 0xf5, 0x0, 0x0, 0xb, 0xff, 0x0,
    0x0,

    /* U+03BE "ξ" */
    0x0, 0x3c, 0xfe, 0xa1, 0x0, 0x2f, 0xff, 0xff,
    0xc0, 0x9, 0xfb, 0x2, 0xc7, 0x0, 0xcf, 0x60,
    0x0, 0x0, 0xb, 0xf6, 0x0, 0x0, 0x0, 0x8f,
    0xb0, 0x0, 0x0, 0x0, 0xcf, 0xf0, 0x0, 0x0,
    0x7f, 0xfa, 0x0, 0x0, 0xf, 0xf3, 0x0, 0x0,
    0x3, 0xff, 0x0, 0x0, 0x0, 0x2f, 0xf2, 0x0,
    0x0, 0x0, 0xcf, 0xe6, 0x20, 0x0, 0x2, 0xdf,
    0xff, 0xe5, 0x0, 0x0, 0x58, 0xcf, 0xf0, 0x0,
    0x1, 0x23, 0xff, 0x10, 0x0, 0xaf, 0xff, 0xe0,
    0x0, 0xa, 0xff, 0xd4, 0x0,

    /* U+03BF "ο" */
    0x0, 0x5c, 0xfc, 0x50, 0x0, 0x6f, 0xff, 0xff,
    0x60, 0xe, 0xf7, 0x7, 0xfe, 0x3, 0xff, 0x0,
    0xf, 0xf3, 0x5f, 0xd0, 0x0, 0xdf, 0x53, 0xff,
    0x0, 0xf, 0xf3, 0xe, 0xf7, 0x7, 0xfe, 0x0,
    0x6f, 0xff, 0xff, 0x60, 0x0, 0x5c, 0xfc, 0x50,
    0x0,

    /* U+03C0 "π" */
    0xaf, 0xff, 0xff, 0xff, 0xaa, 0xff, 0xff, 0xff,
    0xfa, 0xd, 0xf6, 0x7, 0xfb, 0x0, 0xcf, 0x60,
    0x7f, 0xb0, 0xc, 0xf6, 0x7, 0xfb, 0x0, 0xcf,
    0x60, 0x7f, 0xb0, 0xc, 0xf6, 0x7, 0xfb, 0x0,
    0xcf, 0x60, 0x6f, 0xf9, 0xc, 0xf6, 0x0, 0xbf,
    0xa0,

    /* U+03C1 "ρ" */
    0x0, 0x3b, 0xed, 0x60, 0x0, 0x2f, 0xff, 0xff,
    0x70, 0xa, 0xfa, 0x5, 0xff, 0x0, 0xef, 0x40,
    0xe, 0xf3, 0xf, 0xf1, 0x0, 0xbf, 0x51, 0xff,
    0x10, 0xc, 0xf5, 0x1f, 0xf7, 0x2, 0xff, 0x21,
    0xff, 0xfe, 0xff, 0xc0, 0x1f, 0xf8, 0xee, 0xb1,
    0x1, 0xff, 0x10, 0x0, 0x0, 0x1f, 0xf1, 0x0,
    0x0, 0x1, 0xff, 0x10, 0x0, 0x0, 0x1f, 0xf1,
    0x0, 0x0, 0x0,

    /* U+03C2 "ς" */
    0x0, 0x4b, 0xee, 0xa1, 0x0, 0x5f, 0xff, 0xff,
    0xd0, 0xd, 0xf8, 0x2, 0xb7, 0x2, 0xff, 0x0,
    0x0, 0x0, 0x5f, 0xd0, 0x0, 0x0, 0x4, 0xfe,
    0x0, 0x0, 0x0, 0x2f, 0xf4, 0x0, 0x0, 0x0,
    0xbf, 0xfa, 0x51, 0x0, 0x1, 0xbf, 0xff, 0xf6,
    0x0, 0x0, 0x37, 0xcf, 0xe0, 0x0, 0x1, 0x24,
    0xff, 0x0, 0x0, 0xcf, 0xff, 0xc0, 0x0, 0xc,
    0xff, 0xc2, 0x0,

    /* U+03C3 "σ" */
    0x0, 0x7d, 0xff, 0xff, 0xf0, 0xaf, 0xff, 0xff,
    0xff, 0x3f, 0xf5, 0x1b, 0xfb, 0x7, 0xfb, 0x0,
    0x3f, 0xf0, 0x9f, 0x80, 0x0, 0xff, 0x17, 0xfa,
    0x0, 0x3f, 0xf0, 0x3f, 0xf4, 0x9, 0xfb, 0x0,
    0xaf, 0xff, 0xff, 0x30, 0x0, 0x8d, 0xeb, 0x30,
    0x0,

    /* U+03C4 "τ" */
    0x3f, 0xff, 0xff, 0xff, 0x23, 0xff, 0xff, 0xff,
    0xf2, 0x0, 0x9, 0xf9, 0x0, 0x0, 0x0, 0x9f,
    0x90, 0x0, 0x0, 0x9, 0xf9, 0x0, 0x0, 0x0,
    0x9f, 0x90, 0x0, 0x0, 0x9, 0xfb, 0x10, 0x0,
    0x0, 0x7f, 0xff, 0x90, 0x0, 0x1, 0xbf, 0xf9,
    0x0,

    /* U+03C5 "υ" */
    0xee, 0x80, 0x0, 0x9f, 0x8e, 0xff, 0x10, 0x9,
    0xf8, 0x2f, 0xf2, 0x0, 0x9f, 0x80, 0xff, 0x20,
    0x9, 0xf8, 0xf, 0xf2, 0x0, 0x9f, 0x80, 0xff,
    0x30, 0xa, 0xf7, 0xd, 0xf9, 0x13, 0xef, 0x50,
    0x6f, 0xff, 0xff, 0xd0, 0x0, 0x5c, 0xfe, 0xa1,
    0x0,

    /* U+03C6 "φ" */
    0x0, 0x9, 0xf9, 0x0, 0x0, 0x0, 0x9f, 0x90,
    0x0, 0x0, 0x9, 0xf9, 0x0, 0x0, 0x0, 0x9f,
    0x90, 0x0, 0x1, 0x8e, 0xfe, 0x81, 0x1, 0xef,
    0xff, 0xff, 0xe1, 0x8f, 0xeb, 0xfb, 0xef, 0x8b,
    0xf7, 0x8f, 0x88, 0xfb, 0xcf, 0x58, 0xf8, 0x5f,
    0xcc, 0xf6, 0x8f, 0x86, 0xfc, 0xaf, 0xa8, 0xf8,
    0xaf, 0xa5, 0xff, 0xff, 0xff, 0xf5, 0x8, 0xff,
    0xff, 0xf8, 0x0, 0x1, 0xbf, 0xb1, 0x0, 0x0,
    0x9, 0xf9, 0x0, 0x0, 0x0, 0x9f, 0x90, 0x0,
    0x0, 0x9, 0xf9, 0x0, 0x0,

    /* U+03C7 "χ" */
    0xe, 0xf3, 0x2, 0xff, 0x0, 0x9f, 0x80, 0x8f,
    0x90, 0x3, 0xfe, 0xe, 0xf3, 0x0, 0xd, 0xf7,
    0xfd, 0x0, 0x0, 0x7f, 0xff, 0x70, 0x0, 0x1,
    0xff, 0xf1, 0x0, 0x0, 0xe, 0xfe, 0x0, 0x0,
    0x3, 0xff, 0xf3, 0x0, 0x0, 0x9f, 0xdf, 0x90,
    0x0, 0xf, 0xf3, 0xff, 0x0, 0x5, 0xfc, 0xb,
    0xf5, 0x0, 0xbf, 0x70, 0x6f, 0xb0, 0x1f, 0xf1,
    0x1, 0xff, 0x10,

    /* U+03C8 "ψ" */
    0x0, 0x1, 0x31, 0x0, 0x0, 0x0, 0x9f, 0x90,
    0x0, 0xcf, 0x59, 0xf9, 0x5f, 0xcc, 0xf5, 0x9f,
    0x95, 0xfc, 0xcf, 0x59, 0xf9, 0x5f, 0xcc, 0xf5,
    0x9f, 0x95, 0xfc, 0xcf, 0x59, 0xf9, 0x5f, 0xcc,
    0xf6, 0x9f, 0x96, 0xfc, 0xaf, 0xb9, 0xf9, 0xbf,
    0xa4, 0xff, 0xff, 0xff, 0xf4, 0x7, 0xff, 0xff,
    0xf7, 0x0, 0x0, 0xaf, 0xa0, 0x0, 0x0, 0x9,
    0xf9, 0x0, 0x0, 0x0, 0x9f, 0x90, 0x0, 0x0,
    0x9, 0xf9, 0x0, 0x0,

    /* U+03C9 "ω" */
    0xcf, 0x50, 0x0, 0x5f, 0xcc, 0xf5, 0x0, 0x5,
    0xfc, 0xcf, 0x56, 0xe6, 0x5f, 0xcc, 0xf5, 0x7f,
    0x75, 0xfc, 0xcf, 0x57, 0xf7, 0x5f, 0xcc, 0xf5,
    0x7f, 0x75, 0xfc, 0xcf, 0x69, 0xf9, 0x7f, 0xb8,
    0xff, 0xff, 0xff, 0xf7, 0x9, 0xfc, 0x5d, 0xf9,
    0x0,

    /* U+03CA "ϊ" */
    0x9, 0xd3, 0x5, 0xe7, 0xf, 0xf7, 0xa, 0xfc,
    0x5, 0x91, 0x2, 0x94, 0x0, 0x0, 0x0, 0x0,
    0x9, 0xff, 0xf9, 0x0, 0x8, 0xef, 0xf9, 0x0,
    0x0, 0x9, 0xf9, 0x0, 0x0, 0x9, 0xf9, 0x0,
    0x0, 0x9, 0xf9, 0x0, 0x0, 0x9, 0xf9, 0x0,
    0x0, 0x9, 0xfb, 0x10, 0x0, 0x7, 0xff, 0xf9,
    0x0, 0x1, 0xbf, 0xf9,

    /* U+03CB "ϋ" */
    0x8, 0xe4, 0x4, 0xe8, 0x0, 0xef, 0x80, 0x9f,
    0xe0, 0x4, 0x92, 0x2, 0x94, 0x0, 0x0, 0x0,
    0x0, 0x0, 0xee, 0x80, 0x0, 0x9f, 0x8e, 0xff,
    0x10, 0x9, 0xf8, 0x2f, 0xf2, 0x0, 0x9f, 0x80,
    0xff, 0x20, 0x9, 0xf8, 0xf, 0xf2, 0x0, 0x9f,
    0x80, 0xff, 0x30, 0xa, 0xf7, 0xd, 0xf9, 0x13,
    0xef, 0x50, 0x6f, 0xff, 0xff, 0xd0, 0x0, 0x5c,
    0xfe, 0xa1, 0x0,

    /* U+03CC "ό" */
    0x0, 0x5, 0x62, 0x0, 0x0, 0x0, 0xaf, 0x70,
    0x0, 0x0, 0x6, 0xf8, 0x0, 0x0, 0x0, 0x2f,
    0xa0, 0x0, 0x0, 0x0, 0x0, 0x0, 0x0, 0x5,
    0xcf, 0xc5, 0x0, 0x6, 0xff, 0xff, 0xf6, 0x0,
    0xef, 0x70, 0x7f, 0xe0, 0x3f, 0xf0, 0x0, 0xff,
    0x35, 0xfd, 0x0, 0xd, 0xf5, 0x3f, 0xf0, 0x0,
    0xff, 0x30, 0xef, 0x70, 0x7f, 0xe0, 0x6, 0xff,
    0xff, 0xf6, 0x0, 0x5, 0xcf, 0xc5, 0x0,

    /* U+03CD "ύ" */
    0x0, 0x5, 0x62, 0x0, 0x0, 0x0, 0xaf, 0x70,
    0x0, 0x0, 0x6, 0xf8, 0x0, 0x0, 0x0, 0x2f,
    0xa0, 0x0, 0x0, 0x0, 0x0, 0x0, 0xe, 0xe8,
    0x0, 0x9, 0xf8, 0xef, 0xf1, 0x0, 0x9f, 0x82,
    0xff, 0x20, 0x9, 0xf8, 0xf, 0xf2, 0x0, 0x9f,
    0x80, 0xff, 0x20, 0x9, 0xf8, 0xf, 0xf3, 0x0,
    0xaf, 0x70, 0xdf, 0x91, 0x3e, 0xf5, 0x6, 0xff,
    0xff, 0xfd, 0x0, 0x5, 0xcf, 0xea, 0x10,

    /* U+03CE "ώ" */
    0x0, 0x6, 0x60, 0x0, 0x0, 0x0, 0xef, 0x30,
    0x0, 0x0, 0xa, 0xf5, 0x0, 0x0, 0x0, 0x6f,
    0x60, 0x0, 0x0, 0x0, 0x0, 0x0, 0xc, 0xf5,
    0x0, 0x5, 0xfc, 0xcf, 0x50, 0x0, 0x5f, 0xcc,
    0xf5, 0x6e, 0x65, 0xfc, 0xcf, 0x57, 0xf7, 0x5f,
    0xcc, 0xf5, 0x7f, 0x75, 0xfc, 0xcf, 0x57, 0xf7,
    0x5f, 0xcc, 0xf6, 0x9f, 0x97, 0xfb, 0x8f, 0xff,
    0xff, 0xff, 0x70, 0x9f, 0xc5, 0xdf, 0x90,

    /* U+0400 "Ѐ" */
    0xc, 0xf9, 0x0, 0x0, 0x1e, 0xf2, 0x0, 0x0,
    0x4f, 0xb0, 0x0, 0x0, 0x11, 0x0, 0xcf, 0xff,
    0xff, 0xdc, 0xff, 0xff, 0xfd, 0xcf, 0x92, 0x22,
    0x2c, 0xf8, 0x0, 0x0, 0xcf, 0x80, 0x0, 0xc,
    0xf8, 0x0, 0x0, 0xcf, 0xff, 0xff, 0x7c, 0xff,
    0xff, 0xf7, 0xcf, 0x80, 0x0, 0xc, 0xf8, 0x0,
    0x0, 0xcf, 0x92, 0x22, 0x2c, 0xff, 0xff, 0xfd,
    0xcf, 0xff, 0xff, 0xd0,

    /* U+0401 "Ё" */
    0x8e, 0x40, 0x4e, 0x8e, 0xf9, 0x9, 0xfe, 0x59,
    0x20, 0x29, 0x50, 0x0, 0x0, 0x0, 0xcf, 0xff,
    0xff, 0xdc, 0xff, 0xff, 0xfd, 0xcf, 0x92, 0x22,
    0x2c, 0xf8, 0x0, 0x0, 0xcf, 0x80, 0x0, 0xc,
    0xf8, 0x0, 0x0, 0xcf, 0xff, 0xff, 0x7c, 0xff,
    0xff, 0xf7, 0xcf, 0x80, 0x0, 0xc, 0xf8, 0x0,
    0x0, 0xcf, 0x92, 0x22, 0x2c, 0xff, 0xff, 0xfd,
    0xcf, 0xff, 0xff, 0xd0,

    /* U+0402 "Ђ" */
    0xff, 0xff, 0xff, 0xff, 0x7f, 0xff, 0xff, 0xff,
    0xf7, 0x28, 0xfe, 0x22, 0x22, 0x10, 0x7f, 0xd0,
    0x0, 0x0, 0x7, 0xfd, 0x0, 0x0, 0x0, 0x7f,
    0xfc, 0xfc, 0x30, 0x7, 0xff, 0xff, 0xff, 0x10,
    0x7f, 0xe4, 0x3e, 0xf7, 0x7, 0xfd, 0x0, 0xaf,
    0x90, 0x7f, 0xd0, 0x9, 0xfa, 0x7, 0xfd, 0x0,
    0x9f, 0xa0, 0x7f, 0xd0, 0x9, 0xfa, 0x7, 0xfd,
    0x0, 0x9f, 0xa0, 0x0, 0x0, 0xa, 0xfa, 0x0,
    0x1, 0x23, 0xdf, 0x90, 0x0, 0xaf, 0xff, 0xf5,
    0x0, 0xa, 0xff, 0xe8, 0x0,

    /* U+0403 "Ѓ" */
    0x0, 0x0, 0x7f, 0xe1, 0x0, 0x0, 0x1e, 0xf3,
    0x0, 0x0, 0x9, 0xf7, 0x0, 0x0, 0x0, 0x11,
    0x0, 0x0, 0x1f, 0xff, 0xff, 0xff, 0x11, 0xff,
    0xff, 0xff, 0xf1, 0x1f, 0xf5, 0x22, 0x22, 0x1,
    0xff, 0x30, 0x0, 0x0, 0x1f, 0xf3, 0x0, 0x0,
    0x1, 0xff, 0x30, 0x0, 0x0, 0x1f, 0xf3, 0x0,
    0x0, 0x1, 0xff, 0x30, 0x0, 0x0, 0x1f, 0xf3,
    0x0, 0x0, 0x1, 0xff, 0x30, 0x0, 0x0, 0x1f,
    0xf3, 0x0, 0x0, 0x1, 0xff, 0x30, 0x0, 0x0,
    0x1f, 0xf3, 0x0, 0x0, 0x0,

    /* U+0404 "Є" */
    0x0, 0x7d, 0xfd, 0x80, 0x0, 0x9f, 0xff, 0xff,
    0x90, 0x1f, 0xf7, 0x6, 0xff, 0x3, 0xff, 0x10,
    0x2, 0x20, 0x4f, 0xf0, 0x0, 0x0, 0x4, 0xff,
    0xff, 0xc0, 0x0, 0x4f, 0xff, 0xfc, 0x0, 0x4,
    0xff, 0x10, 0x0, 0x0, 0x4f, 0xf0, 0x0, 0x0,
    0x3, 0xff, 0x10, 0x8, 0x80, 0x1f, 0xf8, 0x7,
    0xfe, 0x0, 0x9f, 0xff, 0xff, 0x80, 0x0, 0x7d,
    0xfd, 0x70, 0x0,

    /* U+0405 "Ѕ" */
    0x0, 0x8d, 0xfd, 0x70, 0x0, 0xaf, 0xff, 0xff,
    0x70, 0xf, 0xf6, 0x8, 0xfd, 0x2, 0xff, 0x20,
    0x5, 0x50, 0xf, 0xfb, 0x10, 0x0, 0x0, 0x8f,
    0xfe, 0x60, 0x0, 0x0, 0x8f, 0xff, 0xb0, 0x0,
    0x0, 0x2b, 0xff, 0xb0, 0x0, 0x0, 0x9, 0xff,
    0x11, 0x77, 0x0, 0x2f, 0xf3, 0xf, 0xf7, 0x7,
    0xff, 0x10, 0x9f, 0xff, 0xff, 0x90, 0x0, 0x8d,
    0xfd, 0x70, 0x0,

    /* U+0406 "І" */
    0x8f, 0xff, 0xff, 0x88, 0xff, 0xff, 0xf8, 0x12,
    0xbf, 0xb2, 0x10, 0xa, 0xfa, 0x0, 0x0, 0xaf,
    0xa0, 0x0, 0xa, 0xfa, 0x0, 0x0, 0xaf, 0xa0,
    0x0, 0xa, 0xfa, 0x0, 0x0, 0xaf, 0xa0, 0x0,
    0xa, 0xfa, 0x0, 0x12, 0xbf, 0xb2, 0x18, 0xff,
    0xff, 0xf8, 0x8f, 0xff, 0xff, 0x80,

    /* U+0407 "Ї" */
    0x8e, 0x40, 0x4e, 0x8e, 0xf9, 0x9, 0xfe, 0x59,
    0x20, 0x29, 0x50, 0x0, 0x0, 0x0, 0x8f, 0xff,
    0xff, 0x88, 0xff, 0xff, 0xf8, 0x12, 0xbf, 0xb2,
    0x10, 0xa, 0xfa, 0x0, 0x0, 0xaf, 0xa0, 0x0,
    0xa, 0xfa, 0x0, 0x0, 0xaf, 0xa0, 0x0, 0xa,
    0xfa, 0x0, 0x0, 0xaf, 0xa0, 0x0, 0xa, 0xfa,
    0x0, 0x12, 0xbf, 0xb2, 0x18, 0xff, 0xff, 0xf8,
    0x8f, 0xff, 0xff, 0x80,

    /* U+0408 "Ј" */
    0x0, 0x7, 0xff, 0xf2, 0x0, 0x7, 0xff, 0xf2,
    0x0, 0x0, 0x3f, 0xf2, 0x0, 0x0, 0x2f, 0xf2,
    0x0, 0x0, 0x2f, 0xf2, 0x0, 0x0, 0x2f, 0xf2,
    0x0, 0x0, 0x2f, 0xf2, 0x0, 0x0, 0x2f, 0xf2,
    0x0, 0x0, 0x2f, 0xf2, 0x0, 0x0, 0x5f, 0xf0,
    0x22, 0x24, 0xdf, 0xd0, 0xdf, 0xff, 0xff, 0x50,
    0xdf, 0xff, 0xc5, 0x0,

    /* U+0409 "Љ" */
    0x4, 0xff, 0xf7, 0x0, 0x0, 0x5f, 0xff, 0x70,
    0x0, 0x6, 0xfb, 0xf7, 0x0, 0x0, 0x7f, 0x9f,
    0x70, 0x0, 0x8, 0xf8, 0xff, 0xd6, 0x0, 0x9f,
    0x6f, 0xff, 0xf5, 0xb, 0xf5, 0xf9, 0x9f, 0xb0,
    0xcd, 0x5f, 0x70, 0xfe, 0xf, 0xc5, 0xf7, 0xe,
    0xf1, 0xf9, 0x5f, 0x70, 0xfd, 0x8f, 0x65, 0xf9,
    0x8f, 0xbf, 0xf2, 0x5f, 0xff, 0xf4, 0xe7, 0x5,
    0xff, 0xd5, 0x0,

    /* U+040A "Њ" */
    0xcf, 0x7, 0xf5, 0x0, 0xc, 0xf0, 0x7f, 0x50,
    0x0, 0xcf, 0x7, 0xf5, 0x0, 0xc, 0xf0, 0x7f,
    0x50, 0x0, 0xcf, 0xff, 0xff, 0xd6, 0xc, 0xff,
    0xff, 0xff, 0xf5, 0xcf, 0x39, 0xf7, 0x9f, 0xbc,
    0xf0, 0x7f, 0x50, 0xfe, 0xcf, 0x7, 0xf5, 0xf,
    0xfc, 0xf0, 0x7f, 0x50, 0xfd, 0xcf, 0x7, 0xf7,
    0x8f, 0xbc, 0xf0, 0x7f, 0xff, 0xf4, 0xcf, 0x7,
    0xff, 0xd5, 0x0,

    /* U+040B "Ћ" */
    0xff, 0xff, 0xff, 0xff, 0x7f, 0xff, 0xff, 0xff,
    0xf7, 0x28, 0xfe, 0x22, 0x22, 0x10, 0x7f, 0xd0,
    0x0, 0x0, 0x7, 0xfd, 0x0, 0x0, 0x0, 0x7f,
    0xfd, 0xfd, 0x50, 0x7, 0xff, 0xff, 0xff, 0x20,
    0x7f, 0xe3, 0x2d, 0xf8, 0x7, 0xfd, 0x0, 0xaf,
    0xa0, 0x7f, 0xd0, 0x9, 0xfa, 0x7, 0xfd, 0x0,
    0x9f, 0xa0, 0x7f, 0xd0, 0x9, 0xfa, 0x7, 0xfd,
    0x0, 0x9f, 0xa0,

    /* U+040C "Ќ" */
    0x0, 0x0, 0xaf, 0xc0, 0x0, 0x0, 0x3f, 0xe1,
    0x0, 0x0, 0xb, 0xf4, 0x0, 0x0, 0x0, 0x11,
    0x0, 0x0, 0x1f, 0xf3, 0x3, 0xff, 0x11, 0xff,
    0x30, 0xbf, 0x80, 0x1f, 0xf3, 0x3f, 0xf1, 0x1,
    0xff, 0x3b, 0xf8, 0x0, 0x1f, 0xf6, 0xfe, 0x10,
    0x1, 0xff, 0xdf, 0x70, 0x0, 0x1f, 0xff, 0xf6,
    0x0, 0x1, 0xff, 0xbf, 0xd0, 0x0, 0x1f, 0xf4,
    0xff, 0x60, 0x1, 0xff, 0x39, 0xfd, 0x0, 0x1f,
    0xf3, 0x2f, 0xf5, 0x1, 0xff, 0x30, 0xaf, 0xd0,
    0x1f, 0xf3, 0x3, 0xff, 0x50,

    /* U+040D "Ѝ" */
    0x0, 0xcf, 0x90, 0x0, 0x0, 0x1, 0xef, 0x20,
    0x0, 0x0, 0x4, 0xfb, 0x0, 0x0, 0x0, 0x1,
    0x10, 0x0, 0xf, 0xf3, 0x6, 0xff, 0x0, 0xff,
    0x30, 0xbf, 0xf0, 0xf, 0xf3, 0x1f, 0xff, 0x0,
    0xff, 0x36, 0xff, 0xf0, 0xf, 0xf3, 0xbf, 0xff,
    0x0, 0xff, 0x5f, 0xff, 0xf0, 0xf, 0xfa, 0xfa,
    0xff, 0x0, 0xff, 0xff, 0x5f, 0xf0, 0xf, 0xff,
    0xb3, 0xff, 0x0, 0xff, 0xf6, 0x3f, 0xf0, 0xf,
    0xff, 0x13, 0xff, 0x0, 0xff, 0xb0, 0x3f, 0xf0,
    0xf, 0xf6, 0x3, 0xff, 0x0,

    /* U+040E "Ў" */
    0xf, 0xf0, 0x0, 0xff, 0x0, 0xcf, 0x71, 0x7f,
    0xc0, 0x2, 0xdf, 0xff, 0xd2, 0x0, 0x0, 0x12,
    0x10, 0x0, 0xbf, 0xb0, 0x0, 0xaf, 0xb6, 0xff,
    0x10, 0xf, 0xf6, 0xf, 0xf7, 0x5, 0xff, 0x0,
    0xaf, 0xc0, 0xbf, 0xa0, 0x4, 0xff, 0x4f, 0xf4,
    0x0, 0xe, 0xfe, 0xfe, 0x0, 0x0, 0x9f, 0xff,
    0x90, 0x0, 0x3, 0xff, 0xf3, 0x0, 0x0, 0xd,
    0xfd, 0x0, 0x0, 0x0, 0xef, 0x80, 0x0, 0x0,
    0x4f, 0xf2, 0x0, 0x0, 0xa, 0xfc, 0x0, 0x0,
    0x0, 0xff, 0x70, 0x0, 0x0,

    /* U+040F "Џ" */
    0xf, 0xf3, 0x3, 0xff, 0x0, 0xff, 0x30, 0x3f,
    0xf0, 0xf, 0xf3, 0x3, 0xff, 0x0, 0xff, 0x30,
    0x3f, 0xf0, 0xf, 0xf3, 0x3, 0xff, 0x0, 0xff,
    0x30, 0x3f, 0xf0, 0xf, 0xf3, 0x3, 0xff, 0x0,
    0xff, 0x30, 0x3f, 0xf0, 0xf, 0xf3, 0x3, 0xff,
    0x0, 0xff, 0x30, 0x3f, 0xf0, 0xf, 0xf5, 0x25,
    0xff, 0x0, 0xff, 0xff, 0xff, 0xf0, 0xf, 0xff,
    0xff, 0xff, 0x0, 0x0, 0x7f, 0x70, 0x0, 0x0,
    0x7, 0xf7, 0x0, 0x0, 0x0, 0x37, 0x30, 0x0,

    /* U+0410 "А" */
    0x0, 0xc, 0xfc, 0x0, 0x0, 0x0, 0xff, 0xf0,
    0x0, 0x0, 0x4f, 0xff, 0x30, 0x0, 0x7, 0xff,
    0xf7, 0x0, 0x0, 0xbf, 0xff, 0xb0, 0x0, 0xe,
    0xf9, 0xfe, 0x0, 0x2, 0xff, 0x2f, 0xf2, 0x0,
    0x6f, 0xc0, 0xef, 0x60, 0xa, 0xf9, 0xb, 0xfa,
    0x0, 0xdf, 0xff, 0xff, 0xd0, 0x1f, 0xff, 0xff,
    0xff, 0x15, 0xff, 0x22, 0x3f, 0xf5, 0x8f, 0xb0,
    0x0, 0xef, 0x80,

    /* U+0411 "Б" */
    0x1f, 0xff, 0xff, 0xff, 0x11, 0xff, 0xff, 0xff,
    0xf1, 0x1f, 0xf5, 0x22, 0x22, 0x1, 0xff, 0x30,
    0x0, 0x0, 0x1f, 0xff, 0xfc, 0x70, 0x1, 0xff,
    0xff, 0xff, 0x90, 0x1f, 0xf5, 0x3a, 0xff, 0x21,
    0xff, 0x30, 0x1f, 0xf5, 0x1f, 0xf3, 0x0, 0xff,
    0x61, 0xff, 0x30, 0x1f, 0xf4, 0x1f, 0xf6, 0x4b,
    0xff, 0x11, 0xff, 0xff, 0xff, 0x80, 0x1f, 0xff,
    0xfc, 0x60, 0x0,

    /* U+0412 "В" */
    0x1f, 0xff, 0xfe, 0x80, 0x1, 0xff, 0xde, 0xff,
    0x80, 0x1f, 0xf3, 0x8, 0xfe, 0x1, 0xff, 0x30,
    0x3f, 0xf0, 0x1f, 0xf3, 0x4, 0xfe, 0x1, 0xff,
    0x52, 0xbf, 0x90, 0x1f, 0xff, 0xff, 0xf1, 0x1,
    0xff, 0x75, 0xbf, 0xb0, 0x1f, 0xf3, 0x2, 0xff,
    0x21, 0xff, 0x30, 0x1f, 0xf4, 0x1f, 0xf3, 0x18,
    0xff, 0x21, 0xff, 0xff, 0xff, 0xc0, 0x1f, 0xff,
    0xfe, 0xa1, 0x0,

    /* U+0413 "Г" */
    0x1f, 0xff, 0xff, 0xff, 0x11, 0xff, 0xff, 0xff,
    0xf1, 0x1f, 0xf5, 0x22, 0x22, 0x1, 0xff, 0x30,
    0x0, 0x0, 0x1f, 0xf3, 0x0, 0x0, 0x1, 0xff,
    0x30, 0x0, 0x0, 0x1f, 0xf3, 0x0, 0x0, 0x1,
    0xff, 0x30, 0x0, 0x0, 0x1f, 0xf3, 0x0, 0x0,
    0x1, 0xff, 0x30, 0x0, 0x0, 0x1f, 0xf3, 0x0,
    0x0, 0x1, 0xff, 0x30, 0x0, 0x0, 0x1f, 0xf3,
    0x0, 0x0, 0x0,

    /* U+0414 "Д" */
    0x0, 0xaf, 0xff, 0xff, 0x30, 0xb, 0xff, 0xff,
    0xf3, 0x0, 0xcf, 0x63, 0xff, 0x30, 0xe, 0xf3,
    0xf, 0xf3, 0x0, 0xff, 0x10, 0xff, 0x30, 0x1f,
    0xf0, 0xf, 0xf3, 0x3, 0xfe, 0x0, 0xff, 0x30,
    0x5f, 0xc0, 0xf, 0xf3, 0x7, 0xfa, 0x0, 0xff,
    0x30, 0xaf, 0x70, 0xf, 0xf3, 0x3f, 0xf6, 0x23,
    0xff, 0x5f, 0xff, 0xff, 0xff, 0xff, 0xff, 0xff,
    0xff, 0xff, 0xff, 0xe0, 0x0, 0x0, 0xef, 0xfe,
    0x0, 0x0, 0xe, 0xf7, 0x60, 0x0, 0x0, 0x67,

    /* U+0415 "Е" */
    0xcf, 0xff, 0xff, 0xdc, 0xff, 0xff, 0xfd, 0xcf,
    0x92, 0x22, 0x2c, 0xf8, 0x0, 0x0, 0xcf, 0x80,
    0x0, 0xc, 0xf8, 0x0, 0x0, 0xcf, 0xff, 0xff,
    0x7c, 0xff, 0xff, 0xf7, 0xcf, 0x80, 0x0, 0xc,
    0xf8, 0x0, 0x0, 0xcf, 0x92, 0x22, 0x2c, 0xff,
    0xff, 0xfd, 0xcf, 0xff, 0xff, 0xd0,

    /* U+0416 "Ж" */
    0xaf, 0x34, 0xf4, 0x3f, 0xa5, 0xf8, 0x4f, 0x48,
    0xf5, 0x1f, 0xc4, 0xf4, 0xcf, 0x10, 0xcf, 0x6f,
    0x6f, 0xc0, 0x7, 0xfa, 0xfb, 0xf7, 0x0, 0x2f,
    0xff, 0xff, 0x20, 0x2, 0xff, 0xff, 0xf2, 0x0,
    0x6f, 0xef, 0xef, 0x60, 0xb, 0xf9, 0xf9, 0xfb,
    0x0, 0xff, 0x5f, 0x5f, 0xf0, 0x4f, 0xc4, 0xf4,
    0xcf, 0x49, 0xf8, 0x4f, 0x48, 0xf9, 0xdf, 0x34,
    0xf4, 0x3f, 0xd0,

    /* U+0417 "З" */
    0x0, 0x8d, 0xfc, 0x60, 0x0, 0xaf, 0xff, 0xff,
    0x70, 0x1f, 0xf4, 0x7, 0xff, 0x1, 0x44, 0x0,
    0x1f, 0xf1, 0x0, 0x0, 0x4, 0xfe, 0x0, 0x0,
    0x6b, 0xff, 0x50, 0x0, 0xa, 0xff, 0xf4, 0x0,
    0x0, 0x1, 0x8f, 0xf0, 0x0, 0x0, 0x0, 0xff,
    0x31, 0x66, 0x0, 0x1f, 0xf3, 0xf, 0xf6, 0x7,
    0xff, 0x10, 0x9f, 0xff, 0xff, 0x80, 0x0, 0x8d,
    0xfd, 0x60, 0x0,

    /* U+0418 "И" */
    0xf, 0xf3, 0x6, 0xff, 0x0, 0xff, 0x30, 0xbf,
    0xf0, 0xf, 0xf3, 0x1f, 0xff, 0x0, 0xff, 0x36,
    0xff, 0xf0, 0xf, 0xf3, 0xbf, 0xff, 0x0, 0xff,
    0x5f, 0xff, 0xf0, 0xf, 0xfa, 0xfa, 0xff, 0x0,
    0xff, 0xff, 0x5f, 0xf0, 0xf, 0xff, 0xb3, 0xff,
    0x0, 0xff, 0xf6, 0x3f, 0xf0, 0xf, 0xff, 0x13,
    0xff, 0x0, 0xff, 0xb0, 0x3f, 0xf0, 0xf, 0xf6,
    0x3, 0xff, 0x0,

    /* U+0419 "Й" */
    0xf, 0xf0, 0x0, 0xff, 0x0, 0xcf, 0x71, 0x7f,
    0xc0, 0x2, 0xdf, 0xff, 0xd2, 0x0, 0x0, 0x12,
    0x10, 0x0, 0xf, 0xf3, 0x6, 0xff, 0x0, 0xff,
    0x30, 0xbf, 0xf0, 0xf, 0xf3, 0x1f, 0xff, 0x0,
    0xff, 0x36, 0xff, 0xf0, 0xf, 0xf3, 0xbf, 0xff,
    0x0, 0xff, 0x5f, 0xff, 0xf0, 0xf, 0xfa, 0xfa,
    0xff, 0x0, 0xff, 0xff, 0x5f, 0xf0, 0xf, 0xff,
    0xb3, 0xff, 0x0, 0xff, 0xf6, 0x3f, 0xf0, 0xf,
    0xff, 0x13, 0xff, 0x0, 0xff, 0xb0, 0x3f, 0xf0,
    0xf, 0xf6, 0x3, 0xff, 0x0,

    /* U+041A "К" */
    0x1f, 0xf3, 0x3, 0xff, 0x11, 0xff, 0x30, 0xbf,
    0x80, 0x1f, 0xf3, 0x3f, 0xf1, 0x1, 0xff, 0x3b,
    0xf8, 0x0, 0x1f, 0xf6, 0xfe, 0x10, 0x1, 0xff,
    0xdf, 0x70, 0x0, 0x1f, 0xff, 0xf6, 0x0, 0x1,
    0xff, 0xbf, 0xd0, 0x0, 0x1f, 0xf4, 0xff, 0x60,
    0x1, 0xff, 0x39, 0xfd, 0x0, 0x1f, 0xf3, 0x2f,
    0xf5, 0x1, 0xff, 0x30, 0xaf, 0xd0, 0x1f, 0xf3,
    0x3, 0xff, 0x50,

    /* U+041B "Л" */
    0x0, 0xaf, 0xff, 0xff, 0x30, 0xb, 0xff, 0xff,
    0xf3, 0x0, 0xcf, 0x63, 0xff, 0x30, 0xe, 0xf3,
    0xf, 0xf3, 0x0, 0xff, 0x10, 0xff, 0x30, 0x1f,
    0xf0, 0xf, 0xf3, 0x3, 0xfe, 0x0, 0xff, 0x30,
    0x5f, 0xc0, 0xf, 0xf3, 0x7, 0xf9, 0x0, 0xff,
    0x30, 0xbf, 0x70, 0xf, 0xf3, 0x4f, 0xf3, 0x0,
    0xff, 0x3f, 0xfd, 0x0, 0xf, 0xf3, 0xfc, 0x20,
    0x0, 0xff, 0x30,

    /* U+041C "М" */
    0x5f, 0xf2, 0x0, 0xff, 0x55, 0xff, 0x70, 0x5f,
    0xf5, 0x5f, 0xfc, 0xa, 0xff, 0x55, 0xff, 0xf1,
    0xff, 0xf5, 0x5f, 0xff, 0xaf, 0xff, 0x55, 0xfd,
    0xff, 0xfd, 0xf5, 0x5f, 0x9e, 0xfe, 0x9f, 0x55,
    0xf9, 0x9f, 0x98, 0xf5, 0x5f, 0x93, 0xf4, 0x8f,
    0x55, 0xf9, 0xc, 0x8, 0xf5, 0x5f, 0x90, 0x20,
    0x8f, 0x55, 0xf9, 0x0, 0x8, 0xf5, 0x5f, 0x90,
    0x0, 0x8f, 0x50,

    /* U+041D "Н" */
    0xf, 0xf3, 0x3, 0xff, 0x0, 0xff, 0x30, 0x3f,
    0xf0, 0xf, 0xf3, 0x3, 0xff, 0x0, 0xff, 0x30,
    0x3f, 0xf0, 0xf, 0xf3, 0x3, 0xff, 0x0, 0xff,
    0xff, 0xff, 0xf0, 0xf, 0xff, 0xff, 0xff, 0x0,
    0xff, 0x52, 0x5f, 0xf0, 0xf, 0xf3, 0x3, 0xff,
    0x0, 0xff, 0x30, 0x3f, 0xf0, 0xf, 0xf3, 0x3,
    0xff, 0x0, 0xff, 0x30, 0x3f, 0xf0, 0xf, 0xf3,
    0x3, 0xff, 0x0,

    /* U+041E "О" */
    0x0, 0x7d, 0xfd, 0x70, 0x0, 0x8f, 0xff, 0xff,
    0x80, 0xf, 0xf7, 0x7, 0xff, 0x3, 0xff, 0x10,
    0x1f, 0xf3, 0x4f, 0xf0, 0x0, 0xff, 0x44, 0xff,
    0x0, 0xf, 0xf4, 0x4f, 0xf0, 0x0, 0xff, 0x44,
    0xff, 0x0, 0xf, 0xf4, 0x4f, 0xf0, 0x0, 0xff,
    0x43, 0xff, 0x10, 0x1f, 0xf3, 0xf, 0xf7, 0x7,
    0xff, 0x0, 0x8f, 0xff, 0xff, 0x80, 0x0, 0x7d,
    0xfd, 0x70, 0x0,

    /* U+041F "П" */
    0xf, 0xff, 0xff, 0xff, 0x0, 0xff, 0xff, 0xff,
    0xf0, 0xf, 0xf5, 0x25, 0xff, 0x0, 0xff, 0x30,
    0x3f, 0xf0, 0xf, 0xf3, 0x3, 0xff, 0x0, 0xff,
    0x30, 0x3f, 0xf0, 0xf, 0xf3, 0x3, 0xff, 0x0,
    0xff, 0x30, 0x3f, 0xf0, 0xf, 0xf3, 0x3, 0xff,
    0x0, 0xff, 0x30, 0x3f, 0xf0, 0xf, 0xf3, 0x3,
    0xff, 0x0, 0xff, 0x30, 0x3f, 0xf0, 0xf, 0xf3,
    0x3, 0xff, 0x0,

    /* U+0420 "Р" */
    0x1f, 0xff, 0xfc, 0x60, 0x1, 0xff, 0xff, 0xff,
    0x80, 0x1f, 0xf5, 0x3a, 0xff, 0x11, 0xff, 0x30,
    0xf, 0xf4, 0x1f, 0xf3, 0x0, 0xff, 0x61, 0xff,
    0x30, 0x1f, 0xf5, 0x1f, 0xf5, 0x3a, 0xff, 0x21,
    0xff, 0xff, 0xff, 0x90, 0x1f, 0xff, 0xfc, 0x70,
    0x1, 0xff, 0x30, 0x0, 0x0, 0x1f, 0xf3, 0x0,
    0x0, 0x1, 0xff, 0x30, 0x0, 0x0, 0x1f, 0xf3,
    0x0, 0x0, 0x0,

    /* U+0421 "С" */
    0x0, 0x7d, 0xfd, 0x80, 0x0, 0x9f, 0xff, 0xff,
    0x80, 0x1f, 0xf7, 0x7, 0xff, 0x3, 0xff, 0x10,
    0x5, 0x50, 0x4f, 0xf0, 0x0, 0x0, 0x4, 0xff,
    0x0, 0x0, 0x0, 0x4f, 0xf0, 0x0, 0x0, 0x4,
    0xff, 0x0, 0x0, 0x0, 0x4f, 0xf0, 0x0, 0x0,
    0x3, 0xff, 0x10, 0x5, 0x50, 0x1f, 0xf7, 0x7,
    0xff, 0x0, 0x9f, 0xff, 0xff, 0x80, 0x0, 0x7d,
    0xfd, 0x80, 0x0,

    /* U+0422 "Т" */
    0x8f, 0xff, 0xff, 0xff, 0x88, 0xff, 0xff, 0xff,
    0xf8, 0x12, 0x2b, 0xfb, 0x22, 0x10, 0x0, 0xaf,
    0xa0, 0x0, 0x0, 0xa, 0xfa, 0x0, 0x0, 0x0,
    0xaf, 0xa0, 0x0, 0x0, 0xa, 0xfa, 0x0, 0x0,
    0x0, 0xaf, 0xa0, 0x0, 0x0, 0xa, 0xfa, 0x0,
    0x0, 0x0, 0xaf, 0xa0, 0x0, 0x0, 0xa, 0xfa,
    0x0, 0x0, 0x0, 0xaf, 0xa0, 0x0, 0x0, 0xa,
    0xfa, 0x0, 0x0,

    /* U+0423 "У" */
    0xbf, 0xb0, 0x0, 0xaf, 0xb6, 0xff, 0x10, 0xf,
    0xf6, 0xf, 0xf7, 0x5, 0xff, 0x0, 0xaf, 0xc0,
    0xbf, 0xa0, 0x4, 0xff, 0x4f, 0xf4, 0x0, 0xe,
    0xfe, 0xfe, 0x0, 0x0, 0x9f, 0xff, 0x90, 0x0,
    0x3, 0xff, 0xf3, 0x0, 0x0, 0xd, 0xfd, 0x0,
    0x0, 0x0, 0xef, 0x80, 0x0, 0x0, 0x4f, 0xf2,
    0x0, 0x0, 0xa, 0xfc, 0x0, 0x0, 0x0, 0xff,
    0x70, 0x0, 0x0,

    /* U+0424 "Ф" */
    0x0, 0x9, 0xf9, 0x0, 0x0, 0x0, 0xaf, 0xa0,
    0x0, 0x7, 0xff, 0xff, 0xf7, 0x5, 0xff, 0xff,
    0xff, 0xf5, 0xaf, 0xb8, 0xf8, 0xbf, 0xac, 0xf6,
    0x8f, 0x86, 0xfc, 0xcf, 0x58, 0xf8, 0x5f, 0xcc,
    0xf6, 0x8f, 0x86, 0xfc, 0xaf, 0xa8, 0xf8, 0xaf,
    0xa5, 0xff, 0xff, 0xff, 0xf5, 0x8, 0xff, 0xff,
    0xf8, 0x0, 0x0, 0xbf, 0xb0, 0x0, 0x0, 0x9,
    0xf9, 0x0, 0x0,

    /* U+0425 "Х" */
    0x4f, 0xf4, 0x3, 0xff, 0x40, 0xef, 0xa0, 0x8f,
    0xe0, 0x8, 0xff, 0x1e, 0xf8, 0x0, 0x2f, 0xf9,
    0xff, 0x20, 0x0, 0xbf, 0xff, 0xb0, 0x0, 0x5,
    0xff, 0xf5, 0x0, 0x0, 0x1f, 0xff, 0x10, 0x0,
    0x5, 0xff, 0xf6, 0x0, 0x0, 0xcf, 0xff, 0xc0,
    0x0, 0x2f, 0xf9, 0xff, 0x20, 0x8, 0xfe, 0xf,
    0xf8, 0x0, 0xef, 0x90, 0xaf, 0xe0, 0x4f, 0xf4,
    0x5, 0xff, 0x40,

    /* U+0426 "Ц" */
    0xaf, 0xa0, 0xc, 0xf7, 0xa, 0xfa, 0x0, 0xcf,
    0x70, 0xaf, 0xa0, 0xc, 0xf7, 0xa, 0xfa, 0x0,
    0xcf, 0x70, 0xaf, 0xa0, 0xc, 0xf7, 0xa, 0xfa,
    0x0, 0xcf, 0x70, 0xaf, 0xa0, 0xc, 0xf7, 0xa,
    0xfa, 0x0, 0xcf, 0x70, 0xaf, 0xa0, 0xc, 0xf7,
    0xa, 0xfa, 0x0, 0xcf, 0x70, 0xaf, 0xb2, 0x2d,
    0xf9, 0x2a, 0xff, 0xff, 0xff, 0xff, 0xaf, 0xff,
    0xff, 0xff, 0xf0, 0x0, 0x0, 0x0, 0xef, 0x0,
    0x0, 0x0, 0xe, 0xf0, 0x0, 0x0, 0x0, 0x67,

    /* U+0427 "Ч" */
    0x5f, 0xe0, 0x3, 0xff, 0x15, 0xfe, 0x0, 0x3f,
    0xf1, 0x5f, 0xe0, 0x3, 0xff, 0x15, 0xfe, 0x0,
    0x3f, 0xf1, 0x5f, 0xf0, 0x3, 0xff, 0x13, 0xff,
    0x60, 0x5f, 0xf1, 0xc, 0xff, 0xff, 0xff, 0x10,
    0x2b, 0xff, 0xff, 0xf1, 0x0, 0x0, 0x3, 0xff,
    0x10, 0x0, 0x0, 0x3f, 0xf1, 0x0, 0x0, 0x3,
    0xff, 0x10, 0x0, 0x0, 0x3f, 0xf1, 0x0, 0x0,
    0x3, 0xff, 0x10,

    /* U+0428 "Ш" */
    0xaf, 0x62, 0xf2, 0x6f, 0xaa, 0xf6, 0x2f, 0x26,
    0xfa, 0xaf, 0x62, 0xf2, 0x6f, 0xaa, 0xf6, 0x2f,
    0x26, 0xfa, 0xaf, 0x62, 0xf2, 0x6f, 0xaa, 0xf6,
    0x2f, 0x26, 0xfa, 0xaf, 0x62, 0xf2, 0x6f, 0xaa,
    0xf6, 0x2f, 0x26, 0xfa, 0xaf, 0x62, 0xf2, 0x6f,
    0xaa, 0xf6, 0x2f, 0x26, 0xfa, 0xaf, 0x85, 0xf5,
    0x8f, 0xaa, 0xff, 0xff, 0xff, 0xfa, 0xaf, 0xff,
    0xff, 0xff, 0xa0,

    /* U+0429 "Щ" */
    0xff, 0x8, 0xd0, 0xcf, 0x4f, 0xf0, 0x8d, 0xc,
    0xf4, 0xff, 0x8, 0xd0, 0xcf, 0x4f, 0xf0, 0x8d,
    0xc, 0xf4, 0xff, 0x8, 0xd0, 0xcf, 0x4f, 0xf0,
    0x8d, 0xc, 0xf4, 0xff, 0x8, 0xd0, 0xcf, 0x4f,
    0xf0, 0x8d, 0xc, 0xf4, 0xff, 0x8, 0xd0, 0xcf,
    0x4f, 0xf0, 0x8d, 0xc, 0xf4, 0xff, 0x39, 0xd2,
    0xdf, 0x6f, 0xff, 0xff, 0xff, 0xff, 0xff, 0xff,
    0xff, 0xff, 0xf0, 0x0, 0x0, 0x0, 0xef, 0x0,
    0x0, 0x0, 0xe, 0xf0, 0x0, 0x0, 0x0, 0x67,

    /* U+042A "Ъ" */
    0xff, 0xfb, 0x0, 0x0, 0xf, 0xff, 0xb0, 0x0,
    0x0, 0x2a, 0xfb, 0x0, 0x0, 0x0, 0x8f, 0xb0,
    0x0, 0x0, 0x8, 0xff, 0xfe, 0xb2, 0x0, 0x8f,
    0xff, 0xff, 0xf2, 0x8, 0xfc, 0x25, 0xef, 0xa0,
    0x8f, 0xb0, 0x8, 0xfd, 0x8, 0xfb, 0x0, 0x6f,
    0xf0, 0x8f, 0xb0, 0x8, 0xfd, 0x8, 0xfc, 0x46,
    0xef, 0x90, 0x8f, 0xff, 0xff, 0xf1, 0x8, 0xff,
    0xfe, 0xa2, 0x0,

    /* U+042B "Ы" */
    0xff, 0x10, 0x0, 0x1f, 0xff, 0xf1, 0x0, 0x1,
    0xff, 0xff, 0x10, 0x0, 0x1f, 0xff, 0xf1, 0x0,
    0x1, 0xff, 0xff, 0xfd, 0x70, 0x1f, 0xff, 0xff,
    0xff, 0x81, 0xff, 0xff, 0x49, 0xff, 0x2f, 0xff,
    0xf1, 0xf, 0xf5, 0xff, 0xff, 0x10, 0xef, 0x6f,
    0xff, 0xf1, 0xf, 0xf4, 0xff, 0xff, 0x5a, 0xfe,
    0x2f, 0xff, 0xff, 0xff, 0x71, 0xff, 0xff, 0xfc,
    0x60, 0x1f, 0xf0,

    /* U+042C "Ь" */
    0x1f, 0xf3, 0x0, 0x0, 0x1, 0xff, 0x30, 0x0,
    0x0, 0x1f, 0xf3, 0x0, 0x0, 0x1, 0xff, 0x30,
    0x0, 0x0, 0x1f, 0xff, 0xfc, 0x70, 0x1, 0xff,
    0xff, 0xff, 0x90, 0x1f, 0xf5, 0x3a, 0xff, 0x21,
    0xff, 0x30, 0x1f, 0xf5, 0x1f, 0xf3, 0x0, 0xff,
    0x61, 0xff, 0x30, 0x1f, 0xf4, 0x1f, 0xf6, 0x4b,
    0xff, 0x11, 0xff, 0xff, 0xff, 0x80, 0x1f, 0xff,
    0xfc, 0x60, 0x0,

    /* U+042D "Э" */
    0x0, 0x8d, 0xfd, 0x70, 0x0, 0x9f, 0xff, 0xff,
    0x90, 0xf, 0xf6, 0x7, 0xff, 0x0, 0x22, 0x0,
    0x1f, 0xf3, 0x0, 0x0, 0x0, 0xff, 0x40, 0x0,
    0xcf, 0xff, 0xf4, 0x0, 0xc, 0xff, 0xff, 0x40,
    0x0, 0x0, 0x1f, 0xf4, 0x0, 0x0, 0x0, 0xff,
    0x40, 0x88, 0x0, 0x1f, 0xf3, 0xf, 0xf7, 0x8,
    0xff, 0x0, 0x8f, 0xff, 0xff, 0x90, 0x0, 0x7d,
    0xfd, 0x70, 0x0,

    /* U+042E "Ю" */
    0xfe, 0x1, 0xae, 0xd7, 0xf, 0xe0, 0xaf, 0xff,
    0xf5, 0xfe, 0xf, 0xe1, 0x5f, 0xcf, 0xe2, 0xfa,
    0x0, 0xfe, 0xfe, 0x2f, 0x90, 0xf, 0xff, 0xff,
    0xf9, 0x0, 0xef, 0xff, 0xff, 0x90, 0xe, 0xff,
    0xe5, 0xf9, 0x0, 0xef, 0xfe, 0x2f, 0x90, 0xf,
    0xff, 0xe1, 0xfa, 0x0, 0xfe, 0xfe, 0xf, 0xe1,
    0x5f, 0xcf, 0xe0, 0x9f, 0xff, 0xf5, 0xfe, 0x0,
    0xae, 0xd7, 0x0,

    /* U+042F "Я" */
    0x0, 0x7d, 0xff, 0xff, 0x10, 0xaf, 0xff, 0xff,
    0xf1, 0x3f, 0xfa, 0x35, 0xff, 0x16, 0xff, 0x0,
    0x3f, 0xf1, 0x7f, 0xe0, 0x3, 0xff, 0x14, 0xff,
    0x20, 0x3f, 0xf1, 0xc, 0xfd, 0x89, 0xff, 0x10,
    0x1a, 0xff, 0xff, 0xf1, 0x0, 0x3f, 0xfa, 0xff,
    0x10, 0xb, 0xfd, 0x4f, 0xf1, 0x3, 0xff, 0x53,
    0xff, 0x10, 0xcf, 0xd0, 0x3f, 0xf1, 0x4f, 0xf4,
    0x3, 0xff, 0x10,

    /* U+0430 "а" */
    0x0, 0x6b, 0xfe, 0x91, 0x0, 0x8f, 0xff, 0xff,
    0xb0, 0x3, 0xa4, 0x6, 0xff, 0x10, 0x0, 0x1,
    0xf, 0xf3, 0x5, 0xef, 0xfe, 0xff, 0x32, 0xff,
    0x85, 0x7f, 0xf3, 0x5f, 0xe0, 0x4, 0xff, 0x32,
    0xff, 0xee, 0xff, 0xf3, 0x4, 0xcf, 0xd8, 0xcf,
    0x30,

    /* U+0431 "б" */
    0x0, 0x0, 0x0, 0x4, 0x0, 0x0, 0x47, 0xaf,
    0xb0, 0x3, 0xdf, 0xff, 0xfc, 0x0, 0xdf, 0xfc,
    0xa6, 0x10, 0x1f, 0xd2, 0x0, 0x0, 0x4, 0xf9,
    0xbf, 0xc5, 0x0, 0x5f, 0xff, 0xef, 0xf6, 0x5,
    0xff, 0x50, 0x6f, 0xe0, 0x5f, 0xf0, 0x0, 0xff,
    0x34, 0xfc, 0x0, 0xd, 0xf5, 0x3f, 0xf0, 0x0,
    0xff, 0x30, 0xef, 0x60, 0x7f, 0xe0, 0x6, 0xff,
    0xff, 0xf6, 0x0, 0x6, 0xcf, 0xc5, 0x0,

    /* U+0432 "в" */
    0x1f, 0xff, 0xfe, 0xb2, 0x1, 0xff, 0xcc, 0xef,
    0xd0, 0x1f, 0xf1, 0x5, 0xff, 0x1, 0xff, 0xa9,
    0xdf, 0xa0, 0x1f, 0xff, 0xff, 0xf7, 0x1, 0xff,
    0x10, 0x5f, 0xf2, 0x1f, 0xf1, 0x2, 0xff, 0x41,
    0xff, 0xdc, 0xff, 0xe1, 0x1f, 0xff, 0xfe, 0xb3,
    0x0,

    /* U+0433 "г" */
    0x1f, 0xff, 0xff, 0xff, 0x21, 0xff, 0xff, 0xff,
    0xf2, 0x1f, 0xf1, 0x0, 0x0, 0x1, 0xff, 0x10,
    0x0, 0x0, 0x1f, 0xf1, 0x0, 0x0, 0x1, 0xff,
    0x10, 0x0, 0x0, 0x1f, 0xf1, 0x0, 0x0, 0x1,
    0xff, 0x10, 0x0, 0x0, 0x1f, 0xf1, 0x0, 0x0,
    0x0,

    /* U+0434 "д" */
    0x0, 0xaf, 0xff, 0xff, 0x0, 0xc, 0xff, 0xff,
    0xf0, 0x0, 0xef, 0x32, 0xff, 0x0, 0xf, 0xf0,
    0x2f, 0xf0, 0x3, 0xfe, 0x2, 0xff, 0x0, 0x7f,
    0xa0, 0x2f, 0xf0, 0x1d, 0xf7, 0x2, 0xff, 0x1f,
    0xff, 0xff, 0xff, 0xff, 0xff, 0xff, 0xff, 0xff,
    0xff, 0xc0, 0x0, 0x0, 0xcf, 0xfc, 0x0, 0x0,
    0xc, 0xf4, 0x30, 0x0, 0x0, 0x34,

    /* U+0435 "е" */
    0x0, 0x5c, 0xfd, 0x70, 0x0, 0x6f, 0xff, 0xff,
    0x90, 0xe, 0xf5, 0x4, 0xff, 0x13, 0xfe, 0x0,
    0xd, 0xf4, 0x5f, 0xff, 0xff, 0xff, 0x63, 0xfe,
    0x32, 0x22, 0x21, 0xf, 0xf7, 0x1, 0x96, 0x0,
    0x7f, 0xff, 0xff, 0xd0, 0x0, 0x5c, 0xfe, 0xa1,
    0x0,

    /* U+0436 "ж" */
    0x9f, 0x44, 0xf4, 0x4f, 0x92, 0xfb, 0x4f, 0x4b,
    0xf2, 0xb, 0xf7, 0xf7, 0xfb, 0x0, 0x4f, 0xdf,
    0xdf, 0x40, 0x2, 0xff, 0xff, 0xf2, 0x0, 0x8f,
    0xcf, 0xcf, 0x80, 0xe, 0xf6, 0xf6, 0xfe, 0x6,
    0xfa, 0x4f, 0x4a, 0xf6, 0xcf, 0x44, 0xf4, 0x4f,
    0xc0,

    /* U+0437 "з" */
    0x2, 0xae, 0xfd, 0x91, 0x0, 0xef, 0xfd, 0xff,
    0xd0, 0x3, 0x60, 0x3, 0xff, 0x10, 0x0, 0x8d,
    0xff, 0x90, 0x0, 0xa, 0xff, 0xfa, 0x0, 0x0,
    0x0, 0x4f, 0xf3, 0x6, 0xa1, 0x2, 0xff, 0x40,
    0xdf, 0xfd, 0xff, 0xd0, 0x1, 0x9e, 0xfe, 0xa1,
    0x0,

    /* U+0438 "и" */
    0xf, 0xf1, 0x6, 0xff, 0x0, 0xff, 0x10, 0xef,
    0xf0, 0xf, 0xf1, 0x6f, 0xff, 0x0, 0xff, 0x2e,
    0xff, 0xf0, 0xf, 0xf9, 0xf9, 0xff, 0x0, 0xff,
    0xfe, 0x2f, 0xf0, 0xf, 0xff, 0x61, 0xff, 0x0,
    0xff, 0xe0, 0x1f, 0xf0, 0xf, 0xf6, 0x1, 0xff,
    0x0,

    /* U+0439 "й" */
    0x7, 0x70, 0x0, 0x77, 0x0, 0xdf, 0x20, 0x2f,
    0xd0, 0x9, 0xf8, 0x8, 0xf9, 0x0, 0x1b, 0xff,
    0xfb, 0x10, 0x0, 0x1, 0x21, 0x0, 0x0, 0xff,
    0x10, 0x6f, 0xf0, 0xf, 0xf1, 0xe, 0xff, 0x0,
    0xff, 0x16, 0xff, 0xf0, 0xf, 0xf2, 0xef, 0xff,
    0x0, 0xff, 0x9f, 0x9f, 0xf0, 0xf, 0xff, 0xe2,
    0xff, 0x0, 0xff, 0xf6, 0x1f, 0xf0, 0xf, 0xfe,
    0x1, 0xff, 0x0, 0xff, 0x60, 0x1f, 0xf0,

    /* U+043A "к" */
    0x1f, 0xf1, 0xc, 0xf8, 0x1, 0xff, 0x16, 0xfd,
    0x0, 0x1f, 0xf2, 0xef, 0x40, 0x1, 0xff, 0xbf,
    0x90, 0x0, 0x1f, 0xff, 0xf7, 0x0, 0x1, 0xff,
    0x9f, 0xf1, 0x0, 0x1f, 0xf1, 0xdf, 0xa0, 0x1,
    0xff, 0x13, 0xff, 0x40, 0x1f, 0xf1, 0x8, 0xfd,
    0x0,

    /* U+043B "л" */
    0x0, 0xaf, 0xff, 0xff, 0x0, 0xc, 0xff, 0xff,
    0xf0, 0x0, 0xef, 0x32, 0xff, 0x0, 0xf, 0xf0,
    0x1f, 0xf0, 0x3, 0xfe, 0x1, 0xff, 0x0, 0x7f,
    0xb0, 0x1f, 0xf0, 0x1d, 0xf7, 0x1, 0xff, 0xe,
    0xff, 0x20, 0x1f, 0xf0, 0xdd, 0x50, 0x1, 0xff,
    0x0,

    /* U+043C "м" */
    0x5f, 0xf3, 0x1, 0xff, 0x55, 0xff, 0xa0, 0x8f,
    0xf5, 0x5f, 0xff, 0x2f, 0xff, 0x55, 0xfe, 0xfe,
    0xfe, 0xf5, 0x5f, 0x9e, 0xfe, 0x9f, 0x55, 0xf9,
    0x6f, 0x78, 0xf5, 0x5f, 0x90, 0xd0, 0x8f, 0x55,
    0xf9, 0x1, 0x8, 0xf5, 0x5f, 0x90, 0x0, 0x8f,
    0x50,

    /* U+043D "н" */
    0xf, 0xf1, 0x1, 0xff, 0x0, 0xff, 0x10, 0x1f,
    0xf0, 0xf, 0xf1, 0x1, 0xff, 0x0, 0xff, 0xff,
    0xff, 0xf0, 0xf, 0xff, 0xff, 0xff, 0x0, 0xff,
    0x20, 0x2f, 0xf0, 0xf, 0xf1, 0x1, 0xff, 0x0,
    0xff, 0x10, 0x1f, 0xf0, 0xf, 0xf1, 0x1, 0xff,
    0x0,

    /* U+043E "о" */
    0x0, 0x5c, 0xfc, 0x50, 0x0, 0x6f, 0xff, 0xff,
    0x60, 0xe, 0xf7, 0x7, 0xfe, 0x3, 0xff, 0x0,
    0xf, 0xf3, 0x5f, 0xd0, 0x0, 0xdf, 0x53, 0xff,
    0x0, 0xf, 0xf3, 0xe, 0xf7, 0x7, 0xfe, 0x0,
    0x6f, 0xff, 0xff, 0x60, 0x0, 0x5c, 0xfc, 0x50,
    0x0,

    /* U+043F "п" */
    0xf, 0xff, 0xff, 0xff, 0x0, 0xff, 0xff, 0xff,
    0xf0, 0xf, 0xf2, 0x2, 0xff, 0x0, 0xff, 0x10,
    0x1f, 0xf0, 0xf, 0xf1, 0x1, 0xff, 0x0, 0xff,
    0x10, 0x1f, 0xf0, 0xf, 0xf1, 0x1, 0xff, 0x0,
    0xff, 0x10, 0x1f, 0xf0, 0xf, 0xf1, 0x1, 0xff,
    0x0,

    /* U+0440 "р" */
    0x1f, 0xf7, 0xde, 0xb1, 0x1, 0xff, 0xfe, 0xff,
    0xc0, 0x1f, 0xf7, 0x2, 0xff, 0x21, 0xff, 0x10,
    0xe, 0xf5, 0x1f, 0xf1, 0x0, 0xdf, 0x61, 0xff,
    0x10, 0xe, 0xf5, 0x1f, 0xf7, 0x2, 0xff, 0x21,
    0xff, 0xfe, 0xef, 0xc0, 0x1f, 0xf8, 0xef, 0xb1,
    0x1, 0xff, 0x10, 0x0, 0x0, 0x1f, 0xf1, 0x0,
    0x0, 0x1, 0xff, 0x10, 0x0, 0x0, 0x1f, 0xf1,
    0x0, 0x0, 0x0,

    /* U+0441 "с" */
    0x0, 0x4b, 0xee, 0xa1, 0x0, 0x6f, 0xff, 0xff,
    0xd0, 0xe, 0xf8, 0x1, 0xa6, 0x3, 0xff, 0x0,
    0x0, 0x0, 0x5f, 0xd0, 0x0, 0x0, 0x3, 0xff,
    0x0, 0x0, 0x0, 0xe, 0xf8, 0x1, 0xa6, 0x0,
    0x5f, 0xff, 0xff, 0xd0, 0x0, 0x4b, 0xee, 0xa1,
    0x0,

    /* U+0442 "т" */
    0x3f, 0xff, 0xff, 0xff, 0x23, 0xff, 0xff, 0xff,
    0xf2, 0x0, 0x9, 0xf9, 0x0, 0x0, 0x0, 0x9f,
    0x90, 0x0, 0x0, 0x9, 0xf9, 0x0, 0x0, 0x0,
    0x9f, 0x90, 0x0, 0x0, 0x9, 0xf9, 0x0, 0x0,
    0x0, 0x9f, 0x90, 0x0, 0x0, 0x9, 0xf9, 0x0,
    0x0,

    /* U+0443 "у" */
    0x6f, 0xe0, 0x0, 0xbf, 0x61, 0xff, 0x30, 0xf,
    0xf1, 0xc, 0xf8, 0x4, 0xfd, 0x0, 0x7f, 0xc0,
    0x9f, 0x80, 0x2, 0xff, 0x1d, 0xf3, 0x0, 0xd,
    0xf7, 0xfe, 0x0, 0x0, 0x8f, 0xff, 0xa0, 0x0,
    0x4, 0xff, 0xf5, 0x0, 0x0, 0xe, 0xff, 0x10,
    0x0, 0x0, 0xaf, 0xc0, 0x0, 0x0, 0xc, 0xf8,
    0x0, 0x0, 0x1, 0xff, 0x30, 0x0, 0x0, 0x6f,
    0xe0, 0x0, 0x0,

    /* U+0444 "ф" */
    0x0, 0x9, 0xf9, 0x0, 0x0, 0x0, 0x9f, 0x90,
    0x0, 0x0, 0x9, 0xf9, 0x0, 0x0, 0x0, 0x9f,
    0x90, 0x0, 0x1, 0x8e, 0xfe, 0x81, 0x1, 0xef,
    0xff, 0xff, 0xe1, 0x8f, 0xeb, 0xfb, 0xef, 0x8b,
    0xf7, 0x8f, 0x88, 0xfb, 0xcf, 0x58, 0xf8, 0x5f,
    0xcc, 0xf6, 0x8f, 0x86, 0xfc, 0xaf, 0xa8, 0xf8,
    0xaf, 0xa5, 0xff, 0xff, 0xff, 0xf5, 0x8, 0xff,
    0xff, 0xf8, 0x0, 0x1, 0xbf, 0xb1, 0x0, 0x0,
    0x9, 0xf9, 0x0, 0x0, 0x0, 0x9f, 0x90, 0x0,
    0x0, 0x9, 0xf9, 0x0, 0x0,

    /* U+0445 "х" */
    0xd, 0xf5, 0x5, 0xfe, 0x0, 0x5f, 0xd0, 0xdf,
    0x50, 0x0, 0xcf, 0xbf, 0xc0, 0x0, 0x4, 0xff,
    0xf3, 0x0, 0x0, 0xe, 0xfe, 0x0, 0x0, 0x6,
    0xff, 0xf6, 0x0, 0x0, 0xef, 0x6f, 0xe0, 0x0,
    0x7f, 0xc0, 0xbf, 0x70, 0x1f, 0xf4, 0x4, 0xff,
    0x10,

    /* U+0446 "ц" */
    0x6f, 0xc0, 0x7, 0xfb, 0x6, 0xfc, 0x0, 0x7f,
    0xb0, 0x6f, 0xc0, 0x7, 0xfb, 0x6, 0xfc, 0x0,
    0x7f, 0xb0, 0x6f, 0xc0, 0x7, 0xfb, 0x6, 0xfc,
    0x0, 0x7f, 0xb0, 0x6f, 0xc0, 0x8, 0xfb, 0x6,
    0xff, 0xff, 0xff, 0xff, 0x6f, 0xff, 0xff, 0xff,
    0xf0, 0x0, 0x0, 0x0, 0xcf, 0x0, 0x0, 0x0,
    0xc, 0xf0, 0x0, 0x0, 0x0, 0x34,

    /* U+0447 "ч" */
    0x1f, 0xf1, 0x1, 0xff, 0x1, 0xff, 0x10, 0x1f,
    0xf0, 0x1f, 0xf1, 0x1, 0xff, 0x0, 0xff, 0x80,
    0x3f, 0xf0, 0x9, 0xff, 0xff, 0xff, 0x0, 0x7,
    0xce, 0xdf, 0xf0, 0x0, 0x0, 0x1, 0xff, 0x0,
    0x0, 0x0, 0x1f, 0xf0, 0x0, 0x0, 0x1, 0xff,
    0x0,

    /* U+0448 "ш" */
    0xaf, 0x62, 0xf2, 0x6f, 0xaa, 0xf6, 0x2f, 0x26,
    0xfa, 0xaf, 0x62, 0xf2, 0x6f, 0xaa, 0xf6, 0x2f,
    0x26, 0xfa, 0xaf, 0x62, 0xf2, 0x6f, 0xaa, 0xf6,
    0x2f, 0x26, 0xfa, 0xaf, 0x85, 0xf5, 0x8f, 0xaa,
    0xff, 0xff, 0xff, 0xfa, 0xaf, 0xff, 0xff, 0xff,
    0xa0,

    /* U+0449 "щ" */
    0xff, 0x8, 0xd0, 0xcf, 0x4f, 0xf0, 0x8d, 0xc,
    0xf4, 0xff, 0x8, 0xd0, 0xcf, 0x4f, 0xf0, 0x8d,
    0xc, 0xf4, 0xff, 0x8, 0xd0, 0xcf, 0x4f, 0xf0,
    0x8d, 0xc, 0xf4, 0xff, 0x18, 0xd0, 0xcf, 0x4f,
    0xff, 0xff, 0xff, 0xff, 0xff, 0xff, 0xff, 0xff,
    0xf0, 0x0, 0x0, 0x0, 0xcf, 0x0, 0x0, 0x0,
    0xc, 0xf0, 0x0, 0x0, 0x0, 0x34,

    /* U+044A "ъ" */
    0xff, 0xfc, 0x0, 0x0, 0xf, 0xff, 0xc0, 0x0,
    0x0, 0x7, 0xfc, 0x0, 0x0, 0x0, 0x6f, 0xff,
    0xfd, 0x80, 0x6, 0xff, 0xef, 0xff, 0x90, 0x6f,
    0xc0, 0x7, 0xfe, 0x6, 0xfc, 0x1, 0x8f, 0xe0,
    0x6f, 0xff, 0xff, 0xf8, 0x6, 0xff, 0xff, 0xd8,
    0x0,

    /* U+044B "ы" */
    0xdf, 0x50, 0x0, 0x4f, 0xdd, 0xf5, 0x0, 0x4,
    0xfd, 0xdf, 0x50, 0x0, 0x4f, 0xdd, 0xff, 0xd9,
    0x14, 0xfd, 0xdf, 0xff, 0xfb, 0x4f, 0xdd, 0xf5,
    0x5f, 0xf5, 0xfd, 0xdf, 0x56, 0xff, 0x5f, 0xdd,
    0xff, 0xff, 0xb4, 0xfd, 0xdf, 0xfe, 0x91, 0x4f,
    0xd0,

    /* U+044C "ь" */
    0x1f, 0xf1, 0x0, 0x0, 0x1, 0xff, 0x10, 0x0,
    0x0, 0x1f, 0xf1, 0x0, 0x0, 0x1, 0xff, 0xff,
    0xea, 0x20, 0x1f, 0xff, 0xff, 0xfe, 0x1, 0xff,
    0x10, 0x2f, 0xf3, 0x1f, 0xf1, 0x3, 0xff, 0x31,
    0xff, 0xff, 0xff, 0xd0, 0x1f, 0xff, 0xfe, 0xa2,
    0x0,

    /* U+044D "э" */
    0x2, 0xae, 0xeb, 0x40, 0x0, 0xef, 0xff, 0xff,
    0x60, 0x3, 0x61, 0x6, 0xfe, 0x0, 0x2, 0xcc,
    0xcf, 0xf3, 0x0, 0x2f, 0xff, 0xff, 0x50, 0x0,
    0x0, 0x1f, 0xf3, 0x5, 0xa2, 0x9, 0xfe, 0x0,
    0xdf, 0xff, 0xff, 0x50, 0x1, 0xae, 0xeb, 0x40,
    0x0,

    /* U+044E "ю" */
    0xff, 0x3, 0xcf, 0xc3, 0xf, 0xf1, 0xef, 0xff,
    0xf2, 0xff, 0x6f, 0x90, 0x8f, 0xaf, 0xff, 0xf3,
    0x2, 0xfd, 0xff, 0xff, 0x0, 0xf, 0xff, 0xf7,
    0xf3, 0x1, 0xfd, 0xff, 0x3f, 0x80, 0x6f, 0xaf,
    0xf0, 0xcf, 0xdf, 0xf2, 0xff, 0x1, 0xbf, 0xc3,
    0x0,

    /* U+044F "я" */
    0x1, 0x9e, 0xff, 0xff, 0x10, 0xdf, 0xff, 0xff,
    0xf1, 0x3f, 0xf5, 0x2, 0xff, 0x13, 0xff, 0x20,
    0x1f, 0xf1, 0xc, 0xff, 0xcc, 0xff, 0x10, 0x18,
    0xff, 0xcf, 0xf1, 0x0, 0x7f, 0xe2, 0xff, 0x10,
    0x3f, 0xf4, 0x1f, 0xf1, 0x1e, 0xf8, 0x1, 0xff,
    0x10,

    /* U+0450 "ѐ" */
    0x0, 0x66, 0x30, 0x0, 0x0, 0x7, 0xfd, 0x0,
    0x0, 0x0, 0xc, 0xf5, 0x0, 0x0, 0x0, 0x2f,
    0xd0, 0x0, 0x0, 0x0, 0x0, 0x0, 0x0, 0x5,
    0xcf, 0xd7, 0x0, 0x6, 0xff, 0xff, 0xf9, 0x0,
    0xef, 0x50, 0x4f, 0xf1, 0x3f, 0xe0, 0x0, 0xdf,
    0x45, 0xff, 0xff, 0xff, 0xf6, 0x3f, 0xe3, 0x22,
    0x22, 0x10, 0xff, 0x70, 0x19, 0x60, 0x7, 0xff,
    0xff, 0xfd, 0x0, 0x5, 0xcf, 0xea, 0x10,

    /* U+0451 "ё" */
    0x7, 0xe5, 0x3, 0xd9, 0x0, 0xdf, 0xa0, 0x7f,
    0xf0, 0x4, 0x92, 0x1, 0x95, 0x0, 0x0, 0x0,
    0x0, 0x0, 0x0, 0x5c, 0xfd, 0x70, 0x0, 0x6f,
    0xff, 0xff, 0x90, 0xe, 0xf5, 0x4, 0xff, 0x13,
    0xfe, 0x0, 0xd, 0xf4, 0x5f, 0xff, 0xff, 0xff,
    0x63, 0xfe, 0x32, 0x22, 0x21, 0xf, 0xf7, 0x1,
    0x96, 0x0, 0x7f, 0xff, 0xff, 0xd0, 0x0, 0x5c,
    0xfe, 0xa1, 0x0,

    /* U+0452 "ђ" */
    0x1f, 0xf1, 0x0, 0x0, 0x1, 0xff, 0x10, 0x0,
    0x0, 0xff, 0xff, 0xff, 0xf4, 0xc, 0xff, 0xcc,
    0xcc, 0x30, 0x1f, 0xf8, 0xdf, 0xd4, 0x1, 0xff,
    0xfe, 0xff, 0xe0, 0x1f, 0xf8, 0x1, 0xff, 0x31,
    0xff, 0x10, 0xe, 0xf4, 0x1f, 0xf1, 0x0, 0xdf,
    0x41, 0xff, 0x10, 0xd, 0xf4, 0x1f, 0xf1, 0x0,
    0xdf, 0x41, 0xff, 0x10, 0xd, 0xf4, 0x1f, 0xf1,
    0x0, 0xdf, 0x40, 0x0, 0x0, 0xe, 0xf4, 0x0,
    0x2, 0x24, 0xff, 0x30, 0x0, 0xff, 0xff, 0xe0,
    0x0, 0xf, 0xff, 0xd3, 0x0,

    /* U+0453 "ѓ" */
    0x0, 0x0, 0x16, 0x61, 0x0, 0x0, 0xa, 0xfb,
    0x0, 0x0, 0x2, 0xfe, 0x10, 0x0, 0x0, 0xaf,
    0x50, 0x0, 0x0, 0x0, 0x0, 0x0, 0x1, 0xff,
    0xff, 0xff, 0xf2, 0x1f, 0xff, 0xff, 0xff, 0x21,
    0xff, 0x10, 0x0, 0x0, 0x1f, 0xf1, 0x0, 0x0,
    0x1, 0xff, 0x10, 0x0, 0x0, 0x1f, 0xf1, 0x0,
    0x0, 0x1, 0xff, 0x10, 0x0, 0x0, 0x1f, 0xf1,
    0x0, 0x0, 0x1, 0xff, 0x10, 0x0, 0x0,

    /* U+0454 "є" */
    0x0, 0x4b, 0xee, 0xa2, 0x0, 0x6f, 0xff, 0xff,
    0xe0, 0xe, 0xf6, 0x1, 0x63, 0x3, 0xff, 0xcc,
    0xc2, 0x0, 0x5f, 0xff, 0xff, 0x20, 0x3, 0xff,
    0x0, 0x0, 0x0, 0xe, 0xf8, 0x2, 0xa5, 0x0,
    0x5f, 0xff, 0xff, 0xd0, 0x0, 0x4b, 0xee, 0xa1,
    0x0,

    /* U+0455 "ѕ" */
    0x8, 0xef, 0xd7, 0x8, 0xfd, 0xae, 0xf5, 0xbf,
    0x70, 0x36, 0x36, 0xff, 0x92, 0x0, 0x6, 0xef,
    0xfb, 0x0, 0x0, 0x6f, 0xf9, 0x79, 0x50, 0x6f,
    0xd7, 0xff, 0xbe, 0xf9, 0x8, 0xdf, 0xe9, 0x0,

    /* U+0456 "і" */
    0x0, 0x6e, 0x60, 0x0, 0xb, 0xfb, 0x0, 0x0,
    0x39, 0x30, 0x0, 0x0, 0x0, 0x0, 0x5f, 0xff,
    0xa0, 0x5, 0xff, 0xfa, 0x0, 0x0, 0x8f, 0xa0,
    0x0, 0x8, 0xfa, 0x0, 0x0, 0x8f, 0xa0, 0x0,
    0x8, 0xfa, 0x0, 0x0, 0x8f, 0xa0, 0x5, 0xff,
    0xff, 0xf5, 0x5f, 0xff, 0xff, 0x50,

    /* U+0457 "ї" */
    0xb, 0xd2, 0x6, 0xe6, 0x1f, 0xf6, 0xb, 0xfb,
    0x6, 0x91, 0x3, 0x93, 0x0, 0x0, 0x0, 0x0,
    0x5, 0xff, 0xfa, 0x0, 0x5, 0xff, 0xfa, 0x0,
    0x0, 0x8, 0xfa, 0x0, 0x0, 0x8, 0xfa, 0x0,
    0x0, 0x8, 0xfa, 0x0, 0x0, 0x8, 0xfa, 0x0,
    0x0, 0x8, 0xfa, 0x0, 0x5, 0xff, 0xff, 0xf5,
    0x5, 0xff, 0xff, 0xf5,

    /* U+0458 "ј" */
    0x0, 0x3, 0xd9, 0x0, 0x0, 0x7f, 0xf0, 0x0,
    0x1, 0x95, 0x0, 0x0, 0x0, 0x0, 0xd, 0xff,
    0xfc, 0x0, 0xdf, 0xff, 0xc0, 0x0, 0x6, 0xfc,
    0x0, 0x0, 0x6f, 0xc0, 0x0, 0x6, 0xfc, 0x0,
    0x0, 0x6f, 0xc0, 0x0, 0x6, 0xfc, 0x0, 0x0,
    0x6f, 0xc0, 0x0, 0x6, 0xfc, 0x0, 0x0, 0x6f,
    0xc0, 0x12, 0x2b, 0xfa, 0x8, 0xff, 0xff, 0x60,
    0x8f, 0xfe, 0x90, 0x0,

    /* U+0459 "љ" */
    0x2, 0xff, 0xfb, 0x0, 0x0, 0x4f, 0xff, 0xb0,
    0x0, 0x5, 0xfa, 0xfb, 0x0, 0x0, 0x8f, 0x8f,
    0xfe, 0xa1, 0xa, 0xf6, 0xff, 0xff, 0xa0, 0xdf,
    0x3f, 0xb2, 0xfe, 0x4f, 0xc3, 0xfb, 0x3f, 0xef,
    0xf8, 0x3f, 0xff, 0xfa, 0xfa, 0x3, 0xff, 0xea,
    0x10,

    /* U+045A "њ" */
    0xcf, 0x7, 0xf5, 0x0, 0xc, 0xf0, 0x7f, 0x50,
    0x0, 0xcf, 0x7, 0xf5, 0x0, 0xc, 0xff, 0xff,
    0xfe, 0xa1, 0xcf, 0xef, 0xff, 0xff, 0xac, 0xf0,
    0x7f, 0x52, 0xfe, 0xcf, 0x7, 0xf6, 0x4f, 0xec,
    0xf0, 0x7f, 0xff, 0xfa, 0xcf, 0x7, 0xff, 0xea,
    0x10,

    /* U+045B "ћ" */
    0x1f, 0xf1, 0x0, 0x0, 0xc, 0xff, 0xcc, 0xcc,
    0x30, 0xff, 0xff, 0xff, 0xf4, 0x1, 0xff, 0x10,
    0x0, 0x0, 0x1f, 0xf8, 0xdf, 0xd4, 0x1, 0xff,
    0xfe, 0xff, 0xf1, 0x1f, 0xf8, 0x1, 0xff, 0x31,
    0xff, 0x10, 0xe, 0xf4, 0x1f, 0xf1, 0x0, 0xdf,
    0x41, 0xff, 0x10, 0xd, 0xf4, 0x1f, 0xf1, 0x0,
    0xdf, 0x41, 0xff, 0x10, 0xd, 0xf4, 0x1f, 0xf1,
    0x0, 0xdf, 0x40,

    /* U+045C "ќ" */
    0x0, 0x0, 0x36, 0x60, 0x0, 0x0, 0xc, 0xf8,
    0x0, 0x0, 0x5, 0xfd, 0x0, 0x0, 0x0, 0xdf,
    0x20, 0x0, 0x0, 0x0, 0x0, 0x0, 0x1, 0xff,
    0x10, 0xcf, 0x80, 0x1f, 0xf1, 0x6f, 0xd0, 0x1,
    0xff, 0x2e, 0xf4, 0x0, 0x1f, 0xfb, 0xf9, 0x0,
    0x1, 0xff, 0xff, 0x70, 0x0, 0x1f, 0xf9, 0xff,
    0x10, 0x1, 0xff, 0x1d, 0xfa, 0x0, 0x1f, 0xf1,
    0x3f, 0xf4, 0x1, 0xff, 0x10, 0x8f, 0xd0,

    /* U+045D "ѝ" */
    0x0, 0x66, 0x20, 0x0, 0x0, 0x8, 0xfc, 0x0,
    0x0, 0x0, 0xd, 0xf4, 0x0, 0x0, 0x0, 0x3f,
    0xc0, 0x0, 0x0, 0x0, 0x0, 0x0, 0x0, 0xff,
    0x10, 0x6f, 0xf0, 0xf, 0xf1, 0xe, 0xff, 0x0,
    0xff, 0x16, 0xff, 0xf0, 0xf, 0xf2, 0xef, 0xff,
    0x0, 0xff, 0x9f, 0x9f, 0xf0, 0xf, 0xff, 0xe2,
    0xff, 0x0, 0xff, 0xf6, 0x1f, 0xf0, 0xf, 0xfe,
    0x1, 0xff, 0x0, 0xff, 0x60, 0x1f, 0xf0,

    /* U+045E "ў" */
    0xe, 0xf1, 0x1, 0xfe, 0x0, 0xcf, 0x20, 0x2f,
    0xc0, 0x7, 0xf9, 0x19, 0xf7, 0x0, 0x8, 0xdf,
    0xd8, 0x0, 0x6f, 0xe0, 0x0, 0xbf, 0x61, 0xff,
    0x30, 0xf, 0xf1, 0xc, 0xf8, 0x4, 0xfd, 0x0,
    0x7f, 0xc0, 0x9f, 0x80, 0x2, 0xff, 0x1d, 0xf3,
    0x0, 0xd, 0xf7, 0xfe, 0x0, 0x0, 0x8f, 0xff,
    0xa0, 0x0, 0x4, 0xff, 0xf5, 0x0, 0x0, 0xe,
    0xff, 0x10, 0x0, 0x0, 0xaf, 0xc0, 0x0, 0x0,
    0xc, 0xf8, 0x0, 0x0, 0x1, 0xff, 0x30, 0x0,
    0x0, 0x6f, 0xe0, 0x0, 0x0,

    /* U+045F "џ" */
    0xf, 0xf1, 0x1, 0xff, 0x0, 0xff, 0x10, 0x1f,
    0xf0, 0xf, 0xf1, 0x1, 0xff, 0x0, 0xff, 0x10,
    0x1f, 0xf0, 0xf, 0xf1, 0x1, 0xff, 0x0, 0xff,
    0x10, 0x1f, 0xf0, 0xf, 0xf2, 0x2, 0xff, 0x0,
    0xff, 0xff, 0xff, 0xf0, 0xf, 0xff, 0xff, 0xff,
    0x0, 0x0, 0x5f, 0x50, 0x0, 0x0, 0x5, 0xf5,
    0x0, 0x0, 0x0, 0x27, 0x20, 0x0,

    /* U+0490 "Ґ" */
    0x0, 0x0, 0x0, 0x67, 0x0, 0x0, 0x0, 0xd,
    0xf1, 0x0, 0x0, 0x0, 0xdf, 0x11, 0xff, 0xff,
    0xff, 0xf1, 0x1f, 0xff, 0xff, 0xff, 0x11, 0xff,
    0x52, 0x22, 0x20, 0x1f, 0xf3, 0x0, 0x0, 0x1,
    0xff, 0x30, 0x0, 0x0, 0x1f, 0xf3, 0x0, 0x0,
    0x1, 0xff, 0x30, 0x0, 0x0, 0x1f, 0xf3, 0x0,
    0x0, 0x1, 0xff, 0x30, 0x0, 0x0, 0x1f, 0xf3,
    0x0, 0x0, 0x1, 0xff, 0x30, 0x0, 0x0, 0x1f,
    0xf3, 0x0, 0x0, 0x1, 0xff, 0x30, 0x0, 0x0,

    /* U+0491 "ґ" */
    0x0, 0x0, 0x0, 0x47, 0x10, 0x0, 0x0, 0x9,
    0xf2, 0x0, 0x0, 0x0, 0x9f, 0x21, 0xff, 0xff,
    0xff, 0xf2, 0x1f, 0xff, 0xff, 0xff, 0x21, 0xff,
    0x10, 0x0, 0x0, 0x1f, 0xf1, 0x0, 0x0, 0x1,
    0xff, 0x10, 0x0, 0x0, 0x1f, 0xf1, 0x0, 0x0,
    0x1, 0xff, 0x10, 0x0, 0x0, 0x1f, 0xf1, 0x0,
    0x0, 0x1, 0xff, 0x10, 0x0, 0x0,

    /* U+0492 "Ғ" */
    0x1f, 0xff, 0xff, 0xff, 0x11, 0xff, 0xff, 0xff,
    0xf1, 0x1f, 0xf5, 0x22, 0x22, 0x1, 0xff, 0x30,
    0x0, 0x0, 0x1f, 0xf3, 0x0, 0x0, 0x1, 0xff,
    0x30, 0x0, 0x0, 0xff, 0xff, 0xff, 0xf4, 0xc,
    0xff, 0xdc, 0xcc, 0x30, 0x1f, 0xf3, 0x0, 0x0,
    0x1, 0xff, 0x30, 0x0, 0x0, 0x1f, 0xf3, 0x0,
    0x0, 0x1, 0xff, 0x30, 0x0, 0x0, 0x1f, 0xf3,
    0x0, 0x0, 0x0,

    /* U+0493 "ғ" */
    0xb, 0xff, 0xff, 0xff, 0x80, 0xbf, 0xff, 0xff,
    0xf8, 0xb, 0xf7, 0x0, 0x0, 0x0, 0xbf, 0x60,
    0x0, 0x0, 0xcf, 0xfd, 0xcc, 0xc3, 0xf, 0xff,
    0xff, 0xff, 0x40, 0xb, 0xf6, 0x0, 0x0, 0x0,
    0xbf, 0x60, 0x0, 0x0, 0xb, 0xf6, 0x0, 0x0,
    0x0,

    /* U+0496 "Җ" */
    0xaf, 0x34, 0xf4, 0x3f, 0xa6, 0xf8, 0x4f, 0x48,
    0xf5, 0x1f, 0xc4, 0xf4, 0xcf, 0x10, 0xcf, 0x6f,
    0x6f, 0xc0, 0x8, 0xfa, 0xfa, 0xf7, 0x0, 0x3f,
    0xef, 0xef, 0x30, 0x1, 0xff, 0xff, 0xf1, 0x0,
    0x6f, 0xef, 0xef, 0x60, 0xb, 0xfa, 0xfa, 0xfa,
    0x0, 0xff, 0x6f, 0x6f, 0xe0, 0x4f, 0xc4, 0xf4,
    0xcf, 0x39, 0xf8, 0x4f, 0x48, 0xff, 0xdf, 0x34,
    0xf4, 0x3f, 0xf0, 0x0, 0x0, 0x0, 0xef, 0x0,
    0x0, 0x0, 0xe, 0xf0, 0x0, 0x0, 0x0, 0x99,

    /* U+0497 "җ" */
    0x9f, 0x44, 0xf4, 0x4f, 0x92, 0xfb, 0x4f, 0x4b,
    0xf2, 0xc, 0xf6, 0xf6, 0xfb, 0x0, 0x5f, 0xdf,
    0xdf, 0x50, 0x2, 0xff, 0xff, 0xf2, 0x0, 0x8f,
    0xcf, 0xcf, 0x80, 0xe, 0xf6, 0xf6, 0xfe, 0x6,
    0xfb, 0x4f, 0x4b, 0xff, 0xcf, 0x44, 0xf4, 0x4f,
    0xf0, 0x0, 0x0, 0x0, 0xcf, 0x0, 0x0, 0x0,
    0xc, 0xf0, 0x0, 0x0, 0x0, 0x45,

    /* U+0498 "Ҙ" */
    0x0, 0x7d, 0xfc, 0x50, 0x0, 0x8f, 0xff, 0xff,
    0x50, 0xf, 0xf5, 0x7, 0xfe, 0x1, 0x99, 0x0,
    0x1f, 0xf1, 0x0, 0x0, 0x1, 0xff, 0x0, 0x0,
    0x1, 0x9f, 0xb0, 0x0, 0xa, 0xff, 0xf1, 0x0,
    0x0, 0x6b, 0xff, 0xa0, 0x0, 0x0, 0x3, 0xff,
    0x10, 0x22, 0x0, 0xf, 0xf4, 0x1f, 0xf4, 0x7,
    0xff, 0x20, 0xbf, 0xff, 0xff, 0xa0, 0x1, 0x9e,
    0xfe, 0x80, 0x0, 0x0, 0x8, 0xe1, 0x0, 0x0,
    0x30, 0x7f, 0x60, 0x0, 0x9, 0xff, 0xf7, 0x0,
    0x0, 0x6e, 0xfc, 0x10, 0x0,

    /* U+0499 "ҙ" */
    0x1, 0xae, 0xfd, 0x80, 0x0, 0xdf, 0xfd, 0xff,
    0xb0, 0x7, 0xc1, 0x3, 0xff, 0x10, 0x0, 0x0,
    0x5f, 0xf0, 0x0, 0xa, 0xff, 0xf6, 0x0, 0x0,
    0x8d, 0xff, 0xd0, 0x2, 0x50, 0x1, 0xff, 0x40,
    0xef, 0xec, 0xef, 0xf1, 0x2, 0xbe, 0xff, 0xb3,
    0x0, 0x0, 0x8, 0xf1, 0x0, 0x0, 0x20, 0x6f,
    0x70, 0x0, 0x9, 0xff, 0xf8, 0x0, 0x0, 0x6e,
    0xfd, 0x20, 0x0,

    /* U+049A "Қ" */
    0x7f, 0xd0, 0x9, 0xfb, 0x7, 0xfd, 0x1, 0xff,
    0x30, 0x7f, 0xd0, 0x8f, 0xb0, 0x7, 0xfd, 0x1f,
    0xf3, 0x0, 0x7f, 0xd8, 0xfa, 0x0, 0x7, 0xfe,
    0xef, 0x20, 0x0, 0x7f, 0xff, 0xf0, 0x0, 0x7,
    0xfd, 0xef, 0x70, 0x0, 0x7f, 0xd7, 0xfe, 0x0,
    0x7, 0xfd, 0xe, 0xf6, 0x0, 0x7f, 0xd0, 0x8f,
    0xe0, 0x7, 0xfd, 0x1, 0xff, 0xff, 0x7f, 0xd0,
    0x8, 0xff, 0xf0, 0x0, 0x0, 0x0, 0xff, 0x0,
    0x0, 0x0, 0xf, 0xf0, 0x0, 0x0, 0x0, 0x99,

    /* U+049B "қ" */
    0x7f, 0xb0, 0x2f, 0xf3, 0x7, 0xfb, 0xb, 0xf8,
    0x0, 0x7f, 0xb5, 0xfd, 0x0, 0x7, 0xfc, 0xef,
    0x40, 0x0, 0x7f, 0xff, 0xf1, 0x0, 0x7, 0xfc,
    0xdf, 0xa0, 0x0, 0x7f, 0xb3, 0xff, 0x40, 0x7,
    0xfb, 0x8, 0xff, 0xfc, 0x7f, 0xb0, 0xd, 0xff,
    0xc0, 0x0, 0x0, 0x0, 0xec, 0x0, 0x0, 0x0,
    0xe, 0xc0, 0x0, 0x0, 0x0, 0x76,

    /* U+04A0 "Ҡ" */
    0xff, 0xf9, 0x0, 0xdf, 0x7f, 0xff, 0x90, 0x5f,
    0xe0, 0x2b, 0xf9, 0xc, 0xf7, 0x0, 0xaf, 0x94,
    0xfe, 0x0, 0xa, 0xfa, 0xcf, 0x60, 0x0, 0xaf,
    0xdf, 0xd0, 0x0, 0xa, 0xff, 0xfc, 0x0, 0x0,
    0xaf, 0xbf, 0xf4, 0x0, 0xa, 0xf9, 0xaf, 0xc0,
    0x0, 0xaf, 0x92, 0xff, 0x40, 0xa, 0xf9, 0xb,
    0xfc, 0x0, 0xaf, 0x90, 0x3f, 0xf4, 0xa, 0xf9,
    0x0, 0xcf, 0xc0,

    /* U+04A1 "ҡ" */
    0xff, 0xfb, 0x2, 0xff, 0x3f, 0xff, 0xb0, 0xcf,
    0x80, 0x7, 0xfb, 0x6f, 0xd0, 0x0, 0x7f, 0xde,
    0xf3, 0x0, 0x7, 0xff, 0xff, 0x20, 0x0, 0x7f,
    0xcc, 0xfb, 0x0, 0x7, 0xfb, 0x2f, 0xf5, 0x0,
    0x7f, 0xb0, 0x8f, 0xe0, 0x7, 0xfb, 0x0, 0xdf,
    0x90,

    /* U+04A2 "Ң" */
    0x6f, 0xd0, 0x9, 0xfb, 0x6, 0xfd, 0x0, 0x9f,
    0xb0, 0x6f, 0xd0, 0x9, 0xfb, 0x6, 0xfd, 0x0,
    0x9f, 0xb0, 0x6f, 0xd0, 0x9, 0xfb, 0x6, 0xff,
    0xff, 0xff, 0xb0, 0x6f, 0xff, 0xff, 0xfb, 0x6,
    0xfe, 0x22, 0xaf, 0xb0, 0x6f, 0xd0, 0x9, 0xfb,
    0x6, 0xfd, 0x0, 0x9f, 0xb0, 0x6f, 0xd0, 0x9,
    0xfb, 0x6, 0xfd, 0x0, 0x9f, 0xff, 0x6f, 0xd0,
    0x9, 0xff, 0xf0, 0x0, 0x0, 0x0, 0xef, 0x0,
    0x0, 0x0, 0xe, 0xf0, 0x0, 0x0, 0x0, 0x99,

    /* U+04A3 "ң" */
    0x6f, 0xc0, 0x7, 0xfb, 0x6, 0xfc, 0x0, 0x7f,
    0xb0, 0x6f, 0xc0, 0x7, 0xfb, 0x6, 0xff, 0xff,
    0xff, 0xb0, 0x6f, 0xff, 0xff, 0xfb, 0x6, 0xfc,
    0x0, 0x8f, 0xb0, 0x6f, 0xc0, 0x7, 0xfb, 0x6,
    0xfc, 0x0, 0x7f, 0xff, 0x6f, 0xc0, 0x7, 0xff,
    0xf0, 0x0, 0x0, 0x0, 0xcf, 0x0, 0x0, 0x0,
    0xc, 0xf0, 0x0, 0x0, 0x0, 0x45,

    /* U+04AA "Ҫ" */
    0x0, 0x7d, 0xfd, 0x70, 0x0, 0x9f, 0xff, 0xff,
    0x80, 0xf, 0xf7, 0x7, 0xff, 0x3, 0xff, 0x10,
    0x5, 0x50, 0x4f, 0xf0, 0x0, 0x0, 0x4, 0xff,
    0x0, 0x0, 0x0, 0x4f, 0xf0, 0x0, 0x0, 0x4,
    0xff, 0x0, 0x0, 0x0, 0x4f, 0xf0, 0x0, 0x0,
    0x3, 0xff, 0x10, 0x5, 0x50, 0x1f, 0xf6, 0x6,
    0xff, 0x0, 0xaf, 0xff, 0xff, 0x90, 0x0, 0x9d,
    0xff, 0x90, 0x0, 0x0, 0x8, 0xf1, 0x0, 0x0,
    0x20, 0x6f, 0x70, 0x0, 0x9, 0xff, 0xf8, 0x0,
    0x0, 0x6e, 0xfd, 0x20, 0x0,

    /* U+04AB "ҫ" */
    0x0, 0x4b, 0xee, 0xa1, 0x0, 0x5f, 0xff, 0xff,
    0xd0, 0xe, 0xf8, 0x2, 0xb7, 0x3, 0xff, 0x0,
    0x0, 0x0, 0x5f, 0xd0, 0x0, 0x0, 0x4, 0xfe,
    0x0, 0x0, 0x0, 0x1f, 0xf4, 0x0, 0x52, 0x0,
    0x9f, 0xfa, 0xcf, 0xe1, 0x0, 0xaf, 0xff, 0xe5,
    0x0, 0x0, 0x2b, 0xe0, 0x0, 0x0, 0x20, 0x6f,
    0x60, 0x0, 0x9, 0xff, 0xf8, 0x0, 0x0, 0x6e,
    0xfd, 0x20, 0x0,

    /* U+04AE "Ү" */
    0x9f, 0xf1, 0x0, 0xff, 0x92, 0xff, 0x70, 0x5f,
    0xf3, 0xc, 0xfc, 0xb, 0xfc, 0x0, 0x6f, 0xf3,
    0xff, 0x60, 0x0, 0xff, 0xdf, 0xf0, 0x0, 0x9,
    0xff, 0xf9, 0x0, 0x0, 0x2f, 0xff, 0x20, 0x0,
    0x0, 0xcf, 0xc0, 0x0, 0x0, 0xa, 0xfa, 0x0,
    0x0, 0x0, 0xaf, 0xa0, 0x0, 0x0, 0xa, 0xfa,
    0x0, 0x0, 0x0, 0xaf, 0xa0, 0x0, 0x0, 0xa,
    0xfa, 0x0, 0x0,

    /* U+04AF "ү" */
    0x6f, 0xf0, 0x0, 0xcf, 0x61, 0xff, 0x30, 0xf,
    0xf1, 0xc, 0xf8, 0x5, 0xfc, 0x0, 0x7f, 0xd0,
    0x9f, 0x70, 0x2, 0xff, 0x1e, 0xf2, 0x0, 0xd,
    0xf9, 0xfd, 0x0, 0x0, 0x8f, 0xff, 0x80, 0x0,
    0x3, 0xff, 0xf3, 0x0, 0x0, 0xe, 0xfe, 0x0,
    0x0, 0x0, 0xaf, 0xa0, 0x0, 0x0, 0x9, 0xf9,
    0x0, 0x0, 0x0, 0x9f, 0x90, 0x0, 0x0, 0x9,
    0xf9, 0x0, 0x0,

    /* U+04B0 "Ұ" */
    0x9f, 0xf1, 0x0, 0xff, 0x93, 0xff, 0x70, 0x5f,
    0xf3, 0xc, 0xfc, 0xa, 0xfc, 0x0, 0x6f, 0xf2,
    0xff, 0x60, 0x0, 0xff, 0xcf, 0xf0, 0x0, 0x9,
    0xff, 0xf9, 0x0, 0x0, 0x3f, 0xff, 0x30, 0x1,
    0xcc, 0xff, 0xfc, 0xc1, 0x2f, 0xff, 0xff, 0xff,
    0x20, 0x0, 0xaf, 0xa0, 0x0, 0x0, 0xa, 0xfa,
    0x0, 0x0, 0x0, 0xaf, 0xa0, 0x0, 0x0, 0xa,
    0xfa, 0x0, 0x0,

    /* U+04B1 "ұ" */
    0x6f, 0xf0, 0x0, 0xcf, 0x61, 0xff, 0x40, 0xf,
    0xf1, 0xc, 0xf8, 0x5, 0xfc, 0x0, 0x7f, 0xd0,
    0x9f, 0x70, 0x2, 0xff, 0x2e, 0xf2, 0x0, 0xd,
    0xf9, 0xfd, 0x0, 0x0, 0x8f, 0xff, 0x80, 0x0,
    0x3, 0xff, 0xf2, 0x0, 0x1c, 0xcf, 0xff, 0xcc,
    0x12, 0xff, 0xff, 0xff, 0xf2, 0x0, 0x9, 0xf9,
    0x0, 0x0, 0x0, 0x9f, 0x90, 0x0, 0x0, 0x9,
    0xf9, 0x0, 0x0,

    /* U+04B2 "Ҳ" */
    0xcf, 0xc0, 0xb, 0xfc, 0x6, 0xff, 0x21, 0xff,
    0x60, 0x1f, 0xf7, 0x6f, 0xf0, 0x0, 0xaf, 0xdb,
    0xf9, 0x0, 0x4, 0xff, 0xff, 0x30, 0x0, 0xe,
    0xff, 0xd0, 0x0, 0x0, 0x9f, 0xf8, 0x0, 0x0,
    0xd, 0xff, 0xd0, 0x0, 0x4, 0xff, 0xff, 0x30,
    0x0, 0xaf, 0xce, 0xf9, 0x0, 0x1f, 0xf7, 0x8f,
    0xe0, 0x6, 0xff, 0x13, 0xff, 0xff, 0xcf, 0xc0,
    0xd, 0xff, 0xf0, 0x0, 0x0, 0x0, 0xef, 0x0,
    0x0, 0x0, 0xe, 0xf0, 0x0, 0x0, 0x0, 0x99,

    /* U+04B3 "ҳ" */
    0x2f, 0xf1, 0x9, 0xfa, 0x0, 0x9f, 0x92, 0xff,
    0x10, 0x1, 0xff, 0xbf, 0x80, 0x0, 0x8, 0xff,
    0xe0, 0x0, 0x0, 0x3f, 0xfa, 0x0, 0x0, 0xa,
    0xff, 0xf2, 0x0, 0x3, 0xff, 0x8f, 0xa0, 0x0,
    0xbf, 0x80, 0xff, 0xff, 0x4f, 0xf1, 0x8, 0xff,
    0xf0, 0x0, 0x0, 0x0, 0xcf, 0x0, 0x0, 0x0,
    0xc, 0xf0, 0x0, 0x0, 0x0, 0x67,

    /* U+04B6 "Ҷ" */
    0xbf, 0x90, 0x8, 0xfb, 0xb, 0xf9, 0x0, 0x8f,
    0xb0, 0xbf, 0x90, 0x8, 0xfb, 0xb, 0xf9, 0x0,
    0x8f, 0xb0, 0xbf, 0x90, 0x8, 0xfb, 0x8, 0xfe,
    0x31, 0xaf, 0xb0, 0x3f, 0xff, 0xff, 0xfb, 0x0,
    0x5d, 0xff, 0xff, 0xb0, 0x0, 0x0, 0x8, 0xfb,
    0x0, 0x0, 0x0, 0x8f, 0xb0, 0x0, 0x0, 0x8,
    0xfb, 0x0, 0x0, 0x0, 0x8f, 0xff, 0x0, 0x0,
    0x8, 0xff, 0xf0, 0x0, 0x0, 0x0, 0xef, 0x0,
    0x0, 0x0, 0xe, 0xf0, 0x0, 0x0, 0x0, 0x99,

    /* U+04B7 "ҷ" */
    0x7f, 0xb0, 0x7, 0xfb, 0x7, 0xfb, 0x0, 0x7f,
    0xb0, 0x7f, 0xb0, 0x7, 0xfb, 0x5, 0xff, 0x30,
    0x8f, 0xb0, 0x1e, 0xff, 0xff, 0xfb, 0x0, 0x2a,
    0xdd, 0xef, 0xb0, 0x0, 0x0, 0x7, 0xfb, 0x0,
    0x0, 0x0, 0x7f, 0xff, 0x0, 0x0, 0x7, 0xff,
    0xf0, 0x0, 0x0, 0x0, 0xcf, 0x0, 0x0, 0x0,
    0xc, 0xf0, 0x0, 0x0, 0x0, 0x45,

    /* U+04BA "Һ" */
    0x1f, 0xf3, 0x0, 0x0, 0x1, 0xff, 0x30, 0x0,
    0x0, 0x1f, 0xf3, 0x0, 0x0, 0x1, 0xff, 0x30,
    0x0, 0x0, 0x1f, 0xf3, 0x0, 0x0, 0x1, 0xff,
    0xff, 0xfa, 0x10, 0x1f, 0xff, 0xff, 0xfc, 0x1,
    0xff, 0x50, 0x6f, 0xf2, 0x1f, 0xf3, 0x0, 0xff,
    0x51, 0xff, 0x30, 0xe, 0xf5, 0x1f, 0xf3, 0x0,
    0xef, 0x51, 0xff, 0x30, 0xe, 0xf5, 0x1f, 0xf3,
    0x0, 0xef, 0x50,

    /* U+04BB "һ" */
    0x1f, 0xf1, 0x0, 0x0, 0x1, 0xff, 0x10, 0x0,
    0x0, 0x1f, 0xf1, 0x0, 0x0, 0x1, 0xff, 0x10,
    0x0, 0x0, 0x1f, 0xf8, 0xdf, 0xd4, 0x1, 0xff,
    0xfe, 0xff, 0xf1, 0x1f, 0xf8, 0x1, 0xff, 0x31,
    0xff, 0x10, 0xe, 0xf4, 0x1f, 0xf1, 0x0, 0xdf,
    0x41, 0xff, 0x10, 0xd, 0xf4, 0x1f, 0xf1, 0x0,
    0xdf, 0x41, 0xff, 0x10, 0xd, 0xf4, 0x1f, 0xf1,
    0x0, 0xdf, 0x40,

    /* U+04C0 "Ӏ" */
    0x8f, 0xff, 0xff, 0x88, 0xff, 0xff, 0xf8, 0x12,
    0xbf, 0xb2, 0x10, 0xa, 0xfa, 0x0, 0x0, 0xaf,
    0xa0, 0x0, 0xa, 0xfa, 0x0, 0x0, 0xaf, 0xa0,
    0x0, 0xa, 0xfa, 0x0, 0x0, 0xaf, 0xa0, 0x0,
    0xa, 0xfa, 0x0, 0x12, 0xbf, 0xb2, 0x18, 0xff,
    0xff, 0xf8, 0x8f, 0xff, 0xff, 0x80,

    /* U+04C3 "Ӄ" */
    0x1f, 0xf3, 0x3, 0xff, 0x11, 0xff, 0x30, 0xbf,
    0x80, 0x1f, 0xf3, 0x3f, 0xf1, 0x1, 0xff, 0x3b,
    0xf8, 0x0, 0x1f, 0xf6, 0xfe, 0x10, 0x1, 0xff,
    0xdf, 0x70, 0x0, 0x1f, 0xff, 0xf6, 0x0, 0x1,
    0xff, 0xbf, 0xd0, 0x0, 0x1f, 0xf4, 0xff, 0x50,
    0x1, 0xff, 0x39, 0xfd, 0x0, 0x1f, 0xf3, 0x2f,
    0xf5, 0x1, 0xff, 0x30, 0xaf, 0xc0, 0x1f, 0xf3,
    0x3, 0xff, 0x40, 0x0, 0x0, 0x2, 0xfb, 0x0,
    0x0, 0x11, 0xf, 0xe0, 0x0, 0x2, 0xff, 0xff,
    0x0, 0x0, 0x1c, 0xfe, 0x70,

    /* U+04C4 "ӄ" */
    0x1f, 0xf1, 0xc, 0xf8, 0x1, 0xff, 0x16, 0xfd,
    0x0, 0x1f, 0xf2, 0xef, 0x40, 0x1, 0xff, 0xbf,
    0x90, 0x0, 0x1f, 0xff, 0xf7, 0x0, 0x1, 0xff,
    0x9f, 0xf1, 0x0, 0x1f, 0xf1, 0xdf, 0xa0, 0x1,
    0xff, 0x13, 0xff, 0x30, 0x1f, 0xf1, 0x8, 0xfd,
    0x0, 0x0, 0x0, 0x2, 0xf6, 0x0, 0x0, 0x11,
    0xf, 0xd0, 0x0, 0x2, 0xff, 0xff, 0x0, 0x0,
    0x1c, 0xfe, 0x70,

    /* U+04C7 "Ӈ" */
    0xf, 0xf3, 0x3, 0xff, 0x0, 0xff, 0x30, 0x3f,
    0xf0, 0xf, 0xf3, 0x3, 0xff, 0x0, 0xff, 0x30,
    0x3f, 0xf0, 0xf, 0xf3, 0x3, 0xff, 0x0, 0xff,
    0x52, 0x5f, 0xf0, 0xf, 0xff, 0xff, 0xff, 0x0,
    0xff, 0xff, 0xff, 0xf0, 0xf, 0xf3, 0x3, 0xff,
    0x0, 0xff, 0x30, 0x3f, 0xf0, 0xf, 0xf3, 0x3,
    0xff, 0x0, 0xff, 0x30, 0x3f, 0xf0, 0xf, 0xf3,
    0x3, 0xff, 0x0, 0x0, 0x0, 0xd, 0xf0, 0x0,
    0x0, 0x20, 0xef, 0x0, 0x0, 0x1f, 0xff, 0xf0,
    0x0, 0x0, 0xcf, 0xf8, 0x0,

    /* U+04C8 "ӈ" */
    0xf, 0xf1, 0x1, 0xff, 0x0, 0xff, 0x10, 0x1f,
    0xf0, 0xf, 0xf1, 0x1, 0xff, 0x0, 0xff, 0x20,
    0x2f, 0xf0, 0xf, 0xff, 0xff, 0xff, 0x0, 0xff,
    0xff, 0xff, 0xf0, 0xf, 0xf1, 0x1, 0xff, 0x0,
    0xff, 0x10, 0x1f, 0xf0, 0xf, 0xf1, 0x1, 0xff,
    0x0, 0x0, 0x0, 0xd, 0xf0, 0x0, 0x0, 0x20,
    0xef, 0x0, 0x0, 0x1f, 0xff, 0xf0, 0x0, 0x0,
    0xcf, 0xf8, 0x0,

    /* U+04CF "ӏ" */
    0x8f, 0xff, 0xff, 0x88, 0xff, 0xff, 0xf8, 0x12,
    0xbf, 0xb2, 0x10, 0xa, 0xfa, 0x0, 0x0, 0xaf,
    0xa0, 0x0, 0xa, 0xfa, 0x0, 0x0, 0xaf, 0xa0,
    0x0, 0xa, 0xfa, 0x0, 0x0, 0xaf, 0xa0, 0x0,
    0xa, 0xfa, 0x0, 0x12, 0xbf, 0xb2, 0x18, 0xff,
    0xff, 0xf8, 0x8f, 0xff, 0xff, 0x80,

    /* U+04D8 "Ә" */
    0x0, 0x7d, 0xfd, 0x70, 0x0, 0x8f, 0xff, 0xff,
    0x90, 0xf, 0xf7, 0x7, 0xff, 0x0, 0x66, 0x0,
    0x1f, 0xf3, 0x0, 0x0, 0x0, 0xff, 0x40, 0x0,
    0x0, 0xf, 0xf4, 0x4f, 0xff, 0xff, 0xff, 0x44,
    0xff, 0xee, 0xef, 0xf4, 0x4f, 0xf0, 0x0, 0xff,
    0x43, 0xff, 0x10, 0x1f, 0xf3, 0xf, 0xf7, 0x7,
    0xff, 0x0, 0x9f, 0xff, 0xff, 0x80, 0x0, 0x7d,
    0xfd, 0x70, 0x0,

    /* U+04D9 "ә" */
    0x1, 0xae, 0xfc, 0x50, 0x0, 0xdf, 0xff, 0xff,
    0x60, 0x7, 0xa1, 0x6, 0xff, 0x0, 0x0, 0x0,
    0xd, 0xf3, 0x6f, 0xff, 0xff, 0xff, 0x55, 0xfd,
    0x22, 0x3e, 0xf3, 0x2f, 0xf3, 0x5, 0xfe, 0x0,
    0x9f, 0xfe, 0xff, 0x60, 0x0, 0x7d, 0xfc, 0x50,
    0x0,

    /* U+04E2 "Ӣ" */
    0x1c, 0xcc, 0xcc, 0xcc, 0x12, 0xff, 0xff, 0xff,
    0xf2, 0x0, 0x0, 0x0, 0x0, 0x0, 0x0, 0x0,
    0x0, 0x0, 0xf, 0xf3, 0x6, 0xff, 0x0, 0xff,
    0x30, 0xbf, 0xf0, 0xf, 0xf3, 0x1f, 0xff, 0x0,
    0xff, 0x36, 0xff, 0xf0, 0xf, 0xf3, 0xbf, 0xff,
    0x0, 0xff, 0x5f, 0xff, 0xf0, 0xf, 0xfa, 0xfa,
    0xff, 0x0, 0xff, 0xff, 0x5f, 0xf0, 0xf, 0xff,
    0xb3, 0xff, 0x0, 0xff, 0xf6, 0x3f, 0xf0, 0xf,
    0xff, 0x13, 0xff, 0x0, 0xff, 0xb0, 0x3f, 0xf0,
    0xf, 0xf6, 0x3, 0xff, 0x0,

    /* U+04E3 "ӣ" */
    0x2f, 0xff, 0xff, 0xff, 0x21, 0xcc, 0xcc, 0xcc,
    0xc1, 0x0, 0x0, 0x0, 0x0, 0x0, 0x0, 0x0,
    0x0, 0x0, 0xf, 0xf1, 0x6, 0xff, 0x0, 0xff,
    0x10, 0xef, 0xf0, 0xf, 0xf1, 0x6f, 0xff, 0x0,
    0xff, 0x2e, 0xff, 0xf0, 0xf, 0xf9, 0xf9, 0xff,
    0x0, 0xff, 0xfe, 0x2f, 0xf0, 0xf, 0xff, 0x61,
    0xff, 0x0, 0xff, 0xe0, 0x1f, 0xf0, 0xf, 0xf6,
    0x1, 0xff, 0x0,

    /* U+04E8 "Ө" */
    0x0, 0x7d, 0xfd, 0x70, 0x0, 0x8f, 0xff, 0xff,
    0x80, 0xf, 0xf6, 0x6, 0xff, 0x3, 0xff, 0x0,
    0xf, 0xf3, 0x4f, 0xe0, 0x0, 0xef, 0x44, 0xff,
    0xff, 0xff, 0xf4, 0x4f, 0xff, 0xff, 0xff, 0x44,
    0xfe, 0x0, 0xe, 0xf4, 0x4f, 0xe0, 0x0, 0xef,
    0x43, 0xff, 0x0, 0xf, 0xf3, 0xf, 0xf6, 0x6,
    0xff, 0x0, 0x8f, 0xff, 0xff, 0x80, 0x0, 0x7d,
    0xfd, 0x70, 0x0,

    /* U+04E9 "ө" */
    0x0, 0x5c, 0xfc, 0x50, 0x0, 0x6f, 0xff, 0xff,
    0x60, 0xe, 0xf5, 0x5, 0xfe, 0x3, 0xff, 0xcc,
    0xcf, 0xf3, 0x5f, 0xff, 0xff, 0xff, 0x53, 0xfe,
    0x0, 0xe, 0xf3, 0xe, 0xf7, 0x7, 0xfe, 0x0,
    0x6f, 0xff, 0xff, 0x60, 0x0, 0x5c, 0xfc, 0x50,
    0x0,

    /* U+04EE "Ӯ" */
    0x1c, 0xcc, 0xcc, 0xcc, 0x12, 0xff, 0xff, 0xff,
    0xf2, 0x0, 0x0, 0x0, 0x0, 0x0, 0x0, 0x0,
    0x0, 0x0, 0xbf, 0xb0, 0x0, 0xaf, 0xb6, 0xff,
    0x10, 0xf, 0xf6, 0xf, 0xf7, 0x5, 0xff, 0x0,
    0xaf, 0xc0, 0xbf, 0xa0, 0x4, 0xff, 0x4f, 0xf4,
    0x0, 0xe, 0xfe, 0xfe, 0x0, 0x0, 0x9f, 0xff,
    0x90, 0x0, 0x3, 0xff, 0xf3, 0x0, 0x0, 0xd,
    0xfd, 0x0, 0x0, 0x0, 0xef, 0x80, 0x0, 0x0,
    0x4f, 0xf2, 0x0, 0x0, 0xa, 0xfc, 0x0, 0x0,
    0x0, 0xff, 0x70, 0x0, 0x0,

    /* U+04EF "ӯ" */
    0x2f, 0xff, 0xff, 0xff, 0x21, 0xcc, 0xcc, 0xcc,
    0xc1, 0x0, 0x0, 0x0, 0x0, 0x0, 0x0, 0x0,
    0x0, 0x0, 0x6f, 0xe0, 0x0, 0xbf, 0x61, 0xff,
    0x30, 0xf, 0xf1, 0xc, 0xf8, 0x4, 0xfd, 0x0,
    0x7f, 0xc0, 0x9f, 0x80, 0x2, 0xff, 0x1d, 0xf3,
    0x0, 0xd, 0xf7, 0xfe, 0x0, 0x0, 0x8f, 0xff,
    0xa0, 0x0, 0x4, 0xff, 0xf5, 0x0, 0x0, 0xe,
    0xff, 0x10, 0x0, 0x0, 0xaf, 0xc0, 0x0, 0x0,
    0xc, 0xf8, 0x0, 0x0, 0x1, 0xff, 0x30, 0x0,
    0x0, 0x6f, 0xe0, 0x0, 0x0,

    /* U+0512 "Ԓ" */
    0x0, 0xaf, 0xff, 0xff, 0x30, 0xb, 0xff, 0xff,
    0xf3, 0x0, 0xcf, 0x63, 0xff, 0x30, 0xe, 0xf3,
    0xf, 0xf3, 0x0, 0xff, 0x10, 0xff, 0x30, 0x1f,
    0xf0, 0xf, 0xf3, 0x3, 0xfe, 0x0, 0xff, 0x30,
    0x5f, 0xc0, 0xf, 0xf3, 0x7, 0xf9, 0x0, 0xff,
    0x30, 0xbf, 0x70, 0xf, 0xf3, 0x4f, 0xf3, 0x0,
    0xff, 0x3f, 0xfd, 0x0, 0xf, 0xf3, 0xfc, 0x20,
    0x0, 0xff, 0x30, 0x0, 0x0, 0xa, 0xf3, 0x0,
    0x0, 0x20, 0xbf, 0x30, 0x0, 0xe, 0xef, 0xf3,
    0x0, 0x0, 0xaf, 0xfa, 0x0,

    /* U+0513 "ԓ" */
    0x0, 0xaf, 0xff, 0xff, 0x0, 0xc, 0xff, 0xff,
    0xf0, 0x0, 0xef, 0x32, 0xff, 0x0, 0xf, 0xf0,
    0x1f, 0xf0, 0x3, 0xfe, 0x1, 0xff, 0x0, 0x7f,
    0xb0, 0x1f, 0xf0, 0x1d, 0xf7, 0x1, 0xff, 0xe,
    0xff, 0x20, 0x1f, 0xf0, 0xdd, 0x50, 0x1, 0xff,
    0x0, 0x0, 0x0, 0xd, 0xf0, 0x0, 0x0, 0x20,
    0xef, 0x0, 0x0, 0x1f, 0xff, 0xf0, 0x0, 0x0,
    0xcf, 0xf8, 0x0,

    /* U+058F "֏" */
    0x0, 0x2, 0x20, 0x0, 0x0, 0x7f, 0xff, 0xe6,
    0x0, 0x4f, 0xfe, 0xff, 0xf3, 0xa, 0xfa, 0x1,
    0xdf, 0x90, 0xcf, 0x50, 0x8, 0xfc, 0x7, 0x93,
    0x0, 0x8f, 0xc0, 0x0, 0x0, 0x8, 0xfc, 0x0,
    0x7f, 0xff, 0xff, 0xfc, 0x5, 0xbb, 0xbd, 0xff,
    0x90, 0x0, 0x0, 0x8f, 0xc0, 0x2, 0x55, 0x5b,
    0xfd, 0x40, 0x7f, 0xff, 0xff, 0xfc, 0x2, 0x44,
    0x4a, 0xfd, 0x40, 0x0, 0x0, 0x8f, 0xc0,

    /* U+1E0C "Ḍ" */
    0x1f, 0xff, 0xfd, 0x80, 0x1, 0xff, 0xff, 0xff,
    0x90, 0x1f, 0xf5, 0x2a, 0xff, 0x1, 0xff, 0x30,
    0x4f, 0xf2, 0x1f, 0xf3, 0x1, 0xff, 0x31, 0xff,
    0x30, 0x1f, 0xf3, 0x1f, 0xf3, 0x1, 0xff, 0x31,
    0xff, 0x30, 0x1f, 0xf3, 0x1f, 0xf3, 0x1, 0xff,
    0x31, 0xff, 0x30, 0x3f, 0xf2, 0x1f, 0xf5, 0x3b,
    0xff, 0x1, 0xff, 0xff, 0xff, 0x90, 0x1f, 0xff,
    0xfd, 0x80, 0x0, 0x0, 0x0, 0x0, 0x0, 0x0,
    0x5, 0x92, 0x0, 0x0, 0x0, 0xef, 0x80, 0x0,
    0x0, 0x8, 0xe4, 0x0, 0x0,

    /* U+1E0D "ḍ" */
    0x0, 0x0, 0x1, 0xff, 0x10, 0x0, 0x0, 0x1f,
    0xf1, 0x0, 0x0, 0x1, 0xff, 0x10, 0x0, 0x0,
    0x1f, 0xf1, 0x1, 0xbe, 0xd8, 0xff, 0x10, 0xcf,
    0xfe, 0xff, 0xf1, 0x2f, 0xf2, 0x7, 0xff, 0x15,
    0xfd, 0x0, 0x1f, 0xf1, 0x6f, 0xc0, 0x1, 0xff,
    0x15, 0xfd, 0x0, 0x1f, 0xf1, 0x2f, 0xf2, 0x7,
    0xff, 0x10, 0xcf, 0xee, 0xff, 0xf1, 0x1, 0xbf,
    0xd7, 0xff, 0x10, 0x0, 0x0, 0x0, 0x0, 0x0,
    0x3, 0xa3, 0x0, 0x0, 0x0, 0xbf, 0xb0, 0x0,
    0x0, 0x6, 0xe6, 0x0, 0x0,

    /* U+1E12 "Ḓ" */
    0x1f, 0xff, 0xfd, 0x80, 0x1, 0xff, 0xff, 0xff,
    0x90, 0x1f, 0xf5, 0x2a, 0xff, 0x1, 0xff, 0x30,
    0x4f, 0xf2, 0x1f, 0xf3, 0x1, 0xff, 0x31, 0xff,
    0x30, 0x1f, 0xf3, 0x1f, 0xf3, 0x1, 0xff, 0x31,
    0xff, 0x30, 0x1f, 0xf3, 0x1f, 0xf3, 0x1, 0xff,
    0x31, 0xff, 0x30, 0x3f, 0xf2, 0x1f, 0xf5, 0x3b,
    0xff, 0x1, 0xff, 0xff, 0xff, 0x90, 0x1f, 0xff,
    0xfd, 0x80, 0x0, 0x0, 0x33, 0x20, 0x0, 0x0,
    0x9f, 0xff, 0x30, 0x0, 0x3f, 0xd5, 0xfd, 0x0,
    0xd, 0xf2, 0x8, 0xf7, 0x0,

    /* U+1E13 "ḓ" */
    0x0, 0x0, 0x1, 0xff, 0x10, 0x0, 0x0, 0x1f,
    0xf1, 0x0, 0x0, 0x1, 0xff, 0x10, 0x0, 0x0,
    0x1f, 0xf1, 0x1, 0xbe, 0xd8, 0xff, 0x10, 0xcf,
    0xfe, 0xff, 0xf1, 0x2f, 0xf2, 0x7, 0xff, 0x15,
    0xfd, 0x0, 0x1f, 0xf1, 0x6f, 0xc0, 0x1, 0xff,
    0x15, 0xfd, 0x0, 0x1f, 0xf1, 0x2f, 0xf2, 0x7,
    0xff, 0x10, 0xcf, 0xee, 0xff, 0xf1, 0x1, 0xbf,
    0xd7, 0xff, 0x10, 0x0, 0x55, 0x50, 0x0, 0x0,
    0x7f, 0xff, 0x70, 0x0, 0x1f, 0xe3, 0xef, 0x10,
    0xa, 0xf4, 0x5, 0xfa, 0x0,

    /* U+1E24 "Ḥ" */
    0xf, 0xf3, 0x3, 0xff, 0x0, 0xff, 0x30, 0x3f,
    0xf0, 0xf, 0xf3, 0x3, 0xff, 0x0, 0xff, 0x30,
    0x3f, 0xf0, 0xf, 0xf3, 0x3, 0xff, 0x0, 0xff,
    0xff, 0xff, 0xf0, 0xf, 0xff, 0xff, 0xff, 0x0,
    0xff, 0x52, 0x5f, 0xf0, 0xf, 0xf3, 0x3, 0xff,
    0x0, 0xff, 0x30, 0x3f, 0xf0, 0xf, 0xf3, 0x3,
    0xff, 0x0, 0xff, 0x30, 0x3f, 0xf0, 0xf, 0xf3,
    0x3, 0xff, 0x0, 0x0, 0x0, 0x0, 0x0, 0x0,
    0x3, 0xa3, 0x0, 0x0, 0x0, 0xbf, 0xb0, 0x0,
    0x0, 0x6, 0xe6, 0x0, 0x0,

    /* U+1E25 "ḥ" */
    0x1f, 0xf1, 0x0, 0x0, 0x1, 0xff, 0x10, 0x0,
    0x0, 0x1f, 0xf1, 0x0, 0x0, 0x1, 0xff, 0x10,
    0x0, 0x0, 0x1f, 0xf8, 0xdf, 0xd4, 0x1, 0xff,
    0xfe, 0xff, 0xf1, 0x1f, 0xf8, 0x1, 0xff, 0x31,
    0xff, 0x10, 0xe, 0xf4, 0x1f, 0xf1, 0x0, 0xdf,
    0x41, 0xff, 0x10, 0xd, 0xf4, 0x1f, 0xf1, 0x0,
    0xdf, 0x41, 0xff, 0x10, 0xd, 0xf4, 0x1f, 0xf1,
    0x0, 0xdf, 0x40, 0x0, 0x0, 0x0, 0x0, 0x0,
    0x3, 0xa3, 0x0, 0x0, 0x0, 0xbf, 0xb0, 0x0,
    0x0, 0x6, 0xe6, 0x0, 0x0,

    /* U+1E3C "Ḽ" */
    0x1f, 0xf3, 0x0, 0x0, 0x1, 0xff, 0x30, 0x0,
    0x0, 0x1f, 0xf3, 0x0, 0x0, 0x1, 0xff, 0x30,
    0x0, 0x0, 0x1f, 0xf3, 0x0, 0x0, 0x1, 0xff,
    0x30, 0x0, 0x0, 0x1f, 0xf3, 0x0, 0x0, 0x1,
    0xff, 0x30, 0x0, 0x0, 0x1f, 0xf3, 0x0, 0x0,
    0x1, 0xff, 0x30, 0x0, 0x0, 0x1f, 0xf5, 0x22,
    0x22, 0x1, 0xff, 0xff, 0xff, 0xf1, 0x1f, 0xff,
    0xff, 0xff, 0x10, 0x0, 0x33, 0x30, 0x0, 0x0,
    0x6f, 0xff, 0x60, 0x0, 0x1e, 0xe4, 0xfe, 0x10,
    0xa, 0xf4, 0x5, 0xfa, 0x0,

    /* U+1E3D "ḽ" */
    0xf, 0xff, 0xf0, 0x0, 0xf, 0xff, 0xf0, 0x0,
    0x0, 0x2f, 0xf0, 0x0, 0x0, 0x1f, 0xf0, 0x0,
    0x0, 0x1f, 0xf0, 0x0, 0x0, 0x1f, 0xf0, 0x0,
    0x0, 0x1f, 0xf0, 0x0, 0x0, 0x1f, 0xf0, 0x0,
    0x0, 0x1f, 0xf0, 0x0, 0x0, 0x1f, 0xf0, 0x0,
    0x0, 0x1f, 0xf0, 0x0, 0x0, 0x1f, 0xf0, 0x0,
    0x0, 0x1f, 0xf0, 0x0, 0x0, 0x13, 0x31, 0x0,
    0x0, 0xdf, 0xfd, 0x0, 0x8, 0xf8, 0x9f, 0x80,
    0x2f, 0xc0, 0xc, 0xf2,

    /* U+1E44 "Ṅ" */
    0x0, 0x6, 0xe6, 0x0, 0x0, 0x0, 0xbf, 0xb0,
    0x0, 0x0, 0x3, 0xa3, 0x0, 0x0, 0x0, 0x0,
    0x0, 0x0, 0x1f, 0xfb, 0x0, 0xff, 0x11, 0xff,
    0xf1, 0xf, 0xf1, 0x1f, 0xff, 0x60, 0xff, 0x11,
    0xff, 0xfc, 0xf, 0xf1, 0x1f, 0xff, 0xf2, 0xff,
    0x11, 0xff, 0xff, 0x7f, 0xf1, 0x1f, 0xf9, 0xfd,
    0xff, 0x11, 0xff, 0x3f, 0xff, 0xf1, 0x1f, 0xf0,
    0xdf, 0xff, 0x11, 0xff, 0x7, 0xff, 0xf1, 0x1f,
    0xf0, 0x1f, 0xff, 0x11, 0xff, 0x0, 0xaf, 0xf1,
    0x1f, 0xf0, 0x4, 0xff, 0x10,

    /* U+1E45 "ṅ" */
    0x0, 0x3, 0xe9, 0x0, 0x0, 0x0, 0x8f, 0xe0,
    0x0, 0x0, 0x1, 0x95, 0x0, 0x0, 0x0, 0x0,
    0x0, 0x0, 0x1f, 0xf7, 0xdf, 0xd4, 0x1, 0xff,
    0xfe, 0xff, 0xf1, 0x1f, 0xf8, 0x1, 0xff, 0x31,
    0xff, 0x10, 0xe, 0xf4, 0x1f, 0xf1, 0x0, 0xdf,
    0x41, 0xff, 0x10, 0xd, 0xf4, 0x1f, 0xf1, 0x0,
    0xdf, 0x41, 0xff, 0x10, 0xd, 0xf4, 0x1f, 0xf1,
    0x0, 0xdf, 0x40,

    /* U+1E4A "Ṋ" */
    0x1f, 0xfb, 0x0, 0xff, 0x11, 0xff, 0xf1, 0xf,
    0xf1, 0x1f, 0xff, 0x60, 0xff, 0x11, 0xff, 0xfc,
    0xf, 0xf1, 0x1f, 0xff, 0xf2, 0xff, 0x11, 0xff,
    0xff, 0x7f, 0xf1, 0x1f, 0xf9, 0xfd, 0xff, 0x11,
    0xff, 0x3f, 0xff, 0xf1, 0x1f, 0xf0, 0xdf, 0xff,
    0x11, 0xff, 0x7, 0xff, 0xf1, 0x1f, 0xf0, 0x1f,
    0xff, 0x11, 0xff, 0x0, 0xaf, 0xf1, 0x1f, 0xf0,
    0x4, 0xff, 0x10, 0x0, 0x33, 0x30, 0x0, 0x0,
    0x6f, 0xff, 0x60, 0x0, 0x1e, 0xe4, 0xfe, 0x10,
    0xa, 0xf4, 0x5, 0xfa, 0x0,

    /* U+1E4B "ṋ" */
    0x1f, 0xf7, 0xdf, 0xd4, 0x1, 0xff, 0xfe, 0xff,
    0xf1, 0x1f, 0xf8, 0x1, 0xff, 0x31, 0xff, 0x10,
    0xe, 0xf4, 0x1f, 0xf1, 0x0, 0xdf, 0x41, 0xff,
    0x10, 0xd, 0xf4, 0x1f, 0xf1, 0x0, 0xdf, 0x41,
    0xff, 0x10, 0xd, 0xf4, 0x1f, 0xf1, 0x0, 0xdf,
    0x40, 0x0, 0x33, 0x30, 0x0, 0x0, 0x5f, 0xff,
    0x80, 0x0, 0xe, 0xf4, 0xef, 0x20, 0x8, 0xf6,
    0x3, 0xfb, 0x0,

    /* U+1E5A "Ṛ" */
    0x1f, 0xff, 0xfd, 0x80, 0x1, 0xff, 0xff, 0xff,
    0xa0, 0x1f, 0xf5, 0x3a, 0xff, 0x21, 0xff, 0x30,
    0x1f, 0xf4, 0x1f, 0xf3, 0x0, 0xff, 0x41, 0xff,
    0x30, 0x5f, 0xf2, 0x1f, 0xfb, 0xaf, 0xfa, 0x1,
    0xff, 0xff, 0xf8, 0x0, 0x1f, 0xf9, 0xff, 0x40,
    0x1, 0xff, 0x3d, 0xfc, 0x0, 0x1f, 0xf3, 0x5f,
    0xf5, 0x1, 0xff, 0x30, 0xdf, 0xd0, 0x1f, 0xf3,
    0x4, 0xff, 0x60, 0x0, 0x0, 0x0, 0x0, 0x0,
    0x4, 0x92, 0x0, 0x0, 0x0, 0xdf, 0x90, 0x0,
    0x0, 0x8, 0xe4, 0x0, 0x0,

    /* U+1E5B "ṛ" */
    0xe, 0xf3, 0xbe, 0xd4, 0x0, 0xef, 0xee, 0xff,
    0xf0, 0xe, 0xfa, 0x1, 0xc5, 0x0, 0xef, 0x30,
    0x0, 0x0, 0xe, 0xf2, 0x0, 0x0, 0x0, 0xef,
    0x20, 0x0, 0x0, 0xe, 0xf2, 0x0, 0x0, 0x0,
    0xef, 0x20, 0x0, 0x0, 0xe, 0xf2, 0x0, 0x0,
    0x0, 0x0, 0x0, 0x0, 0x0, 0x6, 0x91, 0x0,
    0x0, 0x1, 0xff, 0x50, 0x0, 0x0, 0xb, 0xd2,
    0x0, 0x0, 0x0,

    /* U+1E62 "Ṣ" */
    0x0, 0x8d, 0xfd, 0x70, 0x0, 0xaf, 0xff, 0xff,
    0x70, 0xf, 0xf6, 0x8, 0xfd, 0x2, 0xff, 0x20,
    0x5, 0x50, 0xf, 0xfb, 0x10, 0x0, 0x0, 0x8f,
    0xfe, 0x60, 0x0, 0x0, 0x8f, 0xff, 0xb0, 0x0,
    0x0, 0x2b, 0xff, 0xb0, 0x0, 0x0, 0x9, 0xff,
    0x11, 0x77, 0x0, 0x2f, 0xf3, 0xf, 0xf7, 0x7,
    0xff, 0x10, 0x9f, 0xff, 0xff, 0x90, 0x0, 0x8d,
    0xfd, 0x70, 0x0, 0x0, 0x0, 0x0, 0x0, 0x0,
    0x3, 0xa3, 0x0, 0x0, 0x0, 0xbf, 0xb0, 0x0,
    0x0, 0x6, 0xe6, 0x0, 0x0,

    /* U+1E63 "ṣ" */
    0x8, 0xef, 0xd7, 0x8, 0xfd, 0xae, 0xf5, 0xbf,
    0x70, 0x36, 0x36, 0xff, 0x92, 0x0, 0x6, 0xef,
    0xfb, 0x0, 0x0, 0x6f, 0xf9, 0x79, 0x50, 0x6f,
    0xd7, 0xff, 0xbe, 0xf9, 0x8, 0xdf, 0xe9, 0x0,
    0x0, 0x0, 0x0, 0x0, 0x3a, 0x30, 0x0, 0xb,
    0xfb, 0x0, 0x0, 0x6e, 0x60, 0x0,

    /* U+1E6C "Ṭ" */
    0x8f, 0xff, 0xff, 0xff, 0x88, 0xff, 0xff, 0xff,
    0xf8, 0x12, 0x2b, 0xfb, 0x22, 0x10, 0x0, 0xaf,
    0xa0, 0x0, 0x0, 0xa, 0xfa, 0x0, 0x0, 0x0,
    0xaf, 0xa0, 0x0, 0x0, 0xa, 0xfa, 0x0, 0x0,
    0x0, 0xaf, 0xa0, 0x0, 0x0, 0xa, 0xfa, 0x0,
    0x0, 0x0, 0xaf, 0xa0, 0x0, 0x0, 0xa, 0xfa,
    0x0, 0x0, 0x0, 0xaf, 0xa0, 0x0, 0x0, 0xa,
    0xfa, 0x0, 0x0, 0x0, 0x0, 0x0, 0x0, 0x0,
    0x3, 0xa3, 0x0, 0x0, 0x0, 0xbf, 0xb0, 0x0,
    0x0, 0x6, 0xe6, 0x0, 0x0,

    /* U+1E6D "ṭ" */
    0x0, 0x2f, 0xf0, 0x0, 0x0, 0x2f, 0xf0, 0x0,
    0x1f, 0xff, 0xff, 0xf0, 0x1e, 0xef, 0xfe, 0xe0,
    0x0, 0x2f, 0xf0, 0x0, 0x0, 0x2f, 0xf0, 0x0,
    0x0, 0x2f, 0xf0, 0x0, 0x0, 0x2f, 0xf0, 0x0,
    0x0, 0x2f, 0xf4, 0x0, 0x0, 0xf, 0xff, 0xfc,
    0x0, 0x6, 0xef, 0xfc, 0x0, 0x0, 0x0, 0x0,
    0x0, 0x0, 0x96, 0x0, 0x0, 0x5, 0xff, 0x10,
    0x0, 0x2, 0xdb, 0x0,

    /* U+1E80 "Ẁ" */
    0x0, 0xcf, 0x90, 0x0, 0x0, 0x1, 0xef, 0x20,
    0x0, 0x0, 0x4, 0xfb, 0x0, 0x0, 0x0, 0x1,
    0x10, 0x0, 0xdf, 0x80, 0x0, 0x7f, 0xdb, 0xf9,
    0x0, 0x9, 0xfb, 0x9f, 0xb0, 0x30, 0xaf, 0x97,
    0xfc, 0xc, 0xc, 0xf7, 0x6f, 0xe2, 0xf2, 0xdf,
    0x64, 0xff, 0x6f, 0x6f, 0xf4, 0x2f, 0xfc, 0xfc,
    0xff, 0x21, 0xff, 0xff, 0xff, 0xf0, 0xf, 0xff,
    0x9f, 0xfe, 0x0, 0xdf, 0xf2, 0xff, 0xd0, 0xb,
    0xfd, 0xd, 0xfb, 0x0, 0xaf, 0xa0, 0xaf, 0x90,
    0x8, 0xf6, 0x6, 0xf7, 0x0,

    /* U+1E81 "ẁ" */
    0x0, 0x66, 0x20, 0x0, 0x0, 0x8, 0xfc, 0x0,
    0x0, 0x0, 0xd, 0xf4, 0x0, 0x0, 0x0, 0x3f,
    0xc0, 0x0, 0x0, 0x0, 0x0, 0x0, 0xb, 0xf9,
    0x3, 0x7, 0xfb, 0x8f, 0xc0, 0xa0, 0xaf, 0x85,
    0xff, 0xf, 0x2d, 0xf5, 0x2f, 0xf6, 0xf6, 0xff,
    0x20, 0xef, 0xcf, 0xdf, 0xf0, 0xb, 0xff, 0xff,
    0xfc, 0x0, 0x8f, 0xf8, 0xff, 0x80, 0x5, 0xff,
    0x1f, 0xf5, 0x0, 0x2f, 0xc0, 0xcf, 0x20,

    /* U+1E82 "Ẃ" */
    0x0, 0x0, 0xaf, 0xc0, 0x0, 0x0, 0x3f, 0xe1,
    0x0, 0x0, 0xb, 0xf4, 0x0, 0x0, 0x0, 0x11,
    0x0, 0x0, 0xdf, 0x80, 0x0, 0x7f, 0xdb, 0xf9,
    0x0, 0x9, 0xfb, 0x9f, 0xb0, 0x30, 0xaf, 0x97,
    0xfc, 0xc, 0xc, 0xf7, 0x6f, 0xe2, 0xf2, 0xdf,
    0x64, 0xff, 0x6f, 0x6f, 0xf4, 0x2f, 0xfc, 0xfc,
    0xff, 0x21, 0xff, 0xff, 0xff, 0xf0, 0xf, 0xff,
    0x9f, 0xfe, 0x0, 0xdf, 0xf2, 0xff, 0xd0, 0xb,
    0xfd, 0xd, 0xfb, 0x0, 0xaf, 0xa0, 0xaf, 0x90,
    0x8, 0xf6, 0x6, 0xf7, 0x0,

    /* U+1E83 "ẃ" */
    0x0, 0x0, 0x36, 0x60, 0x0, 0x0, 0xc, 0xf8,
    0x0, 0x0, 0x5, 0xfd, 0x0, 0x0, 0x0, 0xdf,
    0x20, 0x0, 0x0, 0x0, 0x0, 0x0, 0xb, 0xf9,
    0x3, 0x7, 0xfb, 0x8f, 0xc0, 0xa0, 0xaf, 0x85,
    0xff, 0xf, 0x2d, 0xf5, 0x2f, 0xf6, 0xf6, 0xff,
    0x20, 0xef, 0xcf, 0xdf, 0xf0, 0xb, 0xff, 0xff,
    0xfc, 0x0, 0x8f, 0xf8, 0xff, 0x80, 0x5, 0xff,
    0x1f, 0xf5, 0x0, 0x2f, 0xc0, 0xcf, 0x20,

    /* U+1E84 "Ẅ" */
    0x8, 0xe4, 0x4, 0xe8, 0x0, 0xef, 0x90, 0x9f,
    0xe0, 0x5, 0x92, 0x2, 0x95, 0x0, 0x0, 0x0,
    0x0, 0x0, 0xdf, 0x80, 0x0, 0x7f, 0xdb, 0xf9,
    0x0, 0x9, 0xfb, 0x9f, 0xb0, 0x30, 0xaf, 0x97,
    0xfc, 0xc, 0xc, 0xf7, 0x6f, 0xe2, 0xf2, 0xdf,
    0x64, 0xff, 0x6f, 0x6f, 0xf4, 0x2f, 0xfc, 0xfc,
    0xff, 0x21, 0xff, 0xff, 0xff, 0xf0, 0xf, 0xff,
    0x9f, 0xfe, 0x0, 0xdf, 0xf2, 0xff, 0xd0, 0xb,
    0xfd, 0xd, 0xfb, 0x0, 0xaf, 0xa0, 0xaf, 0x90,
    0x8, 0xf6, 0x6, 0xf7, 0x0,

    /* U+1E85 "ẅ" */
    0x8, 0xe4, 0x4, 0xe8, 0x0, 0xef, 0x80, 0x9f,
    0xe0, 0x4, 0x92, 0x2, 0x94, 0x0, 0x0, 0x0,
    0x0, 0x0, 0xbf, 0x90, 0x30, 0x7f, 0xb8, 0xfc,
    0xa, 0xa, 0xf8, 0x5f, 0xf0, 0xf2, 0xdf, 0x52,
    0xff, 0x6f, 0x6f, 0xf2, 0xe, 0xfc, 0xfd, 0xff,
    0x0, 0xbf, 0xff, 0xff, 0xc0, 0x8, 0xff, 0x8f,
    0xf8, 0x0, 0x5f, 0xf1, 0xff, 0x50, 0x2, 0xfc,
    0xc, 0xf2, 0x0,

    /* U+1E92 "Ẓ" */
    0x4f, 0xff, 0xff, 0xff, 0x44, 0xff, 0xff, 0xff,
    0xd0, 0x2, 0x22, 0x4f, 0xf6, 0x0, 0x0, 0x8,
    0xff, 0x0, 0x0, 0x0, 0xef, 0x90, 0x0, 0x0,
    0x6f, 0xf2, 0x0, 0x0, 0xc, 0xfb, 0x0, 0x0,
    0x3, 0xff, 0x50, 0x0, 0x0, 0xaf, 0xe0, 0x0,
    0x0, 0x1f, 0xf7, 0x0, 0x0, 0x8, 0xff, 0x32,
    0x22, 0x0, 0xef, 0xff, 0xff, 0xf4, 0x6f, 0xff,
    0xff, 0xff, 0x40, 0x0, 0x0, 0x0, 0x0, 0x0,
    0x3, 0xa3, 0x0, 0x0, 0x0, 0xbf, 0xb0, 0x0,
    0x0, 0x6, 0xe6, 0x0, 0x0,

    /* U+1E93 "ẓ" */
    0xe, 0xff, 0xff, 0xfd, 0x0, 0xef, 0xff, 0xff,
    0x40, 0x0, 0x0, 0xaf, 0xb0, 0x0, 0x0, 0x3f,
    0xf2, 0x0, 0x0, 0xb, 0xf9, 0x0, 0x0, 0x4,
    0xff, 0x10, 0x0, 0x0, 0xdf, 0x80, 0x0, 0x0,
    0x6f, 0xff, 0xff, 0xf0, 0x1e, 0xff, 0xff, 0xff,
    0x0, 0x0, 0x0, 0x0, 0x0, 0x0, 0x3, 0xa3,
    0x0, 0x0, 0x0, 0xbf, 0xb0, 0x0, 0x0, 0x6,
    0xe6, 0x0, 0x0,

    /* U+1E9E "ẞ" */
    0x1, 0xae, 0xff, 0xff, 0x30, 0xdf, 0xff, 0xff,
    0xc0, 0x5f, 0xf7, 0x2e, 0xf6, 0x8, 0xfd, 0x4,
    0xff, 0x0, 0x8f, 0xb0, 0x9f, 0x90, 0x8, 0xfb,
    0xe, 0xf6, 0x0, 0x8f, 0xb4, 0xff, 0xfb, 0x8,
    0xfb, 0x3, 0x8f, 0xf5, 0x8f, 0xb0, 0x0, 0xbf,
    0x88, 0xfb, 0x0, 0xc, 0xf9, 0x8f, 0xb1, 0x27,
    0xff, 0x78, 0xfb, 0x8f, 0xff, 0xe1, 0x8f, 0xb8,
    0xfe, 0xa2, 0x0,

    /* U+1EA0 "Ạ" */
    0x0, 0xc, 0xfc, 0x0, 0x0, 0x0, 0xff, 0xf0,
    0x0, 0x0, 0x4f, 0xff, 0x30, 0x0, 0x7, 0xff,
    0xf7, 0x0, 0x0, 0xbf, 0xff, 0xb0, 0x0, 0xe,
    0xf9, 0xfe, 0x0, 0x2, 0xff, 0x2f, 0xf2, 0x0,
    0x6f, 0xc0, 0xef, 0x60, 0xa, 0xf9, 0xb, 0xfa,
    0x0, 0xdf, 0xff, 0xff, 0xd0, 0x1f, 0xff, 0xff,
    0xff, 0x15, 0xff, 0x22, 0x3f, 0xf5, 0x8f, 0xb0,
    0x0, 0xef, 0x80, 0x0, 0x0, 0x0, 0x0, 0x0,
    0x3, 0xa3, 0x0, 0x0, 0x0, 0xbf, 0xb0, 0x0,
    0x0, 0x6, 0xe6, 0x0, 0x0,

    /* U+1EA1 "ạ" */
    0x0, 0x6b, 0xfe, 0x91, 0x0, 0x8f, 0xff, 0xff,
    0xb0, 0x3, 0xa4, 0x6, 0xff, 0x10, 0x0, 0x1,
    0xf, 0xf3, 0x5, 0xef, 0xfe, 0xff, 0x32, 0xff,
    0x85, 0x7f, 0xf3, 0x5f, 0xe0, 0x4, 0xff, 0x32,
    0xff, 0xee, 0xff, 0xf3, 0x4, 0xcf, 0xd8, 0xcf,
    0x30, 0x0, 0x0, 0x0, 0x0, 0x0, 0x2, 0xa4,
    0x0, 0x0, 0x0, 0xaf, 0xc0, 0x0, 0x0, 0x5,
    0xe7, 0x0, 0x0,

    /* U+1EA2 "Ả" */
    0x0, 0x0, 0x10, 0x0, 0x0, 0x4, 0xef, 0xe5,
    0x0, 0x0, 0xcc, 0x6f, 0xd0, 0x0, 0x0, 0x3,
    0xf9, 0x0, 0x0, 0x1, 0xe8, 0x0, 0x0, 0x0,
    0xcf, 0xc0, 0x0, 0x0, 0xf, 0xff, 0x0, 0x0,
    0x4, 0xff, 0xf3, 0x0, 0x0, 0x7f, 0xff, 0x70,
    0x0, 0xb, 0xff, 0xfb, 0x0, 0x0, 0xef, 0x9f,
    0xe0, 0x0, 0x2f, 0xf2, 0xff, 0x20, 0x6, 0xfc,
    0xe, 0xf6, 0x0, 0xaf, 0x90, 0xbf, 0xa0, 0xd,
    0xff, 0xff, 0xfd, 0x1, 0xff, 0xff, 0xff, 0xf1,
    0x5f, 0xf2, 0x23, 0xff, 0x58, 0xfb, 0x0, 0xe,
    0xf8,

    /* U+1EA3 "ả" */
    0x0, 0x2c, 0xfe, 0x60, 0x0, 0xb, 0xe7, 0xfe,
    0x0, 0x0, 0x1, 0xdc, 0x30, 0x0, 0x0, 0x1,
    0x0, 0x0, 0x0, 0x6b, 0xfe, 0x91, 0x0, 0x8f,
    0xff, 0xff, 0xb0, 0x3, 0xa4, 0x6, 0xff, 0x10,
    0x0, 0x1, 0xf, 0xf3, 0x5, 0xef, 0xfe, 0xff,
    0x32, 0xff, 0x85, 0x7f, 0xf3, 0x5f, 0xe0, 0x4,
    0xff, 0x32, 0xff, 0xee, 0xff, 0xf3, 0x4, 0xcf,
    0xd8, 0xcf, 0x30,

    /* U+1EA4 "Ấ" */
    0x0, 0x0, 0x0, 0xc, 0xf6, 0x0, 0x2e, 0xee,
    0x8f, 0x90, 0x0, 0xcf, 0x6f, 0xf6, 0x0, 0x5,
    0xc4, 0x4, 0xc5, 0x0, 0x0, 0xc, 0xfc, 0x0,
    0x0, 0x0, 0xf, 0xff, 0x0, 0x0, 0x0, 0x4f,
    0xff, 0x30, 0x0, 0x0, 0x7f, 0xff, 0x70, 0x0,
    0x0, 0xbf, 0xff, 0xb0, 0x0, 0x0, 0xef, 0x9f,
    0xe0, 0x0, 0x2, 0xff, 0x2f, 0xf2, 0x0, 0x6,
    0xfc, 0xe, 0xf6, 0x0, 0xa, 0xf9, 0xb, 0xfa,
    0x0, 0xd, 0xff, 0xff, 0xfd, 0x0, 0x1f, 0xff,
    0xff, 0xff, 0x10, 0x5f, 0xf2, 0x23, 0xff, 0x50,
    0x8f, 0xb0, 0x0, 0xef, 0x80,

    /* U+1EA5 "ấ" */
    0x0, 0x0, 0x8f, 0xd0, 0x0, 0x0, 0x1f, 0xf3,
    0x0, 0x0, 0x9, 0xf7, 0x0, 0x0, 0x0, 0xaa,
    0x40, 0x0, 0x0, 0x5f, 0xff, 0x70, 0x0, 0xe,
    0xf4, 0xff, 0x10, 0x8, 0xf6, 0x5, 0xfa, 0x0,
    0x12, 0x0, 0x2, 0x20, 0x0, 0x6b, 0xfe, 0x91,
    0x0, 0x8f, 0xff, 0xff, 0xb0, 0x3, 0xa4, 0x6,
    0xff, 0x10, 0x0, 0x1, 0xf, 0xf3, 0x5, 0xef,
    0xfe, 0xff, 0x32, 0xff, 0x85, 0x7f, 0xf3, 0x5f,
    0xe0, 0x4, 0xff, 0x32, 0xff, 0xee, 0xff, 0xf3,
    0x4, 0xcf, 0xd8, 0xcf, 0x30,

    /* U+1EA6 "Ầ" */
    0x4f, 0xe0, 0x0, 0x0, 0x0, 0x7, 0xf9, 0xde,
    0xe4, 0x0, 0x0, 0x5e, 0xf6, 0xee, 0x0, 0x0,
    0x3c, 0x60, 0x3c, 0x60, 0x0, 0x0, 0xcf, 0xc0,
    0x0, 0x0, 0x0, 0xff, 0xf0, 0x0, 0x0, 0x4,
    0xff, 0xf3, 0x0, 0x0, 0x7, 0xff, 0xf7, 0x0,
    0x0, 0xb, 0xff, 0xfb, 0x0, 0x0, 0xe, 0xf9,
    0xfe, 0x0, 0x0, 0x2f, 0xf2, 0xff, 0x20, 0x0,
    0x6f, 0xc0, 0xef, 0x60, 0x0, 0xaf, 0x90, 0xbf,
    0xa0, 0x0, 0xdf, 0xff, 0xff, 0xd0, 0x1, 0xff,
    0xff, 0xff, 0xf1, 0x5, 0xff, 0x22, 0x3f, 0xf5,
    0x8, 0xfb, 0x0, 0xe, 0xf8,

    /* U+1EA7 "ầ" */
    0x0, 0xbf, 0xa0, 0x0, 0x0, 0x1, 0xff, 0x20,
    0x0, 0x0, 0x5, 0xfa, 0x0, 0x0, 0x0, 0x4a,
    0xa0, 0x0, 0x0, 0x5f, 0xff, 0x70, 0x0, 0xe,
    0xf4, 0xff, 0x10, 0x8, 0xf6, 0x5, 0xfa, 0x0,
    0x12, 0x0, 0x2, 0x20, 0x0, 0x6b, 0xfe, 0x91,
    0x0, 0x8f, 0xff, 0xff, 0xb0, 0x3, 0xa4, 0x6,
    0xff, 0x10, 0x0, 0x1, 0xf, 0xf3, 0x5, 0xef,
    0xfe, 0xff, 0x32, 0xff, 0x85, 0x7f, 0xf3, 0x5f,
    0xe0, 0x4, 0xff, 0x32, 0xff, 0xee, 0xff, 0xf3,
    0x4, 0xcf, 0xd8, 0xcf, 0x30,

    /* U+1EA8 "Ẩ" */
    0x0, 0x0, 0x0, 0x7e, 0xb1, 0x0, 0x3d, 0xdd,
    0xb5, 0xf5, 0x0, 0xdf, 0x6f, 0xb8, 0x70, 0x5,
    0xc4, 0x5, 0xc4, 0x0, 0x0, 0xc, 0xfc, 0x0,
    0x0, 0x0, 0xf, 0xff, 0x0, 0x0, 0x0, 0x4f,
    0xff, 0x30, 0x0, 0x0, 0x7f, 0xff, 0x70, 0x0,
    0x0, 0xbf, 0xff, 0xb0, 0x0, 0x0, 0xef, 0x9f,
    0xe0, 0x0, 0x2, 0xff, 0x2f, 0xf2, 0x0, 0x6,
    0xfc, 0xe, 0xf6, 0x0, 0xa, 0xf9, 0xb, 0xfa,
    0x0, 0xd, 0xff, 0xff, 0xfd, 0x0, 0x1f, 0xff,
    0xff, 0xff, 0x10, 0x5f, 0xf2, 0x23, 0xff, 0x50,
    0x8f, 0xb0, 0x0, 0xef, 0x80,

    /* U+1EA9 "ẩ" */
    0x0, 0x0, 0x10, 0x0, 0x0, 0x3, 0xef, 0xf7,
    0x0, 0x0, 0xbd, 0x6f, 0xe0, 0x0, 0x0, 0x5,
    0xf8, 0x0, 0x0, 0x6, 0xfb, 0x0, 0x0, 0x6,
    0xff, 0xf8, 0x0, 0x0, 0xef, 0x4e, 0xf1, 0x0,
    0x8f, 0x60, 0x5f, 0xa0, 0x1, 0x10, 0x0, 0x11,
    0x0, 0x6, 0xbf, 0xe9, 0x10, 0x8, 0xff, 0xff,
    0xfb, 0x0, 0x3a, 0x40, 0x6f, 0xf1, 0x0, 0x0,
    0x10, 0xff, 0x30, 0x5e, 0xff, 0xef, 0xf3, 0x2f,
    0xf8, 0x57, 0xff, 0x35, 0xfe, 0x0, 0x4f, 0xf3,
    0x2f, 0xfe, 0xef, 0xff, 0x30, 0x4c, 0xfd, 0x8c,
    0xf3,

    /* U+1EAA "Ẫ" */
    0x9, 0xeb, 0x72, 0x6, 0x12, 0x95, 0xff, 0xff,
    0xc0, 0x0, 0xcf, 0xaf, 0xa0, 0x0, 0x5c, 0x60,
    0x6c, 0x40, 0x0, 0xc, 0xfc, 0x0, 0x0, 0x0,
    0xff, 0xf0, 0x0, 0x0, 0x4f, 0xff, 0x30, 0x0,
    0x7, 0xff, 0xf7, 0x0, 0x0, 0xbf, 0xff, 0xb0,
    0x0, 0xe, 0xf9, 0xfe, 0x0, 0x2, 0xff, 0x2f,
    0xf2, 0x0, 0x6f, 0xc0, 0xef, 0x60, 0xa, 0xf9,
    0xb, 0xfa, 0x0, 0xdf, 0xff, 0xff, 0xd0, 0x1f,
    0xff, 0xff, 0xff, 0x15, 0xff, 0x22, 0x3f, 0xf5,
    0x8f, 0xb0, 0x0, 0xef, 0x80,

    /* U+1EAB "ẫ" */
    0x7, 0xb8, 0x40, 0x1, 0x34, 0xff, 0xff, 0xfd,
    0xf6, 0x35, 0x3, 0x7c, 0xfc, 0x20, 0x0, 0x88,
    0x81, 0x0, 0x0, 0x7f, 0xff, 0x90, 0x0, 0x1f,
    0xe2, 0xef, 0x20, 0x9, 0xf5, 0x4, 0xfb, 0x0,
    0x11, 0x0, 0x1, 0x10, 0x0, 0x6b, 0xfe, 0x91,
    0x0, 0x8f, 0xff, 0xff, 0xb0, 0x3, 0xa4, 0x6,
    0xff, 0x10, 0x0, 0x1, 0xf, 0xf3, 0x5, 0xef,
    0xfe, 0xff, 0x32, 0xff, 0x85, 0x7f, 0xf3, 0x5f,
    0xe0, 0x4, 0xff, 0x32, 0xff, 0xee, 0xff, 0xf3,
    0x4, 0xcf, 0xd8, 0xcf, 0x30,

    /* U+1EAC "Ậ" */
    0x0, 0x4f, 0xff, 0x40, 0x0, 0x1e, 0xf7, 0xfe,
    0x0, 0x9, 0xf5, 0x6, 0xf9, 0x0, 0x0, 0x0,
    0x0, 0x0, 0x0, 0xc, 0xfc, 0x0, 0x0, 0x0,
    0xff, 0xf0, 0x0, 0x0, 0x4f, 0xff, 0x30, 0x0,
    0x7, 0xff, 0xf7, 0x0, 0x0, 0xbf, 0xff, 0xb0,
    0x0, 0xe, 0xf9, 0xfe, 0x0, 0x2, 0xff, 0x2f,
    0xf2, 0x0, 0x6f, 0xc0, 0xef, 0x60, 0xa, 0xf9,
    0xb, 0xfa, 0x0, 0xdf, 0xff, 0xff, 0xd0, 0x1f,
    0xff, 0xff, 0xff, 0x15, 0xff, 0x22, 0x3f, 0xf5,
    0x8f, 0xb0, 0x0, 0xef, 0x80, 0x0, 0x0, 0x0,
    0x0, 0x0, 0x3, 0xa3, 0x0, 0x0, 0x0, 0xbf,
    0xb0, 0x0, 0x0, 0x6, 0xe6, 0x0, 0x0,

    /* U+1EAD "ậ" */
    0x0, 0x7, 0x77, 0x10, 0x0, 0x7, 0xff, 0xf9,
    0x0, 0x1, 0xfe, 0x2e, 0xf2, 0x0, 0x9f, 0x50,
    0x3f, 0xb0, 0x0, 0x0, 0x0, 0x0, 0x0, 0x6,
    0xbf, 0xe9, 0x10, 0x8, 0xff, 0xff, 0xfb, 0x0,
    0x3a, 0x40, 0x6f, 0xf1, 0x0, 0x0, 0x10, 0xff,
    0x30, 0x5e, 0xff, 0xef, 0xf3, 0x2f, 0xf8, 0x57,
    0xff, 0x35, 0xfe, 0x0, 0x4f, 0xf3, 0x2f, 0xfe,
    0xef, 0xff, 0x30, 0x4c, 0xfd, 0x8c, 0xf3, 0x0,
    0x0, 0x0, 0x0, 0x0, 0x0, 0x2a, 0x40, 0x0,
    0x0, 0xa, 0xfc, 0x0, 0x0, 0x0, 0x5e, 0x70,
    0x0,

    /* U+1EAE "Ắ" */
    0x0, 0x0, 0x9f, 0xa0, 0x0, 0x33, 0x2f, 0xc3,
    0x30, 0xe, 0xf6, 0x63, 0xfe, 0x0, 0x29, 0xcb,
    0xc9, 0x20, 0x0, 0xc, 0xfc, 0x0, 0x0, 0x0,
    0xff, 0xf0, 0x0, 0x0, 0x4f, 0xff, 0x30, 0x0,
    0x7, 0xff, 0xf7, 0x0, 0x0, 0xbf, 0xff, 0xb0,
    0x0, 0xe, 0xf9, 0xfe, 0x0, 0x2, 0xff, 0x2f,
    0xf2, 0x0, 0x6f, 0xc0, 0xef, 0x60, 0xa, 0xf9,
    0xb, 0xfa, 0x0, 0xdf, 0xff, 0xff, 0xd0, 0x1f,
    0xff, 0xff, 0xff, 0x15, 0xff, 0x22, 0x3f, 0xf5,
    0x8f, 0xb0, 0x0, 0xef, 0x80,

    /* U+1EAF "ắ" */
    0x0, 0x0, 0x8f, 0xd0, 0x0, 0x0, 0x1f, 0xf3,
    0x0, 0x0, 0x8, 0xf7, 0x0, 0x0, 0x44, 0x66,
    0x4, 0x40, 0xd, 0xf2, 0x0, 0xff, 0x0, 0x9f,
    0x90, 0x7f, 0xb0, 0x1, 0xbf, 0xff, 0xc2, 0x0,
    0x0, 0x12, 0x10, 0x0, 0x0, 0x6b, 0xfe, 0x91,
    0x0, 0x8f, 0xff, 0xff, 0xb0, 0x3, 0xa4, 0x6,
    0xff, 0x10, 0x0, 0x1, 0xf, 0xf3, 0x5, 0xef,
    0xfe, 0xff, 0x32, 0xff, 0x85, 0x7f, 0xf3, 0x5f,
    0xe0, 0x4, 0xff, 0x32, 0xff, 0xee, 0xff, 0xf3,
    0x4, 0xcf, 0xd8, 0xcf, 0x30,

    /* U+1EB0 "Ằ" */
    0x0, 0xaf, 0x90, 0x0, 0x0, 0x33, 0xcf, 0x23,
    0x30, 0xe, 0xf3, 0x66, 0xfe, 0x0, 0x29, 0xcb,
    0xc9, 0x20, 0x0, 0xc, 0xfc, 0x0, 0x0, 0x0,
    0xff, 0xf0, 0x0, 0x0, 0x4f, 0xff, 0x30, 0x0,
    0x7, 0xff, 0xf7, 0x0, 0x0, 0xbf, 0xff, 0xb0,
    0x0, 0xe, 0xf9, 0xfe, 0x0, 0x2, 0xff, 0x2f,
    0xf2, 0x0, 0x6f, 0xc0, 0xef, 0x60, 0xa, 0xf9,
    0xb, 0xfa, 0x0, 0xdf, 0xff, 0xff, 0xd0, 0x1f,
    0xff, 0xff, 0xff, 0x15, 0xff, 0x22, 0x3f, 0xf5,
    0x8f, 0xb0, 0x0, 0xef, 0x80,

    /* U+1EB1 "ằ" */
    0x0, 0xbf, 0xa0, 0x0, 0x0, 0x1, 0xff, 0x20,
    0x0, 0x0, 0x5, 0xfa, 0x0, 0x0, 0x44, 0x5,
    0x64, 0x40, 0xd, 0xf2, 0x0, 0xff, 0x0, 0x9f,
    0x90, 0x7f, 0xb0, 0x1, 0xbf, 0xff, 0xc2, 0x0,
    0x0, 0x12, 0x10, 0x0, 0x0, 0x6b, 0xfe, 0x91,
    0x0, 0x8f, 0xff, 0xff, 0xb0, 0x3, 0xa4, 0x6,
    0xff, 0x10, 0x0, 0x1, 0xf, 0xf3, 0x5, 0xef,
    0xfe, 0xff, 0x32, 0xff, 0x85, 0x7f, 0xf3, 0x5f,
    0xe0, 0x4, 0xff, 0x32, 0xff, 0xee, 0xff, 0xf3,
    0x4, 0xcf, 0xd8, 0xcf, 0x30,

    /* U+1EB2 "Ẳ" */
    0x0, 0x1c, 0xea, 0x0, 0x0, 0x3, 0x66, 0xf2,
    0x0, 0xd, 0xd2, 0xc6, 0xdd, 0x0, 0x4a, 0xcb,
    0xca, 0x40, 0x0, 0xc, 0xfc, 0x0, 0x0, 0x0,
    0xff, 0xf0, 0x0, 0x0, 0x4f, 0xff, 0x30, 0x0,
    0x7, 0xff, 0xf7, 0x0, 0x0, 0xbf, 0xff, 0xb0,
    0x0, 0xe, 0xf9, 0xfe, 0x0, 0x2, 0xff, 0x2f,
    0xf2, 0x0, 0x6f, 0xc0, 0xef, 0x60, 0xa, 0xf9,
    0xb, 0xfa, 0x0, 0xdf, 0xff, 0xff, 0xd0, 0x1f,
    0xff, 0xff, 0xff, 0x15, 0xff, 0x22, 0x3f, 0xf5,
    0x8f, 0xb0, 0x0, 0xef, 0x80,

    /* U+1EB3 "ẳ" */
    0x0, 0x0, 0x10, 0x0, 0x0, 0x3, 0xef, 0xf6,
    0x0, 0x0, 0xad, 0x6f, 0xe0, 0x0, 0x0, 0x2,
    0xfb, 0x0, 0x0, 0x0, 0xda, 0x10, 0x0, 0xdf,
    0x21, 0xf, 0xf0, 0xa, 0xf8, 0x6, 0xfc, 0x0,
    0x1c, 0xff, 0xfd, 0x20, 0x0, 0x1, 0x21, 0x0,
    0x0, 0x6, 0xbf, 0xe9, 0x10, 0x8, 0xff, 0xff,
    0xfb, 0x0, 0x3a, 0x40, 0x6f, 0xf1, 0x0, 0x0,
    0x10, 0xff, 0x30, 0x5e, 0xff, 0xef, 0xf3, 0x2f,
    0xf8, 0x57, 0xff, 0x35, 0xfe, 0x0, 0x4f, 0xf3,
    0x2f, 0xfe, 0xef, 0xff, 0x30, 0x4c, 0xfd, 0x8c,
    0xf3,

    /* U+1EB4 "Ẵ" */
    0x9, 0xec, 0x61, 0x5, 0x12, 0x95, 0x47, 0xae,
    0xb0, 0xf, 0xf2, 0x2, 0xff, 0x0, 0x29, 0xcb,
    0xc9, 0x20, 0x0, 0xc, 0xfc, 0x0, 0x0, 0x0,
    0xff, 0xf0, 0x0, 0x0, 0x4f, 0xff, 0x30, 0x0,
    0x7, 0xff, 0xf7, 0x0, 0x0, 0xbf, 0xff, 0xb0,
    0x0, 0xe, 0xf9, 0xfe, 0x0, 0x2, 0xff, 0x2f,
    0xf2, 0x0, 0x6f, 0xc0, 0xef, 0x60, 0xa, 0xf9,
    0xb, 0xfa, 0x0, 0xdf, 0xff, 0xff, 0xd0, 0x1f,
    0xff, 0xff, 0xff, 0x15, 0xff, 0x22, 0x3f, 0xf5,
    0x8f, 0xb0, 0x0, 0xef, 0x80,

    /* U+1EB5 "ẵ" */
    0x7, 0xb8, 0x40, 0x1, 0x34, 0xff, 0xff, 0xfd,
    0xf6, 0x35, 0x3, 0x7c, 0xfc, 0x20, 0x78, 0x10,
    0x8, 0x80, 0xc, 0xf3, 0x1, 0xfe, 0x0, 0x8f,
    0x91, 0x7f, 0xa0, 0x1, 0xbf, 0xff, 0xc1, 0x0,
    0x0, 0x2, 0x10, 0x0, 0x0, 0x6b, 0xfe, 0x91,
    0x0, 0x8f, 0xff, 0xff, 0xb0, 0x3, 0xa4, 0x6,
    0xff, 0x10, 0x0, 0x1, 0xf, 0xf3, 0x5, 0xef,
    0xfe, 0xff, 0x32, 0xff, 0x85, 0x7f, 0xf3, 0x5f,
    0xe0, 0x4, 0xff, 0x32, 0xff, 0xee, 0xff, 0xf3,
    0x4, 0xcf, 0xd8, 0xcf, 0x30,

    /* U+1EB6 "Ặ" */
    0xf, 0xf0, 0x0, 0xff, 0x0, 0xcf, 0x71, 0x7f,
    0xc0, 0x2, 0xdf, 0xff, 0xd2, 0x0, 0x0, 0x12,
    0x10, 0x0, 0x0, 0xc, 0xfc, 0x0, 0x0, 0x0,
    0xff, 0xf0, 0x0, 0x0, 0x4f, 0xff, 0x30, 0x0,
    0x7, 0xff, 0xf7, 0x0, 0x0, 0xbf, 0xff, 0xb0,
    0x0, 0xe, 0xf9, 0xfe, 0x0, 0x2, 0xff, 0x2f,
    0xf2, 0x0, 0x6f, 0xc0, 0xef, 0x60, 0xa, 0xf9,
    0xb, 0xfa, 0x0, 0xdf, 0xff, 0xff, 0xd0, 0x1f,
    0xff, 0xff, 0xff, 0x15, 0xff, 0x22, 0x3f, 0xf5,
    0x8f, 0xb0, 0x0, 0xef, 0x80, 0x0, 0x0, 0x0,
    0x0, 0x0, 0x3, 0xa3, 0x0, 0x0, 0x0, 0xbf,
    0xb0, 0x0, 0x0, 0x6, 0xe6, 0x0, 0x0,

    /* U+1EB7 "ặ" */
    0x7, 0x70, 0x0, 0x77, 0x0, 0xcf, 0x30, 0xf,
    0xe0, 0x8, 0xf9, 0x17, 0xfa, 0x0, 0x1b, 0xff,
    0xfc, 0x20, 0x0, 0x0, 0x21, 0x0, 0x0, 0x6,
    0xbf, 0xe9, 0x10, 0x8, 0xff, 0xff, 0xfb, 0x0,
    0x3a, 0x40, 0x6f, 0xf1, 0x0, 0x0, 0x10, 0xff,
    0x30, 0x5e, 0xff, 0xef, 0xf3, 0x2f, 0xf8, 0x57,
    0xff, 0x35, 0xfe, 0x0, 0x4f, 0xf3, 0x2f, 0xfe,
    0xef, 0xff, 0x30, 0x4c, 0xfd, 0x8c, 0xf3, 0x0,
    0x0, 0x0, 0x0, 0x0, 0x0, 0x2a, 0x40, 0x0,
    0x0, 0xa, 0xfc, 0x0, 0x0, 0x0, 0x5e, 0x70,
    0x0,

    /* U+1EB8 "Ẹ" */
    0xcf, 0xff, 0xff, 0xdc, 0xff, 0xff, 0xfd, 0xcf,
    0x92, 0x22, 0x2c, 0xf8, 0x0, 0x0, 0xcf, 0x80,
    0x0, 0xc, 0xf8, 0x0, 0x0, 0xcf, 0xff, 0xff,
    0x7c, 0xff, 0xff, 0xf7, 0xcf, 0x80, 0x0, 0xc,
    0xf8, 0x0, 0x0, 0xcf, 0x92, 0x22, 0x2c, 0xff,
    0xff, 0xfd, 0xcf, 0xff, 0xff, 0xd0, 0x0, 0x0,
    0x0, 0x0, 0x3a, 0x30, 0x0, 0xb, 0xfb, 0x0,
    0x0, 0x6e, 0x60, 0x0,

    /* U+1EB9 "ẹ" */
    0x0, 0x5c, 0xfd, 0x70, 0x0, 0x6f, 0xff, 0xff,
    0x90, 0xe, 0xf5, 0x4, 0xff, 0x13, 0xfe, 0x0,
    0xd, 0xf4, 0x5f, 0xff, 0xff, 0xff, 0x63, 0xfe,
    0x32, 0x22, 0x21, 0xf, 0xf7, 0x1, 0x96, 0x0,
    0x7f, 0xff, 0xff, 0xd0, 0x0, 0x5c, 0xfe, 0xa1,
    0x0, 0x0, 0x0, 0x0, 0x0, 0x0, 0x2, 0xa4,
    0x0, 0x0, 0x0, 0xaf, 0xc0, 0x0, 0x0, 0x5,
    0xe7, 0x0, 0x0,

    /* U+1EBA "Ẻ" */
    0x0, 0x1, 0x0, 0x0, 0x4e, 0xfe, 0x50, 0xc,
    0xc6, 0xfd, 0x0, 0x0, 0x3f, 0x90, 0x0, 0x1e,
    0x80, 0xc, 0xff, 0xff, 0xfd, 0xcf, 0xff, 0xff,
    0xdc, 0xf9, 0x22, 0x22, 0xcf, 0x80, 0x0, 0xc,
    0xf8, 0x0, 0x0, 0xcf, 0x80, 0x0, 0xc, 0xff,
    0xff, 0xf7, 0xcf, 0xff, 0xff, 0x7c, 0xf8, 0x0,
    0x0, 0xcf, 0x80, 0x0, 0xc, 0xf9, 0x22, 0x22,
    0xcf, 0xff, 0xff, 0xdc, 0xff, 0xff, 0xfd,

    /* U+1EBB "ẻ" */
    0x0, 0x2c, 0xfe, 0x60, 0x0, 0xb, 0xe7, 0xfe,
    0x0, 0x0, 0x1, 0xdc, 0x30, 0x0, 0x0, 0x1,
    0x0, 0x0, 0x0, 0x5c, 0xfd, 0x70, 0x0, 0x6f,
    0xff, 0xff, 0x90, 0xe, 0xf5, 0x4, 0xff, 0x13,
    0xfe, 0x0, 0xd, 0xf4, 0x5f, 0xff, 0xff, 0xff,
    0x63, 0xfe, 0x32, 0x22, 0x21, 0xf, 0xf7, 0x1,
    0x96, 0x0, 0x7f, 0xff, 0xff, 0xd0, 0x0, 0x5c,
    0xfe, 0xa1, 0x0,

    /* U+1EBE "Ế" */
    0x0, 0x0, 0x0, 0xef, 0x40, 0x3e, 0xed, 0x9f,
    0x70, 0xd, 0xe6, 0xfe, 0x50, 0x6, 0xc3, 0x6,
    0xc3, 0x0, 0xcf, 0xff, 0xff, 0xd0, 0xc, 0xff,
    0xff, 0xfd, 0x0, 0xcf, 0x92, 0x22, 0x20, 0xc,
    0xf8, 0x0, 0x0, 0x0, 0xcf, 0x80, 0x0, 0x0,
    0xc, 0xf8, 0x0, 0x0, 0x0, 0xcf, 0xff, 0xff,
    0x70, 0xc, 0xff, 0xff, 0xf7, 0x0, 0xcf, 0x80,
    0x0, 0x0, 0xc, 0xf8, 0x0, 0x0, 0x0, 0xcf,
    0x92, 0x22, 0x20, 0xc, 0xff, 0xff, 0xfd, 0x0,
    0xcf, 0xff, 0xff, 0xd0, 0x0,

    /* U+1EBF "ế" */
    0x0, 0x0, 0x8f, 0xd0, 0x0, 0x0, 0x1f, 0xf3,
    0x0, 0x0, 0x9, 0xf7, 0x0, 0x0, 0x0, 0xaa,
    0x40, 0x0, 0x0, 0x5f, 0xff, 0x70, 0x0, 0xe,
    0xf4, 0xff, 0x10, 0x8, 0xf6, 0x5, 0xfa, 0x0,
    0x12, 0x0, 0x2, 0x20, 0x0, 0x5c, 0xfd, 0x70,
    0x0, 0x6f, 0xff, 0xff, 0x90, 0xe, 0xf5, 0x4,
    0xff, 0x13, 0xfe, 0x0, 0xd, 0xf4, 0x5f, 0xff,
    0xff, 0xff, 0x63, 0xfe, 0x32, 0x22, 0x21, 0xf,
    0xf7, 0x1, 0x96, 0x0, 0x7f, 0xff, 0xff, 0xd0,
    0x0, 0x5c, 0xfe, 0xa1, 0x0,

    /* U+1EC0 "Ề" */
    0x4f, 0xe0, 0x0, 0x0, 0x0, 0x6f, 0x9d, 0xee,
    0x40, 0x0, 0x5e, 0xf6, 0xee, 0x10, 0x3, 0xc6,
    0x2, 0xc6, 0x0, 0xcf, 0xff, 0xff, 0xd0, 0xc,
    0xff, 0xff, 0xfd, 0x0, 0xcf, 0x92, 0x22, 0x20,
    0xc, 0xf8, 0x0, 0x0, 0x0, 0xcf, 0x80, 0x0,
    0x0, 0xc, 0xf8, 0x0, 0x0, 0x0, 0xcf, 0xff,
    0xff, 0x70, 0xc, 0xff, 0xff, 0xf7, 0x0, 0xcf,
    0x80, 0x0, 0x0, 0xc, 0xf8, 0x0, 0x0, 0x0,
    0xcf, 0x92, 0x22, 0x20, 0xc, 0xff, 0xff, 0xfd,
    0x0, 0xcf, 0xff, 0xff, 0xd0,

    /* U+1EC1 "ề" */
    0x0, 0xbf, 0xa0, 0x0, 0x0, 0x1, 0xff, 0x20,
    0x0, 0x0, 0x5, 0xfa, 0x0, 0x0, 0x0, 0x4a,
    0xa0, 0x0, 0x0, 0x5f, 0xff, 0x70, 0x0, 0xe,
    0xf4, 0xff, 0x10, 0x8, 0xf6, 0x5, 0xfa, 0x0,
    0x12, 0x0, 0x2, 0x20, 0x0, 0x5c, 0xfd, 0x70,
    0x0, 0x6f, 0xff, 0xff, 0x90, 0xe, 0xf5, 0x4,
    0xff, 0x13, 0xfe, 0x0, 0xd, 0xf4, 0x5f, 0xff,
    0xff, 0xff, 0x63, 0xfe, 0x32, 0x22, 0x21, 0xf,
    0xf7, 0x1, 0x96, 0x0, 0x7f, 0xff, 0xff, 0xd0,
    0x0, 0x5c, 0xfe, 0xa1, 0x0,

    /* U+1EC2 "Ể" */
    0x0, 0x0, 0x7, 0xeb, 0x10, 0x3d, 0xdd, 0xb5,
    0xf4, 0xd, 0xe6, 0xfa, 0x86, 0x6, 0xc3, 0x6,
    0xc3, 0x0, 0xcf, 0xff, 0xff, 0xd0, 0xc, 0xff,
    0xff, 0xfd, 0x0, 0xcf, 0x92, 0x22, 0x20, 0xc,
    0xf8, 0x0, 0x0, 0x0, 0xcf, 0x80, 0x0, 0x0,
    0xc, 0xf8, 0x0, 0x0, 0x0, 0xcf, 0xff, 0xff,
    0x70, 0xc, 0xff, 0xff, 0xf7, 0x0, 0xcf, 0x80,
    0x0, 0x0, 0xc, 0xf8, 0x0, 0x0, 0x0, 0xcf,
    0x92, 0x22, 0x20, 0xc, 0xff, 0xff, 0xfd, 0x0,
    0xcf, 0xff, 0xff, 0xd0, 0x0,

    /* U+1EC3 "ể" */
    0x0, 0x0, 0x10, 0x0, 0x0, 0x3, 0xef, 0xf7,
    0x0, 0x0, 0xbd, 0x6f, 0xe0, 0x0, 0x0, 0x5,
    0xf8, 0x0, 0x0, 0x6, 0xfb, 0x0, 0x0, 0x6,
    0xff, 0xf8, 0x0, 0x0, 0xef, 0x4e, 0xf1, 0x0,
    0x8f, 0x60, 0x5f, 0xa0, 0x1, 0x10, 0x0, 0x11,
    0x0, 0x5, 0xcf, 0xd7, 0x0, 0x6, 0xff, 0xff,
    0xf9, 0x0, 0xef, 0x50, 0x4f, 0xf1, 0x3f, 0xe0,
    0x0, 0xdf, 0x45, 0xff, 0xff, 0xff, 0xf6, 0x3f,
    0xe3, 0x22, 0x22, 0x10, 0xff, 0x70, 0x19, 0x60,
    0x7, 0xff, 0xff, 0xfd, 0x0, 0x5, 0xcf, 0xea,
    0x10,

    /* U+1EC4 "Ễ" */
    0x9, 0xeb, 0x72, 0x6, 0x12, 0x95, 0xff, 0xff,
    0xc0, 0x0, 0xcf, 0xaf, 0xa0, 0x0, 0x5c, 0x60,
    0x6c, 0x40, 0xc, 0xff, 0xff, 0xfd, 0x0, 0xcf,
    0xff, 0xff, 0xd0, 0xc, 0xf9, 0x22, 0x22, 0x0,
    0xcf, 0x80, 0x0, 0x0, 0xc, 0xf8, 0x0, 0x0,
    0x0, 0xcf, 0x80, 0x0, 0x0, 0xc, 0xff, 0xff,
    0xf7, 0x0, 0xcf, 0xff, 0xff, 0x70, 0xc, 0xf8,
    0x0, 0x0, 0x0, 0xcf, 0x80, 0x0, 0x0, 0xc,
    0xf9, 0x22, 0x22, 0x0, 0xcf, 0xff, 0xff, 0xd0,
    0xc, 0xff, 0xff, 0xfd, 0x0,

    /* U+1EC5 "ễ" */
    0x7, 0xb8, 0x40, 0x1, 0x34, 0xff, 0xff, 0xfd,
    0xf6, 0x35, 0x3, 0x7c, 0xfc, 0x20, 0x0, 0x88,
    0x81, 0x0, 0x0, 0x7f, 0xff, 0x90, 0x0, 0x1f,
    0xe2, 0xef, 0x20, 0x9, 0xf5, 0x4, 0xfb, 0x0,
    0x11, 0x0, 0x1, 0x10, 0x0, 0x5c, 0xfd, 0x70,
    0x0, 0x6f, 0xff, 0xff, 0x90, 0xe, 0xf5, 0x4,
    0xff, 0x13, 0xfe, 0x0, 0xd, 0xf4, 0x5f, 0xff,
    0xff, 0xff, 0x63, 0xfe, 0x32, 0x22, 0x21, 0xf,
    0xf7, 0x1, 0x96, 0x0, 0x7f, 0xff, 0xff, 0xd0,
    0x0, 0x5c, 0xfe, 0xa1, 0x0,

    /* U+1EC6 "Ệ" */
    0x4, 0xff, 0xf4, 0x1, 0xef, 0x7f, 0xe0, 0x9f,
    0x50, 0x6f, 0x90, 0x0, 0x0, 0x0, 0xcf, 0xff,
    0xff, 0xdc, 0xff, 0xff, 0xfd, 0xcf, 0x92, 0x22,
    0x2c, 0xf8, 0x0, 0x0, 0xcf, 0x80, 0x0, 0xc,
    0xf8, 0x0, 0x0, 0xcf, 0xff, 0xff, 0x7c, 0xff,
    0xff, 0xf7, 0xcf, 0x80, 0x0, 0xc, 0xf8, 0x0,
    0x0, 0xcf, 0x92, 0x22, 0x2c, 0xff, 0xff, 0xfd,
    0xcf, 0xff, 0xff, 0xd0, 0x0, 0x0, 0x0, 0x0,
    0x3a, 0x30, 0x0, 0xb, 0xfb, 0x0, 0x0, 0x6e,
    0x60, 0x0,

    /* U+1EC7 "ệ" */
    0x0, 0x7, 0x77, 0x10, 0x0, 0x7, 0xff, 0xf9,
    0x0, 0x1, 0xfe, 0x2e, 0xf2, 0x0, 0x9f, 0x50,
    0x3f, 0xb0, 0x0, 0x0, 0x0, 0x0, 0x0, 0x5,
    0xcf, 0xd7, 0x0, 0x6, 0xff, 0xff, 0xf9, 0x0,
    0xef, 0x50, 0x4f, 0xf1, 0x3f, 0xe0, 0x0, 0xdf,
    0x45, 0xff, 0xff, 0xff, 0xf6, 0x3f, 0xe3, 0x22,
    0x22, 0x10, 0xff, 0x70, 0x19, 0x60, 0x7, 0xff,
    0xff, 0xfd, 0x0, 0x5, 0xcf, 0xea, 0x10, 0x0,
    0x0, 0x0, 0x0, 0x0, 0x0, 0x2a, 0x40, 0x0,
    0x0, 0xa, 0xfc, 0x0, 0x0, 0x0, 0x5e, 0x70,
    0x0,

    /* U+1EC8 "Ỉ" */
    0x0, 0x1, 0x0, 0x0, 0x4e, 0xfe, 0x50, 0xc,
    0xc6, 0xfd, 0x0, 0x0, 0x3f, 0x90, 0x0, 0x1e,
    0x80, 0x8, 0xff, 0xff, 0xf8, 0x8f, 0xff, 0xff,
    0x81, 0x2b, 0xfb, 0x21, 0x0, 0xaf, 0xa0, 0x0,
    0xa, 0xfa, 0x0, 0x0, 0xaf, 0xa0, 0x0, 0xa,
    0xfa, 0x0, 0x0, 0xaf, 0xa0, 0x0, 0xa, 0xfa,
    0x0, 0x0, 0xaf, 0xa0, 0x1, 0x2b, 0xfb, 0x21,
    0x8f, 0xff, 0xff, 0x88, 0xff, 0xff, 0xf8,

    /* U+1EC9 "ỉ" */
    0x3, 0xdf, 0xd4, 0x0, 0xcd, 0x8f, 0xd0, 0x0,
    0x3, 0xf9, 0x0, 0x1, 0xe8, 0x0, 0x5f, 0xff,
    0xa0, 0x5, 0xff, 0xfa, 0x0, 0x0, 0x8f, 0xa0,
    0x0, 0x8, 0xfa, 0x0, 0x0, 0x8f, 0xa0, 0x0,
    0x8, 0xfa, 0x0, 0x0, 0x8f, 0xa0, 0x5, 0xff,
    0xff, 0xf5, 0x5f, 0xff, 0xff, 0x50,

    /* U+1ECA "Ị" */
    0x8f, 0xff, 0xff, 0x88, 0xff, 0xff, 0xf8, 0x12,
    0xbf, 0xb2, 0x10, 0xa, 0xfa, 0x0, 0x0, 0xaf,
    0xa0, 0x0, 0xa, 0xfa, 0x0, 0x0, 0xaf, 0xa0,
    0x0, 0xa, 0xfa, 0x0, 0x0, 0xaf, 0xa0, 0x0,
    0xa, 0xfa, 0x0, 0x12, 0xbf, 0xb2, 0x18, 0xff,
    0xff, 0xf8, 0x8f, 0xff, 0xff, 0x80, 0x0, 0x0,
    0x0, 0x0, 0x3a, 0x30, 0x0, 0xb, 0xfb, 0x0,
    0x0, 0x6e, 0x60, 0x0,

    /* U+1ECB "ị" */
    0x0, 0x6e, 0x60, 0x0, 0xb, 0xfb, 0x0, 0x0,
    0x39, 0x30, 0x0, 0x0, 0x0, 0x0, 0x5f, 0xff,
    0xa0, 0x5, 0xff, 0xfa, 0x0, 0x0, 0x8f, 0xa0,
    0x0, 0x8, 0xfa, 0x0, 0x0, 0x8f, 0xa0, 0x0,
    0x8, 0xfa, 0x0, 0x0, 0x8f, 0xa0, 0x5, 0xff,
    0xff, 0xf5, 0x5f, 0xff, 0xff, 0x50, 0x0, 0x0,
    0x0, 0x0, 0x3a, 0x30, 0x0, 0xb, 0xfb, 0x0,
    0x0, 0x6e, 0x60, 0x0,

    /* U+1ECC "Ọ" */
    0x0, 0x7d, 0xfd, 0x70, 0x0, 0x8f, 0xff, 0xff,
    0x80, 0xf, 0xf7, 0x7, 0xff, 0x3, 0xff, 0x10,
    0x1f, 0xf3, 0x4f, 0xf0, 0x0, 0xff, 0x44, 0xff,
    0x0, 0xf, 0xf4, 0x4f, 0xf0, 0x0, 0xff, 0x44,
    0xff, 0x0, 0xf, 0xf4, 0x4f, 0xf0, 0x0, 0xff,
    0x43, 0xff, 0x10, 0x1f, 0xf3, 0xf, 0xf7, 0x7,
    0xff, 0x0, 0x8f, 0xff, 0xff, 0x80, 0x0, 0x7d,
    0xfd, 0x70, 0x0, 0x0, 0x0, 0x0, 0x0, 0x0,
    0x3, 0xa3, 0x0, 0x0, 0x0, 0xbf, 0xb0, 0x0,
    0x0, 0x6, 0xe6, 0x0, 0x0,

    /* U+1ECD "ọ" */
    0x0, 0x5c, 0xfc, 0x50, 0x0, 0x6f, 0xff, 0xff,
    0x60, 0xe, 0xf7, 0x7, 0xfe, 0x3, 0xff, 0x0,
    0xf, 0xf3, 0x5f, 0xd0, 0x0, 0xdf, 0x53, 0xff,
    0x0, 0xf, 0xf3, 0xe, 0xf7, 0x7, 0xfe, 0x0,
    0x6f, 0xff, 0xff, 0x60, 0x0, 0x5c, 0xfc, 0x50,
    0x0, 0x0, 0x0, 0x0, 0x0, 0x0, 0x3, 0xa3,
    0x0, 0x0, 0x0, 0xbf, 0xb0, 0x0, 0x0, 0x6,
    0xe6, 0x0, 0x0,

    /* U+1ECE "Ỏ" */
    0x0, 0x0, 0x10, 0x0, 0x0, 0x4, 0xef, 0xf7,
    0x0, 0x0, 0xcc, 0x6f, 0xc0, 0x0, 0x0, 0x1d,
    0xb2, 0x0, 0x0, 0x0, 0x10, 0x0, 0x0, 0x7,
    0xdf, 0xd7, 0x0, 0x8, 0xff, 0xff, 0xf8, 0x0,
    0xff, 0x70, 0x7f, 0xf0, 0x3f, 0xf1, 0x1, 0xff,
    0x34, 0xff, 0x0, 0xf, 0xf4, 0x4f, 0xf0, 0x0,
    0xff, 0x44, 0xff, 0x0, 0xf, 0xf4, 0x4f, 0xf0,
    0x0, 0xff, 0x44, 0xff, 0x0, 0xf, 0xf4, 0x3f,
    0xf1, 0x1, 0xff, 0x30, 0xff, 0x70, 0x7f, 0xf0,
    0x8, 0xff, 0xff, 0xf8, 0x0, 0x7, 0xdf, 0xd7,
    0x0,

    /* U+1ECF "ỏ" */
    0x0, 0x3d, 0xfd, 0x60, 0x0, 0xc, 0xd8, 0xfc,
    0x0, 0x0, 0x1, 0xdb, 0x20, 0x0, 0x0, 0x1,
    0x0, 0x0, 0x0, 0x5c, 0xfc, 0x50, 0x0, 0x6f,
    0xff, 0xff, 0x60, 0xe, 0xf7, 0x7, 0xfe, 0x3,
    0xff, 0x0, 0xf, 0xf3, 0x5f, 0xd0, 0x0, 0xdf,
    0x53, 0xff, 0x0, 0xf, 0xf3, 0xe, 0xf7, 0x7,
    0xfe, 0x0, 0x6f, 0xff, 0xff, 0x60, 0x0, 0x5c,
    0xfc, 0x50, 0x0,

    /* U+1ED0 "Ố" */
    0x0, 0x0, 0x0, 0xa, 0xf9, 0x0, 0x0, 0xde,
    0xe8, 0xfc, 0x0, 0x0, 0x9f, 0x7e, 0xf7, 0x10,
    0x0, 0x2e, 0x80, 0x3e, 0x80, 0x0, 0x0, 0x7d,
    0xfd, 0x70, 0x0, 0x0, 0x8f, 0xff, 0xff, 0x80,
    0x0, 0xf, 0xf7, 0x7, 0xff, 0x0, 0x3, 0xff,
    0x10, 0x1f, 0xf3, 0x0, 0x4f, 0xf0, 0x0, 0xff,
    0x40, 0x4, 0xff, 0x0, 0xf, 0xf4, 0x0, 0x4f,
    0xf0, 0x0, 0xff, 0x40, 0x4, 0xff, 0x0, 0xf,
    0xf4, 0x0, 0x4f, 0xf0, 0x0, 0xff, 0x40, 0x3,
    0xff, 0x10, 0x1f, 0xf3, 0x0, 0xf, 0xf7, 0x7,
    0xff, 0x0, 0x0, 0x8f, 0xff, 0xff, 0x80, 0x0,
    0x0, 0x7d, 0xfd, 0x70, 0x0, 0x0,

    /* U+1ED1 "ố" */
    0x0, 0x0, 0xaf, 0xc0, 0x0, 0x0, 0x2f, 0xf2,
    0x0, 0x0, 0xa, 0xf6, 0x0, 0x0, 0x0, 0xaa,
    0x40, 0x0, 0x0, 0x6f, 0xff, 0x60, 0x0, 0x1e,
    0xf4, 0xfe, 0x10, 0x9, 0xf5, 0x6, 0xf9, 0x0,
    0x22, 0x0, 0x2, 0x20, 0x0, 0x5c, 0xfc, 0x50,
    0x0, 0x6f, 0xff, 0xff, 0x60, 0xe, 0xf7, 0x7,
    0xfe, 0x3, 0xff, 0x0, 0xf, 0xf3, 0x5f, 0xd0,
    0x0, 0xdf, 0x53, 0xff, 0x0, 0xf, 0xf3, 0xe,
    0xf7, 0x7, 0xfe, 0x0, 0x6f, 0xff, 0xff, 0x60,
    0x0, 0x5c, 0xfc, 0x50, 0x0,

    /* U+1ED2 "Ồ" */
    0x3f, 0xf1, 0x0, 0x0, 0x0, 0x5, 0xfa, 0xde,
    0xe5, 0x0, 0x0, 0x5d, 0xf7, 0xee, 0x10, 0x0,
    0x2e, 0x90, 0x3e, 0x80, 0x0, 0x7, 0xdf, 0xd7,
    0x0, 0x0, 0x8f, 0xff, 0xff, 0x80, 0x0, 0xff,
    0x70, 0x7f, 0xf0, 0x3, 0xff, 0x10, 0x1f, 0xf3,
    0x4, 0xff, 0x0, 0xf, 0xf4, 0x4, 0xff, 0x0,
    0xf, 0xf4, 0x4, 0xff, 0x0, 0xf, 0xf4, 0x4,
    0xff, 0x0, 0xf, 0xf4, 0x4, 0xff, 0x0, 0xf,
    0xf4, 0x3, 0xff, 0x10, 0x1f, 0xf3, 0x0, 0xff,
    0x70, 0x7f, 0xf0, 0x0, 0x8f, 0xff, 0xff, 0x80,
    0x0, 0x7, 0xdf, 0xd7, 0x0,

    /* U+1ED3 "ồ" */
    0x0, 0xcf, 0x90, 0x0, 0x0, 0x2, 0xff, 0x10,
    0x0, 0x0, 0x7, 0xf9, 0x0, 0x0, 0x0, 0x4a,
    0xa0, 0x0, 0x0, 0x6f, 0xff, 0x60, 0x0, 0x1e,
    0xf4, 0xfe, 0x10, 0x9, 0xf5, 0x6, 0xf9, 0x0,
    0x22, 0x0, 0x2, 0x20, 0x0, 0x5c, 0xfc, 0x50,
    0x0, 0x6f, 0xff, 0xff, 0x60, 0xe, 0xf7, 0x7,
    0xfe, 0x3, 0xff, 0x0, 0xf, 0xf3, 0x5f, 0xd0,
    0x0, 0xdf, 0x53, 0xff, 0x0, 0xf, 0xf3, 0xe,
    0xf7, 0x7, 0xfe, 0x0, 0x6f, 0xff, 0xff, 0x60,
    0x0, 0x5c, 0xfc, 0x50, 0x0,

    /* U+1ED4 "Ổ" */
    0x0, 0x0, 0x0, 0x6d, 0xb1, 0x0, 0x2d, 0xdd,
    0xb4, 0xf6, 0x0, 0xcf, 0x7f, 0xb9, 0x90, 0x5,
    0xe6, 0x6, 0xe5, 0x0, 0x0, 0x7d, 0xfd, 0x70,
    0x0, 0x8, 0xff, 0xff, 0xf8, 0x0, 0xf, 0xf7,
    0x7, 0xff, 0x0, 0x3f, 0xf1, 0x1, 0xff, 0x30,
    0x4f, 0xf0, 0x0, 0xff, 0x40, 0x4f, 0xf0, 0x0,
    0xff, 0x40, 0x4f, 0xf0, 0x0, 0xff, 0x40, 0x4f,
    0xf0, 0x0, 0xff, 0x40, 0x4f, 0xf0, 0x0, 0xff,
    0x40, 0x3f, 0xf1, 0x1, 0xff, 0x30, 0xf, 0xf7,
    0x7, 0xff, 0x0, 0x8, 0xff, 0xff, 0xf8, 0x0,
    0x0, 0x7d, 0xfd, 0x70, 0x0,

    /* U+1ED5 "ổ" */
    0x0, 0x0, 0x10, 0x0, 0x0, 0x4, 0xef, 0xf6,
    0x0, 0x0, 0xcd, 0x6f, 0xd0, 0x0, 0x0, 0x6,
    0xf7, 0x0, 0x0, 0x7, 0xfb, 0x0, 0x0, 0x7,
    0xff, 0xf7, 0x0, 0x1, 0xfe, 0x4f, 0xe1, 0x0,
    0x9f, 0x50, 0x6f, 0x90, 0x1, 0x10, 0x0, 0x11,
    0x0, 0x5, 0xcf, 0xc5, 0x0, 0x6, 0xff, 0xff,
    0xf6, 0x0, 0xef, 0x70, 0x7f, 0xe0, 0x3f, 0xf0,
    0x0, 0xff, 0x35, 0xfd, 0x0, 0xd, 0xf5, 0x3f,
    0xf0, 0x0, 0xff, 0x30, 0xef, 0x70, 0x7f, 0xe0,
    0x6, 0xff, 0xff, 0xf6, 0x0, 0x5, 0xcf, 0xc5,
    0x0,

    /* U+1ED6 "Ỗ" */
    0x2f, 0xff, 0xff, 0xff, 0x20, 0x24, 0xfe, 0xf9,
    0x20, 0x0, 0xce, 0x1e, 0xe0, 0x0, 0x5e, 0x40,
    0x4e, 0x60, 0x0, 0x7d, 0xfd, 0x70, 0x0, 0x8f,
    0xff, 0xff, 0x80, 0xf, 0xf7, 0x7, 0xff, 0x3,
    0xff, 0x10, 0x1f, 0xf3, 0x4f, 0xf0, 0x0, 0xff,
    0x44, 0xff, 0x0, 0xf, 0xf4, 0x4f, 0xf0, 0x0,
    0xff, 0x44, 0xff, 0x0, 0xf, 0xf4, 0x4f, 0xf0,
    0x0, 0xff, 0x43, 0xff, 0x10, 0x1f, 0xf3, 0xf,
    0xf7, 0x7, 0xff, 0x0, 0x8f, 0xff, 0xff, 0x80,
    0x0, 0x7d, 0xfd, 0x70, 0x0,

    /* U+1ED7 "ỗ" */
    0x7, 0xb8, 0x40, 0x1, 0x36, 0xff, 0xff, 0xfd,
    0xf5, 0x44, 0x3, 0x8c, 0xfb, 0x10, 0x1, 0x88,
    0x80, 0x0, 0x0, 0x8f, 0xff, 0x80, 0x0, 0x1f,
    0xe2, 0xef, 0x10, 0xa, 0xf4, 0x5, 0xf9, 0x0,
    0x11, 0x0, 0x1, 0x10, 0x0, 0x5c, 0xfc, 0x50,
    0x0, 0x6f, 0xff, 0xff, 0x60, 0xe, 0xf7, 0x7,
    0xfe, 0x3, 0xff, 0x0, 0xf, 0xf3, 0x5f, 0xd0,
    0x0, 0xdf, 0x53, 0xff, 0x0, 0xf, 0xf3, 0xe,
    0xf7, 0x7, 0xfe, 0x0, 0x6f, 0xff, 0xff, 0x60,
    0x0, 0x5c, 0xfc, 0x50, 0x0,

    /* U+1ED8 "Ộ" */
    0x0, 0x4f, 0xff, 0x40, 0x0, 0x1e, 0xf7, 0xfe,
    0x0, 0x9, 0xf5, 0x6, 0xf9, 0x0, 0x0, 0x0,
    0x0, 0x0, 0x0, 0x7d, 0xfd, 0x70, 0x0, 0x8f,
    0xff, 0xff, 0x80, 0xf, 0xf7, 0x7, 0xff, 0x3,
    0xff, 0x10, 0x1f, 0xf3, 0x4f, 0xf0, 0x0, 0xff,
    0x44, 0xff, 0x0, 0xf, 0xf4, 0x4f, 0xf0, 0x0,
    0xff, 0x44, 0xff, 0x0, 0xf, 0xf4, 0x4f, 0xf0,
    0x0, 0xff, 0x43, 0xff, 0x10, 0x1f, 0xf3, 0xf,
    0xf7, 0x7, 0xff, 0x0, 0x8f, 0xff, 0xff, 0x80,
    0x0, 0x7d, 0xfd, 0x70, 0x0, 0x0, 0x0, 0x0,
    0x0, 0x0, 0x3, 0xa3, 0x0, 0x0, 0x0, 0xbf,
    0xb0, 0x0, 0x0, 0x6, 0xe6, 0x0, 0x0,

    /* U+1ED9 "ộ" */
    0x0, 0x7, 0x77, 0x0, 0x0, 0x8, 0xff, 0xf8,
    0x0, 0x2, 0xfe, 0x2e, 0xf1, 0x0, 0xaf, 0x40,
    0x4f, 0xa0, 0x0, 0x0, 0x0, 0x0, 0x0, 0x5,
    0xcf, 0xc5, 0x0, 0x6, 0xff, 0xff, 0xf6, 0x0,
    0xef, 0x70, 0x7f, 0xe0, 0x3f, 0xf0, 0x0, 0xff,
    0x35, 0xfd, 0x0, 0xd, 0xf5, 0x3f, 0xf0, 0x0,
    0xff, 0x30, 0xef, 0x70, 0x7f, 0xe0, 0x6, 0xff,
    0xff, 0xf6, 0x0, 0x5, 0xcf, 0xc5, 0x0, 0x0,
    0x0, 0x0, 0x0, 0x0, 0x0, 0x3a, 0x30, 0x0,
    0x0, 0xb, 0xfb, 0x0, 0x0, 0x0, 0x6e, 0x60,
    0x0,

    /* U+1EDA "Ớ" */
    0x0, 0x0, 0x1, 0x10, 0x0, 0x0, 0x0, 0xa,
    0xfb, 0x0, 0x0, 0x0, 0x3, 0xfe, 0x14, 0x75,
    0x0, 0x0, 0xcf, 0x30, 0x4f, 0xe0, 0x0, 0x0,
    0x0, 0x7, 0xfd, 0x0, 0x7, 0xdf, 0xff, 0xeb,
    0x30, 0x8, 0xff, 0xdf, 0xf9, 0x0, 0x0, 0xff,
    0x50, 0x5f, 0xf1, 0x0, 0x3f, 0xf1, 0x1, 0xff,
    0x30, 0x4, 0xff, 0x0, 0xf, 0xf4, 0x0, 0x4f,
    0xf0, 0x0, 0xff, 0x40, 0x4, 0xff, 0x0, 0xf,
    0xf4, 0x0, 0x4f, 0xf0, 0x0, 0xff, 0x40, 0x4,
    0xff, 0x0, 0xf, 0xf4, 0x0, 0x3f, 0xf1, 0x1,
    0xff, 0x30, 0x0, 0xff, 0x70, 0x7f, 0xf0, 0x0,
    0x8, 0xff, 0xff, 0xf8, 0x0, 0x0, 0x7, 0xdf,
    0xd7, 0x0, 0x0,

    /* U+1EDB "ớ" */
    0x0, 0x0, 0x56, 0x40, 0x0, 0x0, 0x2, 0xff,
    0x41, 0x10, 0x0, 0xa, 0xf8, 0x1f, 0xf2, 0x0,
    0x2f, 0xc0, 0xe, 0xf4, 0x0, 0x0, 0x0, 0x3f,
    0xf2, 0x0, 0x8d, 0xff, 0xff, 0x90, 0xc, 0xff,
    0xff, 0xf3, 0x0, 0x5f, 0xf2, 0x1c, 0xf9, 0x0,
    0x9f, 0xa0, 0x6, 0xfd, 0x0, 0xbf, 0x70, 0x2,
    0xff, 0x0, 0x9f, 0xa0, 0x6, 0xfd, 0x0, 0x5f,
    0xe2, 0xc, 0xf9, 0x0, 0xc, 0xff, 0xff, 0xe1,
    0x0, 0x0, 0x9d, 0xeb, 0x20, 0x0,

    /* U+1EDC "Ờ" */
    0x0, 0x11, 0x0, 0x0, 0x0, 0x0, 0xb, 0xfa,
    0x0, 0x0, 0x0, 0x0, 0x1e, 0xf3, 0x4, 0x75,
    0x0, 0x0, 0x3f, 0xc0, 0x4f, 0xe0, 0x0, 0x0,
    0x0, 0x7, 0xfd, 0x0, 0x7, 0xdf, 0xff, 0xeb,
    0x30, 0x8, 0xff, 0xdf, 0xf9, 0x0, 0x0, 0xff,
    0x50, 0x5f, 0xf1, 0x0, 0x3f, 0xf1, 0x1, 0xff,
    0x30, 0x4, 0xff, 0x0, 0xf, 0xf4, 0x0, 0x4f,
    0xf0, 0x0, 0xff, 0x40, 0x4, 0xff, 0x0, 0xf,
    0xf4, 0x0, 0x4f, 0xf0, 0x0, 0xff, 0x40, 0x4,
    0xff, 0x0, 0xf, 0xf4, 0x0, 0x3f, 0xf1, 0x1,
    0xff, 0x30, 0x0, 0xff, 0x70, 0x7f, 0xf0, 0x0,
    0x8, 0xff, 0xff, 0xf8, 0x0, 0x0, 0x7, 0xdf,
    0xd7, 0x0, 0x0,

    /* U+1EDD "ờ" */
    0x2, 0x66, 0x0, 0x0, 0x0, 0x0, 0xdf, 0x70,
    0x1, 0x10, 0x0, 0x2f, 0xe1, 0x1f, 0xf2, 0x0,
    0x7, 0xf8, 0xe, 0xf4, 0x0, 0x0, 0x0, 0x3f,
    0xf2, 0x0, 0x8d, 0xff, 0xff, 0x90, 0xc, 0xff,
    0xff, 0xf3, 0x0, 0x5f, 0xf2, 0x1c, 0xf9, 0x0,
    0x9f, 0xa0, 0x6, 0xfd, 0x0, 0xbf, 0x70, 0x2,
    0xff, 0x0, 0x9f, 0xa0, 0x6, 0xfd, 0x0, 0x5f,
    0xe2, 0xc, 0xf9, 0x0, 0xc, 0xff, 0xff, 0xe1,
    0x0, 0x0, 0x9d, 0xeb, 0x20, 0x0,

    /* U+1EDE "Ở" */
    0x0, 0x0, 0x10, 0x0, 0x0, 0x0, 0x4, 0xef,
    0xf7, 0x0, 0x0, 0x0, 0xcc, 0x6f, 0xc4, 0x75,
    0x0, 0x0, 0x1d, 0xb2, 0x4f, 0xe0, 0x0, 0x0,
    0x10, 0x7, 0xfd, 0x0, 0x7, 0xdf, 0xff, 0xeb,
    0x30, 0x8, 0xff, 0xdf, 0xf9, 0x0, 0x0, 0xff,
    0x50, 0x5f, 0xf1, 0x0, 0x3f, 0xf1, 0x1, 0xff,
    0x30, 0x4, 0xff, 0x0, 0xf, 0xf4, 0x0, 0x4f,
    0xf0, 0x0, 0xff, 0x40, 0x4, 0xff, 0x0, 0xf,
    0xf4, 0x0, 0x4f, 0xf0, 0x0, 0xff, 0x40, 0x4,
    0xff, 0x0, 0xf, 0xf4, 0x0, 0x3f, 0xf1, 0x1,
    0xff, 0x30, 0x0, 0xff, 0x70, 0x7f, 0xf0, 0x0,
    0x8, 0xff, 0xff, 0xf8, 0x0, 0x0, 0x7, 0xdf,
    0xd7, 0x0, 0x0,

    /* U+1EDF "ở" */
    0x0, 0x6e, 0xfc, 0x20, 0x0, 0x1, 0xfb, 0xaf,
    0xaf, 0xf1, 0x0, 0x4, 0xf8, 0xe, 0xf4, 0x0,
    0x1, 0x10, 0x3f, 0xf2, 0x0, 0x8d, 0xff, 0xff,
    0xa0, 0xc, 0xff, 0xff, 0xf3, 0x0, 0x5f, 0xf2,
    0x1c, 0xf9, 0x0, 0x9f, 0xa0, 0x6, 0xfd, 0x0,
    0xbf, 0x70, 0x2, 0xff, 0x0, 0x9f, 0xa0, 0x6,
    0xfd, 0x0, 0x5f, 0xe2, 0xc, 0xf9, 0x0, 0xc,
    0xff, 0xff, 0xe1, 0x0, 0x0, 0x9d, 0xeb, 0x20,
    0x0,

    /* U+1EE0 "Ỡ" */
    0x1b, 0xfc, 0x73, 0x5, 0x40, 0x6, 0xfc, 0xff,
    0xff, 0xf9, 0x40, 0x31, 0x0, 0x48, 0xa9, 0xfe,
    0x0, 0x0, 0x0, 0x0, 0x7f, 0xd0, 0x0, 0x7d,
    0xff, 0xfe, 0xb3, 0x0, 0x8f, 0xfd, 0xff, 0x90,
    0x0, 0xf, 0xf5, 0x5, 0xff, 0x10, 0x3, 0xff,
    0x10, 0x1f, 0xf3, 0x0, 0x4f, 0xf0, 0x0, 0xff,
    0x40, 0x4, 0xff, 0x0, 0xf, 0xf4, 0x0, 0x4f,
    0xf0, 0x0, 0xff, 0x40, 0x4, 0xff, 0x0, 0xf,
    0xf4, 0x0, 0x4f, 0xf0, 0x0, 0xff, 0x40, 0x3,
    0xff, 0x10, 0x1f, 0xf3, 0x0, 0xf, 0xf7, 0x7,
    0xff, 0x0, 0x0, 0x8f, 0xff, 0xff, 0x80, 0x0,
    0x0, 0x7d, 0xfd, 0x70, 0x0, 0x0,

    /* U+1EE1 "ỡ" */
    0x4d, 0xea, 0x62, 0x18, 0x0, 0xbe, 0xcf, 0xff,
    0xff, 0xf0, 0x50, 0x0, 0x7b, 0xbf, 0xf4, 0x0,
    0x0, 0x0, 0x2f, 0xf2, 0x0, 0x8d, 0xff, 0xff,
    0x70, 0xc, 0xfe, 0xdf, 0xf2, 0x0, 0x5f, 0xe1,
    0xb, 0xfa, 0x0, 0x9f, 0x90, 0x5, 0xfd, 0x0,
    0xbf, 0x70, 0x2, 0xff, 0x0, 0x9f, 0xa0, 0x6,
    0xfd, 0x0, 0x5f, 0xf2, 0xc, 0xf9, 0x0, 0xc,
    0xff, 0xff, 0xe1, 0x0, 0x0, 0x9d, 0xea, 0x20,
    0x0,

    /* U+1EE2 "Ợ" */
    0x0, 0x0, 0x0, 0x4, 0x75, 0x0, 0x0, 0x0,
    0x0, 0x4f, 0xe0, 0x0, 0x0, 0x0, 0x7, 0xfd,
    0x0, 0x7, 0xdf, 0xff, 0xeb, 0x30, 0x8, 0xff,
    0xdf, 0xf9, 0x0, 0x0, 0xff, 0x50, 0x5f, 0xf1,
    0x0, 0x3f, 0xf1, 0x1, 0xff, 0x30, 0x4, 0xff,
    0x0, 0xf, 0xf4, 0x0, 0x4f, 0xf0, 0x0, 0xff,
    0x40, 0x4, 0xff, 0x0, 0xf, 0xf4, 0x0, 0x4f,
    0xf0, 0x0, 0xff, 0x40, 0x4, 0xff, 0x0, 0xf,
    0xf4, 0x0, 0x3f, 0xf1, 0x1, 0xff, 0x30, 0x0,
    0xff, 0x70, 0x7f, 0xf0, 0x0, 0x8, 0xff, 0xff,
    0xf8, 0x0, 0x0, 0x7, 0xdf, 0xd7, 0x0, 0x0,
    0x0, 0x0, 0x0, 0x0, 0x0, 0x0, 0x0, 0x3a,
    0x30, 0x0, 0x0, 0x0, 0xb, 0xfb, 0x0, 0x0,
    0x0, 0x0, 0x6e, 0x60, 0x0, 0x0,

    /* U+1EE3 "ợ" */
    0x0, 0x0, 0x0, 0x2f, 0xf1, 0x0, 0x0, 0x0,
    0xe, 0xf4, 0x0, 0x0, 0x0, 0x3f, 0xf2, 0x0,
    0x8d, 0xff, 0xff, 0xa0, 0xc, 0xff, 0xff, 0xf3,
    0x0, 0x5f, 0xf2, 0x1c, 0xf9, 0x0, 0x9f, 0xa0,
    0x6, 0xfd, 0x0, 0xbf, 0x70, 0x2, 0xff, 0x0,
    0x9f, 0xa0, 0x6, 0xfd, 0x0, 0x5f, 0xe2, 0xc,
    0xf9, 0x0, 0xc, 0xff, 0xff, 0xe1, 0x0, 0x0,
    0x9d, 0xeb, 0x20, 0x0, 0x0, 0x0, 0x0, 0x0,
    0x0, 0x0, 0x6, 0x90, 0x0, 0x0, 0x0, 0x1f,
    0xf5, 0x0, 0x0, 0x0, 0xb, 0xd2, 0x0, 0x0,

    /* U+1EE4 "Ụ" */
    0x5f, 0xe0, 0x0, 0xdf, 0x55, 0xfe, 0x0, 0xd,
    0xf5, 0x5f, 0xe0, 0x0, 0xdf, 0x55, 0xfe, 0x0,
    0xd, 0xf5, 0x5f, 0xe0, 0x0, 0xdf, 0x55, 0xfe,
    0x0, 0xd, 0xf5, 0x5f, 0xe0, 0x0, 0xdf, 0x55,
    0xfe, 0x0, 0xd, 0xf5, 0x5f, 0xe0, 0x0, 0xdf,
    0x55, 0xff, 0x0, 0xe, 0xf5, 0x2f, 0xf8, 0x27,
    0xff, 0x20, 0xbf, 0xff, 0xff, 0xb0, 0x0, 0x8d,
    0xfd, 0x80, 0x0, 0x0, 0x0, 0x0, 0x0, 0x0,
    0x3, 0xa3, 0x0, 0x0, 0x0, 0xbf, 0xb0, 0x0,
    0x0, 0x6, 0xe6, 0x0, 0x0,

    /* U+1EE5 "ụ" */
    0x4f, 0xe0, 0x0, 0xdf, 0x44, 0xfe, 0x0, 0xd,
    0xf4, 0x4f, 0xe0, 0x0, 0xdf, 0x44, 0xfe, 0x0,
    0xd, 0xf4, 0x4f, 0xe0, 0x0, 0xdf, 0x44, 0xff,
    0x0, 0xe, 0xf4, 0x1f, 0xf6, 0x5, 0xff, 0x10,
    0xaf, 0xff, 0xff, 0xa0, 0x0, 0x7d, 0xfd, 0x80,
    0x0, 0x0, 0x0, 0x0, 0x0, 0x0, 0x3, 0xa3,
    0x0, 0x0, 0x0, 0xbf, 0xb0, 0x0, 0x0, 0x6,
    0xe6, 0x0, 0x0,

    /* U+1EE6 "Ủ" */
    0x0, 0x0, 0x10, 0x0, 0x0, 0x4, 0xef, 0xf7,
    0x0, 0x0, 0xcc, 0x6f, 0xc0, 0x0, 0x0, 0x1d,
    0xb2, 0x0, 0x0, 0x0, 0x10, 0x0, 0x5, 0xfe,
    0x0, 0xd, 0xf5, 0x5f, 0xe0, 0x0, 0xdf, 0x55,
    0xfe, 0x0, 0xd, 0xf5, 0x5f, 0xe0, 0x0, 0xdf,
    0x55, 0xfe, 0x0, 0xd, 0xf5, 0x5f, 0xe0, 0x0,
    0xdf, 0x55, 0xfe, 0x0, 0xd, 0xf5, 0x5f, 0xe0,
    0x0, 0xdf, 0x55, 0xfe, 0x0, 0xd, 0xf5, 0x5f,
    0xf0, 0x0, 0xef, 0x52, 0xff, 0x82, 0x7f, 0xf2,
    0xb, 0xff, 0xff, 0xfb, 0x0, 0x8, 0xdf, 0xd8,
    0x0,

    /* U+1EE7 "ủ" */
    0x0, 0x3d, 0xfd, 0x60, 0x0, 0xc, 0xd8, 0xfc,
    0x0, 0x0, 0x1, 0xdb, 0x20, 0x0, 0x0, 0x1,
    0x0, 0x0, 0x4f, 0xe0, 0x0, 0xdf, 0x44, 0xfe,
    0x0, 0xd, 0xf4, 0x4f, 0xe0, 0x0, 0xdf, 0x44,
    0xfe, 0x0, 0xd, 0xf4, 0x4f, 0xe0, 0x0, 0xdf,
    0x44, 0xff, 0x0, 0xe, 0xf4, 0x1f, 0xf6, 0x5,
    0xff, 0x10, 0xaf, 0xff, 0xff, 0xa0, 0x0, 0x7d,
    0xfd, 0x80, 0x0,

    /* U+1EE8 "Ứ" */
    0x0, 0x0, 0x11, 0x0, 0x0, 0x0, 0x0, 0x3f,
    0xf2, 0x0, 0x0, 0x0, 0xc, 0xf6, 0x3, 0x75,
    0x0, 0x5, 0xfa, 0x0, 0x3f, 0xe0, 0x0, 0x0,
    0x0, 0x6, 0xfd, 0x5, 0xfe, 0x0, 0xd, 0xfc,
    0x20, 0x5f, 0xe0, 0x0, 0xdf, 0x50, 0x5, 0xfe,
    0x0, 0xd, 0xf5, 0x0, 0x5f, 0xe0, 0x0, 0xdf,
    0x50, 0x5, 0xfe, 0x0, 0xd, 0xf5, 0x0, 0x5f,
    0xe0, 0x0, 0xdf, 0x50, 0x5, 0xfe, 0x0, 0xd,
    0xf5, 0x0, 0x5f, 0xe0, 0x0, 0xdf, 0x50, 0x5,
    0xfe, 0x0, 0xd, 0xf5, 0x0, 0x5f, 0xf0, 0x0,
    0xef, 0x50, 0x2, 0xff, 0x82, 0x7f, 0xf2, 0x0,
    0xb, 0xff, 0xff, 0xfb, 0x0, 0x0, 0x8, 0xdf,
    0xd8, 0x0, 0x0,

    /* U+1EE9 "ứ" */
    0x0, 0x0, 0x36, 0x50, 0x0, 0x0, 0x0, 0xef,
    0x71, 0x10, 0x0, 0x7, 0xfb, 0x1f, 0xf0, 0x0,
    0xe, 0xe1, 0xe, 0xf4, 0x0, 0x0, 0x0, 0x2f,
    0xf1, 0x7f, 0xb0, 0x0, 0xff, 0x60, 0x7f, 0xb0,
    0x0, 0xff, 0x10, 0x7f, 0xb0, 0x0, 0xff, 0x10,
    0x7f, 0xb0, 0x0, 0xff, 0x10, 0x7f, 0xb0, 0x0,
    0xff, 0x10, 0x6f, 0xc0, 0x1, 0xff, 0x10, 0x4f,
    0xf4, 0x18, 0xfe, 0x0, 0xc, 0xff, 0xff, 0xf7,
    0x0, 0x1, 0x9d, 0xfd, 0x60, 0x0,

    /* U+1EEA "Ừ" */
    0x0, 0x11, 0x10, 0x0, 0x0, 0x0, 0x3, 0xff,
    0x30, 0x0, 0x0, 0x0, 0x6, 0xfc, 0x3, 0x75,
    0x0, 0x0, 0xa, 0xf5, 0x3f, 0xe0, 0x0, 0x0,
    0x0, 0x6, 0xfd, 0x5, 0xfe, 0x0, 0xd, 0xfc,
    0x20, 0x5f, 0xe0, 0x0, 0xdf, 0x50, 0x5, 0xfe,
    0x0, 0xd, 0xf5, 0x0, 0x5f, 0xe0, 0x0, 0xdf,
    0x50, 0x5, 0xfe, 0x0, 0xd, 0xf5, 0x0, 0x5f,
    0xe0, 0x0, 0xdf, 0x50, 0x5, 0xfe, 0x0, 0xd,
    0xf5, 0x0, 0x5f, 0xe0, 0x0, 0xdf, 0x50, 0x5,
    0xfe, 0x0, 0xd, 0xf5, 0x0, 0x5f, 0xf0, 0x0,
    0xef, 0x50, 0x2, 0xff, 0x82, 0x7f, 0xf2, 0x0,
    0xb, 0xff, 0xff, 0xfb, 0x0, 0x0, 0x8, 0xdf,
    0xd8, 0x0, 0x0,

    /* U+1EEB "ừ" */
    0x1, 0x66, 0x10, 0x0, 0x0, 0x0, 0xbf, 0xa0,
    0x1, 0x10, 0x0, 0x1e, 0xf2, 0x1f, 0xf0, 0x0,
    0x5, 0xfa, 0xe, 0xf4, 0x0, 0x0, 0x0, 0x2f,
    0xf1, 0x7f, 0xb0, 0x0, 0xff, 0x60, 0x7f, 0xb0,
    0x0, 0xff, 0x10, 0x7f, 0xb0, 0x0, 0xff, 0x10,
    0x7f, 0xb0, 0x0, 0xff, 0x10, 0x7f, 0xb0, 0x0,
    0xff, 0x10, 0x6f, 0xc0, 0x1, 0xff, 0x10, 0x4f,
    0xf4, 0x18, 0xfe, 0x0, 0xc, 0xff, 0xff, 0xf7,
    0x0, 0x1, 0x9d, 0xfd, 0x60, 0x0,

    /* U+1EEC "Ử" */
    0x0, 0x0, 0x10, 0x0, 0x0, 0x0, 0x4, 0xef,
    0xf7, 0x0, 0x0, 0x0, 0xcc, 0x6f, 0xc3, 0x75,
    0x0, 0x0, 0x1d, 0xb2, 0x3f, 0xe0, 0x0, 0x0,
    0x10, 0x6, 0xfd, 0x5, 0xfe, 0x0, 0xd, 0xfc,
    0x20, 0x5f, 0xe0, 0x0, 0xdf, 0x50, 0x5, 0xfe,
    0x0, 0xd, 0xf5, 0x0, 0x5f, 0xe0, 0x0, 0xdf,
    0x50, 0x5, 0xfe, 0x0, 0xd, 0xf5, 0x0, 0x5f,
    0xe0, 0x0, 0xdf, 0x50, 0x5, 0xfe, 0x0, 0xd,
    0xf5, 0x0, 0x5f, 0xe0, 0x0, 0xdf, 0x50, 0x5,
    0xfe, 0x0, 0xd, 0xf5, 0x0, 0x5f, 0xf0, 0x0,
    0xef, 0x50, 0x2, 0xff, 0x82, 0x7f, 0xf2, 0x0,
    0xb, 0xff, 0xff, 0xfb, 0x0, 0x0, 0x8, 0xdf,
    0xd8, 0x0, 0x0,

    /* U+1EED "ử" */
    0x0, 0x6e, 0xfc, 0x20, 0x0, 0x1, 0xfa, 0xbf,
    0x9f, 0xf0, 0x0, 0x4, 0xf8, 0xe, 0xf3, 0x0,
    0x1, 0x10, 0x2f, 0xf1, 0x7f, 0xb0, 0x0, 0xff,
    0x70, 0x7f, 0xb0, 0x0, 0xff, 0x10, 0x7f, 0xb0,
    0x0, 0xff, 0x10, 0x7f, 0xb0, 0x0, 0xff, 0x10,
    0x7f, 0xb0, 0x0, 0xff, 0x10, 0x6f, 0xc0, 0x1,
    0xff, 0x10, 0x4f, 0xf4, 0x18, 0xfe, 0x0, 0xc,
    0xff, 0xff, 0xf7, 0x0, 0x1, 0x9d, 0xfd, 0x60,
    0x0,

    /* U+1EEE "Ữ" */
    0x1b, 0xfc, 0x73, 0x5, 0x40, 0x6, 0xfc, 0xff,
    0xff, 0xf9, 0x40, 0x31, 0x0, 0x48, 0xa9, 0xfe,
    0x0, 0x0, 0x0, 0x0, 0x5f, 0xd0, 0x5f, 0xe0,
    0x0, 0xdf, 0xc3, 0x5, 0xfe, 0x0, 0xd, 0xf5,
    0x0, 0x5f, 0xe0, 0x0, 0xdf, 0x50, 0x5, 0xfe,
    0x0, 0xd, 0xf5, 0x0, 0x5f, 0xe0, 0x0, 0xdf,
    0x50, 0x5, 0xfe, 0x0, 0xd, 0xf5, 0x0, 0x5f,
    0xe0, 0x0, 0xdf, 0x50, 0x5, 0xfe, 0x0, 0xd,
    0xf5, 0x0, 0x5f, 0xe0, 0x0, 0xdf, 0x50, 0x5,
    0xff, 0x0, 0xe, 0xf5, 0x0, 0x2f, 0xf8, 0x27,
    0xff, 0x20, 0x0, 0xbf, 0xff, 0xff, 0xb0, 0x0,
    0x0, 0x8d, 0xfd, 0x80, 0x0, 0x0,

    /* U+1EEF "ữ" */
    0x2c, 0xfb, 0x72, 0x16, 0x20, 0x8f, 0xce, 0xff,
    0xff, 0xf0, 0x41, 0x0, 0x5b, 0xcf, 0xf3, 0x0,
    0x0, 0x0, 0x2f, 0xf1, 0x7f, 0xb0, 0x0, 0xff,
    0x70, 0x7f, 0xb0, 0x0, 0xff, 0x10, 0x7f, 0xb0,
    0x0, 0xff, 0x10, 0x7f, 0xb0, 0x0, 0xff, 0x10,
    0x7f, 0xb0, 0x0, 0xff, 0x10, 0x6f, 0xc0, 0x1,
    0xff, 0x10, 0x4f, 0xf4, 0x18, 0xfe, 0x0, 0xc,
    0xff, 0xff, 0xf7, 0x0, 0x1, 0x9d, 0xfd, 0x60,
    0x0,

    /* U+1EF0 "Ự" */
    0x0, 0x0, 0x0, 0x4, 0x75, 0x0, 0x0, 0x0,
    0x0, 0x3f, 0xe0, 0x0, 0x0, 0x0, 0x6, 0xfd,
    0x5, 0xfe, 0x0, 0xd, 0xfc, 0x20, 0x5f, 0xe0,
    0x0, 0xdf, 0x50, 0x5, 0xfe, 0x0, 0xd, 0xf5,
    0x0, 0x5f, 0xe0, 0x0, 0xdf, 0x50, 0x5, 0xfe,
    0x0, 0xd, 0xf5, 0x0, 0x5f, 0xe0, 0x0, 0xdf,
    0x50, 0x5, 0xfe, 0x0, 0xd, 0xf5, 0x0, 0x5f,
    0xe0, 0x0, 0xdf, 0x50, 0x5, 0xfe, 0x0, 0xd,
    0xf5, 0x0, 0x5f, 0xf0, 0x0, 0xef, 0x50, 0x2,
    0xff, 0x82, 0x7f, 0xf2, 0x0, 0xb, 0xff, 0xff,
    0xfb, 0x0, 0x0, 0x8, 0xdf, 0xd8, 0x0, 0x0,
    0x0, 0x0, 0x0, 0x0, 0x0, 0x0, 0x0, 0x3a,
    0x30, 0x0, 0x0, 0x0, 0xb, 0xfb, 0x0, 0x0,
    0x0, 0x0, 0x6e, 0x60, 0x0, 0x0,

    /* U+1EF1 "ự" */
    0x0, 0x0, 0x0, 0x2f, 0xf0, 0x0, 0x0, 0x0,
    0xe, 0xf3, 0x0, 0x0, 0x0, 0x2f, 0xf1, 0x7f,
    0xb0, 0x0, 0xff, 0x70, 0x7f, 0xb0, 0x0, 0xff,
    0x10, 0x7f, 0xb0, 0x0, 0xff, 0x10, 0x7f, 0xb0,
    0x0, 0xff, 0x10, 0x7f, 0xb0, 0x0, 0xff, 0x10,
    0x6f, 0xc0, 0x1, 0xff, 0x10, 0x4f, 0xf4, 0x18,
    0xfe, 0x0, 0xc, 0xff, 0xff, 0xf7, 0x0, 0x1,
    0x9d, 0xfd, 0x60, 0x0, 0x0, 0x0, 0x0, 0x0,
    0x0, 0x0, 0x4, 0x92, 0x0, 0x0, 0x0, 0xd,
    0xf9, 0x0, 0x0, 0x0, 0x8, 0xe4, 0x0, 0x0,

    /* U+1EF2 "Ỳ" */
    0x0, 0xcf, 0x90, 0x0, 0x0, 0x1, 0xef, 0x20,
    0x0, 0x0, 0x4, 0xfb, 0x0, 0x0, 0x0, 0x1,
    0x10, 0x0, 0x9f, 0xf1, 0x0, 0xff, 0x92, 0xff,
    0x70, 0x5f, 0xf3, 0xc, 0xfc, 0xb, 0xfc, 0x0,
    0x6f, 0xf3, 0xff, 0x60, 0x0, 0xff, 0xdf, 0xf0,
    0x0, 0x9, 0xff, 0xf9, 0x0, 0x0, 0x2f, 0xff,
    0x20, 0x0, 0x0, 0xcf, 0xc0, 0x0, 0x0, 0xa,
    0xfa, 0x0, 0x0, 0x0, 0xaf, 0xa0, 0x0, 0x0,
    0xa, 0xfa, 0x0, 0x0, 0x0, 0xaf, 0xa0, 0x0,
    0x0, 0xa, 0xfa, 0x0, 0x0,

    /* U+1EF3 "ỳ" */
    0x0, 0xcf, 0x90, 0x0, 0x0, 0x2, 0xff, 0x10,
    0x0, 0x0, 0x7, 0xf9, 0x0, 0x0, 0x0, 0x6,
    0x60, 0x0, 0x6f, 0xe0, 0x0, 0xbf, 0x61, 0xff,
    0x30, 0xf, 0xf1, 0xc, 0xf8, 0x4, 0xfd, 0x0,
    0x7f, 0xc0, 0x9f, 0x80, 0x2, 0xff, 0x1d, 0xf3,
    0x0, 0xd, 0xf7, 0xfe, 0x0, 0x0, 0x8f, 0xff,
    0xa0, 0x0, 0x4, 0xff, 0xf5, 0x0, 0x0, 0xe,
    0xff, 0x10, 0x0, 0x0, 0xaf, 0xc0, 0x0, 0x0,
    0xc, 0xf8, 0x0, 0x0, 0x1, 0xff, 0x30, 0x0,
    0x0, 0x6f, 0xe0, 0x0, 0x0,

    /* U+1EF6 "Ỷ" */
    0x0, 0x0, 0x10, 0x0, 0x0, 0x4, 0xef, 0xe5,
    0x0, 0x0, 0xcc, 0x6f, 0xd0, 0x0, 0x0, 0x3,
    0xf9, 0x0, 0x0, 0x1, 0xe8, 0x0, 0x9, 0xff,
    0x10, 0xf, 0xf9, 0x2f, 0xf7, 0x5, 0xff, 0x30,
    0xcf, 0xc0, 0xbf, 0xc0, 0x6, 0xff, 0x3f, 0xf6,
    0x0, 0xf, 0xfd, 0xff, 0x0, 0x0, 0x9f, 0xff,
    0x90, 0x0, 0x2, 0xff, 0xf2, 0x0, 0x0, 0xc,
    0xfc, 0x0, 0x0, 0x0, 0xaf, 0xa0, 0x0, 0x0,
    0xa, 0xfa, 0x0, 0x0, 0x0, 0xaf, 0xa0, 0x0,
    0x0, 0xa, 0xfa, 0x0, 0x0, 0x0, 0xaf, 0xa0,
    0x0,

    /* U+1EF7 "ỷ" */
    0x0, 0x3d, 0xfd, 0x40, 0x0, 0xc, 0xd8, 0xfd,
    0x0, 0x0, 0x0, 0x3f, 0x90, 0x0, 0x0, 0x1e,
    0x80, 0x0, 0x6f, 0xe0, 0x0, 0xbf, 0x61, 0xff,
    0x30, 0xf, 0xf1, 0xc, 0xf8, 0x4, 0xfd, 0x0,
    0x7f, 0xc0, 0x9f, 0x80, 0x2, 0xff, 0x1d, 0xf3,
    0x0, 0xd, 0xf7, 0xfe, 0x0, 0x0, 0x8f, 0xff,
    0xa0, 0x0, 0x4, 0xff, 0xf5, 0x0, 0x0, 0xe,
    0xff, 0x10, 0x0, 0x0, 0xaf, 0xc0, 0x0, 0x0,
    0xc, 0xf8, 0x0, 0x0, 0x1, 0xff, 0x30, 0x0,
    0x0, 0x6f, 0xe0, 0x0, 0x0,

    /* U+2013 "–" */
    0x9e, 0xee, 0xee, 0x9a, 0xff, 0xff, 0xfa,

    /* U+2014 "—" */
    0xee, 0xee, 0xee, 0xee, 0xef, 0xff, 0xff, 0xff,
    0xff,

    /* U+2016 "‖" */
    0x5e, 0x0, 0xe, 0x55, 0xf0, 0x0, 0xf5, 0x5f,
    0x0, 0xf, 0x55, 0xf0, 0x0, 0xf5, 0x5f, 0x0,
    0xf, 0x55, 0xf0, 0x0, 0xf5, 0x5f, 0x0, 0xf,
    0x55, 0xf0, 0x0, 0xf5, 0x5f, 0x0, 0xf, 0x55,
    0xf0, 0x0, 0xf5, 0x5f, 0x0, 0xf, 0x55, 0xf0,
    0x0, 0xf5, 0x5f, 0x0, 0xf, 0x55, 0xf0, 0x0,
    0xf5, 0x5f, 0x0, 0xf, 0x55, 0xf0, 0x0, 0xf5,
    0x5f, 0x0, 0xf, 0x50,

    /* U+2017 "‗" */
    0x0, 0x0, 0x0, 0x0, 0xf, 0xff, 0xff, 0xff,
    0xff, 0x44, 0x44, 0x44, 0x44, 0x4f, 0xff, 0xff,
    0xff, 0xff, 0x33, 0x33, 0x33, 0x33, 0x30,

    /* U+2018 "‘" */
    0xa, 0x90, 0xfa, 0x4f, 0x88, 0xf6, 0x9f, 0x40,
    0x0,

    /* U+2019 "’" */
    0x5d, 0x77, 0xf8, 0x9f, 0x3b, 0xf0, 0xca, 0x0,
    0x0,

    /* U+201A "‚" */
    0x6, 0x82, 0xb, 0xf5, 0xd, 0xf1, 0xf, 0xc0,
    0x1f, 0x70, 0x3, 0x10,

    /* U+201B "‛" */
    0x7d, 0x28, 0xf4, 0x5f, 0x71, 0xf9, 0xd, 0x90,
    0x0,

    /* U+201C "“" */
    0x7, 0xc0, 0xd, 0x70, 0xce, 0x2, 0xf7, 0x1f,
    0xc0, 0x7f, 0x55, 0xfa, 0xc, 0xf3, 0x7e, 0x80,
    0xcf, 0x10, 0x0, 0x0, 0x0,

    /* U+201D "”" */
    0x2d, 0x90, 0x8c, 0x54, 0xfb, 0xa, 0xf5, 0x6f,
    0x70, 0xcf, 0x18, 0xf2, 0xe, 0xc0, 0x9e, 0x0,
    0xf7, 0x0, 0x0, 0x0, 0x0,

    /* U+201E "„" */
    0x48, 0x40, 0x87, 0x18, 0xf8, 0xe, 0xf2, 0xaf,
    0x40, 0xfd, 0xc, 0xf0, 0x2f, 0x90, 0xeb, 0x4,
    0xf4, 0x3, 0x20, 0x4, 0x0,

    /* U+201F "‟" */
    0x6d, 0x40, 0x8e, 0x7, 0xf6, 0xa, 0xf3, 0x3f,
    0x90, 0x6f, 0x50, 0xfb, 0x3, 0xf7, 0xc, 0xb0,
    0xf, 0x80, 0x0, 0x0, 0x0,

    /* U+2020 "†" */
    0x0, 0x3, 0xf3, 0x0, 0x0, 0x0, 0x3f, 0x30,
    0x0, 0x0, 0x3, 0xf3, 0x0, 0x0, 0x11, 0x4f,
    0x41, 0x10, 0x8f, 0xff, 0xff, 0xff, 0x82, 0x44,
    0x7f, 0x74, 0x42, 0x0, 0x3, 0xf3, 0x0, 0x0,
    0x0, 0x3f, 0x30, 0x0, 0x0, 0x3, 0xf3, 0x0,
    0x0, 0x0, 0x3f, 0x30, 0x0, 0x0, 0x3, 0xf3,
    0x0, 0x0, 0x0, 0x3f, 0x30, 0x0, 0x0, 0x3,
    0xf3, 0x0, 0x0,

    /* U+2021 "‡" */
    0x0, 0x3, 0xf3, 0x0, 0x0, 0x0, 0x3f, 0x30,
    0x0, 0x0, 0x3, 0xf3, 0x0, 0x0, 0x11, 0x4f,
    0x41, 0x10, 0x8f, 0xff, 0xff, 0xff, 0x82, 0x44,
    0x7f, 0x74, 0x42, 0x0, 0x3, 0xf3, 0x0, 0x0,
    0x11, 0x4f, 0x41, 0x10, 0x8f, 0xff, 0xff, 0xff,
    0x82, 0x44, 0x7f, 0x74, 0x42, 0x0, 0x3, 0xf3,
    0x0, 0x0, 0x0, 0x3f, 0x30, 0x0, 0x0, 0x3,
    0xf3, 0x0, 0x0,

    /* U+2022 "•" */
    0x0, 0x36, 0x30, 0x0, 0xaf, 0xff, 0xa0, 0x7f,
    0xff, 0xff, 0x7b, 0xff, 0xff, 0xfb, 0xaf, 0xff,
    0xff, 0xa3, 0xff, 0xff, 0xf3, 0x4, 0xcf, 0xc4,
    0x0,

    /* U+2026 "…" */
    0x5a, 0x34, 0xb4, 0x2a, 0x5e, 0xf9, 0xcf, 0xb9,
    0xfe, 0x8e, 0x56, 0xe6, 0x4e, 0x80,

    /* U+2030 "‰" */
    0x9e, 0x30, 0x1d, 0x0, 0x0, 0xe9, 0x80, 0x77,
    0x0, 0x0, 0xe4, 0x90, 0xd1, 0x0, 0x0, 0xe4,
    0x93, 0xb0, 0x0, 0x0, 0xe4, 0x99, 0x50, 0x0,
    0x0, 0xe6, 0x9d, 0x0, 0x0, 0x0, 0xbf, 0xbb,
    0xdb, 0x3e, 0x90, 0x2, 0xc9, 0xae, 0x98, 0xe0,
    0x2, 0xc7, 0x7c, 0xb5, 0xd0, 0x8, 0x67, 0x7c,
    0xb5, 0xd0, 0xd, 0x7, 0x7c, 0xb5, 0xd0, 0x4a,
    0x6, 0xae, 0x99, 0xe0, 0xa4, 0x2, 0xeb, 0x3e,
    0x90,

    /* U+2032 "′" */
    0x0, 0xaf, 0x10, 0xf, 0xb0, 0x5, 0xf5, 0x0,
    0xae, 0x0, 0xf, 0x80, 0x2, 0x71, 0x0,

    /* U+2033 "″" */
    0x0, 0x7f, 0x50, 0xde, 0x0, 0xc, 0xe0, 0x2f,
    0x80, 0x1, 0xf9, 0x8, 0xf2, 0x0, 0x6f, 0x30,
    0xdc, 0x0, 0xc, 0xc0, 0x2f, 0x60, 0x0, 0xb5,
    0x5, 0xb0, 0x0,

    /* U+2039 "‹" */
    0x0, 0x0, 0x9, 0x0, 0x0, 0x2c, 0xf0, 0x0,
    0x5f, 0xf9, 0x0, 0x8f, 0xf5, 0x0, 0xf, 0xf3,
    0x0, 0x0, 0xbf, 0xd3, 0x0, 0x0, 0x7f, 0xf6,
    0x0, 0x0, 0x4e, 0xf0, 0x0, 0x0, 0x1c, 0x0,
    0x0, 0x0, 0x0,

    /* U+203A "›" */
    0x9, 0x0, 0x0, 0x0, 0xfc, 0x10, 0x0, 0x9,
    0xfe, 0x40, 0x0, 0x5, 0xff, 0x80, 0x0, 0x3,
    0xff, 0x0, 0x3, 0xef, 0xb0, 0x6, 0xff, 0x70,
    0x0, 0xfe, 0x30, 0x0, 0xb, 0x10, 0x0, 0x0,
    0x0, 0x0, 0x0,

    /* U+203D "‽" */
    0x0, 0x1d, 0xfd, 0x10, 0x0, 0x7f, 0xff, 0xff,
    0x90, 0x4f, 0xfd, 0xfc, 0xff, 0x68, 0xf9, 0x9f,
    0x8b, 0xf9, 0x0, 0x8, 0xf8, 0xff, 0x60, 0x0,
    0x7f, 0xff, 0x90, 0x0, 0x7, 0xff, 0x60, 0x0,
    0x0, 0x6f, 0x90, 0x0, 0x0, 0x2, 0x52, 0x0,
    0x0, 0x0, 0x0, 0x0, 0x0, 0x0, 0x5, 0xa2,
    0x0, 0x0, 0x0, 0xef, 0x80, 0x0, 0x0, 0x9,
    0xe4, 0x0, 0x0,

    /* U+203E "‾" */
    0x22, 0x22, 0x22, 0x22, 0x2f, 0xff, 0xff, 0xff,
    0xff, 0xff, 0xff, 0xff, 0xff, 0xf0,

    /* U+2043 "⁃" */
    0x8f, 0xff, 0xff, 0xff, 0x88, 0xff, 0xff, 0xff,
    0xf8, 0x8f, 0xff, 0xff, 0xff, 0x88, 0xee, 0xee,
    0xee, 0xe7,

    /* U+2044 "⁄" */
    0x0, 0x0, 0x0, 0xb, 0xb0, 0x0, 0x0, 0x4,
    0xf2, 0x0, 0x0, 0x0, 0xd8, 0x0, 0x0, 0x0,
    0x7e, 0x0, 0x0, 0x0, 0x1f, 0x50, 0x0, 0x0,
    0x9, 0xc0, 0x0, 0x0, 0x3, 0xf3, 0x0, 0x0,
    0x0, 0xca, 0x0, 0x0, 0x0, 0x5f, 0x10, 0x0,
    0x0, 0xe, 0x70, 0x0, 0x0, 0x8, 0xd0, 0x0,
    0x0, 0x2, 0xf4, 0x0, 0x0, 0x0, 0xbb, 0x0,
    0x0, 0x0, 0x0,

    /* U+205E "⁞" */
    0x3a, 0x4b, 0xfb, 0x6e, 0x60, 0x0, 0x0, 0x4,
    0xb4, 0xbf, 0xb6, 0xe6, 0x0, 0x0, 0x0, 0x0,
    0x6, 0xe6, 0xbf, 0xb4, 0xb4, 0x0, 0x0, 0x0,
    0x4b, 0x4b, 0xfb, 0x6e, 0x60,

    /* U+2070 "⁰" */
    0xc, 0xfc, 0x15, 0xf5, 0xf6, 0x7e, 0xe, 0x77,
    0xe0, 0xe7, 0x7e, 0xe, 0x75, 0xf5, 0xf5, 0xc,
    0xfc, 0x10,

    /* U+2071 "ⁱ" */
    0x0, 0xbb, 0x0, 0x0, 0xee, 0x0, 0x0, 0x0,
    0x0, 0x3f, 0xff, 0x0, 0x2a, 0xef, 0x0, 0x0,
    0xcf, 0x0, 0x0, 0xcf, 0x0, 0x0, 0xcf, 0x0,
    0x2a, 0xef, 0xa3, 0x3f, 0xff, 0xf5,

    /* U+2074 "⁴" */
    0x0, 0xef, 0x0, 0x7d, 0xf0, 0x1e, 0x6f, 0x8,
    0x94, 0xf0, 0xbf, 0xff, 0xb2, 0x38, 0xf2, 0x0,
    0x5f, 0x0,

    /* U+2075 "⁵" */
    0x6f, 0xff, 0x46, 0xe7, 0x62, 0x6f, 0xfc, 0x14,
    0xb5, 0xf7, 0x2, 0xd, 0x96, 0xf9, 0xf5, 0xb,
    0xe9, 0x0,

    /* U+2076 "⁶" */
    0x0, 0xbb, 0x0, 0x4d, 0x10, 0xd, 0xfc, 0x15,
    0xf6, 0xf5, 0x9d, 0xd, 0x97, 0xf9, 0xf6, 0xa,
    0xfa, 0x0,

    /* U+2077 "⁷" */
    0xbf, 0xff, 0x85, 0x69, 0xf3, 0x0, 0xad, 0x0,
    0x1f, 0x80, 0x7, 0xf2, 0x0, 0xdc, 0x0, 0x3f,
    0x70, 0x0,

    /* U+2078 "⁸" */
    0xa, 0xfa, 0x3, 0xf5, 0xf3, 0x5e, 0x1e, 0x50,
    0xff, 0xf1, 0x8d, 0x3d, 0x89, 0xe6, 0xe9, 0x2c,
    0xfc, 0x20,

    /* U+2079 "⁹" */
    0xb, 0xfa, 0x7, 0xf8, 0xf7, 0x8e, 0x2e, 0x92,
    0xff, 0xf5, 0x1, 0xde, 0x0, 0x4f, 0x50, 0xc,
    0xb0, 0x0,

    /* U+207A "⁺" */
    0x0, 0x4f, 0x40, 0x0, 0x15, 0xf5, 0x10, 0x8f,
    0xff, 0xff, 0x72, 0x47, 0xf7, 0x42, 0x0, 0x4f,
    0x40, 0x0, 0x4, 0xe4, 0x0,

    /* U+207B "⁻" */
    0x1, 0x11, 0x11, 0x8, 0xff, 0xff, 0xf7, 0x24,
    0x44, 0x44, 0x20,

    /* U+207C "⁼" */
    0x1, 0x11, 0x11, 0x8, 0xff, 0xff, 0xf7, 0x24,
    0x44, 0x44, 0x20, 0x11, 0x11, 0x10, 0x8f, 0xff,
    0xff, 0x72, 0x44, 0x44, 0x42,

    /* U+207D "⁽" */
    0x0, 0xa, 0xc1, 0x0, 0x9f, 0x70, 0x2, 0xfd,
    0x0, 0x9, 0xf7, 0x0, 0xe, 0xf2, 0x0, 0xf,
    0xf0, 0x0, 0x2f, 0xe0, 0x0, 0x1f, 0xf0, 0x0,
    0xe, 0xf1, 0x0, 0xa, 0xf6, 0x0, 0x4, 0xfc,
    0x0, 0x0, 0xbf, 0x40, 0x0, 0x1d, 0xe1,

    /* U+207E "⁾" */
    0x1c, 0xa0, 0x0, 0x7, 0xf9, 0x0, 0x0, 0xef,
    0x20, 0x0, 0x7f, 0x90, 0x0, 0x2f, 0xe0, 0x0,
    0xf, 0xf0, 0x0, 0xe, 0xf2, 0x0, 0xf, 0xf0,
    0x0, 0x2f, 0xe0, 0x0, 0x6f, 0xa0, 0x0, 0xcf,
    0x40, 0x5, 0xfb, 0x0, 0x1e, 0xd1, 0x0,

    /* U+207F "ⁿ" */
    0x7f, 0xae, 0xfa, 0x7, 0xfe, 0x8d, 0xf5, 0x7f,
    0x50, 0x5f, 0x77, 0xf4, 0x4, 0xf7, 0x7f, 0x40,
    0x4f, 0x77, 0xf4, 0x4, 0xf7, 0x7f, 0x40, 0x4f,
    0x70,

    /* U+2080 "₀" */
    0xc, 0xfc, 0x15, 0xf4, 0xf6, 0x7e, 0xe, 0x77,
    0xe0, 0xe7, 0x7e, 0xe, 0x75, 0xf5, 0xf5, 0xc,
    0xfc, 0x10,

    /* U+2081 "₁" */
    0x0, 0x0, 0x69, 0xaf, 0xb5, 0xab, 0x9, 0xb0,
    0x9b, 0x9, 0xb0, 0x9b,

    /* U+2082 "₂" */
    0xb, 0xfb, 0x5, 0xf7, 0xf6, 0x24, 0xf, 0x50,
    0x8, 0xf1, 0x1, 0xf6, 0x0, 0xaf, 0x73, 0x3f,
    0xff, 0x70,

    /* U+2083 "₃" */
    0xa, 0xfb, 0x3, 0xd4, 0xe6, 0x0, 0x2e, 0x50,
    0x8, 0xf2, 0x33, 0xd, 0x98, 0xe6, 0xe8, 0x1b,
    0xfb, 0x10,

    /* U+2084 "₄" */
    0x0, 0xef, 0x0, 0x7e, 0xf0, 0xe, 0x6f, 0x8,
    0x94, 0xf0, 0xbf, 0xff, 0xb2, 0x37, 0xf2, 0x0,
    0x5f, 0x0,

    /* U+2085 "₅" */
    0x6f, 0xff, 0x46, 0xd5, 0x51, 0x6f, 0xfc, 0x14,
    0xb5, 0xf7, 0x1, 0xd, 0x96, 0xe9, 0xf5, 0xb,
    0xe9, 0x0,

    /* U+2086 "₆" */
    0x0, 0xbd, 0x0, 0x4f, 0x50, 0xd, 0xc0, 0x5,
    0xff, 0xd1, 0x9e, 0x4e, 0x77, 0xf7, 0xf8, 0xa,
    0xfb, 0x10,

    /* U+2087 "₇" */
    0xbf, 0xff, 0x84, 0x59, 0xf3, 0x0, 0xad, 0x0,
    0x1f, 0x80, 0x7, 0xf2, 0x0, 0xdc, 0x0, 0x3f,
    0x70, 0x0,

    /* U+2088 "₈" */
    0xa, 0xfa, 0x3, 0xf5, 0xf3, 0x5e, 0x1e, 0x50,
    0xff, 0xf1, 0x8d, 0x3d, 0x89, 0xe5, 0xe9, 0x2c,
    0xfc, 0x20,

    /* U+2089 "₉" */
    0xb, 0xfa, 0x7, 0xf7, 0xf7, 0x8d, 0x1e, 0x92,
    0xff, 0xf5, 0x0, 0xde, 0x0, 0x4f, 0x50, 0xc,
    0xb0, 0x0,

    /* U+2090 "ₐ" */
    0x3, 0xbf, 0xe7, 0x0, 0xce, 0x9d, 0xf5, 0x0,
    0x10, 0x4f, 0x80, 0x9d, 0xed, 0xf8, 0x6f, 0x82,
    0x7f, 0x87, 0xfb, 0x7d, 0xf8, 0xa, 0xfe, 0x9f,
    0x80,

    /* U+2091 "ₑ" */
    0x3, 0xcf, 0xd4, 0x1, 0xfe, 0x9e, 0xf2, 0x7f,
    0x40, 0x4f, 0x79, 0xff, 0xef, 0xf9, 0x7f, 0x40,
    0x0, 0x2, 0xfe, 0x9c, 0xf3, 0x3, 0xcf, 0xd7,
    0x0,

    /* U+2092 "ₒ" */
    0x3, 0xcf, 0xc3, 0x1, 0xfe, 0x9e, 0xf1, 0x6f,
    0x50, 0x6f, 0x68, 0xf2, 0x2, 0xf8, 0x7f, 0x50,
    0x5f, 0x61, 0xfe, 0x9e, 0xf1, 0x3, 0xcf, 0xc3,
    0x0,

    /* U+2093 "ₓ" */
    0x2f, 0xa0, 0xaf, 0x20, 0x9f, 0x5f, 0x90, 0x1,
    0xff, 0xf1, 0x0, 0xb, 0xfa, 0x0, 0x2, 0xfe,
    0xf2, 0x0, 0xbf, 0x2f, 0xb0, 0x4f, 0x90, 0x8f,
    0x40,

    /* U+2094 "ₔ" */
    0x7, 0xdf, 0xc3, 0x4, 0xfb, 0x9e, 0xf1, 0x0,
    0x0, 0x4f, 0x79, 0xff, 0xef, 0xf9, 0x7f, 0x30,
    0x4f, 0x72, 0xfe, 0x9e, 0xf1, 0x5, 0xdf, 0xc3,
    0x0,

    /* U+20A9 "₩" */
    0x6f, 0xb0, 0x0, 0xaf, 0x64, 0xfc, 0x0, 0xc,
    0xf4, 0x3f, 0xd0, 0x20, 0xdf, 0x31, 0xff, 0xa,
    0xf, 0xf1, 0xf, 0xf1, 0xf1, 0xff, 0x6, 0xff,
    0x9f, 0x9f, 0xf6, 0xff, 0xff, 0xff, 0xff, 0xf5,
    0xdf, 0xff, 0xff, 0xc5, 0xa, 0xff, 0xbf, 0xf9,
    0xf, 0xff, 0xff, 0xff, 0xff, 0xcd, 0xff, 0xcf,
    0xfd, 0xc0, 0x5f, 0xb0, 0xcf, 0x40, 0x3, 0xf8,
    0x8, 0xf2, 0x0,

    /* U+20AA "₪" */
    0x33, 0x32, 0x0, 0x3, 0x3e, 0xff, 0xff, 0x70,
    0xfe, 0xef, 0xff, 0xff, 0x2f, 0xee, 0xf0, 0x9,
    0xf5, 0xfe, 0xef, 0x5a, 0x6f, 0x7f, 0xee, 0xf7,
    0xf7, 0xf7, 0xfe, 0xef, 0x7f, 0x7f, 0x7f, 0xee,
    0xf7, 0xf6, 0x73, 0xfe, 0xef, 0x5f, 0xb4, 0x3f,
    0xee, 0xf1, 0xff, 0xff, 0xfe, 0xef, 0x4, 0xdf,
    0xff, 0xe0,

    /* U+20AC "€" */
    0x0, 0x5c, 0xfd, 0x91, 0x0, 0x5f, 0xff, 0xff,
    0xc0, 0xc, 0xfb, 0x11, 0xa6, 0x0, 0xef, 0x60,
    0x0, 0x0, 0x7f, 0xff, 0xff, 0x40, 0x1, 0xef,
    0x72, 0x20, 0x0, 0xe, 0xf6, 0x0, 0x0, 0x7,
    0xff, 0xff, 0x80, 0x0, 0x1e, 0xf7, 0x20, 0x0,
    0x0, 0xdf, 0x70, 0x3, 0x42, 0xb, 0xfc, 0x2,
    0xef, 0x50, 0x3f, 0xff, 0xff, 0xe0, 0x0, 0x4c,
    0xee, 0xb2, 0x0,

    /* U+20AD "₭" */
    0x1f, 0xf3, 0x4, 0xff, 0x11, 0xff, 0x30, 0xcf,
    0x80, 0x1f, 0xf3, 0x4f, 0xe0, 0x1, 0xff, 0x3c,
    0xf6, 0x0, 0x1f, 0xf7, 0xfd, 0x0, 0xe, 0xff,
    0xff, 0xfe, 0xee, 0xff, 0xff, 0xff, 0xff, 0xf1,
    0xff, 0x9f, 0xf1, 0x0, 0x1f, 0xf3, 0xef, 0x70,
    0x1, 0xff, 0x38, 0xfe, 0x0, 0x1f, 0xf3, 0x1f,
    0xf6, 0x1, 0xff, 0x30, 0x9f, 0xd0, 0x1f, 0xf3,
    0x2, 0xff, 0x50,

    /* U+20AE "₮" */
    0x8f, 0xff, 0xff, 0xff, 0x88, 0xff, 0xff, 0xff,
    0xf8, 0x12, 0x2b, 0xfb, 0x23, 0x10, 0x0, 0xaf,
    0xa7, 0x90, 0x0, 0xa, 0xff, 0xf9, 0x0, 0x0,
    0xcf, 0xf9, 0x0, 0x2, 0xcf, 0xfa, 0x15, 0x0,
    0x9f, 0xef, 0xdf, 0x90, 0x7, 0x4a, 0xff, 0xe4,
    0x0, 0x6, 0xff, 0xd1, 0x0, 0x8, 0xff, 0xfa,
    0x0, 0x0, 0x9a, 0xbf, 0xa0, 0x0, 0x1, 0xa,
    0xfa, 0x0, 0x0,

    /* U+20B1 "₱" */
    0xe, 0xff, 0xfc, 0x30, 0x0, 0xef, 0xff, 0xff,
    0x30, 0x1e, 0xf7, 0x3d, 0xfc, 0x1f, 0xff, 0xff,
    0xff, 0xff, 0x4e, 0xf9, 0x46, 0xff, 0x61, 0xef,
    0x71, 0x3f, 0xf4, 0xff, 0xff, 0xff, 0xff, 0xf4,
    0xef, 0x95, 0xdf, 0xe4, 0xe, 0xff, 0xff, 0xf7,
    0x0, 0xef, 0xff, 0xc6, 0x0, 0xe, 0xf6, 0x0,
    0x0, 0x0, 0xef, 0x60, 0x0, 0x0, 0xe, 0xf6,
    0x0, 0x0, 0x0,

    /* U+20B2 "₲" */
    0x0, 0x7d, 0xfd, 0x7a, 0xb0, 0x8f, 0xff, 0xff,
    0xf2, 0xf, 0xf7, 0x6, 0xf9, 0x3, 0xff, 0x10,
    0x6e, 0x10, 0x4f, 0xf0, 0xe, 0x60, 0x4, 0xff,
    0x8, 0xe4, 0x30, 0x4f, 0xf3, 0xff, 0xff, 0x4,
    0xff, 0xcc, 0xbf, 0xf0, 0x4f, 0xff, 0x15, 0xff,
    0x3, 0xff, 0x70, 0x5f, 0xf0, 0xf, 0xf5, 0x9,
    0xff, 0x2, 0xff, 0xfd, 0xff, 0xf0, 0xbc, 0xbf,
    0xe9, 0xff, 0x0,

    /* U+20B4 "₴" */
    0x0, 0x6d, 0xfd, 0x70, 0x0, 0x4f, 0xff, 0xff,
    0x80, 0x9, 0xf8, 0x6, 0xfd, 0x0, 0x22, 0x0,
    0x7f, 0xc0, 0xaf, 0xff, 0xff, 0xff, 0xa8, 0xcc,
    0xef, 0xfd, 0xc8, 0x0, 0x3f, 0xf9, 0x0, 0xa,
    0xff, 0xff, 0xff, 0xfa, 0x8f, 0xfd, 0xcc, 0xcc,
    0x80, 0xef, 0x30, 0x18, 0x70, 0xd, 0xf8, 0x8,
    0xfc, 0x0, 0x6f, 0xff, 0xff, 0x50, 0x0, 0x6d,
    0xfd, 0x60, 0x0,

    /* U+20B8 "₸" */
    0x8f, 0xff, 0xff, 0xff, 0x88, 0xff, 0xff, 0xff,
    0xf8, 0x12, 0x22, 0x22, 0x22, 0x10, 0x0, 0x0,
    0x0, 0x0, 0x8f, 0xff, 0xff, 0xff, 0x88, 0xff,
    0xff, 0xff, 0xf8, 0x12, 0x2b, 0xfb, 0x22, 0x10,
    0x0, 0xaf, 0xa0, 0x0, 0x0, 0xa, 0xfa, 0x0,
    0x0, 0x0, 0xaf, 0xa0, 0x0, 0x0, 0xa, 0xfa,
    0x0, 0x0, 0x0, 0xaf, 0xa0, 0x0, 0x0, 0xa,
    0xfa, 0x0, 0x0,

    /* U+20B9 "₹" */
    0x0, 0x0, 0x0, 0x0, 0x1, 0xff, 0xff, 0xff,
    0xf7, 0x7f, 0xff, 0xff, 0xff, 0x10, 0x0, 0x4e,
    0xf9, 0x0, 0x7, 0x77, 0xbf, 0xf7, 0x44, 0xff,
    0xff, 0xff, 0xf5, 0x59, 0x99, 0xbf, 0xf9, 0x0,
    0x0, 0xa, 0xf9, 0x0, 0x0, 0xbe, 0xff, 0x20,
    0x0, 0xf, 0xfe, 0x20, 0x0, 0x0, 0xaf, 0xf2,
    0x0, 0x0, 0x1, 0xff, 0xc0, 0x0, 0x0, 0x7,
    0xff, 0x60, 0x0, 0x0, 0xd, 0xfe, 0x10,

    /* U+20BA "₺" */
    0x3, 0xff, 0x0, 0x0, 0x0, 0x3f, 0xf1, 0x77,
    0x0, 0x3, 0xff, 0xdf, 0x80, 0x0, 0x3f, 0xff,
    0x91, 0x0, 0x2c, 0xff, 0x40, 0x30, 0xa, 0xff,
    0xf4, 0xd8, 0x0, 0x97, 0xff, 0xff, 0x50, 0x0,
    0x5f, 0xfd, 0x30, 0x0, 0x7f, 0xff, 0x10, 0x58,
    0x4a, 0xef, 0xf0, 0xb, 0xf7, 0x44, 0xff, 0x36,
    0xff, 0x50, 0x3f, 0xff, 0xff, 0xe0, 0x3, 0xff,
    0xfe, 0xb2, 0x0,

    /* U+20BC "₼" */
    0x0, 0x9, 0xf9, 0x0, 0x0, 0x0, 0x9f, 0x90,
    0x0, 0x0, 0x9, 0xf9, 0x0, 0x0, 0x0, 0x9f,
    0x90, 0x0, 0x3, 0xaf, 0xff, 0xa2, 0x2, 0xff,
    0xff, 0xff, 0xf2, 0x9f, 0xda, 0xfa, 0xdf, 0x9b,
    0xf7, 0x8f, 0x87, 0xfb, 0xcf, 0x68, 0xf8, 0x6f,
    0xcc, 0xf5, 0x8f, 0x85, 0xfc, 0xcf, 0x58, 0xb3,
    0x5f, 0xcc, 0xf5, 0x0, 0x5, 0xfc, 0xcf, 0x50,
    0x0, 0x5f, 0xc0,

    /* U+20BD "₽" */
    0x7, 0xff, 0xfd, 0x91, 0x0, 0x7f, 0xff, 0xff,
    0xd0, 0x7, 0xfd, 0x37, 0xff, 0x70, 0x7f, 0xd0,
    0xb, 0xf9, 0x7, 0xfd, 0x0, 0xbf, 0xa0, 0x7f,
    0xd0, 0x1e, 0xf7, 0x8e, 0xff, 0xcf, 0xfe, 0x1b,
    0xff, 0xff, 0xda, 0x20, 0x7, 0xfd, 0x0, 0x0,
    0x0, 0x7f, 0xd0, 0x0, 0x0, 0xbf, 0xff, 0xff,
    0xff, 0x49, 0xef, 0xfc, 0xcc, 0xc3, 0x7, 0xfd,
    0x0, 0x0, 0x0,

    /* U+20BE "₾" */
    0x0, 0xc, 0x6e, 0x40, 0x0, 0x2a, 0xff, 0xfc,
    0x40, 0x2f, 0xff, 0xff, 0xff, 0x3a, 0xfd, 0xd6,
    0xed, 0xfa, 0xdf, 0x7c, 0x6e, 0x7f, 0xde, 0xf6,
    0x84, 0x94, 0xa9, 0xef, 0x60, 0x0, 0x0, 0xe,
    0xf6, 0x0, 0x0, 0x0, 0xdf, 0x60, 0x0, 0x0,
    0xb, 0xf8, 0x0, 0x0, 0x0, 0x7f, 0xd0, 0x0,
    0x0, 0x4, 0xef, 0xc4, 0x0, 0x0, 0xef, 0xff,
    0xf5, 0x0, 0xe, 0xff, 0xff, 0x50, 0x0,

    /* U+2105 "℅" */
    0x2, 0x65, 0x10, 0x0, 0x4, 0xff, 0xfc, 0x0,
    0x0, 0xcd, 0x11, 0x40, 0x0, 0xf, 0x90, 0x0,
    0x0, 0x0, 0xeb, 0x0, 0x0, 0x0, 0x88, 0xf8,
    0xad, 0x3, 0xde, 0x8, 0xdc, 0x58, 0xfb, 0x10,
    0x0, 0x3d, 0xe5, 0x0, 0x0, 0x8f, 0xb2, 0x30,
    0x3, 0xde, 0x56, 0xff, 0xe2, 0xfb, 0x11, 0xfa,
    0x3e, 0xb5, 0x0, 0x4f, 0x30, 0x9e, 0x0, 0x3,
    0xf4, 0x9, 0xe0, 0x0, 0xe, 0xb4, 0xea, 0x0,
    0x0, 0x4f, 0xfc, 0x10, 0x0, 0x0, 0x1, 0x0,

    /* U+2113 "ℓ" */
    0x0, 0x0, 0x1, 0x0, 0x0, 0x0, 0x4e, 0xfe,
    0x30, 0x0, 0x1f, 0xfa, 0xfd, 0x0, 0xa, 0xf5,
    0xc, 0xf1, 0x0, 0xfd, 0x0, 0xaf, 0x30, 0x3f,
    0x90, 0xc, 0xf0, 0x6, 0xf5, 0x1, 0xfd, 0x0,
    0x7f, 0x40, 0x9f, 0x60, 0x8, 0xf3, 0x7f, 0xb0,
    0x0, 0x7f, 0xef, 0xc1, 0x0, 0x9f, 0xff, 0x80,
    0x0, 0x8, 0xad, 0xfa, 0x10, 0x0, 0x0, 0x1d,
    0xff, 0xb0, 0x0, 0x0, 0x17, 0xc8, 0x0, 0x0,
    0x0, 0x0, 0x0, 0x0,

    /* U+2116 "№" */
    0x0, 0x0, 0x0, 0x20, 0xf, 0xc2, 0xf2, 0xaf,
    0xf3, 0xff, 0x2f, 0x6f, 0x7d, 0xbf, 0xf4, 0xf9,
    0xf0, 0x7e, 0xff, 0x6f, 0xae, 0x6, 0xff, 0xf9,
    0xf8, 0xf0, 0x8d, 0xff, 0xbf, 0x4f, 0xcf, 0x8f,
    0xce, 0xf2, 0x5c, 0xa0, 0xf9, 0xff, 0x47, 0x77,
    0x6f, 0x6f, 0xf6, 0xff, 0xfc, 0xf5, 0xef, 0x20,
    0x0, 0xf, 0x5b, 0xf2, 0x0, 0x0, 0xf5, 0x8f,
    0x20, 0x0, 0xf, 0x55, 0xf2, 0x0, 0x0,

    /* U+2117 "℗" */
    0x0, 0x1, 0x20, 0x0, 0x0, 0x5e, 0xfe, 0xf9,
    0x0, 0x3f, 0x50, 0x2, 0xc9, 0xa, 0x80, 0x0,
    0x2, 0xf0, 0xd4, 0x4f, 0xe8, 0xe, 0x2e, 0x24,
    0xe3, 0xf1, 0xd3, 0xe2, 0x4d, 0xf, 0x3d, 0x3e,
    0x24, 0xfe, 0xe0, 0xd3, 0xe2, 0x4e, 0x41, 0xd,
    0x3e, 0x24, 0xd0, 0x0, 0xd3, 0xd4, 0x27, 0x0,
    0xe, 0x2a, 0x80, 0x0, 0x2, 0xf0, 0x3f, 0x60,
    0x3, 0xd8, 0x0, 0x4d, 0xff, 0xf8, 0x0, 0x0,
    0x1, 0x20, 0x0, 0x0,

    /* U+2122 "™" */
    0x0, 0x0, 0x0, 0x0, 0x6, 0xef, 0xe3, 0xf4,
    0x7d, 0x3, 0xe0, 0x1f, 0xae, 0xd0, 0x3e, 0x1,
    0xfe, 0xdd, 0x3, 0xe0, 0x1e, 0x87, 0xd0, 0x3e,
    0x1, 0xe1, 0x3d, 0x1, 0x50, 0x5, 0x1, 0x40,

    /* U+212E "℮" */
    0x0, 0x0, 0x10, 0x0, 0x0, 0x9, 0xec, 0xe9,
    0x0, 0x7, 0xf1, 0x2, 0xf7, 0x0, 0xdf, 0x10,
    0x1f, 0xd0, 0xf, 0xf1, 0x1, 0xff, 0x0, 0xff,
    0x10, 0x1f, 0xf1, 0xf, 0xfe, 0xdd, 0xdd, 0x10,
    0xff, 0x10, 0x0, 0x0, 0xc, 0xf1, 0x0, 0x4,
    0x0, 0x6f, 0x20, 0x9, 0x70, 0x0, 0x7d, 0xde,
    0x80, 0x0, 0x0, 0x0, 0x0, 0x0,

    /* U+2132 "Ⅎ" */
    0x0, 0x0, 0x0, 0x0, 0x0, 0x0, 0x0, 0x3f,
    0xf1, 0x0, 0x0, 0x3, 0xff, 0x10, 0x0, 0x0,
    0x3f, 0xf1, 0x0, 0x0, 0x3, 0xff, 0x10, 0x0,
    0x0, 0x3f, 0xf1, 0x4, 0x55, 0x57, 0xff, 0x10,
    0xcf, 0xff, 0xff, 0xf1, 0x9, 0xcc, 0xcd, 0xff,
    0x10, 0x0, 0x0, 0x3f, 0xf1, 0x0, 0x0, 0x3,
    0xff, 0x10, 0x33, 0x33, 0x5f, 0xf1, 0x2f, 0xff,
    0xff, 0xff, 0x12, 0xff, 0xff, 0xff, 0xf1,

    /* U+214D "⅍" */
    0x0, 0x37, 0x60, 0x0, 0x0, 0x6, 0xfe, 0xfb,
    0x0, 0x0, 0x0, 0x30, 0x8f, 0x0, 0x0, 0x4,
    0xde, 0xef, 0x10, 0x0, 0xe, 0xa1, 0x9f, 0x10,
    0x3, 0xe, 0xc6, 0xef, 0x10, 0x9d, 0x5, 0xdd,
    0x9c, 0x4d, 0xe5, 0x0, 0x0, 0x8, 0xfa, 0x10,
    0x0, 0x3, 0xde, 0x72, 0x0, 0x0, 0x8f, 0xbb,
    0xfe, 0xd0, 0xd, 0xf6, 0xf, 0x80, 0x62, 0xb,
    0x10, 0x9, 0xfb, 0x40, 0x0, 0x0, 0x0, 0x3b,
    0xf5, 0x0, 0x0, 0xa, 0x70, 0xe9, 0x0, 0x0,
    0x8, 0xef, 0xe3, 0x0, 0x0, 0x0, 0x1, 0x0,

    /* U+214E "ⅎ" */
    0x0, 0x0, 0x0, 0xff, 0x20, 0x0, 0x0, 0xf,
    0xf2, 0x0, 0x0, 0x0, 0xff, 0x20, 0xcf, 0xff,
    0xff, 0xf2, 0xc, 0xff, 0xff, 0xff, 0x20, 0x11,
    0x11, 0x1f, 0xf2, 0x0, 0x0, 0x0, 0xff, 0x21,
    0xff, 0xff, 0xff, 0xf2, 0x1f, 0xff, 0xff, 0xff,
    0x20,

    /* U+2153 "⅓" */
    0x0, 0x1, 0x0, 0x0, 0x0, 0x0, 0x2b, 0x90,
    0x0, 0xd, 0x80, 0xd, 0xf9, 0x0, 0x7, 0xe0,
    0x0, 0x4b, 0x90, 0x1, 0xf5, 0x0, 0x0, 0xb9,
    0x0, 0xac, 0x0, 0x0, 0xb, 0x90, 0x3f, 0x20,
    0x0, 0x0, 0xb9, 0xc, 0x90, 0x0, 0x0, 0xb,
    0x96, 0xe4, 0xcd, 0x50, 0x0, 0x12, 0xe6, 0xa9,
    0x7f, 0x0, 0x0, 0x9d, 0x0, 0x8, 0xe0, 0x0,
    0x2f, 0x40, 0x0, 0xfb, 0x0, 0xb, 0xa0, 0x5,
    0x14, 0xf2, 0x5, 0xf2, 0x0, 0xea, 0x9f, 0x10,
    0xe8, 0x0, 0x5, 0xee, 0x70,

    /* U+2154 "⅔" */
    0xa, 0xfb, 0x10, 0x0, 0x6e, 0x14, 0xf7, 0xf7,
    0x0, 0xe, 0x60, 0x25, 0xe, 0x60, 0x8, 0xd0,
    0x0, 0x6, 0xf1, 0x2, 0xf4, 0x0, 0x0, 0xe8,
    0x0, 0xba, 0x0, 0x0, 0x8f, 0x63, 0x4f, 0x20,
    0x0, 0x2f, 0xff, 0x8d, 0x9b, 0xe8, 0x0, 0x11,
    0x18, 0xe7, 0xc4, 0xf2, 0x0, 0x1, 0xf5, 0x0,
    0x4f, 0x20, 0x0, 0xac, 0x0, 0xb, 0xe0, 0x0,
    0x3f, 0x30, 0x42, 0x1f, 0x60, 0xc, 0x90, 0xb,
    0xd7, 0xf5, 0x6, 0xf1, 0x0, 0x2c, 0xfa, 0x0,

    /* U+215B "⅛" */
    0x0, 0x1, 0x0, 0x0, 0x0, 0x0, 0x1a, 0xb0,
    0x0, 0xd, 0x90, 0xb, 0xfb, 0x0, 0x6, 0xe1,
    0x0, 0x49, 0xb0, 0x1, 0xe6, 0x0, 0x0, 0x9b,
    0x0, 0x9c, 0x0, 0x0, 0x9, 0xb0, 0x2f, 0x30,
    0x0, 0x0, 0x9b, 0xc, 0xa0, 0x0, 0x0, 0x9,
    0xb5, 0xf5, 0xdd, 0x30, 0x0, 0x12, 0xe7, 0xb9,
    0x9b, 0x0, 0x0, 0x8d, 0xd, 0x77, 0xd0, 0x0,
    0x2f, 0x50, 0x7f, 0xf8, 0x0, 0xa, 0xb0, 0xf,
    0x77, 0xf0, 0x4, 0xf2, 0x1, 0xf9, 0x9f, 0x10,
    0xd9, 0x0, 0x7, 0xee, 0x70,

    /* U+215C "⅜" */
    0x6, 0xfd, 0x20, 0x0, 0xab, 0x0, 0xe6, 0xba,
    0x0, 0x4f, 0x20, 0x0, 0xb, 0xa0, 0xd, 0x80,
    0x0, 0x4, 0xf5, 0x6, 0xe0, 0x0, 0x1, 0xa,
    0xd1, 0xe6, 0x0, 0x4, 0xf3, 0xad, 0x9c, 0x0,
    0x0, 0xc, 0xff, 0x9f, 0x5d, 0xf7, 0x0, 0x2,
    0x1c, 0xa7, 0xc7, 0xe0, 0x0, 0x5, 0xf1, 0x9a,
    0x3f, 0x0, 0x0, 0xe7, 0x4, 0xff, 0xb0, 0x0,
    0x8d, 0x0, 0xca, 0x4f, 0x30, 0x2f, 0x40, 0xe,
    0xb7, 0xf4, 0xb, 0xb0, 0x0, 0x5e, 0xfa, 0x0,

    /* U+215D "⅝" */
    0xc, 0xff, 0xe0, 0x0, 0xab, 0x0, 0xca, 0x65,
    0x0, 0x4f, 0x20, 0xc, 0xff, 0x70, 0xd, 0x80,
    0x0, 0xa8, 0x9f, 0x6, 0xe0, 0x0, 0x0, 0x4,
    0xf3, 0xe6, 0x0, 0x0, 0xba, 0xaf, 0xac, 0x0,
    0x0, 0x6, 0xff, 0x9f, 0x9e, 0xd2, 0x0, 0x0,
    0xc, 0xad, 0x8b, 0x90, 0x0, 0x5, 0xf1, 0xe5,
    0x8b, 0x0, 0x0, 0xe7, 0x9, 0xff, 0x60, 0x0,
    0x8d, 0x1, 0xf5, 0x8e, 0x0, 0x2f, 0x40, 0x3f,
    0x8a, 0xf0, 0xb, 0xb0, 0x0, 0x9f, 0xe6, 0x0,

    /* U+215E "⅞" */
    0x8, 0xff, 0xfb, 0x1, 0xe6, 0x0, 0x36, 0x7f,
    0x60, 0x9d, 0x0, 0x0, 0x7, 0xf1, 0x2f, 0x40,
    0x0, 0x0, 0xdb, 0xb, 0xa0, 0x0, 0x0, 0x3f,
    0x55, 0xf2, 0x0, 0x0, 0xa, 0xf1, 0xd8, 0x0,
    0x0, 0x0, 0xfa, 0x7e, 0x2c, 0xd5, 0x0, 0x1,
    0x2f, 0x58, 0xb7, 0xe0, 0x0, 0xa, 0xc0, 0xaa,
    0x4f, 0x0, 0x3, 0xf3, 0x5, 0xff, 0xa0, 0x0,
    0xc9, 0x0, 0xd9, 0x5f, 0x20, 0x6e, 0x10, 0xe,
    0xb8, 0xf3, 0x1e, 0x60, 0x0, 0x5e, 0xf9, 0x0,

    /* U+2190 "←" */
    0x0, 0x3, 0x0, 0x0, 0x0, 0x9, 0xf0, 0x0,
    0x0, 0xb, 0xf4, 0x0, 0x0, 0xb, 0xff, 0xff,
    0xff, 0xff, 0x4f, 0xe7, 0x77, 0x77, 0x70, 0x3f,
    0xc0, 0x0, 0x0, 0x0, 0x3a, 0x0, 0x0, 0x0,

    /* U+2191 "↑" */
    0x0, 0xa, 0x0, 0x0, 0xa, 0xfa, 0x0, 0x6,
    0xff, 0xf6, 0x3, 0xf9, 0xf9, 0xf3, 0x7, 0x2f,
    0x27, 0x0, 0x2, 0xf2, 0x0, 0x0, 0x2f, 0x20,
    0x0, 0x2, 0xf2, 0x0, 0x0, 0x2f, 0x20, 0x0,
    0x2, 0xf2, 0x0, 0x0, 0x2f, 0x20, 0x0, 0x1,
    0xa1, 0x0,

    /* U+2192 "→" */
    0x0, 0x0, 0x3, 0x0, 0x0, 0x0, 0x0, 0xf9,
    0x0, 0x0, 0x0, 0x4, 0xfa, 0xf, 0xff, 0xff,
    0xff, 0xfb, 0x77, 0x77, 0x77, 0xff, 0x40, 0x0,
    0x0, 0xcf, 0x30, 0x0, 0x0, 0xa, 0x30, 0x0,

    /* U+2193 "↓" */
    0x0, 0x2d, 0x20, 0x0, 0x2, 0xf2, 0x0, 0x0,
    0x2f, 0x20, 0x0, 0x2, 0xf2, 0x0, 0x0, 0x2f,
    0x20, 0x0, 0x2, 0xf2, 0x0, 0x0, 0x2f, 0x20,
    0x1, 0xa3, 0xf3, 0xa1, 0x2e, 0xbf, 0xbe, 0x20,
    0x4f, 0xff, 0x40, 0x0, 0x8f, 0x70, 0x0, 0x0,
    0x70, 0x0,

    /* U+2194 "↔" */
    0x0, 0xa, 0x0, 0x0, 0xa, 0xfa, 0x0, 0x6,
    0xff, 0xf6, 0x3, 0xf9, 0xf9, 0xf3, 0x7, 0x2f,
    0x27, 0x0, 0x2, 0xf2, 0x0, 0x0, 0x2f, 0x20,
    0x1, 0xa3, 0xf3, 0xa1, 0x2e, 0xbf, 0xbe, 0x20,
    0x4f, 0xff, 0x40, 0x0, 0x8f, 0x70, 0x0, 0x0,
    0x70, 0x0,

    /* U+2195 "↕" */
    0x0, 0x3, 0x3, 0x0, 0x0, 0x9, 0xf1, 0xf9,
    0x0, 0xb, 0xf4, 0x4, 0xfa, 0xb, 0xff, 0xff,
    0xff, 0xfb, 0x4f, 0xe7, 0x77, 0xff, 0x40, 0x3f,
    0xc1, 0xcf, 0x30, 0x0, 0x3a, 0xa, 0x30, 0x0,

    /* U+2196 "↖" */
    0x2, 0x10, 0x0, 0x0, 0x4, 0xff, 0xfe, 0x30,
    0x0, 0x3f, 0xf9, 0x81, 0x0, 0x1, 0xfd, 0xe2,
    0x0, 0x0, 0xf, 0x4c, 0xe2, 0x0, 0x0, 0xa2,
    0x1d, 0xd1, 0x0, 0x0, 0x0, 0x1d, 0xd1, 0x0,
    0x0, 0x0, 0x2e, 0xc0, 0x0, 0x0, 0x0, 0x2e,
    0x80, 0x0, 0x0, 0x0, 0x20,

    /* U+2197 "↗" */
    0x0, 0x0, 0x0, 0x12, 0x0, 0x0, 0x3e, 0xff,
    0xf4, 0x0, 0x1, 0x89, 0xff, 0x30, 0x0, 0x3,
    0xfd, 0xf1, 0x0, 0x2, 0xec, 0x4f, 0x0, 0x1,
    0xed, 0x12, 0xa0, 0x1, 0xdd, 0x10, 0x0, 0x0,
    0xce, 0x20, 0x0, 0x0, 0x8e, 0x20, 0x0, 0x0,
    0x0, 0x20, 0x0, 0x0, 0x0,

    /* U+2198 "↘" */
    0x14, 0x0, 0x0, 0x0, 0x7, 0xf4, 0x0, 0x0,
    0x0, 0xa, 0xf3, 0x0, 0x0, 0x0, 0xb, 0xf2,
    0x0, 0x0, 0x0, 0xc, 0xe2, 0x3d, 0x0, 0x0,
    0x1d, 0xe5, 0xf0, 0x0, 0x0, 0x1d, 0xef, 0x20,
    0x0, 0x1a, 0xbf, 0xf3, 0x0, 0x2, 0xbc, 0xef,
    0x40, 0x0, 0x0, 0x0, 0x0,

    /* U+2199 "↙" */
    0x0, 0x0, 0x0, 0x4, 0x10, 0x0, 0x0, 0x4,
    0xf7, 0x0, 0x0, 0x3, 0xfa, 0x0, 0x0, 0x3,
    0xfb, 0x0, 0xd, 0x32, 0xec, 0x0, 0x0, 0xf5,
    0xed, 0x10, 0x0, 0x2f, 0xed, 0x10, 0x0, 0x3,
    0xff, 0xba, 0x10, 0x0, 0x4f, 0xec, 0xb2, 0x0,
    0x0, 0x0, 0x0, 0x0, 0x0,

    /* U+21A8 "↨" */
    0x0, 0x0, 0x0, 0x0, 0x0, 0x0, 0x4d, 0x0,
    0x0, 0x0, 0x2f, 0xfa, 0x0, 0x0, 0xd, 0xff,
    0xf7, 0x0, 0x7, 0xe7, 0xf6, 0xf1, 0x0, 0x2,
    0x5f, 0x2, 0x0, 0x0, 0x5, 0xf0, 0x0, 0x0,
    0x0, 0x5f, 0x0, 0x0, 0x6, 0xc6, 0xf4, 0xe1,
    0x0, 0x2e, 0xef, 0xea, 0x0, 0x0, 0x4f, 0xfc,
    0x0, 0x0, 0x0, 0x7e, 0x20, 0x0, 0x0, 0x0,
    0x20, 0x0, 0x5, 0x66, 0x66, 0x66, 0x62, 0xcf,
    0xff, 0xff, 0xff, 0x40,

    /* U+21D2 "⇒" */
    0x0, 0x8, 0x40, 0x0, 0x0, 0x0, 0xaf, 0x50,
    0x0, 0x11, 0x11, 0x9f, 0x60, 0xf, 0xff, 0xff,
    0xff, 0x80, 0x0, 0x0, 0x0, 0x4f, 0x92, 0x22,
    0x22, 0x26, 0xf7, 0xff, 0xff, 0xff, 0xf6, 0x0,
    0x0, 0xa, 0xf4, 0x0, 0x0, 0xc, 0xe3, 0x0,
    0x0, 0x0, 0x52, 0x0, 0x0,

    /* U+21D4 "⇔" */
    0x0, 0x75, 0x5, 0x70, 0x0, 0x3f, 0x41, 0x4f,
    0x30, 0x1e, 0xff, 0xff, 0xfe, 0x1b, 0x90, 0x0,
    0x0, 0x9b, 0xaa, 0x22, 0x22, 0x2a, 0xa0, 0xdf,
    0xff, 0xff, 0xd0, 0x2, 0xf4, 0x4, 0xf2, 0x0,
    0x6, 0x40, 0x46, 0x0,

    /* U+2200 "∀" */
    0x0, 0x0, 0x0, 0x0, 0x8, 0xfe, 0x0, 0xb,
    0xf8, 0x5f, 0xf2, 0x11, 0xff, 0x51, 0xff, 0xff,
    0xff, 0xf1, 0xd, 0xff, 0xff, 0xfd, 0x0, 0x9f,
    0xb1, 0x9f, 0x90, 0x6, 0xfe, 0xc, 0xf6, 0x0,
    0x2f, 0xf1, 0xff, 0x20, 0x0, 0xef, 0x7f, 0xe0,
    0x0, 0xb, 0xfe, 0xfb, 0x0, 0x0, 0x7f, 0xff,
    0x70, 0x0, 0x3, 0xff, 0xf3, 0x0, 0x0, 0xf,
    0xff, 0x0, 0x0, 0x0, 0xcf, 0xc0, 0x0,

    /* U+2202 "∂" */
    0x0, 0x0, 0x0, 0x0, 0x0, 0xf, 0xd8, 0x0,
    0x0, 0x0, 0x7a, 0xfe, 0x20, 0x0, 0x0, 0x2,
    0xed, 0x0, 0x0, 0x0, 0x3, 0xf5, 0x0, 0x0,
    0x46, 0x4c, 0xd0, 0x2, 0xdf, 0xff, 0xff, 0x10,
    0xce, 0x40, 0x16, 0xf3, 0x2f, 0x50, 0x0, 0x1f,
    0x55, 0xf1, 0x0, 0x1, 0xf5, 0x4f, 0x10, 0x0,
    0x3f, 0x32, 0xf6, 0x0, 0x9, 0xf0, 0xb, 0xf7,
    0x59, 0xf8, 0x0, 0x1a, 0xff, 0xf8, 0x0, 0x0,
    0x0, 0x20, 0x0, 0x0,

    /* U+2205 "∅" */
    0x0, 0x0, 0x0, 0x0, 0x7a, 0x0, 0x0, 0x0,
    0x0, 0xe, 0x70, 0x0, 0x0, 0x46, 0x36, 0xf1,
    0x0, 0x0, 0xaf, 0xff, 0xf9, 0x0, 0x0, 0xae,
    0x30, 0x6f, 0x90, 0x0, 0x2f, 0x20, 0xb, 0xdf,
    0x20, 0x9, 0xb0, 0x2, 0xf5, 0xb9, 0x0, 0xc6,
    0x0, 0x9e, 0x6, 0xb0, 0xe, 0x40, 0xf, 0x70,
    0x4e, 0x0, 0xf3, 0x6, 0xf0, 0x3, 0xf0, 0xd,
    0x50, 0xd9, 0x0, 0x5d, 0x0, 0xa8, 0x4f, 0x20,
    0x8, 0xb0, 0x5, 0xeb, 0xb0, 0x0, 0xe5, 0x0,
    0xd, 0xf4, 0x0, 0x9e, 0x0, 0x0, 0x9f, 0xa7,
    0xce, 0x30, 0x0, 0x1f, 0x9b, 0xdb, 0x20, 0x0,
    0x7, 0xe0, 0x0, 0x0, 0x0, 0x0, 0xa7, 0x0,
    0x0, 0x0, 0x0,

    /* U+2206 "∆" */
    0x0, 0x0, 0x50, 0x0, 0x0, 0x0, 0x1f, 0x10,
    0x0, 0x0, 0x8, 0xf8, 0x0, 0x0, 0x0, 0xec,
    0xe0, 0x0, 0x0, 0x5f, 0x1f, 0x50, 0x0, 0xc,
    0x90, 0x9c, 0x0, 0x2, 0xf2, 0x2, 0xf2, 0x0,
    0x9b, 0x0, 0xb, 0x90, 0xf, 0x50, 0x0, 0x5f,
    0x6, 0xff, 0xff, 0xff, 0xf6, 0x35, 0x55, 0x55,
    0x55, 0x30,

    /* U+2207 "∇" */
    0x12, 0x22, 0x22, 0x22, 0x17, 0xff, 0xff, 0xff,
    0xf7, 0x1f, 0x62, 0x22, 0x6f, 0x10, 0xaa, 0x0,
    0xa, 0xa0, 0x4, 0xf1, 0x1, 0xf3, 0x0, 0xd,
    0x70, 0x7d, 0x0, 0x0, 0x6e, 0xe, 0x60, 0x0,
    0x0, 0xfa, 0xf0, 0x0, 0x0, 0x9, 0xf9, 0x0,
    0x0, 0x0, 0x2f, 0x20, 0x0, 0x0, 0x0, 0x80,
    0x0, 0x0, 0x0, 0x0, 0x0, 0x0,

    /* U+220F "∏" */
    0x23, 0x33, 0x33, 0x33, 0x2e, 0xff, 0xff, 0xff,
    0xfd, 0x3f, 0x93, 0x33, 0xae, 0x30, 0xf7, 0x0,
    0x8, 0xe0, 0xf, 0x70, 0x0, 0x8e, 0x0, 0xf7,
    0x0, 0x8, 0xe0, 0xf, 0x70, 0x0, 0x8e, 0x0,
    0xf7, 0x0, 0x8, 0xe0, 0xf, 0x70, 0x0, 0x8e,
    0x0, 0xf7, 0x0, 0x8, 0xe0, 0xf, 0x70, 0x0,
    0x8e, 0x0, 0xf7, 0x0, 0x8, 0xe0, 0xf, 0x70,
    0x0, 0x8e, 0x0, 0xf7, 0x0, 0x8, 0xe0, 0xf,
    0x70, 0x0, 0x8e, 0x0, 0xf7, 0x0, 0x8, 0xe0,
    0xf, 0x70, 0x0, 0x8e, 0x0, 0xf7, 0x0, 0x8,
    0xe0, 0x0, 0x0, 0x0, 0x0, 0x0,

    /* U+2211 "∑" */
    0x0, 0x0, 0x0, 0x0, 0x2, 0xff, 0xff, 0xff,
    0xf5, 0xa, 0xf9, 0x77, 0x77, 0x20, 0x2f, 0x80,
    0x0, 0x0, 0x0, 0xbf, 0x10, 0x0, 0x0, 0x3,
    0xf8, 0x0, 0x0, 0x0, 0xc, 0xe0, 0x0, 0x0,
    0x0, 0x4f, 0x70, 0x0, 0x0, 0x0, 0xce, 0x0,
    0x0, 0x0, 0xd, 0xe0, 0x0, 0x0, 0x5, 0xf6,
    0x0, 0x0, 0x0, 0xce, 0x0, 0x0, 0x0, 0x4f,
    0x70, 0x0, 0x0, 0xc, 0xe0, 0x0, 0x0, 0x3,
    0xf8, 0x0, 0x0, 0x0, 0xbf, 0xa9, 0x99, 0x93,
    0x2f, 0xff, 0xff, 0xff, 0x50,

    /* U+2212 "−" */
    0x23, 0x33, 0x33, 0x33, 0xb, 0xff, 0xff, 0xff,
    0xf4, 0x23, 0x33, 0x33, 0x33, 0x10,

    /* U+2215 "∕" */
    0x0, 0x0, 0x0, 0x2, 0x20, 0x0, 0x0, 0x7,
    0xfa, 0x0, 0x0, 0x0, 0xef, 0x30, 0x0, 0x0,
    0x6f, 0xb0, 0x0, 0x0, 0xe, 0xf3, 0x0, 0x0,
    0x6, 0xfc, 0x0, 0x0, 0x0, 0xdf, 0x40, 0x0,
    0x0, 0x5f, 0xc0, 0x0, 0x0, 0xd, 0xf4, 0x0,
    0x0, 0x5, 0xfd, 0x0, 0x0, 0x0, 0xdf, 0x50,
    0x0, 0x0, 0x4f, 0xd0, 0x0, 0x0, 0xc, 0xf5,
    0x0, 0x0, 0x4, 0xfd, 0x0, 0x0, 0x0, 0xcf,
    0x60, 0x0, 0x0, 0x0,

    /* U+2219 "∙" */
    0x5c, 0x5b, 0xfb, 0x5d, 0x50,

    /* U+221A "√" */
    0x0, 0x0, 0x0, 0x1, 0x20, 0x0, 0x0, 0x0,
    0xb, 0xd0, 0x0, 0x0, 0x0, 0xf, 0x80, 0x0,
    0x0, 0x0, 0x3f, 0x40, 0x0, 0x0, 0x0, 0x7f,
    0x0, 0x0, 0x0, 0x0, 0xcb, 0x0, 0x0, 0x0,
    0x0, 0xf7, 0x0, 0x0, 0x0, 0x4, 0xf2, 0x0,
    0xcf, 0xf3, 0x8, 0xe0, 0x0, 0x67, 0xe9, 0xc,
    0x90, 0x0, 0x0, 0x9e, 0x1f, 0x50, 0x0, 0x0,
    0x3f, 0x8f, 0x10, 0x0, 0x0, 0xd, 0xfc, 0x0,
    0x0, 0x0, 0x7, 0xe7, 0x0, 0x0,

    /* U+221E "∞" */
    0x3, 0x85, 0x5, 0x83, 0x4, 0xff, 0xfb, 0xff,
    0xf4, 0xbd, 0x48, 0xf9, 0x4e, 0xbd, 0x80, 0x1f,
    0x10, 0x8d, 0xcc, 0x16, 0xf5, 0x1c, 0xc7, 0xff,
    0xfd, 0xff, 0xf6, 0x7, 0xb8, 0x8, 0xb6, 0x0,

    /* U+221F "∟" */
    0x25, 0x0, 0x0, 0x0, 0x8, 0xf0, 0x0, 0x0,
    0x0, 0x8f, 0x0, 0x0, 0x0, 0x8, 0xf0, 0x0,
    0x0, 0x0, 0x8f, 0x0, 0x0, 0x0, 0x8, 0xf0,
    0x0, 0x0, 0x0, 0x8f, 0x0, 0x0, 0x0, 0x8,
    0xfc, 0xcc, 0xcc, 0xc6, 0x8f, 0xff, 0xff, 0xff,
    0x80,

    /* U+2225 "∥" */
    0x20, 0x0, 0x2e, 0x40, 0x4e, 0xe4, 0x4, 0xee,
    0x40, 0x4e, 0xe4, 0x4, 0xee, 0x40, 0x4e, 0xe4,
    0x4, 0xee, 0x40, 0x4e, 0xe4, 0x4, 0xee, 0x40,
    0x4e, 0xe4, 0x4, 0xee, 0x40, 0x4e, 0xe4, 0x4,
    0xee, 0x40, 0x4e, 0xe4, 0x4, 0xe0,

    /* U+2227 "∧" */
    0x0, 0x0, 0x50, 0x0, 0x0, 0x0, 0x7f, 0x50,
    0x0, 0x0, 0x4f, 0xaf, 0x30, 0x0, 0x2e, 0x80,
    0xad, 0x10, 0xc, 0xc0, 0x0, 0xdb, 0x8, 0xe1,
    0x0, 0x3, 0xf7, 0x13, 0x0, 0x0, 0x4, 0x10,

    /* U+2228 "∨" */
    0x3, 0x0, 0x0, 0x3, 0x8, 0xe1, 0x0, 0x1,
    0xe8, 0xd, 0xc0, 0x0, 0xcc, 0x0, 0x2f, 0x80,
    0x8e, 0x20, 0x0, 0x4f, 0x8f, 0x40, 0x0, 0x0,
    0x8f, 0x80, 0x0, 0x0, 0x0, 0x70, 0x0, 0x0,

    /* U+2229 "∩" */
    0x0, 0x1, 0x42, 0x0, 0x0, 0x8, 0xff, 0xfd,
    0x30, 0x8, 0xf7, 0x24, 0xcf, 0x11, 0xf6, 0x0,
    0x0, 0xd9, 0x4f, 0x0, 0x0, 0x8, 0xc6, 0xe0,
    0x0, 0x0, 0x6e, 0x6e, 0x0, 0x0, 0x6, 0xe6,
    0xe0, 0x0, 0x0, 0x6e, 0x6e, 0x0, 0x0, 0x6,
    0xe6, 0xe0, 0x0, 0x0, 0x6e, 0x6e, 0x0, 0x0,
    0x6, 0xe6, 0xe0, 0x0, 0x0, 0x6e, 0x6e, 0x0,
    0x0, 0x6, 0xe6, 0xe0, 0x0, 0x0, 0x6e, 0x6e,
    0x0, 0x0, 0x6, 0xe0,

    /* U+222A "∪" */
    0x2, 0x0, 0x0, 0x0, 0x26, 0xe0, 0x0, 0x0,
    0x6e, 0x6e, 0x0, 0x0, 0x6, 0xe6, 0xe0, 0x0,
    0x0, 0x6e, 0x6e, 0x0, 0x0, 0x6, 0xe6, 0xe0,
    0x0, 0x0, 0x6e, 0x6e, 0x0, 0x0, 0x6, 0xe6,
    0xe0, 0x0, 0x0, 0x6e, 0x6e, 0x0, 0x0, 0x6,
    0xe6, 0xe0, 0x0, 0x0, 0x6e, 0x6e, 0x0, 0x0,
    0x6, 0xe4, 0xf1, 0x0, 0x0, 0x8c, 0xf, 0x80,
    0x0, 0x1e, 0x80, 0x6f, 0x94, 0x6d, 0xe0, 0x0,
    0x6e, 0xff, 0xb1, 0x0, 0x0, 0x1, 0x0, 0x0,

    /* U+222B "∫" */
    0x0, 0x18, 0xb0, 0x0, 0xdf, 0xf0, 0x1, 0xfd,
    0x0, 0x1, 0xf9, 0x0, 0x1, 0xf8, 0x0, 0x1,
    0xf8, 0x0, 0x1, 0xf8, 0x0, 0x1, 0xf8, 0x0,
    0x1, 0xf8, 0x0, 0x1, 0xf8, 0x0, 0x1, 0xf8,
    0x0, 0x1, 0xf8, 0x0, 0x1, 0xf8, 0x0, 0x1,
    0xf8, 0x0, 0x1, 0xf8, 0x0, 0x2, 0xf8, 0x0,
    0x8, 0xf8, 0x0, 0x9f, 0xf3, 0x0, 0x57, 0x30,
    0x0,

    /* U+2234 "∴" */
    0x0, 0x2, 0x93, 0x0, 0x0, 0x0, 0xaf, 0xd0,
    0x0, 0x0, 0x7, 0xf9, 0x0, 0x0, 0x0, 0x0,
    0x0, 0x0, 0x0, 0x0, 0x0, 0x0, 0x0, 0x0,
    0x0, 0x0, 0x0, 0xd, 0xe2, 0x0, 0xde, 0x22,
    0xff, 0x50, 0x2f, 0xf5, 0x7, 0x80, 0x0, 0x78,
    0x0,

    /* U+2235 "∵" */
    0x0, 0x0, 0x0, 0x0, 0x0, 0xde, 0x20, 0xd,
    0xe2, 0x2f, 0xf5, 0x2, 0xff, 0x50, 0x68, 0x0,
    0x6, 0x80, 0x0, 0x0, 0x0, 0x0, 0x0, 0x0,
    0x0, 0x0, 0x0, 0x0, 0x6, 0xf9, 0x0, 0x0,
    0x0, 0xaf, 0xd0, 0x0, 0x0, 0x2, 0x94, 0x0,
    0x0,

    /* U+2248 "≈" */
    0x0, 0x10, 0x0, 0x0, 0x6, 0xff, 0xd8, 0x31,
    0x65, 0xc7, 0x6a, 0xef, 0xff, 0x31, 0x0, 0x0,
    0x35, 0x20, 0x0, 0x0, 0x0, 0x0, 0x0, 0x35,
    0x10, 0x0, 0x1, 0x9f, 0xff, 0xc7, 0x5a, 0x69,
    0x31, 0x5a, 0xff, 0xc1, 0x0, 0x0, 0x0, 0x10,
    0x0,

    /* U+2260 "≠" */
    0x0, 0x0, 0x0, 0x0, 0x0, 0x0, 0x0, 0x0,
    0x0, 0xe7, 0x0, 0x0, 0x0, 0x8, 0xd0, 0x0,
    0x0, 0x0, 0x2f, 0x40, 0x2, 0x33, 0x33, 0xbd,
    0x31, 0xb, 0xff, 0xff, 0xff, 0xf4, 0x2, 0x33,
    0x3e, 0x93, 0x31, 0x0, 0x0, 0x7e, 0x0, 0x0,
    0x2, 0x33, 0xf9, 0x33, 0x30, 0xb, 0xff, 0xff,
    0xff, 0xf4, 0x2, 0x7f, 0x53, 0x33, 0x31, 0x0,
    0xca, 0x0, 0x0, 0x0, 0x5, 0xf1, 0x0, 0x0,
    0x0, 0xe, 0x70, 0x0, 0x0, 0x0,

    /* U+2261 "≡" */
    0xbf, 0xff, 0xff, 0xff, 0x45, 0x77, 0x77, 0x77,
    0x72, 0x0, 0x0, 0x0, 0x0, 0x0, 0x0, 0x0,
    0x0, 0x0, 0x23, 0x33, 0x33, 0x33, 0xb, 0xff,
    0xff, 0xff, 0xf4, 0x23, 0x33, 0x33, 0x33, 0x10,
    0x0, 0x0, 0x0, 0x0, 0x0, 0x0, 0x0, 0x0,
    0x5, 0x77, 0x77, 0x77, 0x72, 0xbf, 0xff, 0xff,
    0xff, 0x40,

    /* U+2264 "≤" */
    0x0, 0x0, 0x0, 0x0, 0x10, 0x0, 0x0, 0x6,
    0xe4, 0x0, 0x0, 0x6e, 0xfa, 0x10, 0x6, 0xef,
    0xa2, 0x0, 0x5e, 0xfa, 0x20, 0x0, 0xb, 0xf4,
    0x0, 0x0, 0x0, 0x6e, 0xf9, 0x20, 0x0, 0x0,
    0x7, 0xef, 0xa2, 0x0, 0x0, 0x0, 0x7e, 0xfa,
    0x10, 0x0, 0x0, 0x7, 0xe4, 0x0, 0x0, 0x0,
    0x0, 0x10, 0x0, 0x0, 0x0, 0x0, 0xbf, 0xff,
    0xff, 0xff, 0x45, 0x66, 0x66, 0x66, 0x62,

    /* U+2265 "≥" */
    0x10, 0x0, 0x0, 0x0, 0xb, 0xa3, 0x0, 0x0,
    0x0, 0x5e, 0xfa, 0x30, 0x0, 0x0, 0x6, 0xdf,
    0xb3, 0x0, 0x0, 0x0, 0x6d, 0xfb, 0x10, 0x0,
    0x0, 0xa, 0xf4, 0x0, 0x0, 0x5d, 0xfb, 0x10,
    0x5, 0xdf, 0xb3, 0x0, 0x5d, 0xfb, 0x30, 0x0,
    0xb, 0xb3, 0x0, 0x0, 0x0, 0x10, 0x0, 0x0,
    0x0, 0x0, 0x0, 0x0, 0x0, 0x0, 0xbf, 0xff,
    0xff, 0xff, 0x45, 0x66, 0x66, 0x66, 0x62,

    /* U+22C5 "⋅" */
    0x5c, 0x5b, 0xfb, 0x5d, 0x50,

    /* U+2302 "⌂" */
    0x0, 0x0, 0x30, 0x0, 0x0, 0x0, 0xcf, 0x50,
    0x0, 0x1, 0xce, 0xaf, 0x50, 0x1, 0xde, 0x20,
    0x9f, 0x60, 0xce, 0x20, 0x0, 0x8f, 0x4d, 0x70,
    0x0, 0x0, 0xe6, 0xd6, 0x0, 0x0, 0xe, 0x6d,
    0x60, 0x0, 0x0, 0xe6, 0xd6, 0x0, 0x0, 0xe,
    0x6d, 0x60, 0x0, 0x0, 0xe6, 0xd6, 0x0, 0x0,
    0xe, 0x6d, 0xa6, 0x66, 0x66, 0xf6, 0xdf, 0xff,
    0xff, 0xff, 0x60,

    /* U+2304 "⌄" */
    0x3, 0x0, 0x0, 0x3, 0x8, 0xe1, 0x0, 0x1,
    0xe8, 0xd, 0xc0, 0x0, 0xcc, 0x0, 0x2f, 0x80,
    0x8e, 0x20, 0x0, 0x4f, 0x8f, 0x40, 0x0, 0x0,
    0x8f, 0x80, 0x0, 0x0, 0x0, 0x70, 0x0, 0x0,

    /* U+2310 "⌐" */
    0x0, 0x0, 0x0, 0x0, 0x8, 0xff, 0xff, 0xff,
    0xf8, 0x8f, 0xbb, 0xbb, 0xbb, 0x58, 0xf0, 0x0,
    0x0, 0x0, 0x8f, 0x0, 0x0, 0x0, 0x8, 0xf0,
    0x0, 0x0, 0x0, 0x8f, 0x0, 0x0, 0x0, 0x8,
    0xf0, 0x0, 0x0, 0x0, 0x8f, 0x0, 0x0, 0x0,
    0x1, 0x10, 0x0, 0x0, 0x0,

    /* U+2319 "⌙" */
    0x25, 0x0, 0x0, 0x0, 0x8, 0xf0, 0x0, 0x0,
    0x0, 0x8f, 0x0, 0x0, 0x0, 0x8, 0xf0, 0x0,
    0x0, 0x0, 0x8f, 0x0, 0x0, 0x0, 0x8, 0xf0,
    0x0, 0x0, 0x0, 0x8f, 0x0, 0x0, 0x0, 0x8,
    0xfc, 0xcc, 0xcc, 0xc6, 0x8f, 0xff, 0xff, 0xff,
    0x80,

    /* U+2320 "⌠" */
    0x0, 0x1, 0x11, 0x0, 0x6f, 0xff, 0xf3, 0x1f,
    0xff, 0xff, 0x33, 0xfe, 0x21, 0x10, 0x3f, 0xc0,
    0x0, 0x3, 0xfc, 0x0, 0x0, 0x3f, 0xc0, 0x0,
    0x3, 0xfc, 0x0, 0x0, 0x3f, 0xc0, 0x0, 0x3,
    0xfc, 0x0, 0x0, 0x3f, 0xc0, 0x0, 0x3, 0xfc,
    0x0, 0x0, 0x3f, 0xc0, 0x0, 0x3, 0xfc, 0x0,
    0x0, 0x3f, 0xc0, 0x0, 0x1, 0x43, 0x0, 0x0,

    /* U+2321 "⌡" */
    0x0, 0x1, 0x43, 0x0, 0x3, 0xfc, 0x0, 0x3,
    0xfc, 0x0, 0x3, 0xfc, 0x0, 0x3, 0xfc, 0x0,
    0x3, 0xfc, 0x0, 0x3, 0xfc, 0x0, 0x3, 0xfc,
    0x0, 0x3, 0xfc, 0x0, 0x3, 0xfc, 0x0, 0x3,
    0xfc, 0x0, 0x3, 0xfc, 0x0, 0x3, 0xfc, 0x0,
    0x3, 0xfc, 0x0, 0x3, 0xfc, 0x23, 0x39, 0xfb,
    0xcf, 0xff, 0xf8, 0xcf, 0xfe, 0xa1,

    /* U+2500 "─" */
    0xaa, 0xaa, 0xaa, 0xaa, 0xaf, 0xff, 0xff, 0xff,
    0xff,

    /* U+2502 "│" */
    0x0, 0x2, 0xf2, 0x2f, 0x22, 0xf2, 0x2f, 0x22,
    0xf2, 0x2f, 0x22, 0xf2, 0x2f, 0x22, 0xf2, 0x2f,
    0x22, 0xf2, 0x2f, 0x22, 0xf2, 0x2f, 0x22, 0xf2,
    0x2f, 0x22, 0xf2, 0x2f, 0x22, 0xf2, 0x2f, 0x22,
    0xf2, 0x18, 0x10,

    /* U+250C "┌" */
    0x2a, 0xaa, 0xaa, 0x2f, 0xff, 0xff, 0x2f, 0x20,
    0x0, 0x2f, 0x20, 0x0, 0x2f, 0x20, 0x0, 0x2f,
    0x20, 0x0, 0x2f, 0x20, 0x0, 0x2f, 0x20, 0x0,
    0x2f, 0x20, 0x0, 0x2f, 0x20, 0x0, 0x2f, 0x20,
    0x0, 0x2f, 0x20, 0x0, 0x4, 0x0, 0x0,

    /* U+2510 "┐" */
    0xaa, 0xaa, 0xa1, 0xff, 0xff, 0xf2, 0x0, 0x2,
    0xf2, 0x0, 0x2, 0xf2, 0x0, 0x2, 0xf2, 0x0,
    0x2, 0xf2, 0x0, 0x2, 0xf2, 0x0, 0x2, 0xf2,
    0x0, 0x2, 0xf2, 0x0, 0x2, 0xf2, 0x0, 0x2,
    0xf2, 0x0, 0x2, 0xf2, 0x0, 0x0, 0x40,

    /* U+2514 "└" */
    0x4, 0x0, 0x0, 0x2f, 0x20, 0x0, 0x2f, 0x20,
    0x0, 0x2f, 0x20, 0x0, 0x2f, 0x20, 0x0, 0x2f,
    0x20, 0x0, 0x2f, 0x20, 0x0, 0x2f, 0x20, 0x0,
    0x2f, 0x20, 0x0, 0x2f, 0x20, 0x0, 0x2f, 0xba,
    0xaa, 0x2f, 0xff, 0xff,

    /* U+2518 "┘" */
    0x0, 0x0, 0x40, 0x0, 0x2, 0xf2, 0x0, 0x2,
    0xf2, 0x0, 0x2, 0xf2, 0x0, 0x2, 0xf2, 0x0,
    0x2, 0xf2, 0x0, 0x2, 0xf2, 0x0, 0x2, 0xf2,
    0x0, 0x2, 0xf2, 0x0, 0x2, 0xf2, 0xaa, 0xab,
    0xf2, 0xff, 0xff, 0xf2,

    /* U+251C "├" */
    0x0, 0x0, 0x0, 0x2f, 0x20, 0x0, 0x2f, 0x20,
    0x0, 0x2f, 0x20, 0x0, 0x2f, 0x20, 0x0, 0x2f,
    0x20, 0x0, 0x2f, 0x20, 0x0, 0x2f, 0x20, 0x0,
    0x2f, 0x20, 0x0, 0x2f, 0x20, 0x0, 0x2f, 0x87,
    0x77, 0x2f, 0xff, 0xff, 0x2f, 0x52, 0x22, 0x2f,
    0x20, 0x0, 0x2f, 0x20, 0x0, 0x2f, 0x20, 0x0,
    0x2f, 0x20, 0x0, 0x2f, 0x20, 0x0, 0x2f, 0x20,
    0x0, 0x2f, 0x20, 0x0, 0x2f, 0x20, 0x0, 0x2f,
    0x20, 0x0, 0x18, 0x10, 0x0,

    /* U+2524 "┤" */
    0x0, 0x0, 0x0, 0x0, 0x2, 0xf2, 0x0, 0x2,
    0xf2, 0x0, 0x2, 0xf2, 0x0, 0x2, 0xf2, 0x0,
    0x2, 0xf2, 0x0, 0x2, 0xf2, 0x0, 0x2, 0xf2,
    0x0, 0x2, 0xf2, 0x0, 0x2, 0xf2, 0x77, 0x78,
    0xf2, 0xff, 0xff, 0xf2, 0x22, 0x25, 0xf2, 0x0,
    0x2, 0xf2, 0x0, 0x2, 0xf2, 0x0, 0x2, 0xf2,
    0x0, 0x2, 0xf2, 0x0, 0x2, 0xf2, 0x0, 0x2,
    0xf2, 0x0, 0x2, 0xf2, 0x0, 0x2, 0xf2, 0x0,
    0x2, 0xf2, 0x0, 0x1, 0x81,

    /* U+252C "┬" */
    0xaa, 0xaa, 0xaa, 0xaa, 0xaf, 0xff, 0xff, 0xff,
    0xff, 0x0, 0x2, 0xf2, 0x0, 0x0, 0x0, 0x2f,
    0x20, 0x0, 0x0, 0x2, 0xf2, 0x0, 0x0, 0x0,
    0x2f, 0x20, 0x0, 0x0, 0x2, 0xf2, 0x0, 0x0,
    0x0, 0x2f, 0x20, 0x0, 0x0, 0x2, 0xf2, 0x0,
    0x0, 0x0, 0x2f, 0x20, 0x0, 0x0, 0x2, 0xf2,
    0x0, 0x0, 0x0, 0x2f, 0x20, 0x0, 0x0, 0x0,
    0x40, 0x0, 0x0,

    /* U+2534 "┴" */
    0x0, 0x0, 0x40, 0x0, 0x0, 0x0, 0x2f, 0x20,
    0x0, 0x0, 0x2, 0xf2, 0x0, 0x0, 0x0, 0x2f,
    0x20, 0x0, 0x0, 0x2, 0xf2, 0x0, 0x0, 0x0,
    0x2f, 0x20, 0x0, 0x0, 0x2, 0xf2, 0x0, 0x0,
    0x0, 0x2f, 0x20, 0x0, 0x0, 0x2, 0xf2, 0x0,
    0x0, 0x0, 0x2f, 0x20, 0x0, 0xaa, 0xab, 0xfb,
    0xaa, 0xaf, 0xff, 0xff, 0xff, 0xff,

    /* U+253C "┼" */
    0x0, 0x0, 0x0, 0x0, 0x0, 0x0, 0x2f, 0x20,
    0x0, 0x0, 0x2, 0xf2, 0x0, 0x0, 0x0, 0x2f,
    0x20, 0x0, 0x0, 0x2, 0xf2, 0x0, 0x0, 0x0,
    0x2f, 0x20, 0x0, 0x0, 0x2, 0xf2, 0x0, 0x0,
    0x0, 0x2f, 0x20, 0x0, 0x0, 0x2, 0xf2, 0x0,
    0x0, 0x0, 0x2f, 0x20, 0x0, 0x77, 0x78, 0xf8,
    0x77, 0x7f, 0xff, 0xff, 0xff, 0xff, 0x22, 0x25,
    0xf5, 0x22, 0x20, 0x0, 0x2f, 0x20, 0x0, 0x0,
    0x2, 0xf2, 0x0, 0x0, 0x0, 0x2f, 0x20, 0x0,
    0x0, 0x2, 0xf2, 0x0, 0x0, 0x0, 0x2f, 0x20,
    0x0, 0x0, 0x2, 0xf2, 0x0, 0x0, 0x0, 0x2f,
    0x20, 0x0, 0x0, 0x2, 0xf2, 0x0, 0x0, 0x0,
    0x2f, 0x20, 0x0, 0x0, 0x1, 0x81, 0x0, 0x0,

    /* U+2550 "═" */
    0x88, 0x88, 0x88, 0x88, 0x8f, 0xff, 0xff, 0xff,
    0xff, 0x0, 0x0, 0x0, 0x0, 0x0, 0x0, 0x0,
    0x0, 0x0, 0xff, 0xff, 0xff, 0xff, 0xfa, 0xaa,
    0xaa, 0xaa, 0xaa,

    /* U+2551 "║" */
    0x0, 0x0, 0x6, 0xe0, 0x6e, 0x6e, 0x6, 0xe6,
    0xe0, 0x6e, 0x6e, 0x6, 0xe6, 0xe0, 0x6e, 0x6e,
    0x6, 0xe6, 0xe0, 0x6e, 0x6e, 0x6, 0xe6, 0xe0,
    0x6e, 0x6e, 0x6, 0xe6, 0xe0, 0x6e, 0x6e, 0x6,
    0xe6, 0xe0, 0x6e, 0x6e, 0x6, 0xe6, 0xe0, 0x6e,
    0x6e, 0x6, 0xe6, 0xe0, 0x6e, 0x6e, 0x6, 0xe6,
    0xe0, 0x6e, 0x6e, 0x6, 0xe6, 0xe0, 0x6e, 0x37,
    0x3, 0x70,

    /* U+2552 "╒" */
    0x18, 0x88, 0x88, 0x2f, 0xff, 0xff, 0x2f, 0x30,
    0x0, 0x2f, 0x20, 0x0, 0x2f, 0xff, 0xff, 0x2f,
    0xba, 0xaa, 0x2f, 0x20, 0x0, 0x2f, 0x20, 0x0,
    0x2f, 0x20, 0x0, 0x2f, 0x20, 0x0, 0x2f, 0x20,
    0x0, 0x2f, 0x20, 0x0, 0x2f, 0x20, 0x0, 0x2f,
    0x20, 0x0, 0x1, 0x0, 0x0,

    /* U+2553 "╓" */
    0x4a, 0xaa, 0xaa, 0xa1, 0x6f, 0xff, 0xff, 0xf2,
    0x6e, 0x6, 0xe0, 0x0, 0x6e, 0x6, 0xe0, 0x0,
    0x6e, 0x6, 0xe0, 0x0, 0x6e, 0x6, 0xe0, 0x0,
    0x6e, 0x6, 0xe0, 0x0, 0x6e, 0x6, 0xe0, 0x0,
    0x6e, 0x6, 0xe0, 0x0, 0x6e, 0x6, 0xe0, 0x0,
    0x6e, 0x6, 0xe0, 0x0, 0x6e, 0x6, 0xe0, 0x0,
    0x24, 0x2, 0x40, 0x0,

    /* U+2554 "╔" */
    0x38, 0x88, 0x88, 0x83, 0x6f, 0xff, 0xff, 0xf5,
    0x6e, 0x0, 0x0, 0x0, 0x6e, 0x0, 0x0, 0x0,
    0x6e, 0x6, 0xff, 0xf5, 0x6e, 0x6, 0xfa, 0xa3,
    0x6e, 0x6, 0xe0, 0x0, 0x6e, 0x6, 0xe0, 0x0,
    0x6e, 0x6, 0xe0, 0x0, 0x6e, 0x6, 0xe0, 0x0,
    0x6e, 0x6, 0xe0, 0x0, 0x6e, 0x6, 0xe0, 0x0,
    0x6e, 0x6, 0xe0, 0x0, 0x6e, 0x6, 0xe0, 0x0,
    0x24, 0x2, 0x40, 0x0,

    /* U+2555 "╕" */
    0x88, 0x88, 0x81, 0xff, 0xff, 0xf2, 0x0, 0x3,
    0xf2, 0x0, 0x2, 0xf2, 0xff, 0xff, 0xf2, 0xaa,
    0xab, 0xf2, 0x0, 0x2, 0xf2, 0x0, 0x2, 0xf2,
    0x0, 0x2, 0xf2, 0x0, 0x2, 0xf2, 0x0, 0x2,
    0xf2, 0x0, 0x2, 0xf2, 0x0, 0x2, 0xf2, 0x0,
    0x2, 0xf2, 0x0, 0x0, 0x10,

    /* U+2556 "╖" */
    0x6a, 0xaa, 0xaa, 0x99, 0xff, 0xff, 0xfe, 0x0,
    0x6e, 0x6, 0xe0, 0x6, 0xe0, 0x6e, 0x0, 0x6e,
    0x6, 0xe0, 0x6, 0xe0, 0x6e, 0x0, 0x6e, 0x6,
    0xe0, 0x6, 0xe0, 0x6e, 0x0, 0x6e, 0x6, 0xe0,
    0x6, 0xe0, 0x6e, 0x0, 0x6e, 0x6, 0xe0, 0x6,
    0xe0, 0x6e, 0x0, 0x24, 0x2, 0x40,

    /* U+2557 "╗" */
    0x78, 0x88, 0x88, 0x8d, 0xff, 0xff, 0xfe, 0x0,
    0x0, 0x6, 0xe0, 0x0, 0x0, 0x6e, 0xcf, 0xfe,
    0x6, 0xe8, 0xac, 0xe0, 0x6e, 0x0, 0x6e, 0x6,
    0xe0, 0x6, 0xe0, 0x6e, 0x0, 0x6e, 0x6, 0xe0,
    0x6, 0xe0, 0x6e, 0x0, 0x6e, 0x6, 0xe0, 0x6,
    0xe0, 0x6e, 0x0, 0x6e, 0x6, 0xe0, 0x6, 0xe0,
    0x6e, 0x0, 0x24, 0x2, 0x40,

    /* U+2558 "╘" */
    0x4, 0x0, 0x0, 0x2f, 0x20, 0x0, 0x2f, 0x20,
    0x0, 0x2f, 0x20, 0x0, 0x2f, 0x20, 0x0, 0x2f,
    0x20, 0x0, 0x2f, 0x20, 0x0, 0x2f, 0x20, 0x0,
    0x2f, 0x98, 0x88, 0x2f, 0xff, 0xff, 0x2f, 0x30,
    0x0, 0x2f, 0x20, 0x0, 0x2f, 0xff, 0xff, 0x1a,
    0xaa, 0xaa,

    /* U+2559 "╙" */
    0x14, 0x1, 0x40, 0x0, 0x6e, 0x6, 0xe0, 0x0,
    0x6e, 0x6, 0xe0, 0x0, 0x6e, 0x6, 0xe0, 0x0,
    0x6e, 0x6, 0xe0, 0x0, 0x6e, 0x6, 0xe0, 0x0,
    0x6e, 0x6, 0xe0, 0x0, 0x6e, 0x6, 0xe0, 0x0,
    0x6e, 0x6, 0xe0, 0x0, 0x6e, 0x6, 0xe0, 0x0,
    0x6f, 0xac, 0xfa, 0xa1, 0x6f, 0xff, 0xff, 0xf2,

    /* U+255A "╚" */
    0x36, 0x3, 0x60, 0x0, 0x6e, 0x6, 0xe0, 0x0,
    0x6e, 0x6, 0xe0, 0x0, 0x6e, 0x6, 0xe0, 0x0,
    0x6e, 0x6, 0xe0, 0x0, 0x6e, 0x6, 0xe0, 0x0,
    0x6e, 0x6, 0xe0, 0x0, 0x6e, 0x6, 0xe0, 0x0,
    0x6e, 0x6, 0xf8, 0x83, 0x6e, 0x6, 0xff, 0xf5,
    0x6e, 0x0, 0x0, 0x0, 0x6e, 0x0, 0x0, 0x0,
    0x6f, 0xff, 0xff, 0xf5, 0x4a, 0xaa, 0xaa, 0xa3,

    /* U+255B "╛" */
    0x0, 0x0, 0x40, 0x0, 0x2, 0xf2, 0x0, 0x2,
    0xf2, 0x0, 0x2, 0xf2, 0x0, 0x2, 0xf2, 0x0,
    0x2, 0xf2, 0x0, 0x2, 0xf2, 0x0, 0x2, 0xf2,
    0x88, 0x8a, 0xf2, 0xff, 0xff, 0xf2, 0x0, 0x3,
    0xf2, 0x0, 0x2, 0xf2, 0xff, 0xff, 0xf2, 0xaa,
    0xaa, 0xa1,

    /* U+255C "╜" */
    0x0, 0x14, 0x1, 0x40, 0x6, 0xe0, 0x6e, 0x0,
    0x6e, 0x6, 0xe0, 0x6, 0xe0, 0x6e, 0x0, 0x6e,
    0x6, 0xe0, 0x6, 0xe0, 0x6e, 0x0, 0x6e, 0x6,
    0xe0, 0x6, 0xe0, 0x6e, 0x0, 0x6e, 0x6, 0xe0,
    0x6, 0xe0, 0x6e, 0x0, 0x6e, 0x6, 0xe0, 0x6,
    0xe0, 0x6e, 0x9f, 0xff, 0xff, 0xe6, 0xaa, 0xaa,
    0xa9,

    /* U+255D "╝" */
    0x0, 0x36, 0x3, 0x60, 0x6, 0xe0, 0x6e, 0x0,
    0x6e, 0x6, 0xe0, 0x6, 0xe0, 0x6e, 0x0, 0x6e,
    0x6, 0xe0, 0x6, 0xe0, 0x6e, 0x0, 0x6e, 0x6,
    0xe0, 0x6, 0xe0, 0x6e, 0x78, 0xbe, 0x6, 0xed,
    0xff, 0xe0, 0x6e, 0x0, 0x0, 0x6, 0xe0, 0x0,
    0x0, 0x6e, 0xcf, 0xff, 0xff, 0xe8, 0xaa, 0xaa,
    0xa9,

    /* U+255E "╞" */
    0x0, 0x0, 0x0, 0x2f, 0x20, 0x0, 0x2f, 0x20,
    0x0, 0x2f, 0x20, 0x0, 0x2f, 0x20, 0x0, 0x2f,
    0x20, 0x0, 0x2f, 0x20, 0x0, 0x2f, 0x20, 0x0,
    0x2f, 0x42, 0x22, 0x2f, 0xff, 0xff, 0x2f, 0x87,
    0x77, 0x2f, 0x20, 0x0, 0x2f, 0xcb, 0xbb, 0x2f,
    0xed, 0xdd, 0x2f, 0x20, 0x0, 0x2f, 0x20, 0x0,
    0x2f, 0x20, 0x0, 0x2f, 0x20, 0x0, 0x2f, 0x20,
    0x0, 0x2f, 0x20, 0x0, 0x2f, 0x20, 0x0, 0x2f,
    0x20, 0x0, 0x18, 0x10, 0x0,

    /* U+255F "╟" */
    0x0, 0x0, 0x0, 0x0, 0x6e, 0x6, 0xe0, 0x0,
    0x6e, 0x6, 0xe0, 0x0, 0x6e, 0x6, 0xe0, 0x0,
    0x6e, 0x6, 0xe0, 0x0, 0x6e, 0x6, 0xe0, 0x0,
    0x6e, 0x6, 0xe0, 0x0, 0x6e, 0x6, 0xe0, 0x0,
    0x6e, 0x6, 0xe0, 0x0, 0x6e, 0x6, 0xe0, 0x0,
    0x6e, 0x6, 0xf7, 0x72, 0x6e, 0x6, 0xff, 0xf5,
    0x6e, 0x6, 0xe2, 0x20, 0x6e, 0x6, 0xe0, 0x0,
    0x6e, 0x6, 0xe0, 0x0, 0x6e, 0x6, 0xe0, 0x0,
    0x6e, 0x6, 0xe0, 0x0, 0x6e, 0x6, 0xe0, 0x0,
    0x6e, 0x6, 0xe0, 0x0, 0x6e, 0x6, 0xe0, 0x0,
    0x6e, 0x6, 0xe0, 0x0, 0x6e, 0x6, 0xe0, 0x0,
    0x37, 0x3, 0x70, 0x0,

    /* U+2560 "╠" */
    0x0, 0x0, 0x0, 0x0, 0x6e, 0x6, 0xe0, 0x0,
    0x6e, 0x6, 0xe0, 0x0, 0x6e, 0x6, 0xe0, 0x0,
    0x6e, 0x6, 0xe0, 0x0, 0x6e, 0x6, 0xe0, 0x0,
    0x6e, 0x6, 0xe0, 0x0, 0x6e, 0x6, 0xe0, 0x0,
    0x6e, 0x6, 0xe2, 0x20, 0x6e, 0x6, 0xff, 0xf5,
    0x6e, 0x2, 0x77, 0x72, 0x6e, 0x0, 0x0, 0x0,
    0x6e, 0x4, 0xbb, 0xb4, 0x6e, 0x6, 0xfd, 0xd4,
    0x6e, 0x6, 0xe0, 0x0, 0x6e, 0x6, 0xe0, 0x0,
    0x6e, 0x6, 0xe0, 0x0, 0x6e, 0x6, 0xe0, 0x0,
    0x6e, 0x6, 0xe0, 0x0, 0x6e, 0x6, 0xe0, 0x0,
    0x6e, 0x6, 0xe0, 0x0, 0x6e, 0x6, 0xe0, 0x0,
    0x37, 0x3, 0x70, 0x0,

    /* U+2561 "╡" */
    0x0, 0x0, 0x0, 0x0, 0x2, 0xf2, 0x0, 0x2,
    0xf2, 0x0, 0x2, 0xf2, 0x0, 0x2, 0xf2, 0x0,
    0x2, 0xf2, 0x0, 0x2, 0xf2, 0x0, 0x2, 0xf2,
    0x22, 0x24, 0xf2, 0xff, 0xff, 0xf2, 0x77, 0x78,
    0xf2, 0x0, 0x2, 0xf2, 0xbb, 0xbc, 0xf2, 0xdd,
    0xde, 0xf2, 0x0, 0x2, 0xf2, 0x0, 0x2, 0xf2,
    0x0, 0x2, 0xf2, 0x0, 0x2, 0xf2, 0x0, 0x2,
    0xf2, 0x0, 0x2, 0xf2, 0x0, 0x2, 0xf2, 0x0,
    0x2, 0xf2, 0x0, 0x1, 0x81,

    /* U+2562 "╢" */
    0x0, 0x0, 0x0, 0x0, 0x6, 0xe0, 0x6e, 0x0,
    0x6e, 0x6, 0xe0, 0x6, 0xe0, 0x6e, 0x0, 0x6e,
    0x6, 0xe0, 0x6, 0xe0, 0x6e, 0x0, 0x6e, 0x6,
    0xe0, 0x6, 0xe0, 0x6e, 0x0, 0x6e, 0x6, 0xe0,
    0x6, 0xe0, 0x6e, 0x67, 0xae, 0x6, 0xed, 0xff,
    0xe0, 0x6e, 0x22, 0x8e, 0x6, 0xe0, 0x6, 0xe0,
    0x6e, 0x0, 0x6e, 0x6, 0xe0, 0x6, 0xe0, 0x6e,
    0x0, 0x6e, 0x6, 0xe0, 0x6, 0xe0, 0x6e, 0x0,
    0x6e, 0x6, 0xe0, 0x6, 0xe0, 0x6e, 0x0, 0x6e,
    0x6, 0xe0, 0x6, 0xe0, 0x6e, 0x0, 0x37, 0x3,
    0x70,

    /* U+2563 "╣" */
    0x0, 0x0, 0x0, 0x0, 0x6, 0xe0, 0x6e, 0x0,
    0x6e, 0x6, 0xe0, 0x6, 0xe0, 0x6e, 0x0, 0x6e,
    0x6, 0xe0, 0x6, 0xe0, 0x6e, 0x0, 0x6e, 0x6,
    0xe0, 0x6, 0xe0, 0x6e, 0x12, 0x8e, 0x6, 0xed,
    0xff, 0xe0, 0x6e, 0x67, 0x76, 0x6, 0xe0, 0x0,
    0x0, 0x6e, 0x9b, 0xbb, 0x6, 0xeb, 0xde, 0xe0,
    0x6e, 0x0, 0x6e, 0x6, 0xe0, 0x6, 0xe0, 0x6e,
    0x0, 0x6e, 0x6, 0xe0, 0x6, 0xe0, 0x6e, 0x0,
    0x6e, 0x6, 0xe0, 0x6, 0xe0, 0x6e, 0x0, 0x6e,
    0x6, 0xe0, 0x6, 0xe0, 0x6e, 0x0, 0x37, 0x3,
    0x70,

    /* U+2564 "╤" */
    0x88, 0x88, 0x88, 0x88, 0x8f, 0xff, 0xff, 0xff,
    0xff, 0x0, 0x0, 0x0, 0x0, 0x0, 0x0, 0x0,
    0x0, 0x0, 0xff, 0xff, 0xff, 0xff, 0xfa, 0xaa,
    0xbf, 0xba, 0xaa, 0x0, 0x2, 0xf2, 0x0, 0x0,
    0x0, 0x2f, 0x20, 0x0, 0x0, 0x2, 0xf2, 0x0,
    0x0, 0x0, 0x2f, 0x20, 0x0, 0x0, 0x2, 0xf2,
    0x0, 0x0, 0x0, 0x2f, 0x20, 0x0, 0x0, 0x2,
    0xf2, 0x0, 0x0, 0x0, 0x2f, 0x20, 0x0, 0x0,
    0x0, 0x40, 0x0, 0x0,

    /* U+2565 "╥" */
    0xaa, 0xaa, 0xaa, 0xaa, 0xaf, 0xff, 0xff, 0xff,
    0xff, 0x0, 0x9b, 0xc, 0x80, 0x0, 0x9, 0xb0,
    0xc8, 0x0, 0x0, 0x9b, 0xc, 0x80, 0x0, 0x9,
    0xb0, 0xc8, 0x0, 0x0, 0x9b, 0xc, 0x80, 0x0,
    0x9, 0xb0, 0xc8, 0x0, 0x0, 0x9b, 0xc, 0x80,
    0x0, 0x9, 0xb0, 0xc8, 0x0, 0x0, 0x9b, 0xc,
    0x80, 0x0, 0x9, 0xb0, 0xc8, 0x0, 0x0, 0x23,
    0x3, 0x20, 0x0,

    /* U+2566 "╦" */
    0x88, 0x88, 0x88, 0x88, 0x8f, 0xff, 0xff, 0xff,
    0xff, 0x0, 0x0, 0x0, 0x0, 0x0, 0x0, 0x0,
    0x0, 0x0, 0xff, 0xfb, 0xb, 0xff, 0xfa, 0xad,
    0xb0, 0xcd, 0xaa, 0x0, 0x9b, 0xc, 0x80, 0x0,
    0x9, 0xb0, 0xc8, 0x0, 0x0, 0x9b, 0xc, 0x80,
    0x0, 0x9, 0xb0, 0xc8, 0x0, 0x0, 0x9b, 0xc,
    0x80, 0x0, 0x9, 0xb0, 0xc8, 0x0, 0x0, 0x9b,
    0xc, 0x80, 0x0, 0x9, 0xb0, 0xc8, 0x0, 0x0,
    0x23, 0x3, 0x20, 0x0,

    /* U+2567 "╧" */
    0x0, 0x1, 0x71, 0x0, 0x0, 0x0, 0x2f, 0x20,
    0x0, 0x0, 0x2, 0xf2, 0x0, 0x0, 0x0, 0x2f,
    0x20, 0x0, 0x0, 0x2, 0xf2, 0x0, 0x0, 0x0,
    0x2f, 0x20, 0x0, 0x0, 0x2, 0xf2, 0x0, 0x0,
    0x0, 0x2f, 0x20, 0x0, 0x88, 0x8a, 0xf9, 0x88,
    0x8f, 0xff, 0xff, 0xff, 0xff, 0x0, 0x0, 0x0,
    0x0, 0x0, 0x0, 0x0, 0x0, 0x0, 0xff, 0xff,
    0xff, 0xff, 0xfa, 0xaa, 0xaa, 0xaa, 0xaa,

    /* U+2568 "╨" */
    0x0, 0x23, 0x3, 0x20, 0x0, 0x9, 0xb0, 0xc8,
    0x0, 0x0, 0x9b, 0xc, 0x80, 0x0, 0x9, 0xb0,
    0xc8, 0x0, 0x0, 0x9b, 0xc, 0x80, 0x0, 0x9,
    0xb0, 0xc8, 0x0, 0x0, 0x9b, 0xc, 0x80, 0x0,
    0x9, 0xb0, 0xc8, 0x0, 0x0, 0x9b, 0xc, 0x80,
    0x0, 0x9, 0xb0, 0xc8, 0x0, 0x0, 0x9b, 0xc,
    0x80, 0x0, 0x9, 0xb0, 0xc8, 0x0, 0xff, 0xff,
    0xff, 0xff, 0xfa, 0xaa, 0xaa, 0xaa, 0xaa,

    /* U+2569 "╩" */
    0x0, 0x45, 0x5, 0x40, 0x0, 0x9, 0xb0, 0xc8,
    0x0, 0x0, 0x9b, 0xc, 0x80, 0x0, 0x9, 0xb0,
    0xc8, 0x0, 0x0, 0x9b, 0xc, 0x80, 0x0, 0x9,
    0xb0, 0xc8, 0x0, 0x0, 0x9b, 0xc, 0x80, 0x0,
    0x9, 0xb0, 0xc8, 0x0, 0x88, 0xdb, 0xc, 0xc8,
    0x8f, 0xff, 0xb0, 0xcf, 0xff, 0x0, 0x0, 0x0,
    0x0, 0x0, 0x0, 0x0, 0x0, 0x0, 0xff, 0xff,
    0xff, 0xff, 0xfa, 0xaa, 0xaa, 0xaa, 0xaa,

    /* U+256A "╪" */
    0x0, 0x0, 0x0, 0x0, 0x0, 0x0, 0x2f, 0x20,
    0x0, 0x0, 0x2, 0xf2, 0x0, 0x0, 0x0, 0x2f,
    0x20, 0x0, 0x0, 0x2, 0xf2, 0x0, 0x0, 0x0,
    0x2f, 0x20, 0x0, 0x0, 0x2, 0xf2, 0x0, 0x0,
    0x0, 0x2f, 0x20, 0x0, 0x22, 0x24, 0xf4, 0x22,
    0x2f, 0xff, 0xff, 0xff, 0xff, 0x77, 0x78, 0xf8,
    0x77, 0x70, 0x0, 0x2f, 0x20, 0x0, 0xbb, 0xbc,
    0xfc, 0xbb, 0xbd, 0xdd, 0xef, 0xed, 0xdd, 0x0,
    0x2, 0xf2, 0x0, 0x0, 0x0, 0x2f, 0x20, 0x0,
    0x0, 0x2, 0xf2, 0x0, 0x0, 0x0, 0x2f, 0x20,
    0x0, 0x0, 0x2, 0xf2, 0x0, 0x0, 0x0, 0x2f,
    0x20, 0x0, 0x0, 0x2, 0xf2, 0x0, 0x0, 0x0,
    0x2f, 0x20, 0x0, 0x0, 0x1, 0x81, 0x0, 0x0,

    /* U+256B "╫" */
    0x0, 0x0, 0x0, 0x0, 0x0, 0x9, 0xb0, 0xc8,
    0x0, 0x0, 0x9b, 0xc, 0x80, 0x0, 0x9, 0xb0,
    0xc8, 0x0, 0x0, 0x9b, 0xc, 0x80, 0x0, 0x9,
    0xb0, 0xc8, 0x0, 0x0, 0x9b, 0xc, 0x80, 0x0,
    0x9, 0xb0, 0xc8, 0x0, 0x0, 0x9b, 0xc, 0x80,
    0x0, 0x9, 0xb0, 0xc8, 0x0, 0x77, 0xcd, 0x7d,
    0xc7, 0x7f, 0xff, 0xff, 0xff, 0xff, 0x22, 0xac,
    0x2c, 0xa2, 0x20, 0x9, 0xb0, 0xc8, 0x0, 0x0,
    0x9b, 0xc, 0x80, 0x0, 0x9, 0xb0, 0xc8, 0x0,
    0x0, 0x9b, 0xc, 0x80, 0x0, 0x9, 0xb0, 0xc8,
    0x0, 0x0, 0x9b, 0xc, 0x80, 0x0, 0x9, 0xb0,
    0xc8, 0x0, 0x0, 0x9b, 0xc, 0x80, 0x0, 0x9,
    0xb0, 0xc8, 0x0, 0x0, 0x56, 0x6, 0x40, 0x0,

    /* U+256C "╬" */
    0x0, 0x36, 0x3, 0x60, 0x0, 0x0, 0x6e, 0x6,
    0xe0, 0x0, 0x0, 0x6e, 0x6, 0xe0, 0x0, 0x0,
    0x6e, 0x6, 0xe0, 0x0, 0x0, 0x6e, 0x6, 0xe0,
    0x0, 0x0, 0x6e, 0x6, 0xe0, 0x0, 0x0, 0x6e,
    0x6, 0xe0, 0x0, 0x0, 0x6e, 0x6, 0xe0, 0x0,
    0x78, 0xbe, 0x6, 0xf8, 0x83, 0xdf, 0xfe, 0x6,
    0xff, 0xf5, 0x0, 0x0, 0x0, 0x0, 0x0, 0x0,
    0x0, 0x0, 0x0, 0x0, 0xcf, 0xfe, 0x6, 0xff,
    0xf5, 0x8a, 0xce, 0x6, 0xfa, 0xa3, 0x0, 0x6e,
    0x6, 0xe0, 0x0, 0x0, 0x6e, 0x6, 0xe0, 0x0,
    0x0, 0x6e, 0x6, 0xe0, 0x0, 0x0, 0x6e, 0x6,
    0xe0, 0x0, 0x0, 0x6e, 0x6, 0xe0, 0x0, 0x0,
    0x6e, 0x6, 0xe0, 0x0, 0x0, 0x6e, 0x6, 0xe0,
    0x0, 0x0, 0x6e, 0x6, 0xe0, 0x0, 0x0, 0x24,
    0x2, 0x40, 0x0,

    /* U+2580 "▀" */
    0x0, 0x0, 0x0, 0x0, 0xf, 0xff, 0xff, 0xff,
    0xff, 0xff, 0xff, 0xff, 0xff, 0xff, 0xff, 0xff,
    0xff, 0xff, 0xff, 0xff, 0xff, 0xff, 0xff, 0xff,
    0xff, 0xff, 0xff, 0xff, 0xff, 0xff, 0xff, 0xff,
    0xff, 0xff, 0xff, 0xff, 0xff, 0xff, 0xff, 0xff,
    0xff, 0xff, 0xff, 0xff, 0xff, 0xff, 0xff, 0xff,
    0xff, 0xfb, 0xbb, 0xbb, 0xbb, 0xbb,

    /* U+2584 "▄" */
    0xbb, 0xbb, 0xbb, 0xbb, 0xbf, 0xff, 0xff, 0xff,
    0xff, 0xff, 0xff, 0xff, 0xff, 0xff, 0xff, 0xff,
    0xff, 0xff, 0xff, 0xff, 0xff, 0xff, 0xff, 0xff,
    0xff, 0xff, 0xff, 0xff, 0xff, 0xff, 0xff, 0xff,
    0xff, 0xff, 0xff, 0xff, 0xff, 0xff, 0xff, 0xff,
    0xff, 0xff, 0xff, 0xff, 0xff, 0xff, 0xff, 0xff,
    0xff, 0xf1, 0x11, 0x11, 0x11, 0x11,

    /* U+2588 "█" */
    0x0, 0x0, 0x0, 0x0, 0xf, 0xff, 0xff, 0xff,
    0xff, 0xff, 0xff, 0xff, 0xff, 0xff, 0xff, 0xff,
    0xff, 0xff, 0xff, 0xff, 0xff, 0xff, 0xff, 0xff,
    0xff, 0xff, 0xff, 0xff, 0xff, 0xff, 0xff, 0xff,
    0xff, 0xff, 0xff, 0xff, 0xff, 0xff, 0xff, 0xff,
    0xff, 0xff, 0xff, 0xff, 0xff, 0xff, 0xff, 0xff,
    0xff, 0xff, 0xff, 0xff, 0xff, 0xff, 0xff, 0xff,
    0xff, 0xff, 0xff, 0xff, 0xff, 0xff, 0xff, 0xff,
    0xff, 0xff, 0xff, 0xff, 0xff, 0xff, 0xff, 0xff,
    0xff, 0xff, 0xff, 0xff, 0xff, 0xff, 0xff, 0xff,
    0xff, 0xff, 0xff, 0xff, 0xff, 0xff, 0xff, 0xff,
    0xff, 0xff, 0xff, 0xff, 0xff, 0xff, 0xff, 0xff,
    0xff, 0xff, 0xff, 0x88, 0x88, 0x88, 0x88, 0x80,

    /* U+258C "▌" */
    0x0, 0x0, 0xf, 0xff, 0xf7, 0xff, 0xff, 0x7f,
    0xff, 0xf7, 0xff, 0xff, 0x7f, 0xff, 0xf7, 0xff,
    0xff, 0x7f, 0xff, 0xf7, 0xff, 0xff, 0x7f, 0xff,
    0xf7, 0xff, 0xff, 0x7f, 0xff, 0xf7, 0xff, 0xff,
    0x7f, 0xff, 0xf7, 0xff, 0xff, 0x7f, 0xff, 0xf7,
    0xff, 0xff, 0x7f, 0xff, 0xf7, 0xff, 0xff, 0x7f,
    0xff, 0xf7, 0xff, 0xff, 0x7f, 0xff, 0xf7, 0x88,
    0x88, 0x40,

    /* U+2590 "▐" */
    0x0, 0x0, 0x7, 0xff, 0xff, 0x7f, 0xff, 0xf7,
    0xff, 0xff, 0x7f, 0xff, 0xf7, 0xff, 0xff, 0x7f,
    0xff, 0xf7, 0xff, 0xff, 0x7f, 0xff, 0xf7, 0xff,
    0xff, 0x7f, 0xff, 0xf7, 0xff, 0xff, 0x7f, 0xff,
    0xf7, 0xff, 0xff, 0x7f, 0xff, 0xf7, 0xff, 0xff,
    0x7f, 0xff, 0xf7, 0xff, 0xff, 0x7f, 0xff, 0xf7,
    0xff, 0xff, 0x7f, 0xff, 0xf7, 0xff, 0xff, 0x48,
    0x88, 0x80,

    /* U+2591 "░" */
    0x0, 0x0, 0x0, 0x0, 0xe6, 0xe, 0x60, 0xe6,
    0x41, 0x4, 0x10, 0x41, 0x0, 0x0, 0x0, 0x0,
    0xe6, 0xe, 0x60, 0xe6, 0x41, 0x4, 0x10, 0x41,
    0x0, 0x0, 0x0, 0x0, 0xe6, 0xe, 0x60, 0xe6,
    0x41, 0x4, 0x10, 0x41, 0x0, 0x0, 0x0, 0x0,
    0xd5, 0xd, 0x50, 0xd5, 0x62, 0x6, 0x20, 0x62,
    0x0, 0x0, 0x0, 0x0, 0xc5, 0xc, 0x50, 0xc5,
    0x72, 0x7, 0x20, 0x72, 0x0, 0x0, 0x0, 0x0,
    0xb4, 0xb, 0x40, 0xb4, 0x83, 0x8, 0x30, 0x83,
    0x0, 0x0, 0x0, 0x0, 0x83, 0x8, 0x30, 0x83,
    0xb4, 0xb, 0x40, 0xb4,

    /* U+2592 "▒" */
    0x20, 0x2, 0x0, 0x20, 0x0, 0xe6, 0xe, 0x60,
    0xe6, 0x0, 0x34, 0x83, 0x48, 0x34, 0x80, 0x14,
    0xb1, 0x4b, 0x14, 0xb0, 0xe6, 0xe, 0x60, 0xe6,
    0x0, 0x34, 0x73, 0x47, 0x33, 0x70, 0x25, 0xc2,
    0x5c, 0x25, 0xc0, 0xe6, 0xe, 0x60, 0xe6, 0x0,
    0x34, 0x83, 0x48, 0x34, 0x80, 0x4, 0xb0, 0x4b,
    0x4, 0xb0, 0xd5, 0xd, 0x50, 0xd5, 0x0, 0x63,
    0x56, 0x45, 0x63, 0x50, 0x6, 0xe0, 0x6e, 0x5,
    0xe0, 0xc5, 0xc, 0x50, 0xc5, 0x0, 0x74, 0x47,
    0x44, 0x73, 0x40, 0x6, 0xe0, 0x6e, 0x6, 0xe0,
    0xb4, 0xb, 0x40, 0xb4, 0x0, 0x74, 0x47, 0x44,
    0x74, 0x40, 0x6, 0xe0, 0x6e, 0x6, 0xe0, 0xa4,
    0xa, 0x40, 0xa4, 0x0, 0xa4, 0xa, 0x40, 0xa4,
    0x0, 0x6, 0xe0, 0x6e, 0x6, 0xe0, 0x1, 0x30,
    0x14, 0x1, 0x40,

    /* U+2593 "▓" */
    0x0, 0x0, 0x0, 0x0, 0xf, 0xcf, 0xfc, 0xff,
    0xcf, 0xd0, 0xdd, 0xd, 0xd0, 0xdf, 0xff, 0xff,
    0xff, 0xff, 0xfa, 0xff, 0xaf, 0xfa, 0xfd, 0xd,
    0xd0, 0xdd, 0xd, 0xff, 0xff, 0xff, 0xff, 0xff,
    0x9f, 0xf9, 0xff, 0x9f, 0xd0, 0xdd, 0xd, 0xd0,
    0xdf, 0xff, 0xff, 0xff, 0xff, 0xfd, 0xff, 0xdf,
    0xfd, 0xfd, 0xd, 0xd0, 0xdd, 0xd, 0xfc, 0xff,
    0xcf, 0xfc, 0xff, 0xff, 0xff, 0xff, 0xff, 0xd0,
    0xdd, 0xd, 0xd0, 0xdf, 0xbf, 0xfb, 0xff, 0xbf,
    0xff, 0xff, 0xff, 0xff, 0xfd, 0xd, 0xd0, 0xdd,
    0xd, 0xfa, 0xff, 0xaf, 0xfa, 0xff, 0xff, 0xff,
    0xff, 0xff, 0xd0, 0xdd, 0xd, 0xd0, 0xdf, 0xcf,
    0xfc, 0xff, 0xcf, 0x11, 0x11, 0x11, 0x11, 0x10,

    /* U+25A0 "■" */
    0xcd, 0xdd, 0xdd, 0xce, 0xff, 0xff, 0xfd, 0xef,
    0xff, 0xff, 0xde, 0xff, 0xff, 0xfd, 0xef, 0xff,
    0xff, 0xde, 0xff, 0xff, 0xfd, 0xef, 0xff, 0xff,
    0xde, 0xff, 0xff, 0xfd, 0x0, 0x0, 0x0, 0x0,

    /* U+25A1 "□" */
    0xef, 0xff, 0xff, 0xee, 0x85, 0x55, 0x8e, 0xe4,
    0x0, 0x4, 0xee, 0x40, 0x0, 0x4e, 0xe4, 0x0,
    0x4, 0xee, 0x40, 0x0, 0x4e, 0xe7, 0x33, 0x37,
    0xee, 0xff, 0xff, 0xfe, 0x11, 0x11, 0x11, 0x10,

    /* U+25AA "▪" */
    0x12, 0x22, 0xc, 0xff, 0xf5, 0xcf, 0xff, 0x5c,
    0xff, 0xf5, 0xcf, 0xff, 0x5a, 0xdd, 0xd4,

    /* U+25AB "▫" */
    0x33, 0x33, 0xd, 0xff, 0xf3, 0xd4, 0xe, 0x3d,
    0x40, 0xe3, 0xd8, 0x5f, 0x3b, 0xdd, 0xd2,

    /* U+25AC "▬" */
    0x47, 0x77, 0x77, 0x77, 0x19, 0xff, 0xff, 0xff,
    0xf2, 0x9f, 0xff, 0xff, 0xff, 0x29, 0xff, 0xff,
    0xff, 0xf2, 0x9f, 0xff, 0xff, 0xff, 0x29, 0xff,
    0xff, 0xff, 0xf2,

    /* U+25B2 "▲" */
    0x0, 0x0, 0x10, 0x0, 0x0, 0x0, 0xd, 0x0,
    0x0, 0x0, 0x7, 0xf7, 0x0, 0x0, 0x1, 0xff,
    0xf1, 0x0, 0x0, 0x8f, 0xff, 0x80, 0x0, 0x1f,
    0xff, 0xff, 0x10, 0xa, 0xff, 0xff, 0xf9, 0x0,
    0x55, 0x55, 0x55, 0x50,

    /* U+25B3 "△" */
    0x0, 0x0, 0x50, 0x0, 0x0, 0x0, 0x1f, 0x10,
    0x0, 0x0, 0x8, 0xf8, 0x0, 0x0, 0x0, 0xec,
    0xe0, 0x0, 0x0, 0x5f, 0x1f, 0x50, 0x0, 0xc,
    0x90, 0x9c, 0x0, 0x2, 0xf2, 0x2, 0xf2, 0x0,
    0x9b, 0x0, 0xb, 0x90, 0xf, 0x50, 0x0, 0x5f,
    0x6, 0xff, 0xff, 0xff, 0xf6, 0x35, 0x55, 0x55,
    0x55, 0x30,

    /* U+25B4 "▴" */
    0x0, 0x60, 0x0, 0x4f, 0x30, 0xc, 0xfc, 0x5,
    0xff, 0xf5, 0x8a, 0xaa, 0x70,

    /* U+25B6 "▶" */
    0x51, 0x0, 0x0, 0x8, 0xf7, 0x0, 0x0, 0x8f,
    0xfd, 0x30, 0x8, 0xff, 0xff, 0x90, 0x8f, 0xff,
    0xfd, 0x38, 0xff, 0xf7, 0x0, 0x8f, 0xb2, 0x0,
    0x7, 0x50, 0x0, 0x0, 0x0, 0x0, 0x0, 0x0,

    /* U+25B8 "▸" */
    0x30, 0x0, 0xe, 0x91, 0x0, 0xef, 0xe5, 0xe,
    0xff, 0xa0, 0xed, 0x40, 0x7, 0x0, 0x0,

    /* U+25BA "►" */
    0x55, 0x0, 0x0, 0x0, 0x7, 0xfd, 0x50, 0x0,
    0x0, 0x7f, 0xff, 0xd5, 0x0, 0x7, 0xff, 0xff,
    0xfd, 0x50, 0x7f, 0xff, 0xff, 0xfa, 0x17, 0xff,
    0xff, 0xa2, 0x0, 0x7f, 0xf9, 0x20, 0x0, 0x7,
    0x92, 0x0, 0x0, 0x0, 0x0, 0x0, 0x0, 0x0,
    0x0,

    /* U+25BC "▼" */
    0x1, 0x11, 0x11, 0x11, 0x0, 0xcf, 0xff, 0xff,
    0xc0, 0x3, 0xff, 0xff, 0xf3, 0x0, 0xb, 0xff,
    0xfb, 0x0, 0x0, 0x2f, 0xff, 0x20, 0x0, 0x0,
    0xaf, 0xa0, 0x0, 0x0, 0x2, 0xf2, 0x0, 0x0,
    0x0, 0x3, 0x0, 0x0,

    /* U+25BD "▽" */
    0x12, 0x22, 0x22, 0x22, 0x17, 0xff, 0xff, 0xff,
    0xf7, 0x1f, 0x62, 0x22, 0x6f, 0x10, 0xaa, 0x0,
    0xa, 0xa0, 0x4, 0xf1, 0x1, 0xf3, 0x0, 0xd,
    0x70, 0x7d, 0x0, 0x0, 0x6e, 0xe, 0x60, 0x0,
    0x0, 0xfa, 0xf0, 0x0, 0x0, 0x9, 0xf9, 0x0,
    0x0, 0x0, 0x2f, 0x20, 0x0, 0x0, 0x0, 0x80,
    0x0, 0x0, 0x0, 0x0, 0x0, 0x0,

    /* U+25BE "▾" */
    0x55, 0x55, 0x57, 0xff, 0xf7, 0xe, 0xfe, 0x0,
    0x6f, 0x60, 0x0, 0xb0, 0x0, 0x0, 0x0,

    /* U+25C0 "◀" */
    0x0, 0x0, 0x2, 0x50, 0x0, 0x7, 0xf8, 0x0,
    0x3c, 0xff, 0x80, 0x9f, 0xff, 0xf8, 0x3d, 0xff,
    0xff, 0x80, 0x7, 0xff, 0xf8, 0x0, 0x2, 0xbf,
    0x80, 0x0, 0x0, 0x57, 0x0, 0x0, 0x0, 0x0,

    /* U+25C2 "◂" */
    0x0, 0x0, 0x30, 0x1, 0x9e, 0x5, 0xef, 0xe0,
    0xaf, 0xfe, 0x0, 0x4d, 0xe0, 0x0, 0x7,

    /* U+25C4 "◄" */
    0x0, 0x0, 0x0, 0x5, 0x50, 0x0, 0x0, 0x5d,
    0xf7, 0x0, 0x5, 0xdf, 0xff, 0x70, 0x5d, 0xff,
    0xff, 0xf7, 0x1a, 0xff, 0xff, 0xff, 0x70, 0x2,
    0xaf, 0xff, 0xf7, 0x0, 0x0, 0x29, 0xff, 0x70,
    0x0, 0x0, 0x2, 0x97, 0x0, 0x0, 0x0, 0x0,
    0x0,

    /* U+25C6 "◆" */
    0x0, 0x0, 0x60, 0x0, 0x0, 0x0, 0x9f, 0x90,
    0x0, 0x0, 0x8f, 0xff, 0x80, 0x0, 0x7f, 0xff,
    0xff, 0x70, 0x6f, 0xff, 0xff, 0xff, 0x6a, 0xff,
    0xff, 0xff, 0xfa, 0xb, 0xff, 0xff, 0xfb, 0x0,
    0xc, 0xff, 0xfc, 0x0, 0x0, 0xd, 0xfd, 0x0,
    0x0, 0x0, 0x1b, 0x10, 0x0,

    /* U+25C7 "◇" */
    0x0, 0x0, 0x60, 0x0, 0x0, 0x0, 0x9f, 0x90,
    0x0, 0x0, 0x8f, 0x7f, 0x80, 0x0, 0x7f, 0x40,
    0x4f, 0x70, 0x6f, 0x50, 0x0, 0x5f, 0x6a, 0xf2,
    0x0, 0x2, 0xfa, 0xb, 0xe1, 0x1, 0xeb, 0x0,
    0xc, 0xd2, 0xdc, 0x0, 0x0, 0xd, 0xfd, 0x0,
    0x0, 0x0, 0x1b, 0x10, 0x0,

    /* U+25CA "◊" */
    0x0, 0x0, 0x0, 0x0, 0x0, 0x0, 0x9f, 0x90,
    0x0, 0x0, 0x2f, 0xcf, 0x20, 0x0, 0xa, 0xe1,
    0xea, 0x0, 0x2, 0xf6, 0x7, 0xf2, 0x0, 0xae,
    0x0, 0xe, 0xa0, 0x2f, 0x70, 0x0, 0x7f, 0x20,
    0xea, 0x0, 0xa, 0xe0, 0x6, 0xf2, 0x2, 0xf6,
    0x0, 0xe, 0xa0, 0xae, 0x0, 0x0, 0x6f, 0x5f,
    0x60, 0x0, 0x0, 0xef, 0xe0, 0x0, 0x0, 0x4,
    0x94, 0x0, 0x0,

    /* U+25CB "○" */
    0x0, 0x2, 0x41, 0x0, 0x0, 0x2d, 0xff, 0xf9,
    0x0, 0xe, 0xb2, 0x4, 0xe9, 0x7, 0xd0, 0x0,
    0x3, 0xf2, 0xa8, 0x0, 0x0, 0xd, 0x5a, 0x80,
    0x0, 0x0, 0xd5, 0x7d, 0x0, 0x0, 0x2f, 0x21,
    0xe9, 0x0, 0x2d, 0xa0, 0x3, 0xef, 0xef, 0xb1,
    0x0, 0x0, 0x46, 0x30, 0x0,

    /* U+25CC "◌" */
    0x0, 0x52, 0xe2, 0x40, 0x0, 0x1f, 0x36, 0x3f,
    0x0, 0x27, 0x0, 0x0, 0x7, 0x13, 0xb0, 0x0,
    0x0, 0xb3, 0x54, 0x0, 0x0, 0x4, 0x48, 0x70,
    0x0, 0x0, 0x78, 0x27, 0x0, 0x0, 0x7, 0x13,
    0xc0, 0x0, 0x0, 0xc3, 0x0, 0xb1, 0x12, 0xa0,
    0x0, 0x9, 0x4f, 0x39, 0x0, 0x0, 0x0, 0x30,
    0x0, 0x0,

    /* U+25CF "●" */
    0x0, 0x0, 0x10, 0x0, 0x0, 0x9, 0xff, 0xe6,
    0x0, 0xb, 0xff, 0xff, 0xf8, 0x5, 0xff, 0xff,
    0xff, 0xf2, 0x9f, 0xff, 0xff, 0xff, 0x6b, 0xff,
    0xff, 0xff, 0xf7, 0x8f, 0xff, 0xff, 0xff, 0x53,
    0xff, 0xff, 0xff, 0xe0, 0x8, 0xff, 0xff, 0xf4,
    0x0, 0x4, 0xac, 0x92, 0x0,

    /* U+25D8 "◘" */
    0x77, 0x77, 0x77, 0x77, 0x7f, 0xff, 0xff, 0xff,
    0xff, 0xff, 0xff, 0xff, 0xff, 0xff, 0xff, 0xff,
    0xff, 0xff, 0xff, 0xff, 0xff, 0xff, 0xff, 0xff,
    0xff, 0xff, 0xff, 0xff, 0xff, 0xff, 0xff, 0xff,
    0xf9, 0x31, 0x39, 0xff, 0xf9, 0x0, 0x0, 0x9,
    0xff, 0x30, 0x0, 0x0, 0x3f, 0xf1, 0x0, 0x0,
    0x1, 0xff, 0x20, 0x0, 0x0, 0x2f, 0xf6, 0x0,
    0x0, 0x6, 0xff, 0xe2, 0x0, 0x2, 0xef, 0xff,
    0xfb, 0x9b, 0xff, 0xff, 0xff, 0xff, 0xff, 0xff,
    0xff, 0xff, 0xff, 0xff, 0xff, 0xff, 0xff, 0xff,
    0xff, 0xff, 0xff, 0xff, 0xff, 0xff, 0xff, 0xff,
    0xff, 0xff, 0xff, 0xff, 0xff, 0xff, 0xff, 0xff,
    0xff, 0xff, 0xff, 0x11, 0x11, 0x11, 0x11, 0x10,

    /* U+25D9 "◙" */
    0x0, 0x0, 0x0, 0x0, 0xf, 0xff, 0xff, 0xff,
    0xff, 0xff, 0xff, 0xff, 0xff, 0xff, 0xff, 0xff,
    0xff, 0xff, 0xff, 0xff, 0xff, 0xff, 0xff, 0xff,
    0xff, 0xff, 0xff, 0xff, 0xff, 0xff, 0xff, 0xff,
    0xe5, 0x10, 0x15, 0xef, 0xf3, 0x3c, 0xec, 0x33,
    0xfc, 0xe, 0xff, 0xfd, 0xc, 0xa1, 0xff, 0xff,
    0xf1, 0xaa, 0x1f, 0xff, 0xff, 0x1a, 0xc0, 0xdf,
    0xff, 0xd0, 0xdf, 0x32, 0xac, 0xa2, 0x4f, 0xfe,
    0x61, 0x1, 0x6e, 0xff, 0xff, 0xff, 0xff, 0xff,
    0xff, 0xff, 0xff, 0xff, 0xff, 0xff, 0xff, 0xff,
    0xff, 0xff, 0xff, 0xff, 0xff, 0xff, 0xff, 0xff,
    0xff, 0xff, 0xff, 0xff, 0xff, 0xff, 0xff, 0xff,
    0xff, 0xff, 0xff, 0x22, 0x22, 0x22, 0x22, 0x20,

    /* U+25EF "◯" */
    0x0, 0x0, 0x46, 0x30, 0x0, 0x0, 0x0, 0xaf,
    0xff, 0xa0, 0x0, 0x0, 0xae, 0x30, 0x3e, 0x90,
    0x0, 0x2f, 0x20, 0x0, 0x3f, 0x20, 0x9, 0xb0,
    0x0, 0x0, 0xb9, 0x0, 0xc6, 0x0, 0x0, 0x6,
    0xc0, 0xe, 0x40, 0x0, 0x0, 0x4e, 0x0, 0xf3,
    0x0, 0x0, 0x3, 0xf0, 0xd, 0x50, 0x0, 0x0,
    0x5d, 0x0, 0xb8, 0x0, 0x0, 0x8, 0xb0, 0x5,
    0xe0, 0x0, 0x0, 0xe5, 0x0, 0xe, 0x90, 0x0,
    0x9e, 0x0, 0x0, 0x3f, 0xb7, 0xce, 0x30, 0x0,
    0x0, 0x3b, 0xdb, 0x20, 0x0,

    /* U+2605 "★" */
    0x0, 0x0, 0x20, 0x0, 0x0, 0x0, 0xd, 0x0,
    0x0, 0x0, 0x6, 0xf6, 0x0, 0x3, 0x79, 0xef,
    0xe9, 0x73, 0x1c, 0xff, 0xff, 0xfc, 0x10, 0xc,
    0xff, 0xfc, 0x0, 0x0, 0x9f, 0xff, 0x90, 0x0,
    0xc, 0xe8, 0xec, 0x0, 0x0, 0xa1, 0x1, 0xa0,
    0x0, 0x0, 0x0, 0x0, 0x0,

    /* U+2606 "☆" */
    0x0, 0x0, 0x20, 0x0, 0x0, 0x0, 0xd, 0x0,
    0x0, 0x0, 0x6, 0xe6, 0x0, 0x3, 0x79, 0xd3,
    0xd9, 0x73, 0x1c, 0x92, 0x2, 0x9c, 0x10, 0xc,
    0x30, 0x3c, 0x0, 0x0, 0x94, 0x74, 0x90, 0x0,
    0xc, 0xd8, 0xdc, 0x0, 0x0, 0xa1, 0x1, 0xa0,
    0x0, 0x0, 0x0, 0x0, 0x0,

    /* U+2611 "☑" */
    0x0, 0x0, 0x0, 0x2, 0x1, 0x55, 0x55, 0x56,
    0xf8, 0x5f, 0xff, 0xff, 0xff, 0xe5, 0xd0, 0x0,
    0x1f, 0xde, 0x5d, 0x0, 0x8, 0xf6, 0xe5, 0xd2,
    0x91, 0xf8, 0x4e, 0x5d, 0x6f, 0xde, 0x4, 0xe5,
    0xd0, 0x9f, 0x70, 0x4e, 0x5d, 0x0, 0xa0, 0x4,
    0xe5, 0xe5, 0x55, 0x55, 0x8e, 0x5f, 0xff, 0xff,
    0xff, 0xe0,

    /* U+2612 "☒" */
    0x15, 0x55, 0x55, 0x55, 0x55, 0xff, 0xff, 0xff,
    0xfe, 0x5d, 0x5, 0x1, 0x64, 0xe5, 0xd1, 0xe4,
    0xb9, 0x4e, 0x5d, 0x5, 0xfe, 0x4, 0xe5, 0xd0,
    0x1f, 0xa0, 0x4e, 0x5d, 0x9, 0xbf, 0x34, 0xe5,
    0xd1, 0xe1, 0x6a, 0x4e, 0x5e, 0x56, 0x55, 0x68,
    0xe5, 0xff, 0xff, 0xff, 0xfe,

    /* U+2613 "☓" */
    0x0, 0x20, 0x0, 0x30, 0x0, 0xce, 0x0, 0x1e,
    0xe1, 0xb, 0xf9, 0x9, 0xfa, 0x0, 0x2f, 0xf6,
    0xfe, 0x10, 0x0, 0x7f, 0xff, 0x60, 0x0, 0x0,
    0xdf, 0xc0, 0x0, 0x0, 0x1f, 0xfe, 0x10, 0x0,
    0xa, 0xfe, 0xfa, 0x0, 0x4, 0xfe, 0x1e, 0xf4,
    0x0, 0xdf, 0x50, 0x5f, 0xd0, 0x5, 0xa0, 0x0,
    0xa5, 0x0, 0x0, 0x0, 0x0, 0x0,

    /* U+263A "☺" */
    0x0, 0x59, 0xc9, 0x40, 0x0, 0x8b, 0x31, 0x3b,
    0x80, 0x2c, 0x0, 0x0, 0xc, 0x18, 0x51, 0x20,
    0x21, 0x67, 0xa2, 0xcf, 0x1f, 0xc3, 0x9b, 0x7,
    0xa0, 0xa7, 0x1b, 0xc1, 0x10, 0x0, 0x11, 0xba,
    0x3c, 0x20, 0x2c, 0x39, 0x85, 0x5f, 0xef, 0x55,
    0x72, 0xb0, 0x25, 0x20, 0xc2, 0xa, 0x91, 0x1,
    0xa9, 0x0, 0x7, 0xcd, 0xc7, 0x0,

    /* U+263B "☻" */
    0x0, 0x0, 0x10, 0x0, 0x0, 0x9, 0xff, 0xf9,
    0x0, 0xb, 0xff, 0xff, 0xfa, 0x2, 0xfe, 0xcf,
    0xcd, 0xf2, 0x6f, 0x30, 0xe0, 0x3f, 0x58, 0xfd,
    0xbf, 0xbd, 0xf7, 0x9f, 0xcf, 0xff, 0xcf, 0x87,
    0xf2, 0xcf, 0xc2, 0xf6, 0x5f, 0x90, 0x0, 0x9f,
    0x41, 0xff, 0x84, 0x8f, 0xe0, 0x7, 0xff, 0xff,
    0xf6, 0x0, 0x5, 0xac, 0xa5, 0x0,

    /* U+263C "☼" */
    0x0, 0x0, 0xe0, 0x0, 0x0, 0x91, 0x4f, 0x41,
    0x90, 0x7, 0xfc, 0x8c, 0xf7, 0x0, 0x4b, 0x0,
    0xb, 0x40, 0x2a, 0x40, 0x0, 0x59, 0x2d, 0xf4,
    0x0, 0x5, 0xfd, 0x6, 0xa0, 0x0, 0xb6, 0x0,
    0x6f, 0xb7, 0xcf, 0x50, 0xa, 0x25, 0xf5, 0x2a,
    0x0, 0x0, 0xe, 0x0, 0x0,

    /* U+2640 "♀" */
    0x0, 0x2a, 0xc9, 0x20, 0x0, 0x2e, 0x95, 0x9e,
    0x20, 0xb, 0x70, 0x0, 0x8b, 0x0, 0xf1, 0x0,
    0x1, 0xf0, 0xf, 0x0, 0x0, 0x1f, 0x0, 0xc5,
    0x0, 0x5, 0xc0, 0x4, 0xe5, 0x15, 0xe4, 0x0,
    0x5, 0xdf, 0xd5, 0x0, 0x0, 0x1, 0xf0, 0x0,
    0x0, 0x1, 0x4f, 0x21, 0x0, 0x0, 0x8f, 0xfe,
    0x60, 0x0, 0x0, 0x1f, 0x0, 0x0, 0x0, 0x0,
    0x70, 0x0, 0x0,

    /* U+2642 "♂" */
    0x0, 0x0, 0x0, 0x58, 0xa0, 0x0, 0x0, 0x2,
    0xfd, 0x2, 0x9c, 0xa3, 0xca, 0x92, 0xe9, 0x58,
    0xfb, 0x1, 0xa8, 0x0, 0x7, 0xc0, 0xe, 0x20,
    0x0, 0x1f, 0x0, 0xe2, 0x0, 0x0, 0xf0, 0xa,
    0x80, 0x0, 0x6c, 0x0, 0x2e, 0x95, 0x8f, 0x30,
    0x0, 0x2a, 0xca, 0x20, 0x0,

    /* U+2660 "♠" */
    0x0, 0x0, 0x0, 0x0, 0x0, 0x0, 0x5, 0x0,
    0x0, 0x0, 0x0, 0xe0, 0x0, 0x0, 0x0, 0x6f,
    0x60, 0x0, 0x0, 0x1e, 0xfe, 0x10, 0x0, 0x9,
    0xff, 0xf9, 0x0, 0x4, 0xff, 0xff, 0xf4, 0x1,
    0xef, 0xff, 0xff, 0xe0, 0x8f, 0xff, 0xff, 0xff,
    0x8c, 0xff, 0xff, 0xff, 0xfc, 0xbf, 0xff, 0xff,
    0xff, 0xb4, 0xff, 0xef, 0xef, 0xf4, 0x2, 0x46,
    0xf6, 0x42, 0x0, 0x2, 0xef, 0xe2, 0x0, 0x9,
    0xff, 0xff, 0xf9, 0x0,

    /* U+2662 "♢" */
    0x0, 0x0, 0x0, 0x0, 0x0, 0x0, 0x8, 0x0,
    0x0, 0x0, 0x3, 0xf2, 0x0, 0x0, 0x0, 0xb6,
    0xa0, 0x0, 0x0, 0x3a, 0xa, 0x30, 0x0, 0xc,
    0x20, 0x2c, 0x0, 0x8, 0x60, 0x0, 0x68, 0x6,
    0xb0, 0x0, 0x0, 0xb6, 0x4c, 0x0, 0x0, 0xc,
    0x40, 0x78, 0x0, 0x8, 0x60, 0x0, 0xc3, 0x3,
    0xb0, 0x0, 0x2, 0xb0, 0xb2, 0x0, 0x0, 0x9,
    0x99, 0x0, 0x0, 0x0, 0x2f, 0x20, 0x0, 0x0,
    0x0, 0x60, 0x0, 0x0,

    /* U+2663 "♣" */
    0x0, 0x5, 0xa5, 0x0, 0x0, 0x5, 0xff, 0xf5,
    0x0, 0x0, 0xbf, 0xff, 0xa0, 0x0, 0xb, 0xff,
    0xfb, 0x0, 0x0, 0x9f, 0xff, 0x90, 0x0, 0x4,
    0xff, 0xf4, 0x0, 0x3e, 0xff, 0xff, 0xfe, 0x3a,
    0xff, 0xff, 0xff, 0xfa, 0xcf, 0xff, 0xff, 0xff,
    0xcb, 0xff, 0xff, 0xff, 0xfb, 0x5f, 0xff, 0xff,
    0xff, 0x50, 0x46, 0x7f, 0x76, 0x40, 0x0, 0x2d,
    0xfd, 0x20, 0x0, 0x9f, 0xff, 0xff, 0x90,

    /* U+2665 "♥" */
    0x1, 0x30, 0x0, 0x31, 0x3, 0xff, 0xb0, 0xbf,
    0xf3, 0xbf, 0xff, 0x9f, 0xff, 0xbc, 0xff, 0xff,
    0xff, 0xfc, 0xaf, 0xff, 0xff, 0xff, 0xa4, 0xff,
    0xff, 0xff, 0xf4, 0xb, 0xff, 0xff, 0xfb, 0x0,
    0x2f, 0xff, 0xff, 0x20, 0x0, 0x8f, 0xff, 0x80,
    0x0, 0x0, 0xef, 0xe0, 0x0, 0x0, 0x7, 0xf7,
    0x0, 0x0, 0x0, 0x1f, 0x10, 0x0, 0x0, 0x0,
    0x80, 0x0, 0x0, 0x0, 0x1, 0x0, 0x0,

    /* U+2666 "♦" */
    0x0, 0x0, 0x0, 0x0, 0x0, 0x0, 0x8, 0x0,
    0x0, 0x0, 0x3, 0xf2, 0x0, 0x0, 0x0, 0xbf,
    0xa0, 0x0, 0x0, 0x3f, 0xff, 0x30, 0x0, 0xd,
    0xff, 0xfd, 0x0, 0x8, 0xff, 0xff, 0xf8, 0x6,
    0xff, 0xff, 0xff, 0xf6, 0x4f, 0xff, 0xff, 0xff,
    0x40, 0x7f, 0xff, 0xff, 0x60, 0x0, 0xcf, 0xff,
    0xc0, 0x0, 0x2, 0xff, 0xf2, 0x0, 0x0, 0x9,
    0xf9, 0x0, 0x0, 0x0, 0x2f, 0x20, 0x0, 0x0,
    0x0, 0x60, 0x0, 0x0,

    /* U+266A "♪" */
    0x0, 0x0, 0x0, 0x0, 0x0, 0xc2, 0x0, 0x0,
    0xe, 0xb0, 0x0, 0x0, 0xef, 0x60, 0x0, 0xe,
    0xce, 0x0, 0x0, 0xe2, 0xc5, 0x0, 0xe, 0x26,
    0x90, 0x0, 0xe2, 0x3a, 0x0, 0xe, 0x24, 0x70,
    0x1, 0xe2, 0x82, 0xc, 0xff, 0x22, 0x1, 0xff,
    0xf1, 0x0, 0xc, 0xfb, 0x0, 0x0, 0x1, 0x0,
    0x0,

    /* U+266C "♬" */
    0x0, 0x0, 0x0, 0x5, 0xa2, 0x0, 0x0, 0x39,
    0xef, 0xf2, 0x0, 0xc, 0xfe, 0x71, 0xd2, 0x0,
    0xe, 0x60, 0x17, 0xf2, 0x0, 0xe, 0x7b, 0xfe,
    0xf2, 0x0, 0xe, 0xfc, 0x50, 0xd2, 0x0, 0xe,
    0x40, 0x0, 0xd2, 0x0, 0xe, 0x20, 0x0, 0xd2,
    0x0, 0xe, 0x20, 0x3, 0xe2, 0x0, 0xe, 0x20,
    0xdf, 0xf2, 0x1, 0x5f, 0x20, 0xff, 0xf1, 0xe,
    0xff, 0x20, 0x9e, 0x90, 0x1f, 0xff, 0x10, 0x0,
    0x0, 0x7, 0xc7, 0x0, 0x0, 0x0,

    /* U+266D "♭" */
    0x7, 0x0, 0x0, 0x2e, 0x0, 0x0, 0x2e, 0x0,
    0x0, 0x2e, 0x0, 0x0, 0x2e, 0x0, 0x0, 0x2e,
    0x16, 0x30, 0x2f, 0xef, 0xf1, 0x2f, 0x43, 0xf3,
    0x2e, 0x3, 0xf2, 0x2e, 0x6, 0xe0, 0x2e, 0xb,
    0x80, 0x2e, 0x4d, 0x0, 0x2f, 0xe3, 0x0, 0x2f,
    0x40, 0x0, 0x13, 0x0, 0x0,

    /* U+266F "♯" */
    0x0, 0x0, 0x0, 0x0, 0x4, 0xd, 0x30, 0x2,
    0xe0, 0xd3, 0x0, 0x2e, 0xd, 0x75, 0x2, 0xf8,
    0xff, 0x65, 0xdf, 0xdf, 0x30, 0x8b, 0xe0, 0xd3,
    0x0, 0x2e, 0xd, 0x30, 0x2, 0xe0, 0xd5, 0x30,
    0x2e, 0x5f, 0xf8, 0x3a, 0xff, 0xf5, 0x9, 0xef,
    0x1d, 0x30, 0x12, 0xe0, 0xd3, 0x0, 0x2e, 0xd,
    0x30, 0x2, 0xb0, 0x10, 0x0,

    /* U+26DD "⛝" */
    0xef, 0xff, 0xff, 0xff, 0xee, 0xf7, 0x55, 0x56,
    0xfe, 0xef, 0xc0, 0x0, 0xcf, 0xee, 0x6d, 0xb0,
    0xbd, 0x6e, 0xe4, 0x2e, 0xee, 0x24, 0xee, 0x40,
    0x9f, 0xa0, 0x4e, 0xe4, 0x7f, 0x7f, 0x84, 0xee,
    0xaf, 0x50, 0x5f, 0xbe, 0xef, 0x81, 0x11, 0x8f,
    0xee, 0xff, 0xff, 0xff, 0xfe, 0x22, 0x22, 0x22,
    0x22, 0x20,

    /* U+2714 "✔" */
    0x0, 0x0, 0x0, 0x2, 0x91, 0x0, 0x0, 0x0,
    0x9, 0xfc, 0x0, 0x0, 0x0, 0x1f, 0xf6, 0x0,
    0x0, 0x0, 0x8f, 0xe0, 0x0, 0x0, 0x0, 0xef,
    0x60, 0x0, 0x0, 0x6, 0xfd, 0x0, 0x0, 0x20,
    0xd, 0xf5, 0x0, 0x5, 0xf2, 0x5f, 0xd0, 0x0,
    0xc, 0xfd, 0xdf, 0x50, 0x0, 0x1, 0xef, 0xfd,
    0x0, 0x0, 0x0, 0x3f, 0xf5, 0x0, 0x0, 0x0,
    0x6, 0xd0, 0x0, 0x0, 0x0, 0x0, 0x10, 0x0,
    0x0,

    /* U+2736 "✶" */
    0x0, 0x0, 0x0, 0x0, 0x0, 0x0, 0x4, 0x0,
    0x0, 0x0, 0x0, 0xb0, 0x0, 0x2, 0x10, 0x1f,
    0x10, 0x12, 0xb, 0xc9, 0xf9, 0xcb, 0x0, 0xb,
    0xff, 0xfb, 0x0, 0x0, 0x7f, 0xff, 0x70, 0x0,
    0x7f, 0xdf, 0xdf, 0x70, 0x36, 0x12, 0xf2, 0x16,
    0x30, 0x0, 0xd, 0x0, 0x0, 0x0, 0x0, 0x60,
    0x0, 0x0, 0x0, 0x0, 0x0, 0x0
};


/*---------------------
 *  GLYPH DESCRIPTION
 *--------------------*/

static const lv_font_fmt_txt_glyph_dsc_t glyph_dsc[] = {
    {.bitmap_index = 0, .adv_w = 0, .box_w = 0, .box_h = 0, .ofs_x = 0, .ofs_y = 0} /* id = 0 reserved */,
    {.bitmap_index = 0, .adv_w = 144, .box_w = 0, .box_h = 0, .ofs_x = 0, .ofs_y = 0},
    {.bitmap_index = 0, .adv_w = 144, .box_w = 3, .box_h = 13, .ofs_x = 3, .ofs_y = 0},
    {.bitmap_index = 20, .adv_w = 144, .box_w = 7, .box_h = 5, .ofs_x = 1, .ofs_y = 8},
    {.bitmap_index = 38, .adv_w = 144, .box_w = 9, .box_h = 13, .ofs_x = 0, .ofs_y = 0},
    {.bitmap_index = 97, .adv_w = 144, .box_w = 9, .box_h = 17, .ofs_x = 0, .ofs_y = -2},
    {.bitmap_index = 174, .adv_w = 144, .box_w = 11, .box_h = 13, .ofs_x = -1, .ofs_y = 0},
    {.bitmap_index = 246, .adv_w = 144, .box_w = 9, .box_h = 13, .ofs_x = 0, .ofs_y = 0},
    {.bitmap_index = 305, .adv_w = 144, .box_w = 3, .box_h = 5, .ofs_x = 3, .ofs_y = 8},
    {.bitmap_index = 313, .adv_w = 144, .box_w = 5, .box_h = 19, .ofs_x = 3, .ofs_y = -4},
    {.bitmap_index = 361, .adv_w = 144, .box_w = 5, .box_h = 19, .ofs_x = 1, .ofs_y = -4},
    {.bitmap_index = 409, .adv_w = 144, .box_w = 9, .box_h = 9, .ofs_x = 0, .ofs_y = 4},
    {.bitmap_index = 450, .adv_w = 144, .box_w = 9, .box_h = 8, .ofs_x = 0, .ofs_y = 2},
    {.bitmap_index = 486, .adv_w = 144, .box_w = 4, .box_h = 6, .ofs_x = 2, .ofs_y = -3},
    {.bitmap_index = 498, .adv_w = 144, .box_w = 7, .box_h = 2, .ofs_x = 1, .ofs_y = 6},
    {.bitmap_index = 505, .adv_w = 144, .box_w = 3, .box_h = 3, .ofs_x = 3, .ofs_y = 0},
    {.bitmap_index = 510, .adv_w = 144, .box_w = 9, .box_h = 17, .ofs_x = 0, .ofs_y = -3},
    {.bitmap_index = 587, .adv_w = 144, .box_w = 7, .box_h = 13, .ofs_x = 1, .ofs_y = 0},
    {.bitmap_index = 633, .adv_w = 144, .box_w = 5, .box_h = 13, .ofs_x = 1, .ofs_y = 0},
    {.bitmap_index = 666, .adv_w = 144, .box_w = 8, .box_h = 13, .ofs_x = 0, .ofs_y = 0},
    {.bitmap_index = 718, .adv_w = 144, .box_w = 9, .box_h = 13, .ofs_x = 0, .ofs_y = 0},
    {.bitmap_index = 777, .adv_w = 144, .box_w = 9, .box_h = 13, .ofs_x = 0, .ofs_y = 0},
    {.bitmap_index = 836, .adv_w = 144, .box_w = 9, .box_h = 13, .ofs_x = 0, .ofs_y = 0},
    {.bitmap_index = 895, .adv_w = 144, .box_w = 9, .box_h = 13, .ofs_x = 0, .ofs_y = 0},
    {.bitmap_index = 954, .adv_w = 144, .box_w = 9, .box_h = 13, .ofs_x = 0, .ofs_y = 0},
    {.bitmap_index = 1013, .adv_w = 144, .box_w = 9, .box_h = 13, .ofs_x = 0, .ofs_y = 0},
    {.bitmap_index = 1072, .adv_w = 144, .box_w = 9, .box_h = 13, .ofs_x = 0, .ofs_y = 0},
    {.bitmap_index = 1131, .adv_w = 144, .box_w = 3, .box_h = 8, .ofs_x = 3, .ofs_y = 2},
    {.bitmap_index = 1143, .adv_w = 144, .box_w = 4, .box_h = 11, .ofs_x = 2, .ofs_y = -1},
    {.bitmap_index = 1165, .adv_w = 144, .box_w = 9, .box_h = 11, .ofs_x = 0, .ofs_y = 1},
    {.bitmap_index = 1215, .adv_w = 144, .box_w = 9, .box_h = 6, .ofs_x = 0, .ofs_y = 3},
    {.bitmap_index = 1242, .adv_w = 144, .box_w = 9, .box_h = 11, .ofs_x = 0, .ofs_y = 1},
    {.bitmap_index = 1292, .adv_w = 144, .box_w = 8, .box_h = 13, .ofs_x = 0, .ofs_y = 0},
    {.bitmap_index = 1344, .adv_w = 144, .box_w = 9, .box_h = 14, .ofs_x = 0, .ofs_y = -4},
    {.bitmap_index = 1407, .adv_w = 144, .box_w = 9, .box_h = 13, .ofs_x = 0, .ofs_y = 0},
    {.bitmap_index = 1466, .adv_w = 144, .box_w = 9, .box_h = 13, .ofs_x = 0, .ofs_y = 0},
    {.bitmap_index = 1525, .adv_w = 144, .box_w = 9, .box_h = 13, .ofs_x = 0, .ofs_y = 0},
    {.bitmap_index = 1584, .adv_w = 144, .box_w = 9, .box_h = 13, .ofs_x = 0, .ofs_y = 0},
    {.bitmap_index = 1643, .adv_w = 144, .box_w = 7, .box_h = 13, .ofs_x = 1, .ofs_y = 0},
    {.bitmap_index = 1689, .adv_w = 144, .box_w = 9, .box_h = 13, .ofs_x = 0, .ofs_y = 0},
    {.bitmap_index = 1748, .adv_w = 144, .box_w = 9, .box_h = 13, .ofs_x = 0, .ofs_y = 0},
    {.bitmap_index = 1807, .adv_w = 144, .box_w = 9, .box_h = 13, .ofs_x = 0, .ofs_y = 0},
    {.bitmap_index = 1866, .adv_w = 144, .box_w = 7, .box_h = 13, .ofs_x = 1, .ofs_y = 0},
    {.bitmap_index = 1912, .adv_w = 144, .box_w = 8, .box_h = 13, .ofs_x = 1, .ofs_y = 0},
    {.bitmap_index = 1964, .adv_w = 144, .box_w = 9, .box_h = 13, .ofs_x = 0, .ofs_y = 0},
    {.bitmap_index = 2023, .adv_w = 144, .box_w = 9, .box_h = 13, .ofs_x = 0, .ofs_y = 0},
    {.bitmap_index = 2082, .adv_w = 144, .box_w = 9, .box_h = 13, .ofs_x = 0, .ofs_y = 0},
    {.bitmap_index = 2141, .adv_w = 144, .box_w = 9, .box_h = 13, .ofs_x = 0, .ofs_y = 0},
    {.bitmap_index = 2200, .adv_w = 144, .box_w = 9, .box_h = 13, .ofs_x = 0, .ofs_y = 0},
    {.bitmap_index = 2259, .adv_w = 144, .box_w = 9, .box_h = 13, .ofs_x = 0, .ofs_y = 0},
    {.bitmap_index = 2318, .adv_w = 144, .box_w = 9, .box_h = 15, .ofs_x = 0, .ofs_y = -2},
    {.bitmap_index = 2386, .adv_w = 144, .box_w = 9, .box_h = 13, .ofs_x = 0, .ofs_y = 0},
    {.bitmap_index = 2445, .adv_w = 144, .box_w = 9, .box_h = 13, .ofs_x = 0, .ofs_y = 0},
    {.bitmap_index = 2504, .adv_w = 144, .box_w = 9, .box_h = 13, .ofs_x = 0, .ofs_y = 0},
    {.bitmap_index = 2563, .adv_w = 144, .box_w = 9, .box_h = 13, .ofs_x = 0, .ofs_y = 0},
    {.bitmap_index = 2622, .adv_w = 144, .box_w = 9, .box_h = 13, .ofs_x = 0, .ofs_y = 0},
    {.bitmap_index = 2681, .adv_w = 144, .box_w = 9, .box_h = 13, .ofs_x = 0, .ofs_y = 0},
    {.bitmap_index = 2740, .adv_w = 144, .box_w = 9, .box_h = 13, .ofs_x = 0, .ofs_y = 0},
    {.bitmap_index = 2799, .adv_w = 144, .box_w = 9, .box_h = 13, .ofs_x = 0, .ofs_y = 0},
    {.bitmap_index = 2858, .adv_w = 144, .box_w = 9, .box_h = 13, .ofs_x = 0, .ofs_y = 0},
    {.bitmap_index = 2917, .adv_w = 144, .box_w = 5, .box_h = 19, .ofs_x = 4, .ofs_y = -4},
    {.bitmap_index = 2965, .adv_w = 144, .box_w = 9, .box_h = 17, .ofs_x = 0, .ofs_y = -3},
    {.bitmap_index = 3042, .adv_w = 144, .box_w = 5, .box_h = 19, .ofs_x = 0, .ofs_y = -4},
    {.bitmap_index = 3090, .adv_w = 144, .box_w = 9, .box_h = 6, .ofs_x = 0, .ofs_y = 7},
    {.bitmap_index = 3117, .adv_w = 144, .box_w = 9, .box_h = 3, .ofs_x = 0, .ofs_y = -4},
    {.bitmap_index = 3131, .adv_w = 144, .box_w = 5, .box_h = 4, .ofs_x = 2, .ofs_y = 10},
    {.bitmap_index = 3141, .adv_w = 144, .box_w = 9, .box_h = 9, .ofs_x = 0, .ofs_y = 0},
    {.bitmap_index = 3182, .adv_w = 144, .box_w = 9, .box_h = 13, .ofs_x = 0, .ofs_y = 0},
    {.bitmap_index = 3241, .adv_w = 144, .box_w = 9, .box_h = 9, .ofs_x = 0, .ofs_y = 0},
    {.bitmap_index = 3282, .adv_w = 144, .box_w = 9, .box_h = 13, .ofs_x = 0, .ofs_y = 0},
    {.bitmap_index = 3341, .adv_w = 144, .box_w = 9, .box_h = 9, .ofs_x = 0, .ofs_y = 0},
    {.bitmap_index = 3382, .adv_w = 144, .box_w = 9, .box_h = 13, .ofs_x = 0, .ofs_y = 0},
    {.bitmap_index = 3441, .adv_w = 144, .box_w = 9, .box_h = 13, .ofs_x = 0, .ofs_y = -4},
    {.bitmap_index = 3500, .adv_w = 144, .box_w = 9, .box_h = 13, .ofs_x = 0, .ofs_y = 0},
    {.bitmap_index = 3559, .adv_w = 144, .box_w = 7, .box_h = 13, .ofs_x = 1, .ofs_y = 0},
    {.bitmap_index = 3605, .adv_w = 144, .box_w = 7, .box_h = 17, .ofs_x = 1, .ofs_y = -4},
    {.bitmap_index = 3665, .adv_w = 144, .box_w = 9, .box_h = 13, .ofs_x = 0, .ofs_y = 0},
    {.bitmap_index = 3724, .adv_w = 144, .box_w = 6, .box_h = 13, .ofs_x = 1, .ofs_y = 0},
    {.bitmap_index = 3763, .adv_w = 144, .box_w = 9, .box_h = 9, .ofs_x = 0, .ofs_y = 0},
    {.bitmap_index = 3804, .adv_w = 144, .box_w = 9, .box_h = 9, .ofs_x = 0, .ofs_y = 0},
    {.bitmap_index = 3845, .adv_w = 144, .box_w = 9, .box_h = 9, .ofs_x = 0, .ofs_y = 0},
    {.bitmap_index = 3886, .adv_w = 144, .box_w = 9, .box_h = 13, .ofs_x = 0, .ofs_y = -4},
    {.bitmap_index = 3945, .adv_w = 144, .box_w = 9, .box_h = 13, .ofs_x = 0, .ofs_y = -4},
    {.bitmap_index = 4004, .adv_w = 144, .box_w = 8, .box_h = 9, .ofs_x = 1, .ofs_y = 0},
    {.bitmap_index = 4040, .adv_w = 144, .box_w = 7, .box_h = 9, .ofs_x = 1, .ofs_y = 0},
    {.bitmap_index = 4072, .adv_w = 144, .box_w = 8, .box_h = 11, .ofs_x = 0, .ofs_y = 0},
    {.bitmap_index = 4116, .adv_w = 144, .box_w = 9, .box_h = 9, .ofs_x = 0, .ofs_y = 0},
    {.bitmap_index = 4157, .adv_w = 144, .box_w = 9, .box_h = 9, .ofs_x = 0, .ofs_y = 0},
    {.bitmap_index = 4198, .adv_w = 144, .box_w = 9, .box_h = 9, .ofs_x = 0, .ofs_y = 0},
    {.bitmap_index = 4239, .adv_w = 144, .box_w = 9, .box_h = 9, .ofs_x = 0, .ofs_y = 0},
    {.bitmap_index = 4280, .adv_w = 144, .box_w = 9, .box_h = 13, .ofs_x = 0, .ofs_y = -4},
    {.bitmap_index = 4339, .adv_w = 144, .box_w = 9, .box_h = 9, .ofs_x = 0, .ofs_y = 0},
    {.bitmap_index = 4380, .adv_w = 144, .box_w = 6, .box_h = 18, .ofs_x = 3, .ofs_y = -4},
    {.bitmap_index = 4434, .adv_w = 144, .box_w = 3, .box_h = 17, .ofs_x = 3, .ofs_y = -3},
    {.bitmap_index = 4460, .adv_w = 144, .box_w = 6, .box_h = 18, .ofs_x = 0, .ofs_y = -4},
    {.bitmap_index = 4514, .adv_w = 144, .box_w = 9, .box_h = 4, .ofs_x = 0, .ofs_y = 4},
    {.bitmap_index = 4532, .adv_w = 144, .box_w = 0, .box_h = 0, .ofs_x = 0, .ofs_y = 0},
    {.bitmap_index = 4532, .adv_w = 144, .box_w = 3, .box_h = 13, .ofs_x = 3, .ofs_y = -4},
    {.bitmap_index = 4552, .adv_w = 144, .box_w = 9, .box_h = 17, .ofs_x = 0, .ofs_y = -2},
    {.bitmap_index = 4629, .adv_w = 144, .box_w = 9, .box_h = 13, .ofs_x = 0, .ofs_y = 0},
    {.bitmap_index = 4688, .adv_w = 144, .box_w = 11, .box_h = 10, .ofs_x = -1, .ofs_y = 2},
    {.bitmap_index = 4743, .adv_w = 144, .box_w = 9, .box_h = 13, .ofs_x = 0, .ofs_y = 0},
    {.bitmap_index = 4802, .adv_w = 144, .box_w = 3, .box_h = 17, .ofs_x = 3, .ofs_y = -3},
    {.bitmap_index = 4828, .adv_w = 144, .box_w = 9, .box_h = 17, .ofs_x = 0, .ofs_y = -4},
    {.bitmap_index = 4905, .adv_w = 144, .box_w = 7, .box_h = 3, .ofs_x = 1, .ofs_y = 10},
    {.bitmap_index = 4916, .adv_w = 144, .box_w = 9, .box_h = 14, .ofs_x = 0, .ofs_y = -1},
    {.bitmap_index = 4979, .adv_w = 144, .box_w = 7, .box_h = 10, .ofs_x = 1, .ofs_y = 3},
    {.bitmap_index = 5014, .adv_w = 144, .box_w = 9, .box_h = 10, .ofs_x = 0, .ofs_y = -1},
    {.bitmap_index = 5059, .adv_w = 144, .box_w = 9, .box_h = 8, .ofs_x = 0, .ofs_y = 0},
    {.bitmap_index = 5095, .adv_w = 144, .box_w = 9, .box_h = 14, .ofs_x = 0, .ofs_y = -1},
    {.bitmap_index = 5158, .adv_w = 144, .box_w = 9, .box_h = 2, .ofs_x = 0, .ofs_y = 11},
    {.bitmap_index = 5167, .adv_w = 144, .box_w = 7, .box_h = 6, .ofs_x = 1, .ofs_y = 7},
    {.bitmap_index = 5188, .adv_w = 144, .box_w = 9, .box_h = 12, .ofs_x = 0, .ofs_y = -2},
    {.bitmap_index = 5242, .adv_w = 144, .box_w = 5, .box_h = 7, .ofs_x = 2, .ofs_y = 6},
    {.bitmap_index = 5260, .adv_w = 144, .box_w = 5, .box_h = 7, .ofs_x = 2, .ofs_y = 6},
    {.bitmap_index = 5278, .adv_w = 144, .box_w = 5, .box_h = 4, .ofs_x = 2, .ofs_y = 10},
    {.bitmap_index = 5288, .adv_w = 144, .box_w = 9, .box_h = 16, .ofs_x = 0, .ofs_y = -3},
    {.bitmap_index = 5360, .adv_w = 144, .box_w = 3, .box_h = 3, .ofs_x = 3, .ofs_y = 5},
    {.bitmap_index = 5365, .adv_w = 144, .box_w = 3, .box_h = 5, .ofs_x = 3, .ofs_y = -5},
    {.bitmap_index = 5373, .adv_w = 144, .box_w = 3, .box_h = 8, .ofs_x = 3, .ofs_y = 6},
    {.bitmap_index = 5385, .adv_w = 144, .box_w = 7, .box_h = 10, .ofs_x = 1, .ofs_y = 3},
    {.bitmap_index = 5420, .adv_w = 144, .box_w = 9, .box_h = 10, .ofs_x = 0, .ofs_y = -1},
    {.bitmap_index = 5465, .adv_w = 144, .box_w = 11, .box_h = 14, .ofs_x = -1, .ofs_y = 0},
    {.bitmap_index = 5542, .adv_w = 144, .box_w = 11, .box_h = 15, .ofs_x = -1, .ofs_y = -1},
    {.bitmap_index = 5625, .adv_w = 144, .box_w = 11, .box_h = 15, .ofs_x = -1, .ofs_y = 0},
    {.bitmap_index = 5708, .adv_w = 144, .box_w = 8, .box_h = 13, .ofs_x = 1, .ofs_y = -4},
    {.bitmap_index = 5760, .adv_w = 144, .box_w = 9, .box_h = 17, .ofs_x = 0, .ofs_y = 0},
    {.bitmap_index = 5837, .adv_w = 144, .box_w = 9, .box_h = 17, .ofs_x = 0, .ofs_y = 0},
    {.bitmap_index = 5914, .adv_w = 144, .box_w = 9, .box_h = 17, .ofs_x = 0, .ofs_y = 0},
    {.bitmap_index = 5991, .adv_w = 144, .box_w = 9, .box_h = 17, .ofs_x = 0, .ofs_y = 0},
    {.bitmap_index = 6068, .adv_w = 144, .box_w = 9, .box_h = 17, .ofs_x = 0, .ofs_y = 0},
    {.bitmap_index = 6145, .adv_w = 144, .box_w = 9, .box_h = 17, .ofs_x = 0, .ofs_y = 0},
    {.bitmap_index = 6222, .adv_w = 144, .box_w = 9, .box_h = 13, .ofs_x = 0, .ofs_y = 0},
    {.bitmap_index = 6281, .adv_w = 144, .box_w = 9, .box_h = 18, .ofs_x = 0, .ofs_y = -5},
    {.bitmap_index = 6362, .adv_w = 144, .box_w = 7, .box_h = 17, .ofs_x = 1, .ofs_y = 0},
    {.bitmap_index = 6422, .adv_w = 144, .box_w = 7, .box_h = 17, .ofs_x = 1, .ofs_y = 0},
    {.bitmap_index = 6482, .adv_w = 144, .box_w = 7, .box_h = 17, .ofs_x = 1, .ofs_y = 0},
    {.bitmap_index = 6542, .adv_w = 144, .box_w = 7, .box_h = 17, .ofs_x = 1, .ofs_y = 0},
    {.bitmap_index = 6602, .adv_w = 144, .box_w = 7, .box_h = 17, .ofs_x = 1, .ofs_y = 0},
    {.bitmap_index = 6662, .adv_w = 144, .box_w = 7, .box_h = 17, .ofs_x = 1, .ofs_y = 0},
    {.bitmap_index = 6722, .adv_w = 144, .box_w = 7, .box_h = 17, .ofs_x = 1, .ofs_y = 0},
    {.bitmap_index = 6782, .adv_w = 144, .box_w = 7, .box_h = 17, .ofs_x = 1, .ofs_y = 0},
    {.bitmap_index = 6842, .adv_w = 144, .box_w = 9, .box_h = 13, .ofs_x = 0, .ofs_y = 0},
    {.bitmap_index = 6901, .adv_w = 144, .box_w = 9, .box_h = 17, .ofs_x = 0, .ofs_y = 0},
    {.bitmap_index = 6978, .adv_w = 144, .box_w = 9, .box_h = 18, .ofs_x = 0, .ofs_y = 0},
    {.bitmap_index = 7059, .adv_w = 144, .box_w = 9, .box_h = 18, .ofs_x = 0, .ofs_y = 0},
    {.bitmap_index = 7140, .adv_w = 144, .box_w = 9, .box_h = 17, .ofs_x = 0, .ofs_y = 0},
    {.bitmap_index = 7217, .adv_w = 144, .box_w = 9, .box_h = 17, .ofs_x = 0, .ofs_y = 0},
    {.bitmap_index = 7294, .adv_w = 144, .box_w = 9, .box_h = 17, .ofs_x = 0, .ofs_y = 0},
    {.bitmap_index = 7371, .adv_w = 144, .box_w = 7, .box_h = 7, .ofs_x = 1, .ofs_y = 3},
    {.bitmap_index = 7396, .adv_w = 144, .box_w = 9, .box_h = 15, .ofs_x = 0, .ofs_y = -1},
    {.bitmap_index = 7464, .adv_w = 144, .box_w = 9, .box_h = 18, .ofs_x = 0, .ofs_y = 0},
    {.bitmap_index = 7545, .adv_w = 144, .box_w = 9, .box_h = 18, .ofs_x = 0, .ofs_y = 0},
    {.bitmap_index = 7626, .adv_w = 144, .box_w = 9, .box_h = 17, .ofs_x = 0, .ofs_y = 0},
    {.bitmap_index = 7703, .adv_w = 144, .box_w = 9, .box_h = 17, .ofs_x = 0, .ofs_y = 0},
    {.bitmap_index = 7780, .adv_w = 144, .box_w = 9, .box_h = 17, .ofs_x = 0, .ofs_y = 0},
    {.bitmap_index = 7857, .adv_w = 144, .box_w = 9, .box_h = 13, .ofs_x = 0, .ofs_y = 0},
    {.bitmap_index = 7916, .adv_w = 144, .box_w = 9, .box_h = 13, .ofs_x = 0, .ofs_y = 0},
    {.bitmap_index = 7975, .adv_w = 144, .box_w = 9, .box_h = 14, .ofs_x = 0, .ofs_y = 0},
    {.bitmap_index = 8038, .adv_w = 144, .box_w = 9, .box_h = 14, .ofs_x = 0, .ofs_y = 0},
    {.bitmap_index = 8101, .adv_w = 144, .box_w = 9, .box_h = 14, .ofs_x = 0, .ofs_y = 0},
    {.bitmap_index = 8164, .adv_w = 144, .box_w = 9, .box_h = 13, .ofs_x = 0, .ofs_y = 0},
    {.bitmap_index = 8223, .adv_w = 144, .box_w = 9, .box_h = 13, .ofs_x = 0, .ofs_y = 0},
    {.bitmap_index = 8282, .adv_w = 144, .box_w = 9, .box_h = 13, .ofs_x = 0, .ofs_y = 0},
    {.bitmap_index = 8341, .adv_w = 144, .box_w = 9, .box_h = 9, .ofs_x = 0, .ofs_y = 0},
    {.bitmap_index = 8382, .adv_w = 144, .box_w = 9, .box_h = 14, .ofs_x = 0, .ofs_y = -5},
    {.bitmap_index = 8445, .adv_w = 144, .box_w = 9, .box_h = 14, .ofs_x = 0, .ofs_y = 0},
    {.bitmap_index = 8508, .adv_w = 144, .box_w = 9, .box_h = 14, .ofs_x = 0, .ofs_y = 0},
    {.bitmap_index = 8571, .adv_w = 144, .box_w = 9, .box_h = 14, .ofs_x = 0, .ofs_y = 0},
    {.bitmap_index = 8634, .adv_w = 144, .box_w = 9, .box_h = 13, .ofs_x = 0, .ofs_y = 0},
    {.bitmap_index = 8693, .adv_w = 144, .box_w = 7, .box_h = 14, .ofs_x = 1, .ofs_y = 0},
    {.bitmap_index = 8742, .adv_w = 144, .box_w = 7, .box_h = 14, .ofs_x = 1, .ofs_y = 0},
    {.bitmap_index = 8791, .adv_w = 144, .box_w = 8, .box_h = 14, .ofs_x = 0, .ofs_y = 0},
    {.bitmap_index = 8847, .adv_w = 144, .box_w = 8, .box_h = 13, .ofs_x = 0, .ofs_y = 0},
    {.bitmap_index = 8899, .adv_w = 144, .box_w = 9, .box_h = 14, .ofs_x = 0, .ofs_y = 0},
    {.bitmap_index = 8962, .adv_w = 144, .box_w = 9, .box_h = 13, .ofs_x = 0, .ofs_y = 0},
    {.bitmap_index = 9021, .adv_w = 144, .box_w = 9, .box_h = 14, .ofs_x = 0, .ofs_y = 0},
    {.bitmap_index = 9084, .adv_w = 144, .box_w = 9, .box_h = 14, .ofs_x = 0, .ofs_y = 0},
    {.bitmap_index = 9147, .adv_w = 144, .box_w = 9, .box_h = 14, .ofs_x = 0, .ofs_y = 0},
    {.bitmap_index = 9210, .adv_w = 144, .box_w = 9, .box_h = 13, .ofs_x = 0, .ofs_y = 0},
    {.bitmap_index = 9269, .adv_w = 144, .box_w = 9, .box_h = 13, .ofs_x = 0, .ofs_y = 0},
    {.bitmap_index = 9328, .adv_w = 144, .box_w = 9, .box_h = 11, .ofs_x = 0, .ofs_y = 1},
    {.bitmap_index = 9378, .adv_w = 144, .box_w = 9, .box_h = 11, .ofs_x = 0, .ofs_y = -1},
    {.bitmap_index = 9428, .adv_w = 144, .box_w = 9, .box_h = 14, .ofs_x = 0, .ofs_y = 0},
    {.bitmap_index = 9491, .adv_w = 144, .box_w = 9, .box_h = 14, .ofs_x = 0, .ofs_y = 0},
    {.bitmap_index = 9554, .adv_w = 144, .box_w = 9, .box_h = 14, .ofs_x = 0, .ofs_y = 0},
    {.bitmap_index = 9617, .adv_w = 144, .box_w = 9, .box_h = 13, .ofs_x = 0, .ofs_y = 0},
    {.bitmap_index = 9676, .adv_w = 144, .box_w = 9, .box_h = 17, .ofs_x = 0, .ofs_y = -4},
    {.bitmap_index = 9753, .adv_w = 144, .box_w = 9, .box_h = 17, .ofs_x = 0, .ofs_y = -4},
    {.bitmap_index = 9830, .adv_w = 144, .box_w = 9, .box_h = 17, .ofs_x = 0, .ofs_y = -4},
    {.bitmap_index = 9907, .adv_w = 144, .box_w = 9, .box_h = 17, .ofs_x = 0, .ofs_y = 0},
    {.bitmap_index = 9984, .adv_w = 144, .box_w = 9, .box_h = 13, .ofs_x = 0, .ofs_y = 0},
    {.bitmap_index = 10043, .adv_w = 144, .box_w = 9, .box_h = 17, .ofs_x = 0, .ofs_y = 0},
    {.bitmap_index = 10120, .adv_w = 144, .box_w = 9, .box_h = 14, .ofs_x = 0, .ofs_y = 0},
    {.bitmap_index = 10183, .adv_w = 144, .box_w = 9, .box_h = 18, .ofs_x = 0, .ofs_y = -5},
    {.bitmap_index = 10264, .adv_w = 144, .box_w = 9, .box_h = 14, .ofs_x = 0, .ofs_y = -5},
    {.bitmap_index = 10327, .adv_w = 144, .box_w = 9, .box_h = 18, .ofs_x = 0, .ofs_y = 0},
    {.bitmap_index = 10408, .adv_w = 144, .box_w = 9, .box_h = 14, .ofs_x = 0, .ofs_y = 0},
    {.bitmap_index = 10471, .adv_w = 144, .box_w = 9, .box_h = 17, .ofs_x = 0, .ofs_y = 0},
    {.bitmap_index = 10548, .adv_w = 144, .box_w = 9, .box_h = 13, .ofs_x = 0, .ofs_y = 0},
    {.bitmap_index = 10607, .adv_w = 144, .box_w = 9, .box_h = 17, .ofs_x = 0, .ofs_y = 0},
    {.bitmap_index = 10684, .adv_w = 144, .box_w = 9, .box_h = 14, .ofs_x = 0, .ofs_y = 0},
    {.bitmap_index = 10747, .adv_w = 144, .box_w = 9, .box_h = 17, .ofs_x = 0, .ofs_y = 0},
    {.bitmap_index = 10824, .adv_w = 144, .box_w = 11, .box_h = 14, .ofs_x = 0, .ofs_y = 0},
    {.bitmap_index = 10901, .adv_w = 144, .box_w = 9, .box_h = 13, .ofs_x = 0, .ofs_y = 0},
    {.bitmap_index = 10960, .adv_w = 144, .box_w = 9, .box_h = 13, .ofs_x = 0, .ofs_y = 0},
    {.bitmap_index = 11019, .adv_w = 144, .box_w = 9, .box_h = 17, .ofs_x = 0, .ofs_y = 0},
    {.bitmap_index = 11096, .adv_w = 144, .box_w = 9, .box_h = 13, .ofs_x = 0, .ofs_y = 0},
    {.bitmap_index = 11155, .adv_w = 144, .box_w = 7, .box_h = 17, .ofs_x = 1, .ofs_y = 0},
    {.bitmap_index = 11215, .adv_w = 144, .box_w = 9, .box_h = 13, .ofs_x = 0, .ofs_y = 0},
    {.bitmap_index = 11274, .adv_w = 144, .box_w = 7, .box_h = 18, .ofs_x = 1, .ofs_y = -5},
    {.bitmap_index = 11337, .adv_w = 144, .box_w = 9, .box_h = 14, .ofs_x = 0, .ofs_y = -5},
    {.bitmap_index = 11400, .adv_w = 144, .box_w = 7, .box_h = 17, .ofs_x = 1, .ofs_y = 0},
    {.bitmap_index = 11460, .adv_w = 144, .box_w = 9, .box_h = 14, .ofs_x = 0, .ofs_y = 0},
    {.bitmap_index = 11523, .adv_w = 144, .box_w = 9, .box_h = 17, .ofs_x = 0, .ofs_y = 0},
    {.bitmap_index = 11600, .adv_w = 144, .box_w = 9, .box_h = 17, .ofs_x = 0, .ofs_y = -4},
    {.bitmap_index = 11677, .adv_w = 144, .box_w = 9, .box_h = 17, .ofs_x = 0, .ofs_y = 0},
    {.bitmap_index = 11754, .adv_w = 144, .box_w = 9, .box_h = 17, .ofs_x = 0, .ofs_y = -4},
    {.bitmap_index = 11831, .adv_w = 144, .box_w = 9, .box_h = 18, .ofs_x = 0, .ofs_y = -5},
    {.bitmap_index = 11912, .adv_w = 144, .box_w = 9, .box_h = 19, .ofs_x = 0, .ofs_y = -4},
    {.bitmap_index = 11998, .adv_w = 144, .box_w = 9, .box_h = 13, .ofs_x = 0, .ofs_y = 0},
    {.bitmap_index = 12057, .adv_w = 144, .box_w = 9, .box_h = 13, .ofs_x = 0, .ofs_y = 0},
    {.bitmap_index = 12116, .adv_w = 144, .box_w = 9, .box_h = 17, .ofs_x = 0, .ofs_y = 0},
    {.bitmap_index = 12193, .adv_w = 144, .box_w = 9, .box_h = 13, .ofs_x = 0, .ofs_y = 0},
    {.bitmap_index = 12252, .adv_w = 144, .box_w = 9, .box_h = 17, .ofs_x = 0, .ofs_y = 0},
    {.bitmap_index = 12329, .adv_w = 144, .box_w = 9, .box_h = 13, .ofs_x = 0, .ofs_y = 0},
    {.bitmap_index = 12388, .adv_w = 144, .box_w = 9, .box_h = 17, .ofs_x = 0, .ofs_y = 0},
    {.bitmap_index = 12465, .adv_w = 144, .box_w = 7, .box_h = 14, .ofs_x = 1, .ofs_y = 0},
    {.bitmap_index = 12514, .adv_w = 144, .box_w = 7, .box_h = 18, .ofs_x = 1, .ofs_y = -5},
    {.bitmap_index = 12577, .adv_w = 144, .box_w = 7, .box_h = 18, .ofs_x = 1, .ofs_y = -5},
    {.bitmap_index = 12640, .adv_w = 144, .box_w = 7, .box_h = 17, .ofs_x = 1, .ofs_y = 0},
    {.bitmap_index = 12700, .adv_w = 144, .box_w = 7, .box_h = 9, .ofs_x = 1, .ofs_y = 0},
    {.bitmap_index = 12732, .adv_w = 144, .box_w = 9, .box_h = 13, .ofs_x = 0, .ofs_y = 0},
    {.bitmap_index = 12791, .adv_w = 144, .box_w = 9, .box_h = 17, .ofs_x = 0, .ofs_y = -4},
    {.bitmap_index = 12868, .adv_w = 144, .box_w = 9, .box_h = 18, .ofs_x = 0, .ofs_y = -5},
    {.bitmap_index = 12949, .adv_w = 144, .box_w = 9, .box_h = 18, .ofs_x = 0, .ofs_y = -5},
    {.bitmap_index = 13030, .adv_w = 144, .box_w = 9, .box_h = 17, .ofs_x = 0, .ofs_y = 0},
    {.bitmap_index = 13107, .adv_w = 144, .box_w = 7, .box_h = 17, .ofs_x = 1, .ofs_y = 0},
    {.bitmap_index = 13167, .adv_w = 144, .box_w = 9, .box_h = 18, .ofs_x = 0, .ofs_y = -5},
    {.bitmap_index = 13248, .adv_w = 144, .box_w = 6, .box_h = 18, .ofs_x = 1, .ofs_y = -5},
    {.bitmap_index = 13302, .adv_w = 144, .box_w = 9, .box_h = 14, .ofs_x = 0, .ofs_y = 0},
    {.bitmap_index = 13365, .adv_w = 144, .box_w = 8, .box_h = 14, .ofs_x = 1, .ofs_y = 0},
    {.bitmap_index = 13421, .adv_w = 144, .box_w = 9, .box_h = 13, .ofs_x = 0, .ofs_y = 0},
    {.bitmap_index = 13480, .adv_w = 144, .box_w = 7, .box_h = 13, .ofs_x = 1, .ofs_y = 0},
    {.bitmap_index = 13526, .adv_w = 144, .box_w = 9, .box_h = 17, .ofs_x = 0, .ofs_y = 0},
    {.bitmap_index = 13603, .adv_w = 144, .box_w = 9, .box_h = 14, .ofs_x = 0, .ofs_y = 0},
    {.bitmap_index = 13666, .adv_w = 144, .box_w = 9, .box_h = 18, .ofs_x = 0, .ofs_y = -5},
    {.bitmap_index = 13747, .adv_w = 144, .box_w = 9, .box_h = 14, .ofs_x = 0, .ofs_y = -5},
    {.bitmap_index = 13810, .adv_w = 144, .box_w = 9, .box_h = 17, .ofs_x = 0, .ofs_y = 0},
    {.bitmap_index = 13887, .adv_w = 144, .box_w = 9, .box_h = 14, .ofs_x = 0, .ofs_y = 0},
    {.bitmap_index = 13950, .adv_w = 144, .box_w = 9, .box_h = 17, .ofs_x = 0, .ofs_y = -4},
    {.bitmap_index = 14027, .adv_w = 144, .box_w = 9, .box_h = 13, .ofs_x = 0, .ofs_y = -4},
    {.bitmap_index = 14086, .adv_w = 144, .box_w = 9, .box_h = 17, .ofs_x = 0, .ofs_y = 0},
    {.bitmap_index = 14163, .adv_w = 144, .box_w = 9, .box_h = 13, .ofs_x = 0, .ofs_y = 0},
    {.bitmap_index = 14222, .adv_w = 144, .box_w = 10, .box_h = 18, .ofs_x = 0, .ofs_y = 0},
    {.bitmap_index = 14312, .adv_w = 144, .box_w = 10, .box_h = 14, .ofs_x = 0, .ofs_y = 0},
    {.bitmap_index = 14382, .adv_w = 144, .box_w = 9, .box_h = 13, .ofs_x = 0, .ofs_y = 0},
    {.bitmap_index = 14441, .adv_w = 144, .box_w = 9, .box_h = 9, .ofs_x = 0, .ofs_y = 0},
    {.bitmap_index = 14482, .adv_w = 144, .box_w = 9, .box_h = 17, .ofs_x = 0, .ofs_y = 0},
    {.bitmap_index = 14559, .adv_w = 144, .box_w = 8, .box_h = 14, .ofs_x = 1, .ofs_y = 0},
    {.bitmap_index = 14615, .adv_w = 144, .box_w = 9, .box_h = 18, .ofs_x = 0, .ofs_y = -5},
    {.bitmap_index = 14696, .adv_w = 144, .box_w = 9, .box_h = 14, .ofs_x = 0, .ofs_y = -5},
    {.bitmap_index = 14759, .adv_w = 144, .box_w = 9, .box_h = 17, .ofs_x = 0, .ofs_y = 0},
    {.bitmap_index = 14836, .adv_w = 144, .box_w = 8, .box_h = 14, .ofs_x = 1, .ofs_y = 0},
    {.bitmap_index = 14892, .adv_w = 144, .box_w = 9, .box_h = 18, .ofs_x = 0, .ofs_y = 0},
    {.bitmap_index = 14973, .adv_w = 144, .box_w = 7, .box_h = 14, .ofs_x = 1, .ofs_y = 0},
    {.bitmap_index = 15022, .adv_w = 144, .box_w = 9, .box_h = 18, .ofs_x = 0, .ofs_y = -5},
    {.bitmap_index = 15103, .adv_w = 144, .box_w = 7, .box_h = 14, .ofs_x = 1, .ofs_y = -5},
    {.bitmap_index = 15152, .adv_w = 144, .box_w = 9, .box_h = 17, .ofs_x = 0, .ofs_y = 0},
    {.bitmap_index = 15229, .adv_w = 144, .box_w = 7, .box_h = 14, .ofs_x = 1, .ofs_y = 0},
    {.bitmap_index = 15278, .adv_w = 144, .box_w = 9, .box_h = 18, .ofs_x = 0, .ofs_y = -5},
    {.bitmap_index = 15359, .adv_w = 144, .box_w = 8, .box_h = 16, .ofs_x = 0, .ofs_y = -5},
    {.bitmap_index = 15423, .adv_w = 144, .box_w = 9, .box_h = 17, .ofs_x = 0, .ofs_y = 0},
    {.bitmap_index = 15500, .adv_w = 144, .box_w = 9, .box_h = 13, .ofs_x = 0, .ofs_y = 0},
    {.bitmap_index = 15559, .adv_w = 144, .box_w = 9, .box_h = 13, .ofs_x = 0, .ofs_y = 0},
    {.bitmap_index = 15618, .adv_w = 144, .box_w = 8, .box_h = 11, .ofs_x = 0, .ofs_y = 0},
    {.bitmap_index = 15662, .adv_w = 144, .box_w = 9, .box_h = 17, .ofs_x = 0, .ofs_y = 0},
    {.bitmap_index = 15739, .adv_w = 144, .box_w = 9, .box_h = 13, .ofs_x = 0, .ofs_y = 0},
    {.bitmap_index = 15798, .adv_w = 144, .box_w = 9, .box_h = 17, .ofs_x = 0, .ofs_y = 0},
    {.bitmap_index = 15875, .adv_w = 144, .box_w = 9, .box_h = 13, .ofs_x = 0, .ofs_y = 0},
    {.bitmap_index = 15934, .adv_w = 144, .box_w = 9, .box_h = 17, .ofs_x = 0, .ofs_y = 0},
    {.bitmap_index = 16011, .adv_w = 144, .box_w = 9, .box_h = 13, .ofs_x = 0, .ofs_y = 0},
    {.bitmap_index = 16070, .adv_w = 144, .box_w = 10, .box_h = 18, .ofs_x = 0, .ofs_y = 0},
    {.bitmap_index = 16160, .adv_w = 144, .box_w = 10, .box_h = 14, .ofs_x = 0, .ofs_y = 0},
    {.bitmap_index = 16230, .adv_w = 144, .box_w = 9, .box_h = 18, .ofs_x = 0, .ofs_y = -5},
    {.bitmap_index = 16311, .adv_w = 144, .box_w = 9, .box_h = 14, .ofs_x = 0, .ofs_y = -5},
    {.bitmap_index = 16374, .adv_w = 144, .box_w = 9, .box_h = 17, .ofs_x = 0, .ofs_y = 0},
    {.bitmap_index = 16451, .adv_w = 144, .box_w = 9, .box_h = 14, .ofs_x = 0, .ofs_y = 0},
    {.bitmap_index = 16514, .adv_w = 144, .box_w = 9, .box_h = 17, .ofs_x = 0, .ofs_y = 0},
    {.bitmap_index = 16591, .adv_w = 144, .box_w = 9, .box_h = 17, .ofs_x = 0, .ofs_y = -4},
    {.bitmap_index = 16668, .adv_w = 144, .box_w = 9, .box_h = 17, .ofs_x = 0, .ofs_y = 0},
    {.bitmap_index = 16745, .adv_w = 144, .box_w = 9, .box_h = 17, .ofs_x = 0, .ofs_y = 0},
    {.bitmap_index = 16822, .adv_w = 144, .box_w = 9, .box_h = 14, .ofs_x = 0, .ofs_y = 0},
    {.bitmap_index = 16885, .adv_w = 144, .box_w = 9, .box_h = 17, .ofs_x = 0, .ofs_y = 0},
    {.bitmap_index = 16962, .adv_w = 144, .box_w = 9, .box_h = 13, .ofs_x = 0, .ofs_y = 0},
    {.bitmap_index = 17021, .adv_w = 144, .box_w = 9, .box_h = 17, .ofs_x = 0, .ofs_y = 0},
    {.bitmap_index = 17098, .adv_w = 144, .box_w = 9, .box_h = 14, .ofs_x = 0, .ofs_y = 0},
    {.bitmap_index = 17161, .adv_w = 144, .box_w = 9, .box_h = 13, .ofs_x = 0, .ofs_y = 0},
    {.bitmap_index = 17220, .adv_w = 144, .box_w = 8, .box_h = 13, .ofs_x = 1, .ofs_y = 0},
    {.bitmap_index = 17272, .adv_w = 144, .box_w = 9, .box_h = 13, .ofs_x = 0, .ofs_y = 0},
    {.bitmap_index = 17331, .adv_w = 144, .box_w = 9, .box_h = 13, .ofs_x = 0, .ofs_y = 0},
    {.bitmap_index = 17390, .adv_w = 144, .box_w = 9, .box_h = 17, .ofs_x = 0, .ofs_y = -4},
    {.bitmap_index = 17467, .adv_w = 144, .box_w = 9, .box_h = 17, .ofs_x = 0, .ofs_y = -4},
    {.bitmap_index = 17544, .adv_w = 144, .box_w = 10, .box_h = 17, .ofs_x = -1, .ofs_y = -4},
    {.bitmap_index = 17629, .adv_w = 144, .box_w = 11, .box_h = 16, .ofs_x = 0, .ofs_y = 0},
    {.bitmap_index = 17717, .adv_w = 144, .box_w = 10, .box_h = 12, .ofs_x = 0, .ofs_y = 0},
    {.bitmap_index = 17777, .adv_w = 144, .box_w = 11, .box_h = 16, .ofs_x = 0, .ofs_y = 0},
    {.bitmap_index = 17865, .adv_w = 144, .box_w = 10, .box_h = 12, .ofs_x = 0, .ofs_y = 0},
    {.bitmap_index = 17925, .adv_w = 144, .box_w = 9, .box_h = 13, .ofs_x = 0, .ofs_y = 0},
    {.bitmap_index = 17984, .adv_w = 144, .box_w = 9, .box_h = 9, .ofs_x = 0, .ofs_y = 0},
    {.bitmap_index = 18025, .adv_w = 144, .box_w = 9, .box_h = 17, .ofs_x = 0, .ofs_y = 0},
    {.bitmap_index = 18102, .adv_w = 144, .box_w = 9, .box_h = 17, .ofs_x = 0, .ofs_y = -4},
    {.bitmap_index = 18179, .adv_w = 144, .box_w = 9, .box_h = 17, .ofs_x = 0, .ofs_y = 0},
    {.bitmap_index = 18256, .adv_w = 144, .box_w = 9, .box_h = 17, .ofs_x = 0, .ofs_y = -4},
    {.bitmap_index = 18333, .adv_w = 144, .box_w = 9, .box_h = 18, .ofs_x = 0, .ofs_y = 0},
    {.bitmap_index = 18414, .adv_w = 144, .box_w = 9, .box_h = 17, .ofs_x = 0, .ofs_y = -4},
    {.bitmap_index = 18491, .adv_w = 144, .box_w = 9, .box_h = 17, .ofs_x = 0, .ofs_y = 0},
    {.bitmap_index = 18568, .adv_w = 144, .box_w = 9, .box_h = 14, .ofs_x = 0, .ofs_y = 0},
    {.bitmap_index = 18631, .adv_w = 144, .box_w = 9, .box_h = 13, .ofs_x = 0, .ofs_y = 0},
    {.bitmap_index = 18690, .adv_w = 144, .box_w = 8, .box_h = 13, .ofs_x = 1, .ofs_y = 0},
    {.bitmap_index = 18742, .adv_w = 144, .box_w = 8, .box_h = 9, .ofs_x = 1, .ofs_y = 0},
    {.bitmap_index = 18778, .adv_w = 144, .box_w = 9, .box_h = 13, .ofs_x = 0, .ofs_y = 0},
    {.bitmap_index = 18837, .adv_w = 144, .box_w = 9, .box_h = 9, .ofs_x = 0, .ofs_y = 0},
    {.bitmap_index = 18878, .adv_w = 144, .box_w = 9, .box_h = 9, .ofs_x = 0, .ofs_y = 0},
    {.bitmap_index = 18919, .adv_w = 144, .box_w = 9, .box_h = 9, .ofs_x = 0, .ofs_y = 0},
    {.bitmap_index = 18960, .adv_w = 144, .box_w = 9, .box_h = 13, .ofs_x = 0, .ofs_y = -4},
    {.bitmap_index = 19019, .adv_w = 144, .box_w = 11, .box_h = 13, .ofs_x = -2, .ofs_y = -4},
    {.bitmap_index = 19091, .adv_w = 144, .box_w = 9, .box_h = 13, .ofs_x = 0, .ofs_y = -4},
    {.bitmap_index = 19150, .adv_w = 144, .box_w = 7, .box_h = 4, .ofs_x = 1, .ofs_y = 10},
    {.bitmap_index = 19164, .adv_w = 144, .box_w = 7, .box_h = 4, .ofs_x = 1, .ofs_y = 10},
    {.bitmap_index = 19178, .adv_w = 144, .box_w = 7, .box_h = 5, .ofs_x = 1, .ofs_y = 9},
    {.bitmap_index = 19196, .adv_w = 144, .box_w = 3, .box_h = 3, .ofs_x = 3, .ofs_y = 10},
    {.bitmap_index = 19201, .adv_w = 144, .box_w = 7, .box_h = 5, .ofs_x = 1, .ofs_y = 8},
    {.bitmap_index = 19219, .adv_w = 144, .box_w = 6, .box_h = 5, .ofs_x = 1, .ofs_y = -4},
    {.bitmap_index = 19234, .adv_w = 144, .box_w = 9, .box_h = 3, .ofs_x = 0, .ofs_y = 10},
    {.bitmap_index = 19248, .adv_w = 144, .box_w = 9, .box_h = 4, .ofs_x = 0, .ofs_y = 10},
    {.bitmap_index = 19266, .adv_w = 144, .box_w = 5, .box_h = 4, .ofs_x = 2, .ofs_y = 10},
    {.bitmap_index = 19276, .adv_w = 144, .box_w = 5, .box_h = 4, .ofs_x = 2, .ofs_y = 10},
    {.bitmap_index = 19286, .adv_w = 144, .box_w = 7, .box_h = 4, .ofs_x = 1, .ofs_y = 10},
    {.bitmap_index = 19300, .adv_w = 144, .box_w = 9, .box_h = 3, .ofs_x = 0, .ofs_y = 10},
    {.bitmap_index = 19314, .adv_w = 144, .box_w = 9, .box_h = 2, .ofs_x = 0, .ofs_y = 11},
    {.bitmap_index = 19323, .adv_w = 144, .box_w = 7, .box_h = 5, .ofs_x = 1, .ofs_y = 9},
    {.bitmap_index = 19341, .adv_w = 144, .box_w = 3, .box_h = 3, .ofs_x = 3, .ofs_y = 10},
    {.bitmap_index = 19346, .adv_w = 144, .box_w = 7, .box_h = 3, .ofs_x = 1, .ofs_y = 10},
    {.bitmap_index = 19357, .adv_w = 144, .box_w = 5, .box_h = 5, .ofs_x = 2, .ofs_y = 8},
    {.bitmap_index = 19370, .adv_w = 144, .box_w = 7, .box_h = 5, .ofs_x = 1, .ofs_y = 8},
    {.bitmap_index = 19388, .adv_w = 144, .box_w = 9, .box_h = 4, .ofs_x = 0, .ofs_y = 10},
    {.bitmap_index = 19406, .adv_w = 144, .box_w = 7, .box_h = 4, .ofs_x = 1, .ofs_y = 10},
    {.bitmap_index = 19420, .adv_w = 144, .box_w = 3, .box_h = 6, .ofs_x = 3, .ofs_y = 9},
    {.bitmap_index = 19429, .adv_w = 144, .box_w = 5, .box_h = 6, .ofs_x = 6, .ofs_y = 7},
    {.bitmap_index = 19444, .adv_w = 144, .box_w = 3, .box_h = 3, .ofs_x = 3, .ofs_y = -4},
    {.bitmap_index = 19449, .adv_w = 144, .box_w = 3, .box_h = 5, .ofs_x = 3, .ofs_y = -5},
    {.bitmap_index = 19457, .adv_w = 144, .box_w = 3, .box_h = 5, .ofs_x = 3, .ofs_y = -5},
    {.bitmap_index = 19465, .adv_w = 144, .box_w = 6, .box_h = 5, .ofs_x = 1, .ofs_y = -4},
    {.bitmap_index = 19480, .adv_w = 144, .box_w = 7, .box_h = 4, .ofs_x = 1, .ofs_y = -4},
    {.bitmap_index = 19494, .adv_w = 144, .box_w = 3, .box_h = 4, .ofs_x = 3, .ofs_y = 10},
    {.bitmap_index = 19500, .adv_w = 144, .box_w = 9, .box_h = 4, .ofs_x = 0, .ofs_y = 10},
    {.bitmap_index = 19518, .adv_w = 144, .box_w = 9, .box_h = 14, .ofs_x = 0, .ofs_y = 0},
    {.bitmap_index = 19581, .adv_w = 144, .box_w = 3, .box_h = 3, .ofs_x = 3, .ofs_y = 6},
    {.bitmap_index = 19586, .adv_w = 144, .box_w = 10, .box_h = 14, .ofs_x = -1, .ofs_y = 0},
    {.bitmap_index = 19656, .adv_w = 144, .box_w = 10, .box_h = 14, .ofs_x = -1, .ofs_y = 0},
    {.bitmap_index = 19726, .adv_w = 144, .box_w = 9, .box_h = 14, .ofs_x = 0, .ofs_y = 0},
    {.bitmap_index = 19789, .adv_w = 144, .box_w = 11, .box_h = 14, .ofs_x = -2, .ofs_y = 0},
    {.bitmap_index = 19866, .adv_w = 144, .box_w = 12, .box_h = 14, .ofs_x = -3, .ofs_y = 0},
    {.bitmap_index = 19950, .adv_w = 144, .box_w = 11, .box_h = 14, .ofs_x = -2, .ofs_y = 0},
    {.bitmap_index = 20027, .adv_w = 144, .box_w = 9, .box_h = 14, .ofs_x = 0, .ofs_y = 0},
    {.bitmap_index = 20090, .adv_w = 144, .box_w = 9, .box_h = 13, .ofs_x = 0, .ofs_y = 0},
    {.bitmap_index = 20149, .adv_w = 144, .box_w = 9, .box_h = 13, .ofs_x = 0, .ofs_y = 0},
    {.bitmap_index = 20208, .adv_w = 144, .box_w = 9, .box_h = 13, .ofs_x = 0, .ofs_y = 0},
    {.bitmap_index = 20267, .adv_w = 144, .box_w = 9, .box_h = 13, .ofs_x = 0, .ofs_y = 0},
    {.bitmap_index = 20326, .adv_w = 144, .box_w = 7, .box_h = 13, .ofs_x = 1, .ofs_y = 0},
    {.bitmap_index = 20372, .adv_w = 144, .box_w = 9, .box_h = 13, .ofs_x = 0, .ofs_y = 0},
    {.bitmap_index = 20431, .adv_w = 144, .box_w = 9, .box_h = 13, .ofs_x = 0, .ofs_y = 0},
    {.bitmap_index = 20490, .adv_w = 144, .box_w = 9, .box_h = 13, .ofs_x = 0, .ofs_y = 0},
    {.bitmap_index = 20549, .adv_w = 144, .box_w = 7, .box_h = 13, .ofs_x = 1, .ofs_y = 0},
    {.bitmap_index = 20595, .adv_w = 144, .box_w = 9, .box_h = 13, .ofs_x = 0, .ofs_y = 0},
    {.bitmap_index = 20654, .adv_w = 144, .box_w = 9, .box_h = 13, .ofs_x = 0, .ofs_y = 0},
    {.bitmap_index = 20713, .adv_w = 144, .box_w = 9, .box_h = 13, .ofs_x = 0, .ofs_y = 0},
    {.bitmap_index = 20772, .adv_w = 144, .box_w = 9, .box_h = 13, .ofs_x = 0, .ofs_y = 0},
    {.bitmap_index = 20831, .adv_w = 144, .box_w = 7, .box_h = 13, .ofs_x = 1, .ofs_y = 0},
    {.bitmap_index = 20877, .adv_w = 144, .box_w = 9, .box_h = 13, .ofs_x = 0, .ofs_y = 0},
    {.bitmap_index = 20936, .adv_w = 144, .box_w = 9, .box_h = 13, .ofs_x = 0, .ofs_y = 0},
    {.bitmap_index = 20995, .adv_w = 144, .box_w = 9, .box_h = 13, .ofs_x = 0, .ofs_y = 0},
    {.bitmap_index = 21054, .adv_w = 144, .box_w = 8, .box_h = 13, .ofs_x = 0, .ofs_y = 0},
    {.bitmap_index = 21106, .adv_w = 144, .box_w = 9, .box_h = 13, .ofs_x = 0, .ofs_y = 0},
    {.bitmap_index = 21165, .adv_w = 144, .box_w = 9, .box_h = 13, .ofs_x = 0, .ofs_y = 0},
    {.bitmap_index = 21224, .adv_w = 144, .box_w = 9, .box_h = 13, .ofs_x = 0, .ofs_y = 0},
    {.bitmap_index = 21283, .adv_w = 144, .box_w = 9, .box_h = 13, .ofs_x = 0, .ofs_y = 0},
    {.bitmap_index = 21342, .adv_w = 144, .box_w = 9, .box_h = 13, .ofs_x = 0, .ofs_y = 0},
    {.bitmap_index = 21401, .adv_w = 144, .box_w = 9, .box_h = 13, .ofs_x = 0, .ofs_y = 0},
    {.bitmap_index = 21460, .adv_w = 144, .box_w = 7, .box_h = 17, .ofs_x = 1, .ofs_y = 0},
    {.bitmap_index = 21520, .adv_w = 144, .box_w = 9, .box_h = 17, .ofs_x = 0, .ofs_y = 0},
    {.bitmap_index = 21597, .adv_w = 144, .box_w = 9, .box_h = 14, .ofs_x = 0, .ofs_y = 0},
    {.bitmap_index = 21660, .adv_w = 144, .box_w = 9, .box_h = 14, .ofs_x = 0, .ofs_y = 0},
    {.bitmap_index = 21723, .adv_w = 144, .box_w = 9, .box_h = 17, .ofs_x = 0, .ofs_y = -4},
    {.bitmap_index = 21800, .adv_w = 144, .box_w = 7, .box_h = 14, .ofs_x = 1, .ofs_y = 0},
    {.bitmap_index = 21849, .adv_w = 144, .box_w = 9, .box_h = 14, .ofs_x = 0, .ofs_y = 0},
    {.bitmap_index = 21912, .adv_w = 144, .box_w = 9, .box_h = 9, .ofs_x = 0, .ofs_y = 0},
    {.bitmap_index = 21953, .adv_w = 144, .box_w = 9, .box_h = 17, .ofs_x = 0, .ofs_y = -4},
    {.bitmap_index = 22030, .adv_w = 144, .box_w = 9, .box_h = 13, .ofs_x = 0, .ofs_y = -4},
    {.bitmap_index = 22089, .adv_w = 144, .box_w = 9, .box_h = 13, .ofs_x = 0, .ofs_y = 0},
    {.bitmap_index = 22148, .adv_w = 144, .box_w = 9, .box_h = 9, .ofs_x = 0, .ofs_y = 0},
    {.bitmap_index = 22189, .adv_w = 144, .box_w = 9, .box_h = 17, .ofs_x = 0, .ofs_y = -4},
    {.bitmap_index = 22266, .adv_w = 144, .box_w = 9, .box_h = 13, .ofs_x = 0, .ofs_y = -4},
    {.bitmap_index = 22325, .adv_w = 144, .box_w = 9, .box_h = 13, .ofs_x = 0, .ofs_y = 0},
    {.bitmap_index = 22384, .adv_w = 144, .box_w = 7, .box_h = 9, .ofs_x = 1, .ofs_y = 0},
    {.bitmap_index = 22416, .adv_w = 144, .box_w = 9, .box_h = 9, .ofs_x = 0, .ofs_y = 0},
    {.bitmap_index = 22457, .adv_w = 144, .box_w = 9, .box_h = 13, .ofs_x = 0, .ofs_y = 0},
    {.bitmap_index = 22516, .adv_w = 144, .box_w = 9, .box_h = 13, .ofs_x = 0, .ofs_y = -4},
    {.bitmap_index = 22575, .adv_w = 144, .box_w = 9, .box_h = 9, .ofs_x = 0, .ofs_y = 0},
    {.bitmap_index = 22616, .adv_w = 144, .box_w = 9, .box_h = 17, .ofs_x = 0, .ofs_y = -4},
    {.bitmap_index = 22693, .adv_w = 144, .box_w = 9, .box_h = 9, .ofs_x = 0, .ofs_y = 0},
    {.bitmap_index = 22734, .adv_w = 144, .box_w = 9, .box_h = 9, .ofs_x = 0, .ofs_y = 0},
    {.bitmap_index = 22775, .adv_w = 144, .box_w = 9, .box_h = 13, .ofs_x = 0, .ofs_y = -4},
    {.bitmap_index = 22834, .adv_w = 144, .box_w = 9, .box_h = 13, .ofs_x = 0, .ofs_y = -4},
    {.bitmap_index = 22893, .adv_w = 144, .box_w = 9, .box_h = 9, .ofs_x = 0, .ofs_y = 0},
    {.bitmap_index = 22934, .adv_w = 144, .box_w = 9, .box_h = 9, .ofs_x = 0, .ofs_y = 0},
    {.bitmap_index = 22975, .adv_w = 144, .box_w = 9, .box_h = 9, .ofs_x = 0, .ofs_y = 0},
    {.bitmap_index = 23016, .adv_w = 144, .box_w = 9, .box_h = 17, .ofs_x = 0, .ofs_y = -4},
    {.bitmap_index = 23093, .adv_w = 144, .box_w = 9, .box_h = 13, .ofs_x = 0, .ofs_y = -4},
    {.bitmap_index = 23152, .adv_w = 144, .box_w = 9, .box_h = 15, .ofs_x = 0, .ofs_y = -4},
    {.bitmap_index = 23220, .adv_w = 144, .box_w = 9, .box_h = 9, .ofs_x = 0, .ofs_y = 0},
    {.bitmap_index = 23261, .adv_w = 144, .box_w = 8, .box_h = 13, .ofs_x = 0, .ofs_y = 0},
    {.bitmap_index = 23313, .adv_w = 144, .box_w = 9, .box_h = 13, .ofs_x = 0, .ofs_y = 0},
    {.bitmap_index = 23372, .adv_w = 144, .box_w = 9, .box_h = 14, .ofs_x = 0, .ofs_y = 0},
    {.bitmap_index = 23435, .adv_w = 144, .box_w = 9, .box_h = 14, .ofs_x = 0, .ofs_y = 0},
    {.bitmap_index = 23498, .adv_w = 144, .box_w = 9, .box_h = 14, .ofs_x = 0, .ofs_y = 0},
    {.bitmap_index = 23561, .adv_w = 144, .box_w = 7, .box_h = 17, .ofs_x = 1, .ofs_y = 0},
    {.bitmap_index = 23621, .adv_w = 144, .box_w = 7, .box_h = 17, .ofs_x = 1, .ofs_y = 0},
    {.bitmap_index = 23681, .adv_w = 144, .box_w = 9, .box_h = 17, .ofs_x = 0, .ofs_y = -4},
    {.bitmap_index = 23758, .adv_w = 144, .box_w = 9, .box_h = 17, .ofs_x = 0, .ofs_y = 0},
    {.bitmap_index = 23835, .adv_w = 144, .box_w = 9, .box_h = 13, .ofs_x = 0, .ofs_y = 0},
    {.bitmap_index = 23894, .adv_w = 144, .box_w = 9, .box_h = 13, .ofs_x = 0, .ofs_y = 0},
    {.bitmap_index = 23953, .adv_w = 144, .box_w = 7, .box_h = 13, .ofs_x = 1, .ofs_y = 0},
    {.bitmap_index = 23999, .adv_w = 144, .box_w = 7, .box_h = 17, .ofs_x = 1, .ofs_y = 0},
    {.bitmap_index = 24059, .adv_w = 144, .box_w = 8, .box_h = 13, .ofs_x = 1, .ofs_y = 0},
    {.bitmap_index = 24111, .adv_w = 144, .box_w = 9, .box_h = 13, .ofs_x = 0, .ofs_y = 0},
    {.bitmap_index = 24170, .adv_w = 144, .box_w = 9, .box_h = 13, .ofs_x = 0, .ofs_y = 0},
    {.bitmap_index = 24229, .adv_w = 144, .box_w = 9, .box_h = 13, .ofs_x = 0, .ofs_y = 0},
    {.bitmap_index = 24288, .adv_w = 144, .box_w = 9, .box_h = 17, .ofs_x = 0, .ofs_y = 0},
    {.bitmap_index = 24365, .adv_w = 144, .box_w = 9, .box_h = 17, .ofs_x = 0, .ofs_y = 0},
    {.bitmap_index = 24442, .adv_w = 144, .box_w = 9, .box_h = 17, .ofs_x = 0, .ofs_y = 0},
    {.bitmap_index = 24519, .adv_w = 144, .box_w = 9, .box_h = 16, .ofs_x = 0, .ofs_y = -3},
    {.bitmap_index = 24591, .adv_w = 144, .box_w = 9, .box_h = 13, .ofs_x = 0, .ofs_y = 0},
    {.bitmap_index = 24650, .adv_w = 144, .box_w = 9, .box_h = 13, .ofs_x = 0, .ofs_y = 0},
    {.bitmap_index = 24709, .adv_w = 144, .box_w = 9, .box_h = 13, .ofs_x = 0, .ofs_y = 0},
    {.bitmap_index = 24768, .adv_w = 144, .box_w = 9, .box_h = 13, .ofs_x = 0, .ofs_y = 0},
    {.bitmap_index = 24827, .adv_w = 144, .box_w = 9, .box_h = 16, .ofs_x = 0, .ofs_y = -3},
    {.bitmap_index = 24899, .adv_w = 144, .box_w = 7, .box_h = 13, .ofs_x = 1, .ofs_y = 0},
    {.bitmap_index = 24945, .adv_w = 144, .box_w = 9, .box_h = 13, .ofs_x = 0, .ofs_y = 0},
    {.bitmap_index = 25004, .adv_w = 144, .box_w = 9, .box_h = 13, .ofs_x = 0, .ofs_y = 0},
    {.bitmap_index = 25063, .adv_w = 144, .box_w = 9, .box_h = 13, .ofs_x = 0, .ofs_y = 0},
    {.bitmap_index = 25122, .adv_w = 144, .box_w = 9, .box_h = 17, .ofs_x = 0, .ofs_y = 0},
    {.bitmap_index = 25199, .adv_w = 144, .box_w = 9, .box_h = 13, .ofs_x = 0, .ofs_y = 0},
    {.bitmap_index = 25258, .adv_w = 144, .box_w = 9, .box_h = 13, .ofs_x = 0, .ofs_y = 0},
    {.bitmap_index = 25317, .adv_w = 144, .box_w = 9, .box_h = 13, .ofs_x = 0, .ofs_y = 0},
    {.bitmap_index = 25376, .adv_w = 144, .box_w = 9, .box_h = 13, .ofs_x = 0, .ofs_y = 0},
    {.bitmap_index = 25435, .adv_w = 144, .box_w = 9, .box_h = 13, .ofs_x = 0, .ofs_y = 0},
    {.bitmap_index = 25494, .adv_w = 144, .box_w = 9, .box_h = 13, .ofs_x = 0, .ofs_y = 0},
    {.bitmap_index = 25553, .adv_w = 144, .box_w = 9, .box_h = 13, .ofs_x = 0, .ofs_y = 0},
    {.bitmap_index = 25612, .adv_w = 144, .box_w = 9, .box_h = 13, .ofs_x = 0, .ofs_y = 0},
    {.bitmap_index = 25671, .adv_w = 144, .box_w = 9, .box_h = 13, .ofs_x = 0, .ofs_y = 0},
    {.bitmap_index = 25730, .adv_w = 144, .box_w = 9, .box_h = 13, .ofs_x = 0, .ofs_y = 0},
    {.bitmap_index = 25789, .adv_w = 144, .box_w = 9, .box_h = 13, .ofs_x = 0, .ofs_y = 0},
    {.bitmap_index = 25848, .adv_w = 144, .box_w = 9, .box_h = 13, .ofs_x = 0, .ofs_y = 0},
    {.bitmap_index = 25907, .adv_w = 144, .box_w = 9, .box_h = 16, .ofs_x = 0, .ofs_y = -3},
    {.bitmap_index = 25979, .adv_w = 144, .box_w = 9, .box_h = 13, .ofs_x = 0, .ofs_y = 0},
    {.bitmap_index = 26038, .adv_w = 144, .box_w = 9, .box_h = 13, .ofs_x = 0, .ofs_y = 0},
    {.bitmap_index = 26097, .adv_w = 144, .box_w = 9, .box_h = 16, .ofs_x = 0, .ofs_y = -3},
    {.bitmap_index = 26169, .adv_w = 144, .box_w = 9, .box_h = 13, .ofs_x = 0, .ofs_y = 0},
    {.bitmap_index = 26228, .adv_w = 144, .box_w = 9, .box_h = 13, .ofs_x = 0, .ofs_y = 0},
    {.bitmap_index = 26287, .adv_w = 144, .box_w = 9, .box_h = 13, .ofs_x = 0, .ofs_y = 0},
    {.bitmap_index = 26346, .adv_w = 144, .box_w = 9, .box_h = 13, .ofs_x = 0, .ofs_y = 0},
    {.bitmap_index = 26405, .adv_w = 144, .box_w = 9, .box_h = 13, .ofs_x = 0, .ofs_y = 0},
    {.bitmap_index = 26464, .adv_w = 144, .box_w = 9, .box_h = 13, .ofs_x = 0, .ofs_y = 0},
    {.bitmap_index = 26523, .adv_w = 144, .box_w = 9, .box_h = 9, .ofs_x = 0, .ofs_y = 0},
    {.bitmap_index = 26564, .adv_w = 144, .box_w = 9, .box_h = 14, .ofs_x = 0, .ofs_y = 0},
    {.bitmap_index = 26627, .adv_w = 144, .box_w = 9, .box_h = 9, .ofs_x = 0, .ofs_y = 0},
    {.bitmap_index = 26668, .adv_w = 144, .box_w = 9, .box_h = 9, .ofs_x = 0, .ofs_y = 0},
    {.bitmap_index = 26709, .adv_w = 144, .box_w = 9, .box_h = 12, .ofs_x = 0, .ofs_y = -3},
    {.bitmap_index = 26763, .adv_w = 144, .box_w = 9, .box_h = 9, .ofs_x = 0, .ofs_y = 0},
    {.bitmap_index = 26804, .adv_w = 144, .box_w = 9, .box_h = 9, .ofs_x = 0, .ofs_y = 0},
    {.bitmap_index = 26845, .adv_w = 144, .box_w = 9, .box_h = 9, .ofs_x = 0, .ofs_y = 0},
    {.bitmap_index = 26886, .adv_w = 144, .box_w = 9, .box_h = 9, .ofs_x = 0, .ofs_y = 0},
    {.bitmap_index = 26927, .adv_w = 144, .box_w = 9, .box_h = 14, .ofs_x = 0, .ofs_y = 0},
    {.bitmap_index = 26990, .adv_w = 144, .box_w = 9, .box_h = 9, .ofs_x = 0, .ofs_y = 0},
    {.bitmap_index = 27031, .adv_w = 144, .box_w = 9, .box_h = 9, .ofs_x = 0, .ofs_y = 0},
    {.bitmap_index = 27072, .adv_w = 144, .box_w = 9, .box_h = 9, .ofs_x = 0, .ofs_y = 0},
    {.bitmap_index = 27113, .adv_w = 144, .box_w = 9, .box_h = 9, .ofs_x = 0, .ofs_y = 0},
    {.bitmap_index = 27154, .adv_w = 144, .box_w = 9, .box_h = 9, .ofs_x = 0, .ofs_y = 0},
    {.bitmap_index = 27195, .adv_w = 144, .box_w = 9, .box_h = 9, .ofs_x = 0, .ofs_y = 0},
    {.bitmap_index = 27236, .adv_w = 144, .box_w = 9, .box_h = 13, .ofs_x = 0, .ofs_y = -4},
    {.bitmap_index = 27295, .adv_w = 144, .box_w = 9, .box_h = 9, .ofs_x = 0, .ofs_y = 0},
    {.bitmap_index = 27336, .adv_w = 144, .box_w = 9, .box_h = 9, .ofs_x = 0, .ofs_y = 0},
    {.bitmap_index = 27377, .adv_w = 144, .box_w = 9, .box_h = 13, .ofs_x = 0, .ofs_y = -4},
    {.bitmap_index = 27436, .adv_w = 144, .box_w = 9, .box_h = 17, .ofs_x = 0, .ofs_y = -4},
    {.bitmap_index = 27513, .adv_w = 144, .box_w = 9, .box_h = 9, .ofs_x = 0, .ofs_y = 0},
    {.bitmap_index = 27554, .adv_w = 144, .box_w = 9, .box_h = 12, .ofs_x = 0, .ofs_y = -3},
    {.bitmap_index = 27608, .adv_w = 144, .box_w = 9, .box_h = 9, .ofs_x = 0, .ofs_y = 0},
    {.bitmap_index = 27649, .adv_w = 144, .box_w = 9, .box_h = 9, .ofs_x = 0, .ofs_y = 0},
    {.bitmap_index = 27690, .adv_w = 144, .box_w = 9, .box_h = 12, .ofs_x = 0, .ofs_y = -3},
    {.bitmap_index = 27744, .adv_w = 144, .box_w = 9, .box_h = 9, .ofs_x = 0, .ofs_y = 0},
    {.bitmap_index = 27785, .adv_w = 144, .box_w = 9, .box_h = 9, .ofs_x = 0, .ofs_y = 0},
    {.bitmap_index = 27826, .adv_w = 144, .box_w = 9, .box_h = 9, .ofs_x = 0, .ofs_y = 0},
    {.bitmap_index = 27867, .adv_w = 144, .box_w = 9, .box_h = 9, .ofs_x = 0, .ofs_y = 0},
    {.bitmap_index = 27908, .adv_w = 144, .box_w = 9, .box_h = 9, .ofs_x = 0, .ofs_y = 0},
    {.bitmap_index = 27949, .adv_w = 144, .box_w = 9, .box_h = 9, .ofs_x = 0, .ofs_y = 0},
    {.bitmap_index = 27990, .adv_w = 144, .box_w = 9, .box_h = 14, .ofs_x = 0, .ofs_y = 0},
    {.bitmap_index = 28053, .adv_w = 144, .box_w = 9, .box_h = 13, .ofs_x = 0, .ofs_y = 0},
    {.bitmap_index = 28112, .adv_w = 144, .box_w = 9, .box_h = 17, .ofs_x = 0, .ofs_y = -4},
    {.bitmap_index = 28189, .adv_w = 144, .box_w = 9, .box_h = 14, .ofs_x = 0, .ofs_y = 0},
    {.bitmap_index = 28252, .adv_w = 144, .box_w = 9, .box_h = 9, .ofs_x = 0, .ofs_y = 0},
    {.bitmap_index = 28293, .adv_w = 144, .box_w = 7, .box_h = 9, .ofs_x = 1, .ofs_y = 0},
    {.bitmap_index = 28325, .adv_w = 144, .box_w = 7, .box_h = 13, .ofs_x = 1, .ofs_y = 0},
    {.bitmap_index = 28371, .adv_w = 144, .box_w = 8, .box_h = 13, .ofs_x = 0, .ofs_y = 0},
    {.bitmap_index = 28423, .adv_w = 144, .box_w = 7, .box_h = 17, .ofs_x = 1, .ofs_y = -4},
    {.bitmap_index = 28483, .adv_w = 144, .box_w = 9, .box_h = 9, .ofs_x = 0, .ofs_y = 0},
    {.bitmap_index = 28524, .adv_w = 144, .box_w = 9, .box_h = 9, .ofs_x = 0, .ofs_y = 0},
    {.bitmap_index = 28565, .adv_w = 144, .box_w = 9, .box_h = 13, .ofs_x = 0, .ofs_y = 0},
    {.bitmap_index = 28624, .adv_w = 144, .box_w = 9, .box_h = 14, .ofs_x = 0, .ofs_y = 0},
    {.bitmap_index = 28687, .adv_w = 144, .box_w = 9, .box_h = 14, .ofs_x = 0, .ofs_y = 0},
    {.bitmap_index = 28750, .adv_w = 144, .box_w = 9, .box_h = 17, .ofs_x = 0, .ofs_y = -4},
    {.bitmap_index = 28827, .adv_w = 144, .box_w = 9, .box_h = 12, .ofs_x = 0, .ofs_y = -3},
    {.bitmap_index = 28881, .adv_w = 144, .box_w = 9, .box_h = 16, .ofs_x = 0, .ofs_y = 0},
    {.bitmap_index = 28953, .adv_w = 144, .box_w = 9, .box_h = 12, .ofs_x = 0, .ofs_y = 0},
    {.bitmap_index = 29007, .adv_w = 144, .box_w = 9, .box_h = 13, .ofs_x = 0, .ofs_y = 0},
    {.bitmap_index = 29066, .adv_w = 144, .box_w = 9, .box_h = 9, .ofs_x = 0, .ofs_y = 0},
    {.bitmap_index = 29107, .adv_w = 144, .box_w = 9, .box_h = 16, .ofs_x = 0, .ofs_y = -3},
    {.bitmap_index = 29179, .adv_w = 144, .box_w = 9, .box_h = 12, .ofs_x = 0, .ofs_y = -3},
    {.bitmap_index = 29233, .adv_w = 144, .box_w = 9, .box_h = 17, .ofs_x = 0, .ofs_y = -4},
    {.bitmap_index = 29310, .adv_w = 144, .box_w = 9, .box_h = 13, .ofs_x = 0, .ofs_y = -4},
    {.bitmap_index = 29369, .adv_w = 144, .box_w = 9, .box_h = 16, .ofs_x = 0, .ofs_y = -3},
    {.bitmap_index = 29441, .adv_w = 144, .box_w = 9, .box_h = 12, .ofs_x = 0, .ofs_y = -3},
    {.bitmap_index = 29495, .adv_w = 144, .box_w = 9, .box_h = 13, .ofs_x = 0, .ofs_y = 0},
    {.bitmap_index = 29554, .adv_w = 144, .box_w = 9, .box_h = 9, .ofs_x = 0, .ofs_y = 0},
    {.bitmap_index = 29595, .adv_w = 144, .box_w = 9, .box_h = 16, .ofs_x = 0, .ofs_y = -3},
    {.bitmap_index = 29667, .adv_w = 144, .box_w = 9, .box_h = 12, .ofs_x = 0, .ofs_y = -3},
    {.bitmap_index = 29721, .adv_w = 144, .box_w = 9, .box_h = 17, .ofs_x = 0, .ofs_y = -4},
    {.bitmap_index = 29798, .adv_w = 144, .box_w = 9, .box_h = 13, .ofs_x = 0, .ofs_y = -4},
    {.bitmap_index = 29857, .adv_w = 144, .box_w = 9, .box_h = 13, .ofs_x = 0, .ofs_y = 0},
    {.bitmap_index = 29916, .adv_w = 144, .box_w = 9, .box_h = 13, .ofs_x = 0, .ofs_y = -4},
    {.bitmap_index = 29975, .adv_w = 144, .box_w = 9, .box_h = 13, .ofs_x = 0, .ofs_y = 0},
    {.bitmap_index = 30034, .adv_w = 144, .box_w = 9, .box_h = 13, .ofs_x = 0, .ofs_y = -4},
    {.bitmap_index = 30093, .adv_w = 144, .box_w = 9, .box_h = 16, .ofs_x = 0, .ofs_y = -3},
    {.bitmap_index = 30165, .adv_w = 144, .box_w = 9, .box_h = 12, .ofs_x = 0, .ofs_y = -3},
    {.bitmap_index = 30219, .adv_w = 144, .box_w = 9, .box_h = 16, .ofs_x = 0, .ofs_y = -3},
    {.bitmap_index = 30291, .adv_w = 144, .box_w = 9, .box_h = 12, .ofs_x = 0, .ofs_y = -3},
    {.bitmap_index = 30345, .adv_w = 144, .box_w = 9, .box_h = 13, .ofs_x = 0, .ofs_y = 0},
    {.bitmap_index = 30404, .adv_w = 144, .box_w = 9, .box_h = 13, .ofs_x = 0, .ofs_y = 0},
    {.bitmap_index = 30463, .adv_w = 144, .box_w = 7, .box_h = 13, .ofs_x = 1, .ofs_y = 0},
    {.bitmap_index = 30509, .adv_w = 144, .box_w = 9, .box_h = 17, .ofs_x = 0, .ofs_y = -4},
    {.bitmap_index = 30586, .adv_w = 144, .box_w = 9, .box_h = 13, .ofs_x = 0, .ofs_y = -4},
    {.bitmap_index = 30645, .adv_w = 144, .box_w = 9, .box_h = 17, .ofs_x = 0, .ofs_y = -4},
    {.bitmap_index = 30722, .adv_w = 144, .box_w = 9, .box_h = 13, .ofs_x = 0, .ofs_y = -4},
    {.bitmap_index = 30781, .adv_w = 144, .box_w = 7, .box_h = 13, .ofs_x = 1, .ofs_y = 0},
    {.bitmap_index = 30827, .adv_w = 144, .box_w = 9, .box_h = 13, .ofs_x = 0, .ofs_y = 0},
    {.bitmap_index = 30886, .adv_w = 144, .box_w = 9, .box_h = 9, .ofs_x = 0, .ofs_y = 0},
    {.bitmap_index = 30927, .adv_w = 144, .box_w = 9, .box_h = 17, .ofs_x = 0, .ofs_y = 0},
    {.bitmap_index = 31004, .adv_w = 144, .box_w = 9, .box_h = 13, .ofs_x = 0, .ofs_y = 0},
    {.bitmap_index = 31063, .adv_w = 144, .box_w = 9, .box_h = 13, .ofs_x = 0, .ofs_y = 0},
    {.bitmap_index = 31122, .adv_w = 144, .box_w = 9, .box_h = 9, .ofs_x = 0, .ofs_y = 0},
    {.bitmap_index = 31163, .adv_w = 144, .box_w = 9, .box_h = 17, .ofs_x = 0, .ofs_y = 0},
    {.bitmap_index = 31240, .adv_w = 144, .box_w = 9, .box_h = 17, .ofs_x = 0, .ofs_y = -4},
    {.bitmap_index = 31317, .adv_w = 144, .box_w = 9, .box_h = 17, .ofs_x = 0, .ofs_y = -4},
    {.bitmap_index = 31394, .adv_w = 144, .box_w = 9, .box_h = 13, .ofs_x = 0, .ofs_y = -4},
    {.bitmap_index = 31453, .adv_w = 144, .box_w = 9, .box_h = 14, .ofs_x = 0, .ofs_y = 0},
    {.bitmap_index = 31516, .adv_w = 144, .box_w = 9, .box_h = 17, .ofs_x = 0, .ofs_y = -4},
    {.bitmap_index = 31593, .adv_w = 144, .box_w = 9, .box_h = 17, .ofs_x = 0, .ofs_y = -4},
    {.bitmap_index = 31670, .adv_w = 144, .box_w = 9, .box_h = 17, .ofs_x = 0, .ofs_y = -4},
    {.bitmap_index = 31747, .adv_w = 144, .box_w = 9, .box_h = 17, .ofs_x = 0, .ofs_y = -4},
    {.bitmap_index = 31824, .adv_w = 144, .box_w = 9, .box_h = 17, .ofs_x = 0, .ofs_y = -4},
    {.bitmap_index = 31901, .adv_w = 144, .box_w = 9, .box_h = 17, .ofs_x = 0, .ofs_y = -4},
    {.bitmap_index = 31978, .adv_w = 144, .box_w = 9, .box_h = 17, .ofs_x = 0, .ofs_y = -4},
    {.bitmap_index = 32055, .adv_w = 144, .box_w = 8, .box_h = 17, .ofs_x = 1, .ofs_y = -4},
    {.bitmap_index = 32123, .adv_w = 144, .box_w = 9, .box_h = 17, .ofs_x = 0, .ofs_y = 0},
    {.bitmap_index = 32200, .adv_w = 144, .box_w = 9, .box_h = 13, .ofs_x = 0, .ofs_y = 0},
    {.bitmap_index = 32259, .adv_w = 144, .box_w = 9, .box_h = 17, .ofs_x = 0, .ofs_y = -4},
    {.bitmap_index = 32336, .adv_w = 144, .box_w = 9, .box_h = 13, .ofs_x = 0, .ofs_y = -4},
    {.bitmap_index = 32395, .adv_w = 144, .box_w = 9, .box_h = 17, .ofs_x = 0, .ofs_y = -4},
    {.bitmap_index = 32472, .adv_w = 144, .box_w = 9, .box_h = 13, .ofs_x = 0, .ofs_y = -4},
    {.bitmap_index = 32531, .adv_w = 144, .box_w = 9, .box_h = 17, .ofs_x = 0, .ofs_y = -4},
    {.bitmap_index = 32608, .adv_w = 144, .box_w = 7, .box_h = 13, .ofs_x = 1, .ofs_y = -4},
    {.bitmap_index = 32654, .adv_w = 144, .box_w = 9, .box_h = 17, .ofs_x = 0, .ofs_y = -4},
    {.bitmap_index = 32731, .adv_w = 144, .box_w = 8, .box_h = 15, .ofs_x = 0, .ofs_y = -4},
    {.bitmap_index = 32791, .adv_w = 144, .box_w = 9, .box_h = 17, .ofs_x = 0, .ofs_y = 0},
    {.bitmap_index = 32868, .adv_w = 144, .box_w = 9, .box_h = 14, .ofs_x = 0, .ofs_y = 0},
    {.bitmap_index = 32931, .adv_w = 144, .box_w = 9, .box_h = 17, .ofs_x = 0, .ofs_y = 0},
    {.bitmap_index = 33008, .adv_w = 144, .box_w = 9, .box_h = 14, .ofs_x = 0, .ofs_y = 0},
    {.bitmap_index = 33071, .adv_w = 144, .box_w = 9, .box_h = 17, .ofs_x = 0, .ofs_y = 0},
    {.bitmap_index = 33148, .adv_w = 144, .box_w = 9, .box_h = 13, .ofs_x = 0, .ofs_y = 0},
    {.bitmap_index = 33207, .adv_w = 144, .box_w = 9, .box_h = 17, .ofs_x = 0, .ofs_y = -4},
    {.bitmap_index = 33284, .adv_w = 144, .box_w = 9, .box_h = 13, .ofs_x = 0, .ofs_y = -4},
    {.bitmap_index = 33343, .adv_w = 144, .box_w = 9, .box_h = 13, .ofs_x = 0, .ofs_y = 0},
    {.bitmap_index = 33402, .adv_w = 144, .box_w = 9, .box_h = 17, .ofs_x = 0, .ofs_y = -4},
    {.bitmap_index = 33479, .adv_w = 144, .box_w = 9, .box_h = 13, .ofs_x = 0, .ofs_y = -4},
    {.bitmap_index = 33538, .adv_w = 144, .box_w = 9, .box_h = 18, .ofs_x = 0, .ofs_y = 0},
    {.bitmap_index = 33619, .adv_w = 144, .box_w = 9, .box_h = 13, .ofs_x = 0, .ofs_y = 0},
    {.bitmap_index = 33678, .adv_w = 144, .box_w = 10, .box_h = 17, .ofs_x = 0, .ofs_y = 0},
    {.bitmap_index = 33763, .adv_w = 144, .box_w = 9, .box_h = 17, .ofs_x = 0, .ofs_y = 0},
    {.bitmap_index = 33840, .adv_w = 144, .box_w = 10, .box_h = 17, .ofs_x = -1, .ofs_y = 0},
    {.bitmap_index = 33925, .adv_w = 144, .box_w = 9, .box_h = 17, .ofs_x = 0, .ofs_y = 0},
    {.bitmap_index = 34002, .adv_w = 144, .box_w = 10, .box_h = 17, .ofs_x = 0, .ofs_y = 0},
    {.bitmap_index = 34087, .adv_w = 144, .box_w = 9, .box_h = 18, .ofs_x = 0, .ofs_y = 0},
    {.bitmap_index = 34168, .adv_w = 144, .box_w = 9, .box_h = 17, .ofs_x = 0, .ofs_y = 0},
    {.bitmap_index = 34245, .adv_w = 144, .box_w = 9, .box_h = 17, .ofs_x = 0, .ofs_y = 0},
    {.bitmap_index = 34322, .adv_w = 144, .box_w = 9, .box_h = 21, .ofs_x = 0, .ofs_y = -4},
    {.bitmap_index = 34417, .adv_w = 144, .box_w = 9, .box_h = 18, .ofs_x = 0, .ofs_y = -4},
    {.bitmap_index = 34498, .adv_w = 144, .box_w = 9, .box_h = 17, .ofs_x = 0, .ofs_y = 0},
    {.bitmap_index = 34575, .adv_w = 144, .box_w = 9, .box_h = 17, .ofs_x = 0, .ofs_y = 0},
    {.bitmap_index = 34652, .adv_w = 144, .box_w = 9, .box_h = 17, .ofs_x = 0, .ofs_y = 0},
    {.bitmap_index = 34729, .adv_w = 144, .box_w = 9, .box_h = 17, .ofs_x = 0, .ofs_y = 0},
    {.bitmap_index = 34806, .adv_w = 144, .box_w = 9, .box_h = 17, .ofs_x = 0, .ofs_y = 0},
    {.bitmap_index = 34883, .adv_w = 144, .box_w = 9, .box_h = 18, .ofs_x = 0, .ofs_y = 0},
    {.bitmap_index = 34964, .adv_w = 144, .box_w = 9, .box_h = 17, .ofs_x = 0, .ofs_y = 0},
    {.bitmap_index = 35041, .adv_w = 144, .box_w = 9, .box_h = 17, .ofs_x = 0, .ofs_y = 0},
    {.bitmap_index = 35118, .adv_w = 144, .box_w = 9, .box_h = 21, .ofs_x = 0, .ofs_y = -4},
    {.bitmap_index = 35213, .adv_w = 144, .box_w = 9, .box_h = 18, .ofs_x = 0, .ofs_y = -4},
    {.bitmap_index = 35294, .adv_w = 144, .box_w = 7, .box_h = 17, .ofs_x = 1, .ofs_y = -4},
    {.bitmap_index = 35354, .adv_w = 144, .box_w = 9, .box_h = 13, .ofs_x = 0, .ofs_y = -4},
    {.bitmap_index = 35413, .adv_w = 144, .box_w = 7, .box_h = 18, .ofs_x = 1, .ofs_y = 0},
    {.bitmap_index = 35476, .adv_w = 144, .box_w = 9, .box_h = 13, .ofs_x = 0, .ofs_y = 0},
    {.bitmap_index = 35535, .adv_w = 144, .box_w = 9, .box_h = 17, .ofs_x = 1, .ofs_y = 0},
    {.bitmap_index = 35612, .adv_w = 144, .box_w = 9, .box_h = 17, .ofs_x = 0, .ofs_y = 0},
    {.bitmap_index = 35689, .adv_w = 144, .box_w = 9, .box_h = 17, .ofs_x = -1, .ofs_y = 0},
    {.bitmap_index = 35766, .adv_w = 144, .box_w = 9, .box_h = 17, .ofs_x = 0, .ofs_y = 0},
    {.bitmap_index = 35843, .adv_w = 144, .box_w = 9, .box_h = 17, .ofs_x = 1, .ofs_y = 0},
    {.bitmap_index = 35920, .adv_w = 144, .box_w = 9, .box_h = 18, .ofs_x = 0, .ofs_y = 0},
    {.bitmap_index = 36001, .adv_w = 144, .box_w = 9, .box_h = 17, .ofs_x = 0, .ofs_y = 0},
    {.bitmap_index = 36078, .adv_w = 144, .box_w = 9, .box_h = 17, .ofs_x = 0, .ofs_y = 0},
    {.bitmap_index = 36155, .adv_w = 144, .box_w = 7, .box_h = 21, .ofs_x = 1, .ofs_y = -4},
    {.bitmap_index = 36229, .adv_w = 144, .box_w = 9, .box_h = 18, .ofs_x = 0, .ofs_y = -4},
    {.bitmap_index = 36310, .adv_w = 144, .box_w = 7, .box_h = 18, .ofs_x = 1, .ofs_y = 0},
    {.bitmap_index = 36373, .adv_w = 144, .box_w = 7, .box_h = 13, .ofs_x = 1, .ofs_y = 0},
    {.bitmap_index = 36419, .adv_w = 144, .box_w = 7, .box_h = 17, .ofs_x = 1, .ofs_y = -4},
    {.bitmap_index = 36479, .adv_w = 144, .box_w = 7, .box_h = 17, .ofs_x = 1, .ofs_y = -4},
    {.bitmap_index = 36539, .adv_w = 144, .box_w = 9, .box_h = 17, .ofs_x = 0, .ofs_y = -4},
    {.bitmap_index = 36616, .adv_w = 144, .box_w = 9, .box_h = 13, .ofs_x = 0, .ofs_y = -4},
    {.bitmap_index = 36675, .adv_w = 144, .box_w = 9, .box_h = 18, .ofs_x = 0, .ofs_y = 0},
    {.bitmap_index = 36756, .adv_w = 144, .box_w = 9, .box_h = 13, .ofs_x = 0, .ofs_y = 0},
    {.bitmap_index = 36815, .adv_w = 144, .box_w = 11, .box_h = 17, .ofs_x = 0, .ofs_y = 0},
    {.bitmap_index = 36909, .adv_w = 144, .box_w = 9, .box_h = 17, .ofs_x = 0, .ofs_y = 0},
    {.bitmap_index = 36986, .adv_w = 144, .box_w = 10, .box_h = 17, .ofs_x = -1, .ofs_y = 0},
    {.bitmap_index = 37071, .adv_w = 144, .box_w = 9, .box_h = 17, .ofs_x = 0, .ofs_y = 0},
    {.bitmap_index = 37148, .adv_w = 144, .box_w = 10, .box_h = 17, .ofs_x = 0, .ofs_y = 0},
    {.bitmap_index = 37233, .adv_w = 144, .box_w = 9, .box_h = 18, .ofs_x = 0, .ofs_y = 0},
    {.bitmap_index = 37314, .adv_w = 144, .box_w = 9, .box_h = 17, .ofs_x = 0, .ofs_y = 0},
    {.bitmap_index = 37391, .adv_w = 144, .box_w = 9, .box_h = 17, .ofs_x = 0, .ofs_y = 0},
    {.bitmap_index = 37468, .adv_w = 144, .box_w = 9, .box_h = 21, .ofs_x = 0, .ofs_y = -4},
    {.bitmap_index = 37563, .adv_w = 144, .box_w = 9, .box_h = 18, .ofs_x = 0, .ofs_y = -4},
    {.bitmap_index = 37644, .adv_w = 144, .box_w = 11, .box_h = 18, .ofs_x = 0, .ofs_y = 0},
    {.bitmap_index = 37743, .adv_w = 144, .box_w = 10, .box_h = 14, .ofs_x = 0, .ofs_y = 0},
    {.bitmap_index = 37813, .adv_w = 144, .box_w = 11, .box_h = 18, .ofs_x = 0, .ofs_y = 0},
    {.bitmap_index = 37912, .adv_w = 144, .box_w = 10, .box_h = 14, .ofs_x = 0, .ofs_y = 0},
    {.bitmap_index = 37982, .adv_w = 144, .box_w = 11, .box_h = 18, .ofs_x = 0, .ofs_y = 0},
    {.bitmap_index = 38081, .adv_w = 144, .box_w = 10, .box_h = 13, .ofs_x = 0, .ofs_y = 0},
    {.bitmap_index = 38146, .adv_w = 144, .box_w = 11, .box_h = 17, .ofs_x = 0, .ofs_y = 0},
    {.bitmap_index = 38240, .adv_w = 144, .box_w = 10, .box_h = 13, .ofs_x = 0, .ofs_y = 0},
    {.bitmap_index = 38305, .adv_w = 144, .box_w = 11, .box_h = 20, .ofs_x = 0, .ofs_y = -4},
    {.bitmap_index = 38415, .adv_w = 144, .box_w = 10, .box_h = 16, .ofs_x = 0, .ofs_y = -4},
    {.bitmap_index = 38495, .adv_w = 144, .box_w = 9, .box_h = 17, .ofs_x = 0, .ofs_y = -4},
    {.bitmap_index = 38572, .adv_w = 144, .box_w = 9, .box_h = 13, .ofs_x = 0, .ofs_y = -4},
    {.bitmap_index = 38631, .adv_w = 144, .box_w = 9, .box_h = 18, .ofs_x = 0, .ofs_y = 0},
    {.bitmap_index = 38712, .adv_w = 144, .box_w = 9, .box_h = 13, .ofs_x = 0, .ofs_y = 0},
    {.bitmap_index = 38771, .adv_w = 144, .box_w = 11, .box_h = 18, .ofs_x = 0, .ofs_y = 0},
    {.bitmap_index = 38870, .adv_w = 144, .box_w = 10, .box_h = 14, .ofs_x = 0, .ofs_y = 0},
    {.bitmap_index = 38940, .adv_w = 144, .box_w = 11, .box_h = 18, .ofs_x = 0, .ofs_y = 0},
    {.bitmap_index = 39039, .adv_w = 144, .box_w = 10, .box_h = 14, .ofs_x = 0, .ofs_y = 0},
    {.bitmap_index = 39109, .adv_w = 144, .box_w = 11, .box_h = 18, .ofs_x = 0, .ofs_y = 0},
    {.bitmap_index = 39208, .adv_w = 144, .box_w = 10, .box_h = 13, .ofs_x = 0, .ofs_y = 0},
    {.bitmap_index = 39273, .adv_w = 144, .box_w = 11, .box_h = 17, .ofs_x = 0, .ofs_y = 0},
    {.bitmap_index = 39367, .adv_w = 144, .box_w = 10, .box_h = 13, .ofs_x = 0, .ofs_y = 0},
    {.bitmap_index = 39432, .adv_w = 144, .box_w = 11, .box_h = 20, .ofs_x = 0, .ofs_y = -4},
    {.bitmap_index = 39542, .adv_w = 144, .box_w = 10, .box_h = 16, .ofs_x = 0, .ofs_y = -4},
    {.bitmap_index = 39622, .adv_w = 144, .box_w = 9, .box_h = 17, .ofs_x = 0, .ofs_y = 0},
    {.bitmap_index = 39699, .adv_w = 144, .box_w = 9, .box_h = 17, .ofs_x = 0, .ofs_y = -4},
    {.bitmap_index = 39776, .adv_w = 144, .box_w = 9, .box_h = 18, .ofs_x = 0, .ofs_y = 0},
    {.bitmap_index = 39857, .adv_w = 144, .box_w = 9, .box_h = 17, .ofs_x = 0, .ofs_y = -4},
    {.bitmap_index = 39934, .adv_w = 144, .box_w = 7, .box_h = 2, .ofs_x = 1, .ofs_y = 6},
    {.bitmap_index = 39941, .adv_w = 144, .box_w = 9, .box_h = 2, .ofs_x = 0, .ofs_y = 6},
    {.bitmap_index = 39950, .adv_w = 144, .box_w = 7, .box_h = 17, .ofs_x = 1, .ofs_y = -3},
    {.bitmap_index = 40010, .adv_w = 144, .box_w = 9, .box_h = 5, .ofs_x = 0, .ofs_y = -5},
    {.bitmap_index = 40033, .adv_w = 144, .box_w = 3, .box_h = 6, .ofs_x = 3, .ofs_y = 7},
    {.bitmap_index = 40042, .adv_w = 144, .box_w = 3, .box_h = 6, .ofs_x = 3, .ofs_y = 7},
    {.bitmap_index = 40051, .adv_w = 144, .box_w = 4, .box_h = 6, .ofs_x = 2, .ofs_y = -3},
    {.bitmap_index = 40063, .adv_w = 144, .box_w = 3, .box_h = 6, .ofs_x = 3, .ofs_y = 7},
    {.bitmap_index = 40072, .adv_w = 144, .box_w = 7, .box_h = 6, .ofs_x = 1, .ofs_y = 7},
    {.bitmap_index = 40093, .adv_w = 144, .box_w = 7, .box_h = 6, .ofs_x = 1, .ofs_y = 7},
    {.bitmap_index = 40114, .adv_w = 144, .box_w = 7, .box_h = 6, .ofs_x = 1, .ofs_y = -3},
    {.bitmap_index = 40135, .adv_w = 144, .box_w = 7, .box_h = 6, .ofs_x = 1, .ofs_y = 7},
    {.bitmap_index = 40156, .adv_w = 144, .box_w = 9, .box_h = 13, .ofs_x = 0, .ofs_y = 0},
    {.bitmap_index = 40215, .adv_w = 144, .box_w = 9, .box_h = 13, .ofs_x = 0, .ofs_y = 0},
    {.bitmap_index = 40274, .adv_w = 144, .box_w = 7, .box_h = 7, .ofs_x = 1, .ofs_y = 3},
    {.bitmap_index = 40299, .adv_w = 144, .box_w = 9, .box_h = 3, .ofs_x = 0, .ofs_y = 0},
    {.bitmap_index = 40313, .adv_w = 144, .box_w = 10, .box_h = 13, .ofs_x = 0, .ofs_y = 0},
    {.bitmap_index = 40378, .adv_w = 144, .box_w = 5, .box_h = 6, .ofs_x = 2, .ofs_y = 7},
    {.bitmap_index = 40393, .adv_w = 144, .box_w = 9, .box_h = 6, .ofs_x = 0, .ofs_y = 7},
    {.bitmap_index = 40420, .adv_w = 144, .box_w = 7, .box_h = 10, .ofs_x = 1, .ofs_y = -1},
    {.bitmap_index = 40455, .adv_w = 144, .box_w = 7, .box_h = 10, .ofs_x = 1, .ofs_y = -1},
    {.bitmap_index = 40490, .adv_w = 144, .box_w = 9, .box_h = 13, .ofs_x = 0, .ofs_y = 0},
    {.bitmap_index = 40549, .adv_w = 144, .box_w = 9, .box_h = 3, .ofs_x = 0, .ofs_y = 15},
    {.bitmap_index = 40563, .adv_w = 144, .box_w = 9, .box_h = 4, .ofs_x = 0, .ofs_y = 5},
    {.bitmap_index = 40581, .adv_w = 144, .box_w = 9, .box_h = 13, .ofs_x = 0, .ofs_y = 0},
    {.bitmap_index = 40640, .adv_w = 144, .box_w = 3, .box_h = 19, .ofs_x = 3, .ofs_y = -3},
    {.bitmap_index = 40669, .adv_w = 144, .box_w = 5, .box_h = 7, .ofs_x = 2, .ofs_y = 6},
    {.bitmap_index = 40687, .adv_w = 144, .box_w = 6, .box_h = 10, .ofs_x = 2, .ofs_y = 6},
    {.bitmap_index = 40717, .adv_w = 144, .box_w = 5, .box_h = 7, .ofs_x = 2, .ofs_y = 6},
    {.bitmap_index = 40735, .adv_w = 144, .box_w = 5, .box_h = 7, .ofs_x = 2, .ofs_y = 6},
    {.bitmap_index = 40753, .adv_w = 144, .box_w = 5, .box_h = 7, .ofs_x = 2, .ofs_y = 6},
    {.bitmap_index = 40771, .adv_w = 144, .box_w = 5, .box_h = 7, .ofs_x = 2, .ofs_y = 6},
    {.bitmap_index = 40789, .adv_w = 144, .box_w = 5, .box_h = 7, .ofs_x = 2, .ofs_y = 6},
    {.bitmap_index = 40807, .adv_w = 144, .box_w = 5, .box_h = 7, .ofs_x = 2, .ofs_y = 6},
    {.bitmap_index = 40825, .adv_w = 144, .box_w = 7, .box_h = 6, .ofs_x = 1, .ofs_y = 7},
    {.bitmap_index = 40846, .adv_w = 144, .box_w = 7, .box_h = 3, .ofs_x = 1, .ofs_y = 9},
    {.bitmap_index = 40857, .adv_w = 144, .box_w = 7, .box_h = 6, .ofs_x = 1, .ofs_y = 8},
    {.bitmap_index = 40878, .adv_w = 144, .box_w = 6, .box_h = 13, .ofs_x = 2, .ofs_y = 4},
    {.bitmap_index = 40917, .adv_w = 144, .box_w = 6, .box_h = 13, .ofs_x = 1, .ofs_y = 4},
    {.bitmap_index = 40956, .adv_w = 144, .box_w = 7, .box_h = 7, .ofs_x = 1, .ofs_y = 6},
    {.bitmap_index = 40981, .adv_w = 144, .box_w = 5, .box_h = 7, .ofs_x = 2, .ofs_y = 0},
    {.bitmap_index = 40999, .adv_w = 144, .box_w = 3, .box_h = 8, .ofs_x = 3, .ofs_y = 0},
    {.bitmap_index = 41011, .adv_w = 144, .box_w = 5, .box_h = 7, .ofs_x = 2, .ofs_y = 0},
    {.bitmap_index = 41029, .adv_w = 144, .box_w = 5, .box_h = 7, .ofs_x = 2, .ofs_y = 0},
    {.bitmap_index = 41047, .adv_w = 144, .box_w = 5, .box_h = 7, .ofs_x = 2, .ofs_y = 0},
    {.bitmap_index = 41065, .adv_w = 144, .box_w = 5, .box_h = 7, .ofs_x = 2, .ofs_y = 0},
    {.bitmap_index = 41083, .adv_w = 144, .box_w = 5, .box_h = 7, .ofs_x = 2, .ofs_y = 0},
    {.bitmap_index = 41101, .adv_w = 144, .box_w = 5, .box_h = 7, .ofs_x = 2, .ofs_y = 0},
    {.bitmap_index = 41119, .adv_w = 144, .box_w = 5, .box_h = 7, .ofs_x = 2, .ofs_y = 0},
    {.bitmap_index = 41137, .adv_w = 144, .box_w = 5, .box_h = 7, .ofs_x = 2, .ofs_y = 0},
    {.bitmap_index = 41155, .adv_w = 144, .box_w = 7, .box_h = 7, .ofs_x = 1, .ofs_y = 0},
    {.bitmap_index = 41180, .adv_w = 144, .box_w = 7, .box_h = 7, .ofs_x = 1, .ofs_y = 0},
    {.bitmap_index = 41205, .adv_w = 144, .box_w = 7, .box_h = 7, .ofs_x = 1, .ofs_y = 0},
    {.bitmap_index = 41230, .adv_w = 144, .box_w = 7, .box_h = 7, .ofs_x = 1, .ofs_y = 0},
    {.bitmap_index = 41255, .adv_w = 144, .box_w = 7, .box_h = 7, .ofs_x = 1, .ofs_y = 0},
    {.bitmap_index = 41280, .adv_w = 144, .box_w = 9, .box_h = 13, .ofs_x = 0, .ofs_y = 0},
    {.bitmap_index = 41339, .adv_w = 144, .box_w = 9, .box_h = 11, .ofs_x = 0, .ofs_y = 0},
    {.bitmap_index = 41389, .adv_w = 144, .box_w = 9, .box_h = 13, .ofs_x = 0, .ofs_y = 0},
    {.bitmap_index = 41448, .adv_w = 144, .box_w = 9, .box_h = 13, .ofs_x = 0, .ofs_y = 0},
    {.bitmap_index = 41507, .adv_w = 144, .box_w = 9, .box_h = 13, .ofs_x = 0, .ofs_y = 0},
    {.bitmap_index = 41566, .adv_w = 144, .box_w = 9, .box_h = 13, .ofs_x = 0, .ofs_y = 0},
    {.bitmap_index = 41625, .adv_w = 144, .box_w = 9, .box_h = 13, .ofs_x = 0, .ofs_y = 0},
    {.bitmap_index = 41684, .adv_w = 144, .box_w = 9, .box_h = 13, .ofs_x = 0, .ofs_y = 0},
    {.bitmap_index = 41743, .adv_w = 144, .box_w = 9, .box_h = 13, .ofs_x = 0, .ofs_y = 0},
    {.bitmap_index = 41802, .adv_w = 144, .box_w = 9, .box_h = 14, .ofs_x = 0, .ofs_y = 0},
    {.bitmap_index = 41865, .adv_w = 144, .box_w = 9, .box_h = 13, .ofs_x = 0, .ofs_y = 0},
    {.bitmap_index = 41924, .adv_w = 144, .box_w = 9, .box_h = 13, .ofs_x = 0, .ofs_y = 0},
    {.bitmap_index = 41983, .adv_w = 144, .box_w = 9, .box_h = 13, .ofs_x = 0, .ofs_y = 0},
    {.bitmap_index = 42042, .adv_w = 144, .box_w = 9, .box_h = 14, .ofs_x = 0, .ofs_y = 0},
    {.bitmap_index = 42105, .adv_w = 144, .box_w = 9, .box_h = 16, .ofs_x = 0, .ofs_y = -1},
    {.bitmap_index = 42177, .adv_w = 144, .box_w = 9, .box_h = 15, .ofs_x = 0, .ofs_y = -1},
    {.bitmap_index = 42245, .adv_w = 144, .box_w = 9, .box_h = 14, .ofs_x = 0, .ofs_y = 0},
    {.bitmap_index = 42308, .adv_w = 144, .box_w = 9, .box_h = 15, .ofs_x = 0, .ofs_y = -1},
    {.bitmap_index = 42376, .adv_w = 144, .box_w = 9, .box_h = 7, .ofs_x = 0, .ofs_y = 7},
    {.bitmap_index = 42408, .adv_w = 144, .box_w = 9, .box_h = 12, .ofs_x = 0, .ofs_y = -1},
    {.bitmap_index = 42462, .adv_w = 144, .box_w = 9, .box_h = 14, .ofs_x = 0, .ofs_y = 0},
    {.bitmap_index = 42525, .adv_w = 144, .box_w = 10, .box_h = 16, .ofs_x = -1, .ofs_y = -1},
    {.bitmap_index = 42605, .adv_w = 144, .box_w = 9, .box_h = 9, .ofs_x = 0, .ofs_y = 0},
    {.bitmap_index = 42646, .adv_w = 144, .box_w = 11, .box_h = 14, .ofs_x = -1, .ofs_y = 0},
    {.bitmap_index = 42723, .adv_w = 144, .box_w = 11, .box_h = 13, .ofs_x = -1, .ofs_y = 0},
    {.bitmap_index = 42795, .adv_w = 144, .box_w = 11, .box_h = 14, .ofs_x = -1, .ofs_y = 0},
    {.bitmap_index = 42872, .adv_w = 144, .box_w = 11, .box_h = 13, .ofs_x = -1, .ofs_y = 0},
    {.bitmap_index = 42944, .adv_w = 144, .box_w = 11, .box_h = 13, .ofs_x = -1, .ofs_y = 0},
    {.bitmap_index = 43016, .adv_w = 144, .box_w = 11, .box_h = 13, .ofs_x = -1, .ofs_y = 0},
    {.bitmap_index = 43088, .adv_w = 144, .box_w = 9, .box_h = 7, .ofs_x = 0, .ofs_y = 4},
    {.bitmap_index = 43120, .adv_w = 144, .box_w = 7, .box_h = 12, .ofs_x = 1, .ofs_y = 1},
    {.bitmap_index = 43162, .adv_w = 144, .box_w = 9, .box_h = 7, .ofs_x = 0, .ofs_y = 4},
    {.bitmap_index = 43194, .adv_w = 144, .box_w = 7, .box_h = 12, .ofs_x = 1, .ofs_y = 1},
    {.bitmap_index = 43236, .adv_w = 144, .box_w = 7, .box_h = 12, .ofs_x = 1, .ofs_y = 1},
    {.bitmap_index = 43278, .adv_w = 144, .box_w = 9, .box_h = 7, .ofs_x = 0, .ofs_y = 4},
    {.bitmap_index = 43310, .adv_w = 144, .box_w = 9, .box_h = 10, .ofs_x = 0, .ofs_y = 2},
    {.bitmap_index = 43355, .adv_w = 144, .box_w = 9, .box_h = 10, .ofs_x = 0, .ofs_y = 2},
    {.bitmap_index = 43400, .adv_w = 144, .box_w = 9, .box_h = 10, .ofs_x = 0, .ofs_y = 2},
    {.bitmap_index = 43445, .adv_w = 144, .box_w = 9, .box_h = 10, .ofs_x = 0, .ofs_y = 2},
    {.bitmap_index = 43490, .adv_w = 144, .box_w = 9, .box_h = 15, .ofs_x = 0, .ofs_y = 0},
    {.bitmap_index = 43558, .adv_w = 144, .box_w = 9, .box_h = 10, .ofs_x = 0, .ofs_y = 2},
    {.bitmap_index = 43603, .adv_w = 144, .box_w = 9, .box_h = 8, .ofs_x = 0, .ofs_y = 3},
    {.bitmap_index = 43639, .adv_w = 144, .box_w = 9, .box_h = 14, .ofs_x = 0, .ofs_y = 0},
    {.bitmap_index = 43702, .adv_w = 144, .box_w = 9, .box_h = 15, .ofs_x = 0, .ofs_y = -1},
    {.bitmap_index = 43770, .adv_w = 144, .box_w = 11, .box_h = 18, .ofs_x = -1, .ofs_y = -2},
    {.bitmap_index = 43869, .adv_w = 144, .box_w = 9, .box_h = 11, .ofs_x = 0, .ofs_y = 2},
    {.bitmap_index = 43919, .adv_w = 144, .box_w = 9, .box_h = 12, .ofs_x = 0, .ofs_y = 0},
    {.bitmap_index = 43973, .adv_w = 144, .box_w = 9, .box_h = 19, .ofs_x = 0, .ofs_y = -4},
    {.bitmap_index = 44059, .adv_w = 144, .box_w = 9, .box_h = 17, .ofs_x = 0, .ofs_y = -3},
    {.bitmap_index = 44136, .adv_w = 144, .box_w = 9, .box_h = 3, .ofs_x = 0, .ofs_y = 5},
    {.bitmap_index = 44150, .adv_w = 144, .box_w = 9, .box_h = 15, .ofs_x = 0, .ofs_y = 0},
    {.bitmap_index = 44218, .adv_w = 144, .box_w = 3, .box_h = 3, .ofs_x = 3, .ofs_y = 5},
    {.bitmap_index = 44223, .adv_w = 144, .box_w = 10, .box_h = 14, .ofs_x = 0, .ofs_y = 0},
    {.bitmap_index = 44293, .adv_w = 144, .box_w = 9, .box_h = 7, .ofs_x = 0, .ofs_y = 3},
    {.bitmap_index = 44325, .adv_w = 144, .box_w = 9, .box_h = 9, .ofs_x = 0, .ofs_y = 0},
    {.bitmap_index = 44366, .adv_w = 144, .box_w = 5, .box_h = 15, .ofs_x = 2, .ofs_y = 0},
    {.bitmap_index = 44404, .adv_w = 144, .box_w = 9, .box_h = 7, .ofs_x = 0, .ofs_y = 3},
    {.bitmap_index = 44436, .adv_w = 144, .box_w = 9, .box_h = 7, .ofs_x = 0, .ofs_y = 3},
    {.bitmap_index = 44468, .adv_w = 144, .box_w = 9, .box_h = 15, .ofs_x = 0, .ofs_y = 0},
    {.bitmap_index = 44536, .adv_w = 144, .box_w = 9, .box_h = 16, .ofs_x = 0, .ofs_y = -1},
    {.bitmap_index = 44608, .adv_w = 144, .box_w = 6, .box_h = 19, .ofs_x = 2, .ofs_y = -4},
    {.bitmap_index = 44665, .adv_w = 144, .box_w = 9, .box_h = 9, .ofs_x = 0, .ofs_y = 2},
    {.bitmap_index = 44706, .adv_w = 144, .box_w = 9, .box_h = 9, .ofs_x = 0, .ofs_y = 2},
    {.bitmap_index = 44747, .adv_w = 144, .box_w = 9, .box_h = 9, .ofs_x = 0, .ofs_y = 2},
    {.bitmap_index = 44788, .adv_w = 144, .box_w = 10, .box_h = 14, .ofs_x = -1, .ofs_y = 0},
    {.bitmap_index = 44858, .adv_w = 144, .box_w = 9, .box_h = 11, .ofs_x = 0, .ofs_y = 1},
    {.bitmap_index = 44908, .adv_w = 144, .box_w = 9, .box_h = 14, .ofs_x = 0, .ofs_y = -2},
    {.bitmap_index = 44971, .adv_w = 144, .box_w = 9, .box_h = 14, .ofs_x = 0, .ofs_y = -2},
    {.bitmap_index = 45034, .adv_w = 144, .box_w = 3, .box_h = 3, .ofs_x = 3, .ofs_y = 5},
    {.bitmap_index = 45039, .adv_w = 144, .box_w = 9, .box_h = 13, .ofs_x = 0, .ofs_y = 0},
    {.bitmap_index = 45098, .adv_w = 144, .box_w = 9, .box_h = 7, .ofs_x = 0, .ofs_y = 3},
    {.bitmap_index = 45130, .adv_w = 144, .box_w = 9, .box_h = 10, .ofs_x = 0, .ofs_y = -1},
    {.bitmap_index = 45175, .adv_w = 144, .box_w = 9, .box_h = 9, .ofs_x = 0, .ofs_y = 0},
    {.bitmap_index = 45216, .adv_w = 144, .box_w = 7, .box_h = 16, .ofs_x = 3, .ofs_y = -5},
    {.bitmap_index = 45272, .adv_w = 144, .box_w = 6, .box_h = 18, .ofs_x = 0, .ofs_y = 0},
    {.bitmap_index = 45326, .adv_w = 144, .box_w = 9, .box_h = 2, .ofs_x = 0, .ofs_y = 6},
    {.bitmap_index = 45335, .adv_w = 144, .box_w = 3, .box_h = 23, .ofs_x = 3, .ofs_y = -5},
    {.bitmap_index = 45370, .adv_w = 144, .box_w = 6, .box_h = 13, .ofs_x = 3, .ofs_y = -5},
    {.bitmap_index = 45409, .adv_w = 144, .box_w = 6, .box_h = 13, .ofs_x = 0, .ofs_y = -5},
    {.bitmap_index = 45448, .adv_w = 144, .box_w = 6, .box_h = 12, .ofs_x = 3, .ofs_y = 6},
    {.bitmap_index = 45484, .adv_w = 144, .box_w = 6, .box_h = 12, .ofs_x = 0, .ofs_y = 6},
    {.bitmap_index = 45520, .adv_w = 144, .box_w = 6, .box_h = 23, .ofs_x = 3, .ofs_y = -5},
    {.bitmap_index = 45589, .adv_w = 144, .box_w = 6, .box_h = 23, .ofs_x = 0, .ofs_y = -5},
    {.bitmap_index = 45658, .adv_w = 144, .box_w = 9, .box_h = 13, .ofs_x = 0, .ofs_y = -5},
    {.bitmap_index = 45717, .adv_w = 144, .box_w = 9, .box_h = 12, .ofs_x = 0, .ofs_y = 6},
    {.bitmap_index = 45771, .adv_w = 144, .box_w = 9, .box_h = 23, .ofs_x = 0, .ofs_y = -5},
    {.bitmap_index = 45875, .adv_w = 144, .box_w = 9, .box_h = 6, .ofs_x = 0, .ofs_y = 4},
    {.bitmap_index = 45902, .adv_w = 144, .box_w = 5, .box_h = 23, .ofs_x = 2, .ofs_y = -5},
    {.bitmap_index = 45960, .adv_w = 144, .box_w = 6, .box_h = 15, .ofs_x = 3, .ofs_y = -5},
    {.bitmap_index = 46005, .adv_w = 144, .box_w = 8, .box_h = 13, .ofs_x = 2, .ofs_y = -5},
    {.bitmap_index = 46057, .adv_w = 144, .box_w = 8, .box_h = 15, .ofs_x = 2, .ofs_y = -5},
    {.bitmap_index = 46117, .adv_w = 144, .box_w = 6, .box_h = 15, .ofs_x = 0, .ofs_y = -5},
    {.bitmap_index = 46162, .adv_w = 144, .box_w = 7, .box_h = 13, .ofs_x = 0, .ofs_y = -5},
    {.bitmap_index = 46208, .adv_w = 144, .box_w = 7, .box_h = 15, .ofs_x = 0, .ofs_y = -5},
    {.bitmap_index = 46261, .adv_w = 144, .box_w = 6, .box_h = 14, .ofs_x = 3, .ofs_y = 4},
    {.bitmap_index = 46303, .adv_w = 144, .box_w = 8, .box_h = 12, .ofs_x = 2, .ofs_y = 6},
    {.bitmap_index = 46351, .adv_w = 144, .box_w = 8, .box_h = 14, .ofs_x = 2, .ofs_y = 4},
    {.bitmap_index = 46407, .adv_w = 144, .box_w = 6, .box_h = 14, .ofs_x = 0, .ofs_y = 4},
    {.bitmap_index = 46449, .adv_w = 144, .box_w = 7, .box_h = 14, .ofs_x = 0, .ofs_y = 4},
    {.bitmap_index = 46498, .adv_w = 144, .box_w = 7, .box_h = 14, .ofs_x = 0, .ofs_y = 4},
    {.bitmap_index = 46547, .adv_w = 144, .box_w = 6, .box_h = 23, .ofs_x = 3, .ofs_y = -5},
    {.bitmap_index = 46616, .adv_w = 144, .box_w = 8, .box_h = 23, .ofs_x = 2, .ofs_y = -5},
    {.bitmap_index = 46708, .adv_w = 144, .box_w = 8, .box_h = 23, .ofs_x = 2, .ofs_y = -5},
    {.bitmap_index = 46800, .adv_w = 144, .box_w = 6, .box_h = 23, .ofs_x = 0, .ofs_y = -5},
    {.bitmap_index = 46869, .adv_w = 144, .box_w = 7, .box_h = 23, .ofs_x = 0, .ofs_y = -5},
    {.bitmap_index = 46950, .adv_w = 144, .box_w = 7, .box_h = 23, .ofs_x = 0, .ofs_y = -5},
    {.bitmap_index = 47031, .adv_w = 144, .box_w = 9, .box_h = 15, .ofs_x = 0, .ofs_y = -5},
    {.bitmap_index = 47099, .adv_w = 144, .box_w = 9, .box_h = 13, .ofs_x = 0, .ofs_y = -5},
    {.bitmap_index = 47158, .adv_w = 144, .box_w = 9, .box_h = 15, .ofs_x = 0, .ofs_y = -5},
    {.bitmap_index = 47226, .adv_w = 144, .box_w = 9, .box_h = 14, .ofs_x = 0, .ofs_y = 4},
    {.bitmap_index = 47289, .adv_w = 144, .box_w = 9, .box_h = 14, .ofs_x = 0, .ofs_y = 4},
    {.bitmap_index = 47352, .adv_w = 144, .box_w = 9, .box_h = 14, .ofs_x = 0, .ofs_y = 4},
    {.bitmap_index = 47415, .adv_w = 144, .box_w = 9, .box_h = 23, .ofs_x = 0, .ofs_y = -5},
    {.bitmap_index = 47519, .adv_w = 144, .box_w = 9, .box_h = 23, .ofs_x = 0, .ofs_y = -5},
    {.bitmap_index = 47623, .adv_w = 144, .box_w = 10, .box_h = 23, .ofs_x = 0, .ofs_y = -5},
    {.bitmap_index = 47738, .adv_w = 144, .box_w = 9, .box_h = 12, .ofs_x = 0, .ofs_y = 6},
    {.bitmap_index = 47792, .adv_w = 144, .box_w = 9, .box_h = 12, .ofs_x = 0, .ofs_y = -5},
    {.bitmap_index = 47846, .adv_w = 144, .box_w = 9, .box_h = 23, .ofs_x = 0, .ofs_y = -5},
    {.bitmap_index = 47950, .adv_w = 144, .box_w = 5, .box_h = 23, .ofs_x = 0, .ofs_y = -5},
    {.bitmap_index = 48008, .adv_w = 144, .box_w = 5, .box_h = 23, .ofs_x = 4, .ofs_y = -5},
    {.bitmap_index = 48066, .adv_w = 144, .box_w = 8, .box_h = 21, .ofs_x = 0, .ofs_y = -3},
    {.bitmap_index = 48150, .adv_w = 144, .box_w = 10, .box_h = 23, .ofs_x = 0, .ofs_y = -5},
    {.bitmap_index = 48265, .adv_w = 144, .box_w = 9, .box_h = 23, .ofs_x = 0, .ofs_y = -5},
    {.bitmap_index = 48369, .adv_w = 144, .box_w = 7, .box_h = 9, .ofs_x = 1, .ofs_y = 2},
    {.bitmap_index = 48401, .adv_w = 144, .box_w = 7, .box_h = 9, .ofs_x = 1, .ofs_y = 2},
    {.bitmap_index = 48433, .adv_w = 144, .box_w = 5, .box_h = 6, .ofs_x = 2, .ofs_y = 4},
    {.bitmap_index = 48448, .adv_w = 144, .box_w = 5, .box_h = 6, .ofs_x = 2, .ofs_y = 4},
    {.bitmap_index = 48463, .adv_w = 144, .box_w = 9, .box_h = 6, .ofs_x = 0, .ofs_y = 4},
    {.bitmap_index = 48490, .adv_w = 144, .box_w = 9, .box_h = 8, .ofs_x = 0, .ofs_y = 4},
    {.bitmap_index = 48526, .adv_w = 144, .box_w = 9, .box_h = 11, .ofs_x = 0, .ofs_y = 2},
    {.bitmap_index = 48576, .adv_w = 144, .box_w = 5, .box_h = 5, .ofs_x = 2, .ofs_y = 5},
    {.bitmap_index = 48589, .adv_w = 144, .box_w = 7, .box_h = 9, .ofs_x = 2, .ofs_y = 2},
    {.bitmap_index = 48621, .adv_w = 144, .box_w = 5, .box_h = 6, .ofs_x = 3, .ofs_y = 4},
    {.bitmap_index = 48636, .adv_w = 144, .box_w = 9, .box_h = 9, .ofs_x = 0, .ofs_y = 2},
    {.bitmap_index = 48677, .adv_w = 144, .box_w = 9, .box_h = 8, .ofs_x = 0, .ofs_y = 2},
    {.bitmap_index = 48713, .adv_w = 144, .box_w = 9, .box_h = 12, .ofs_x = 0, .ofs_y = 0},
    {.bitmap_index = 48767, .adv_w = 144, .box_w = 5, .box_h = 6, .ofs_x = 2, .ofs_y = 3},
    {.bitmap_index = 48782, .adv_w = 144, .box_w = 7, .box_h = 9, .ofs_x = 0, .ofs_y = 2},
    {.bitmap_index = 48814, .adv_w = 144, .box_w = 5, .box_h = 6, .ofs_x = 1, .ofs_y = 4},
    {.bitmap_index = 48829, .adv_w = 144, .box_w = 9, .box_h = 9, .ofs_x = 0, .ofs_y = 2},
    {.bitmap_index = 48870, .adv_w = 144, .box_w = 9, .box_h = 10, .ofs_x = 0, .ofs_y = 2},
    {.bitmap_index = 48915, .adv_w = 144, .box_w = 9, .box_h = 10, .ofs_x = 0, .ofs_y = 2},
    {.bitmap_index = 48960, .adv_w = 144, .box_w = 9, .box_h = 13, .ofs_x = 0, .ofs_y = 0},
    {.bitmap_index = 49019, .adv_w = 144, .box_w = 9, .box_h = 10, .ofs_x = 0, .ofs_y = 2},
    {.bitmap_index = 49064, .adv_w = 144, .box_w = 9, .box_h = 11, .ofs_x = 0, .ofs_y = 1},
    {.bitmap_index = 49114, .adv_w = 144, .box_w = 9, .box_h = 10, .ofs_x = 0, .ofs_y = 2},
    {.bitmap_index = 49159, .adv_w = 144, .box_w = 9, .box_h = 23, .ofs_x = 0, .ofs_y = -5},
    {.bitmap_index = 49263, .adv_w = 144, .box_w = 9, .box_h = 23, .ofs_x = 0, .ofs_y = -5},
    {.bitmap_index = 49367, .adv_w = 144, .box_w = 11, .box_h = 14, .ofs_x = -1, .ofs_y = 0},
    {.bitmap_index = 49444, .adv_w = 144, .box_w = 9, .box_h = 10, .ofs_x = 0, .ofs_y = 2},
    {.bitmap_index = 49489, .adv_w = 144, .box_w = 9, .box_h = 10, .ofs_x = 0, .ofs_y = 2},
    {.bitmap_index = 49534, .adv_w = 144, .box_w = 9, .box_h = 11, .ofs_x = 0, .ofs_y = 2},
    {.bitmap_index = 49584, .adv_w = 144, .box_w = 9, .box_h = 10, .ofs_x = 0, .ofs_y = 2},
    {.bitmap_index = 49629, .adv_w = 144, .box_w = 9, .box_h = 12, .ofs_x = 0, .ofs_y = 1},
    {.bitmap_index = 49683, .adv_w = 144, .box_w = 9, .box_h = 12, .ofs_x = 0, .ofs_y = 1},
    {.bitmap_index = 49737, .adv_w = 144, .box_w = 9, .box_h = 12, .ofs_x = 0, .ofs_y = 1},
    {.bitmap_index = 49791, .adv_w = 144, .box_w = 9, .box_h = 10, .ofs_x = 0, .ofs_y = 2},
    {.bitmap_index = 49836, .adv_w = 144, .box_w = 9, .box_h = 13, .ofs_x = 0, .ofs_y = 0},
    {.bitmap_index = 49895, .adv_w = 144, .box_w = 9, .box_h = 10, .ofs_x = 0, .ofs_y = 2},
    {.bitmap_index = 49940, .adv_w = 144, .box_w = 9, .box_h = 15, .ofs_x = 0, .ofs_y = 0},
    {.bitmap_index = 50008, .adv_w = 144, .box_w = 9, .box_h = 15, .ofs_x = 0, .ofs_y = 0},
    {.bitmap_index = 50076, .adv_w = 144, .box_w = 9, .box_h = 14, .ofs_x = 0, .ofs_y = 0},
    {.bitmap_index = 50139, .adv_w = 144, .box_w = 9, .box_h = 14, .ofs_x = 0, .ofs_y = 0},
    {.bitmap_index = 50202, .adv_w = 144, .box_w = 9, .box_h = 15, .ofs_x = 0, .ofs_y = 0},
    {.bitmap_index = 50270, .adv_w = 144, .box_w = 7, .box_h = 14, .ofs_x = 1, .ofs_y = 0},
    {.bitmap_index = 50319, .adv_w = 144, .box_w = 10, .box_h = 14, .ofs_x = -1, .ofs_y = 0},
    {.bitmap_index = 50389, .adv_w = 144, .box_w = 6, .box_h = 15, .ofs_x = 2, .ofs_y = 0},
    {.bitmap_index = 50434, .adv_w = 144, .box_w = 7, .box_h = 15, .ofs_x = 1, .ofs_y = 0},
    {.bitmap_index = 50487, .adv_w = 144, .box_w = 9, .box_h = 11, .ofs_x = 0, .ofs_y = 1},
    {.bitmap_index = 50537, .adv_w = 144, .box_w = 10, .box_h = 13, .ofs_x = -1, .ofs_y = 0},
    {.bitmap_index = 50602, .adv_w = 144, .box_w = 9, .box_h = 12, .ofs_x = 0, .ofs_y = 1}
};

/*---------------------
 *  CHARACTER MAPPING
 *--------------------*/

static const uint8_t glyph_id_ofs_list_4[] = {
    0, 1, 2, 3, 4, 5, 6, 7,
    8, 9, 0, 0, 10, 11, 12, 13,
    14, 15, 0, 0, 16, 17, 18, 19,
    20, 21, 0, 0, 22, 23, 24, 25,
    26, 27, 28, 29, 30, 31, 32, 33,
    34, 35, 0, 0, 36, 37, 0, 38,
    39, 40, 41, 42, 43, 0, 0, 44,
    45, 46, 47, 48, 49, 50, 51, 0,
    52, 53, 54, 55, 0, 0, 56, 57,
    58, 59, 60, 61, 62, 63, 64, 65,
    66, 67, 0, 0, 68, 69, 70, 71,
    72, 73, 74, 75, 76, 77, 78, 79,
    80, 81
};

static const uint16_t unicode_list_6[] = {
    0x0, 0x8, 0x9, 0xa, 0xc, 0xe, 0x17, 0x1a,
    0x1b, 0x29, 0x2a, 0x31, 0x57, 0x60, 0x61, 0x68,
    0x69, 0x6e, 0x6f, 0x72, 0x73, 0x90, 0xbb, 0xbc,
    0xc6, 0xc7, 0xce, 0xd5, 0xdd, 0xec, 0x10c, 0x140,
    0x141, 0x152, 0x153, 0x154, 0x155, 0x156, 0x157, 0x17a,
    0x17b, 0x17c, 0x17d, 0x17e, 0x180, 0x181, 0x182, 0x183,
    0x184, 0x185, 0x186, 0x18d, 0x195, 0x19d, 0x1a0, 0x1a1,
    0x1a2, 0x1a7, 0x1fe, 0x1ff, 0x200, 0x201, 0x202, 0x203,
    0x204, 0x206
};

static const uint16_t unicode_list_10[] = {
    0x0, 0x1, 0x2, 0x3, 0x6, 0x7, 0x8, 0x9,
    0xa, 0xb, 0x10, 0x11, 0x12, 0x13, 0x1a, 0x1b,
    0x1e, 0x1f, 0x20, 0x21, 0x22, 0x23, 0x26, 0x27,
    0x2a, 0x2b, 0x30, 0x33, 0x34, 0x37, 0x38, 0x3f,
    0x48, 0x49, 0x52, 0x53, 0x58, 0x59, 0x5e, 0x5f,
    0x82, 0x83, 0xff, 0x197c, 0x197d, 0x1982, 0x1983, 0x1994,
    0x1995, 0x19ac, 0x19ad, 0x19b4, 0x19b5, 0x19ba, 0x19bb, 0x19ca,
    0x19cb, 0x19d2, 0x19d3, 0x19dc, 0x19dd, 0x19f0, 0x19f1, 0x19f2,
    0x19f3, 0x19f4, 0x19f5, 0x1a02, 0x1a03, 0x1a0e
};

static const uint16_t unicode_list_13[] = {
    0x0, 0x1, 0x11d, 0x11e, 0x120, 0x121, 0x122, 0x123,
    0x124, 0x125, 0x126, 0x127, 0x128, 0x129, 0x12a, 0x12b,
    0x12c, 0x130, 0x13a, 0x13c, 0x13d, 0x143, 0x144, 0x147,
    0x148, 0x14d, 0x14e, 0x168, 0x17a, 0x17b
};

static const uint16_t unicode_list_15[] = {
    0x0, 0x1, 0x2, 0x3, 0x4, 0x19, 0x1a, 0x1c,
    0x1d, 0x1e, 0x21, 0x22, 0x24, 0x28, 0x29, 0x2a,
    0x2c, 0x2d, 0x2e, 0x75, 0x83, 0x86, 0x87, 0x92,
    0x9e, 0xa2, 0xbd, 0xbe, 0xc3, 0xc4, 0xcb, 0xcc,
    0xcd, 0xce, 0x100, 0x101, 0x102, 0x103, 0x104, 0x105,
    0x106, 0x107, 0x108, 0x109, 0x118, 0x142, 0x144, 0x170,
    0x172, 0x175, 0x176, 0x177, 0x17f, 0x181, 0x182, 0x185,
    0x189, 0x18a, 0x18e, 0x18f, 0x195, 0x197, 0x198, 0x199,
    0x19a, 0x19b, 0x1a4, 0x1a5, 0x1b8, 0x1d0, 0x1d1, 0x1d4,
    0x1d5, 0x235, 0x272, 0x274, 0x280, 0x289, 0x290, 0x291,
    0x470, 0x472, 0x47c, 0x480, 0x484, 0x488, 0x48c, 0x494,
    0x49c, 0x4a4, 0x4ac
};

static const uint16_t unicode_list_17[] = {
    0x0, 0x4, 0x8, 0xc, 0x10, 0x11, 0x12, 0x13,
    0x20, 0x21, 0x2a, 0x2b, 0x2c, 0x32, 0x33, 0x34,
    0x36, 0x38, 0x3a, 0x3c, 0x3d, 0x3e, 0x40, 0x42,
    0x44, 0x46, 0x47, 0x4a, 0x4b, 0x4c, 0x4f, 0x58,
    0x59, 0x6f, 0x85, 0x86, 0x91, 0x92, 0x93, 0xba,
    0xbb, 0xbc, 0xc0, 0xc2, 0xe0, 0xe2, 0xe3, 0xe5,
    0xe6, 0xea, 0xec, 0xed, 0xef, 0x15d, 0x194, 0x1b6
};

/*Collect the unicode lists and glyph_id offsets*/
static const lv_font_fmt_txt_cmap_t cmaps[] =
{
    {
        .range_start = 32, .range_length = 95, .glyph_id_start = 1,
        .unicode_list = NULL, .glyph_id_ofs_list = NULL, .list_length = 0, .type = LV_FONT_FMT_TXT_CMAP_FORMAT0_TINY
    },
    {
        .range_start = 160, .range_length = 13, .glyph_id_start = 96,
        .unicode_list = NULL, .glyph_id_ofs_list = NULL, .list_length = 0, .type = LV_FONT_FMT_TXT_CMAP_FORMAT0_TINY
    },
    {
        .range_start = 174, .range_length = 7, .glyph_id_start = 109,
        .unicode_list = NULL, .glyph_id_ofs_list = NULL, .list_length = 0, .type = LV_FONT_FMT_TXT_CMAP_FORMAT0_TINY
    },
    {
        .range_start = 182, .range_length = 82, .glyph_id_start = 116,
        .unicode_list = NULL, .glyph_id_ofs_list = NULL, .list_length = 0, .type = LV_FONT_FMT_TXT_CMAP_FORMAT0_TINY
    },
    {
        .range_start = 266, .range_length = 98, .glyph_id_start = 198,
        .unicode_list = NULL, .glyph_id_ofs_list = glyph_id_ofs_list_4, .list_length = 98, .type = LV_FONT_FMT_TXT_CMAP_FORMAT0_FULL
    },
    {
        .range_start = 366, .range_length = 17, .glyph_id_start = 280,
        .unicode_list = NULL, .glyph_id_ofs_list = NULL, .list_length = 0, .type = LV_FONT_FMT_TXT_CMAP_FORMAT0_TINY
    },
    {
        .range_start = 390, .range_length = 519, .glyph_id_start = 297,
        .unicode_list = unicode_list_6, .glyph_id_ofs_list = NULL, .list_length = 66, .type = LV_FONT_FMT_TXT_CMAP_SPARSE_TINY
    },
    {
        .range_start = 910, .range_length = 20, .glyph_id_start = 363,
        .unicode_list = NULL, .glyph_id_ofs_list = NULL, .list_length = 0, .type = LV_FONT_FMT_TXT_CMAP_FORMAT0_TINY
    },
    {
        .range_start = 931, .range_length = 44, .glyph_id_start = 383,
        .unicode_list = NULL, .glyph_id_ofs_list = NULL, .list_length = 0, .type = LV_FONT_FMT_TXT_CMAP_FORMAT0_TINY
    },
    {
        .range_start = 1024, .range_length = 96, .glyph_id_start = 427,
        .unicode_list = NULL, .glyph_id_ofs_list = NULL, .list_length = 0, .type = LV_FONT_FMT_TXT_CMAP_FORMAT0_TINY
    },
    {
        .range_start = 1168, .range_length = 6671, .glyph_id_start = 523,
        .unicode_list = unicode_list_10, .glyph_id_ofs_list = NULL, .list_length = 70, .type = LV_FONT_FMT_TXT_CMAP_SPARSE_TINY
    },
    {
        .range_start = 7840, .range_length = 28, .glyph_id_start = 593,
        .unicode_list = NULL, .glyph_id_ofs_list = NULL, .list_length = 0, .type = LV_FONT_FMT_TXT_CMAP_FORMAT0_TINY
    },
    {
        .range_start = 7870, .range_length = 54, .glyph_id_start = 621,
        .unicode_list = NULL, .glyph_id_ofs_list = NULL, .list_length = 0, .type = LV_FONT_FMT_TXT_CMAP_FORMAT0_TINY
    },
    {
        .range_start = 7926, .range_length = 380, .glyph_id_start = 675,
        .unicode_list = unicode_list_13, .glyph_id_ofs_list = NULL, .list_length = 30, .type = LV_FONT_FMT_TXT_CMAP_SPARSE_TINY
    },
    {
        .range_start = 8308, .range_length = 22, .glyph_id_start = 705,
        .unicode_list = NULL, .glyph_id_ofs_list = NULL, .list_length = 0, .type = LV_FONT_FMT_TXT_CMAP_FORMAT0_TINY
    },
    {
        .range_start = 8336, .range_length = 1197, .glyph_id_start = 727,
        .unicode_list = unicode_list_15, .glyph_id_ofs_list = NULL, .list_length = 91, .type = LV_FONT_FMT_TXT_CMAP_SPARSE_TINY
    },
    {
        .range_start = 9552, .range_length = 29, .glyph_id_start = 818,
        .unicode_list = NULL, .glyph_id_ofs_list = NULL, .list_length = 0, .type = LV_FONT_FMT_TXT_CMAP_FORMAT0_TINY
    },
    {
        .range_start = 9600, .range_length = 439, .glyph_id_start = 847,
        .unicode_list = unicode_list_17, .glyph_id_ofs_list = NULL, .list_length = 56, .type = LV_FONT_FMT_TXT_CMAP_SPARSE_TINY
    }
};



/*--------------------
 *  ALL CUSTOM DATA
 *--------------------*/

#if LVGL_VERSION_MAJOR == 8
/*Store all the custom data of the font*/
static  lv_font_fmt_txt_glyph_cache_t cache;
#endif

#if LVGL_VERSION_MAJOR >= 8
static const lv_font_fmt_txt_dsc_t font_dsc = {
#else
static lv_font_fmt_txt_dsc_t font_dsc = {
#endif
    .glyph_bitmap = glyph_bitmap,
    .glyph_dsc = glyph_dsc,
    .cmaps = cmaps,
    .kern_dsc = NULL,
    .kern_scale = 0,
    .cmap_num = 18,
    .bpp = 4,
    .kern_classes = 0,
    .bitmap_format = 0,
#if LVGL_VERSION_MAJOR == 8
    .cache = &cache
#endif
};

extern const lv_font_t ui_font_emoji_14;


/*-----------------
 *  PUBLIC FONT
 *----------------*/

/*Initialize a public general font descriptor*/
#if LVGL_VERSION_MAJOR >= 8
const lv_font_t ui_font_pipboy_18 = {
#else
lv_font_t ui_font_pipboy_18 = {
#endif
    .get_glyph_dsc = lv_font_get_glyph_dsc_fmt_txt,    /*Function pointer to get glyph's data*/
    .get_glyph_bitmap = lv_font_get_bitmap_fmt_txt,    /*Function pointer to get glyph's bitmap*/
    .line_height = 23,          /*The maximum line height required by the font*/
    .base_line = 5,             /*Baseline measured from the bottom of the line*/
#if !(LVGL_VERSION_MAJOR == 6 && LVGL_VERSION_MINOR == 0)
    .subpx = LV_FONT_SUBPX_NONE,
#endif
#if LV_VERSION_CHECK(7, 4, 0) || LVGL_VERSION_MAJOR >= 8
    .underline_position = -2,
    .underline_thickness = 0,
#endif
    .dsc = &font_dsc,          /*The custom font data. Will be accessed by `get_glyph_bitmap/dsc` */
#if LV_VERSION_CHECK(8, 2, 0) || LVGL_VERSION_MAJOR >= 9
    .fallback = &ui_font_emoji_14,
#endif
    .user_data = NULL,
};



#endif /*#if UI_FONT_PIPBOY_18*/

